rank,type,tier,url,city,state,shop_count
1,shop,shops_in_oklahoma-city,https://www.i40breakdown.com/shop-ok-monarch-power-supply-oklahoma-city.html,Oklahoma City,OK,
2,shop,shops_in_oklahoma-city,https://www.i40breakdown.com/shop-ok-mts-mobile-truck-repair-services-ok-oklahoma-city.html,Oklahoma City,OK,
3,shop,shops_in_oklahoma-city,https://www.i40breakdown.com/shop-ok-bubba-s-mobile-truck-trailer-repair-inc-oklahoma-city.html,Oklahoma City,OK,
4,shop,shops_in_oklahoma-city,https://www.i40breakdown.com/shop-ok-pronoss-oklahoma-city.html,Oklahoma City,OK,
5,shop,shops_in_oklahoma-city,https://www.i40breakdown.com/shop-ok-mcclain-s-rv-superstore-oklahoma-city.html,Oklahoma City,OK,
6,shop,shops_in_oklahoma-city,https://www.i40breakdown.com/shop-ok-mcclain-s-rv-superstore-service-and-parts-oklahoma-city.html,Oklahoma City,OK,
7,shop,shops_in_oklahoma-city,https://www.i40breakdown.com/shop-ok-mobile-rv-repair-of-okc-oklahoma-city.html,Oklahoma City,OK,
8,shop,shops_in_oklahoma-city,https://www.i40breakdown.com/shop-ok-camping-world-oklahoma-city-east-oklahoma-city.html,Oklahoma City,OK,
9,shop,shops_in_oklahoma-city,https://www.i40breakdown.com/shop-ok-r-d-truck-and-trailer-repair-inc-oklahoma-city.html,Oklahoma City,OK,
10,shop,shops_in_oklahoma-city,https://www.i40breakdown.com/shop-ok-warren-cat-power-systems-oklahoma-city.html,Oklahoma City,OK,
11,shop,shops_in_oklahoma-city,https://www.i40breakdown.com/shop-ok-rush-truck-centers-oklahoma-city-service-oklahoma-city.html,Oklahoma City,OK,
12,shop,shops_in_oklahoma-city,https://www.i40breakdown.com/shop-ok-truck-medic-oklahoma-city.html,Oklahoma City,OK,
13,shop,shops_in_oklahoma-city,https://www.i40breakdown.com/shop-ok-bulldog-diesel-mobile-truck-repair-oklahoma-city.html,Oklahoma City,OK,
14,shop,shops_in_oklahoma-city,https://www.i40breakdown.com/shop-ok-big-rig-product-oklahoma-city.html,Oklahoma City,OK,
15,shop,shops_in_oklahoma-city,https://www.i40breakdown.com/shop-ok-ta-truck-service-oklahoma-city.html,Oklahoma City,OK,
16,shop,shops_in_oklahoma-city,https://www.i40breakdown.com/shop-ok-ta-truck-service-oklahoma-city-2.html,Oklahoma City,OK,
17,shop,shops_in_oklahoma-city,https://www.i40breakdown.com/shop-ok-ta-truck-service-oklahoma-city-3.html,Oklahoma City,OK,
18,shop,shops_in_oklahoma-city,https://www.i40breakdown.com/shop-ok-anytime-anywhere-truck-repair-oklahoma-city.html,Oklahoma City,OK,
19,shop,shops_in_oklahoma-city,https://www.i40breakdown.com/shop-ok-a1-rv-repair-oklahoma-city.html,Oklahoma City,OK,
20,shop,shops_in_oklahoma-city,https://www.i40breakdown.com/shop-ok-a1-rv-repair-oklahoma-city-2.html,Oklahoma City,OK,
21,shop,shops_in_oklahoma-city,https://www.i40breakdown.com/shop-ok-a1-rv-repair-oklahoma-city-3.html,Oklahoma City,OK,
22,shop,shops_in_oklahoma-city,https://www.i40breakdown.com/shop-ok-a1-rv-repair-oklahoma-city-4.html,Oklahoma City,OK,
23,shop,shops_in_oklahoma-city,https://www.i40breakdown.com/shop-ok-clean-diesel-specialists-oklahoma-city-oklahoma-oklahoma-city.html,Oklahoma City,OK,
24,shop,shops_in_oklahoma-city,https://www.i40breakdown.com/shop-ok-estradas-tire-repair-semi-truck-tire-mobile-service-oklahoma-city.html,Oklahoma City,OK,
25,shop,shops_in_oklahoma-city,https://www.i40breakdown.com/shop-ok-ranic-mobile-auto-oklahoma-city.html,Oklahoma City,OK,
26,shop,shops_in_oklahoma-city,https://www.i40breakdown.com/shop-ok-pro-rv-techs-oklahoma-city.html,Oklahoma City,OK,
27,shop,shops_in_oklahoma-city,https://www.i40breakdown.com/shop-ok-flexarmor-oklahoma-oklahoma-city.html,Oklahoma City,OK,
28,shop,shops_in_oklahoma-city,https://www.i40breakdown.com/shop-ok-j-b-mobile-rv-trailer-repair-llc-oklahoma-city.html,Oklahoma City,OK,
29,shop,shops_in_oklahoma-city,https://www.i40breakdown.com/shop-ok-okc-fleet-services-oklahoma-city.html,Oklahoma City,OK,
30,shop,shops_in_oklahoma-city,https://www.i40breakdown.com/shop-ok-horn-automotive-inc-oklahoma-city.html,Oklahoma City,OK,
31,shop,shops_in_oklahoma-city,https://www.i40breakdown.com/shop-ok-rapid-truck-trailer-mobile-repair-llc-oklahoma-city.html,Oklahoma City,OK,
32,shop,shops_in_oklahoma-city,https://www.i40breakdown.com/shop-ok-oklahoma-mobile-semi-repair-oklahoma-city.html,Oklahoma City,OK,
33,shop,shops_in_oklahoma-city,https://www.i40breakdown.com/shop-ok-trc-truck-repair-center-oklahoma-city-oklahoma-city.html,Oklahoma City,OK,
34,shop,shops_in_oklahoma-city,https://www.i40breakdown.com/shop-ok-turbo-diesel-of-oklahoma-oklahoma-city.html,Oklahoma City,OK,
35,shop,shops_in_oklahoma-city,https://www.i40breakdown.com/shop-ok-fun-town-rv-oklahoma-city-oklahoma-city.html,Oklahoma City,OK,
36,shop,shops_in_oklahoma-city,https://www.i40breakdown.com/shop-ok-p-m-truck-repair-and-wash-oklahoma-city.html,Oklahoma City,OK,
37,shop,shops_in_oklahoma-city,https://www.i40breakdown.com/shop-ok-fleet-services-oklahoma-city.html,Oklahoma City,OK,
38,shop,shops_in_oklahoma-city,https://www.i40breakdown.com/shop-ok-fleetpride-service-center-oklahoma-city.html,Oklahoma City,OK,
39,shop,shops_in_oklahoma-city,https://www.i40breakdown.com/shop-ok-united-engines-oklahoma-city-ok-oklahoma-city.html,Oklahoma City,OK,
40,shop,shops_in_oklahoma-city,https://www.i40breakdown.com/shop-ok-truck-doctor-inc-mobile-truck-repair-oklahoma-city.html,Oklahoma City,OK,
41,shop,shops_in_oklahoma-city,https://www.i40breakdown.com/shop-ok-camping-world-rv-service-oklahoma-city-north-oklahoma-city.html,Oklahoma City,OK,
42,shop,shops_in_oklahoma-city,https://www.i40breakdown.com/shop-ok-2dope-customs-mobile-mechanics-oklahoma-city.html,Oklahoma City,OK,
43,shop,shops_in_oklahoma-city,https://www.i40breakdown.com/shop-ok-b-f-mobile-mechanic-llc-oklahoma-city.html,Oklahoma City,OK,
44,shop,shops_in_oklahoma-city,https://www.i40breakdown.com/shop-ok-ers-mobile-truck-repair-oklahoma-city.html,Oklahoma City,OK,
45,shop,shops_in_oklahoma-city,https://www.i40breakdown.com/shop-ok-kevins-mobile-rv-repair-llc-oklahoma-city.html,Oklahoma City,OK,
46,shop,shops_in_oklahoma-city,https://www.i40breakdown.com/shop-ok-rv-roof-repair-oklahoma-oklahoma-city.html,Oklahoma City,OK,
47,shop,shops_in_oklahoma-city,https://www.i40breakdown.com/shop-ok-diesel-truck-repair-llc-oklahoma-city.html,Oklahoma City,OK,
48,shop,shops_in_oklahoma-city,https://www.i40breakdown.com/shop-ok-mob-oil-mobile-automotive-in-okc-oklahoma-city.html,Oklahoma City,OK,
49,shop,shops_in_oklahoma-city,https://www.i40breakdown.com/shop-ok-t6-south-mobile-rv-repair-oklahoma-city.html,Oklahoma City,OK,
50,shop,shops_in_oklahoma-city,https://www.i40breakdown.com/shop-ok-dhillon-truck-repair-oklahoma-city.html,Oklahoma City,OK,
51,shop,shops_in_oklahoma-city,https://www.i40breakdown.com/shop-ok-on-the-spot-rv-roof-repair-leaks-more-oklahoma-city.html,Oklahoma City,OK,
52,shop,shops_in_oklahoma-city,https://www.i40breakdown.com/shop-ok-punjabi-truck-repair-shop-oklahoma-city.html,Oklahoma City,OK,
53,shop,shops_in_oklahoma-city,https://www.i40breakdown.com/shop-ok-metro-mobile-rv-llc-oklahoma-city.html,Oklahoma City,OK,
54,shop,shops_in_oklahoma-city,https://www.i40breakdown.com/shop-ok-gas-n-gear-repair-oklahoma-city.html,Oklahoma City,OK,
55,shop,shops_in_oklahoma-city,https://www.i40breakdown.com/shop-ok-trailersplus-oklahoma-city.html,Oklahoma City,OK,
56,shop,shops_in_oklahoma-city,https://www.i40breakdown.com/shop-ok-black-knight-diesel-performance-and-repair-oklahoma-city.html,Oklahoma City,OK,
57,shop,shops_in_oklahoma-city,https://www.i40breakdown.com/shop-ok-custom-trailer-sales-oklahoma-city.html,Oklahoma City,OK,
58,shop,shops_in_oklahoma-city,https://www.i40breakdown.com/shop-ok-shepherd-automotive-oklahoma-city.html,Oklahoma City,OK,
59,shop,shops_in_oklahoma-city,https://www.i40breakdown.com/shop-ok-ducky-d-mobile-rv-repair-llc-oklahoma-city.html,Oklahoma City,OK,
60,shop,shops_in_oklahoma-city,https://www.i40breakdown.com/shop-ok-rv-transport-llc-oklahoma-city.html,Oklahoma City,OK,
61,shop,shops_in_oklahoma-city,https://www.i40breakdown.com/shop-ok-bob-hurley-rv-oklahoma-city-oklahoma-city.html,Oklahoma City,OK,
62,shop,shops_in_oklahoma-city,https://www.i40breakdown.com/shop-ok-beck-s-garage-oklahoma-city.html,Oklahoma City,OK,
63,shop,shops_in_oklahoma-city,https://www.i40breakdown.com/shop-ok-boomer-diesel-engine-oklahoma-city.html,Oklahoma City,OK,
64,shop,shops_in_oklahoma-city,https://www.i40breakdown.com/shop-ok-car-guys-mobile-mechanic-okc-oklahoma-city.html,Oklahoma City,OK,
65,shop,shops_in_oklahoma-city,https://www.i40breakdown.com/shop-ok-cp-trailer-oklahoma-city.html,Oklahoma City,OK,
66,shop,shops_in_oklahoma-city,https://www.i40breakdown.com/shop-ok-roadrunner-mobile-mechanic-oklahoma-city.html,Oklahoma City,OK,
67,shop,shops_in_oklahoma-city,https://www.i40breakdown.com/shop-ok-ron-hoover-rv-marine-of-oklahoma-city-oklahoma-city.html,Oklahoma City,OK,
68,shop,shops_in_oklahoma-city,https://www.i40breakdown.com/shop-ok-city-trailer-a-pronoss-company-oklahoma-city.html,Oklahoma City,OK,
69,shop,shops_in_oklahoma-city,https://www.i40breakdown.com/shop-ok-mobilemart-oklahoma-city-oklahoma-city.html,Oklahoma City,OK,
70,shop,shops_in_oklahoma-city,https://www.i40breakdown.com/shop-ok-l-h-d-oklahoma-city.html,Oklahoma City,OK,
71,shop,shops_in_oklahoma-city,https://www.i40breakdown.com/shop-ok-price-mobile-rv-services-oklahoma-city.html,Oklahoma City,OK,
72,shop,shops_in_oklahoma-city,https://www.i40breakdown.com/shop-ok-perfection-truck-parts-equipment-oklahoma-city.html,Oklahoma City,OK,
73,shop,shops_in_oklahoma-city,https://www.i40breakdown.com/shop-ok-truck-n-trailer-truck-repair-shop-oklahoma-city.html,Oklahoma City,OK,
74,shop,shops_in_oklahoma-city,https://www.i40breakdown.com/shop-ok-gill-express-truck-trailer-repair-oklahoma-city.html,Oklahoma City,OK,
75,shop,shops_in_oklahoma-city,https://www.i40breakdown.com/shop-ok-mdp-mobile-mechanic-oklahoma-city.html,Oklahoma City,OK,
76,shop,shops_in_oklahoma-city,https://www.i40breakdown.com/shop-ok-broadway-machine-oklahoma-city.html,Oklahoma City,OK,
77,shop,shops_in_oklahoma-city,https://www.i40breakdown.com/shop-ok-breshears-mobile-mechanic-of-oklahoma-oklahoma-city.html,Oklahoma City,OK,
78,shop,shops_in_oklahoma-city,https://www.i40breakdown.com/shop-ok-oil-field-ignition-parts-co-oklahoma-city.html,Oklahoma City,OK,
79,shop,shops_in_oklahoma-city,https://www.i40breakdown.com/shop-ok-bee-clean-fuel-injector-services-oklahoma-city.html,Oklahoma City,OK,
80,shop,shops_in_oklahoma-city,https://www.i40breakdown.com/shop-ok-diesel-mechanic-oklahoma-city.html,Oklahoma City,OK,
81,shop,shops_in_oklahoma-city,https://www.i40breakdown.com/shop-ok-airstream-restoration-and-repair-llc-oklahoma-city.html,Oklahoma City,OK,
82,shop,shops_in_oklahoma-city,https://www.i40breakdown.com/shop-ok-diesel-auto-clinic-oklahoma-city.html,Oklahoma City,OK,
83,shop,shops_in_oklahoma-city,https://www.i40breakdown.com/shop-ok-delco-tools-equipment-oklahoma-city.html,Oklahoma City,OK,
84,shop,shops_in_oklahoma-city,https://www.i40breakdown.com/shop-ok-jess-diesel-repair-services-oklahoma-city.html,Oklahoma City,OK,
85,shop,shops_in_oklahoma-city,https://www.i40breakdown.com/shop-ok-total-equipment-repair-oklahoma-city.html,Oklahoma City,OK,
86,shop,shops_in_oklahoma-city,https://www.i40breakdown.com/shop-ok-hg-conversions-trailer-and-rv-repair-and-service-oklahoma-city.html,Oklahoma City,OK,
87,shop,shops_in_oklahoma-city,https://www.i40breakdown.com/shop-ok-okc-semi-truck-repair-llc-oklahoma-city.html,Oklahoma City,OK,
88,shop,shops_in_oklahoma-city,https://www.i40breakdown.com/shop-ok-aaa-rv-collision-and-service-oklahoma-city.html,Oklahoma City,OK,
89,shop,shops_in_oklahoma-city,https://www.i40breakdown.com/shop-ok-singh-truck-trailer-repair-oklahoma-city.html,Oklahoma City,OK,
90,shop,shops_in_oklahoma-city,https://www.i40breakdown.com/shop-ok-inland-truck-parts-service-oklahoma-city.html,Oklahoma City,OK,
91,shop,shops_in_oklahoma-city,https://www.i40breakdown.com/shop-ok-alpha-fleet-services-oklahoma-city.html,Oklahoma City,OK,
92,shop,shops_in_oklahoma-city,https://www.i40breakdown.com/shop-ok-m-d-oklahoma-city-turbo-shop-oklahoma-city.html,Oklahoma City,OK,
93,shop,shops_in_oklahoma-city,https://www.i40breakdown.com/shop-ok-pierce-automotive-oklahoma-city.html,Oklahoma City,OK,
94,shop,shops_in_oklahoma-city,https://www.i40breakdown.com/shop-ok-d-c-transmission-services-oklahoma-city.html,Oklahoma City,OK,
95,shop,shops_in_oklahoma-city,https://www.i40breakdown.com/shop-ok-nationwide-trailers-oklahoma-city-oklahoma-city.html,Oklahoma City,OK,
96,shop,shops_in_oklahoma-city,https://www.i40breakdown.com/shop-ok-hardgrave-better-built-trailer-oklahoma-city.html,Oklahoma City,OK,
97,shop,shops_in_oklahoma-city,https://www.i40breakdown.com/shop-ok-j-r-commercial-radiator-co-oklahoma-city.html,Oklahoma City,OK,
98,shop,shops_in_oklahoma-city,https://www.i40breakdown.com/shop-ok-absolute-rv-repair-oklahoma-city.html,Oklahoma City,OK,
99,shop,shops_in_oklahoma-city,https://www.i40breakdown.com/shop-ok-superior-trailer-sales-body-oklahoma-city.html,Oklahoma City,OK,
100,shop,shops_in_oklahoma-city,https://www.i40breakdown.com/shop-ok-gt-truck-trailer-repair-oklahoma-city.html,Oklahoma City,OK,
101,shop,shops_in_oklahoma-city,https://www.i40breakdown.com/shop-ok-krishna-truck-trailer-service-center-oklahoma-city.html,Oklahoma City,OK,
102,shop,shops_in_oklahoma-city,https://www.i40breakdown.com/shop-ok-inland-truck-parts-service-oklahoma-city-2.html,Oklahoma City,OK,
103,shop,shops_in_oklahoma-city,https://www.i40breakdown.com/shop-ok-kwl-diesel-equipment-repair-oklahoma-city.html,Oklahoma City,OK,
104,shop,shops_in_oklahoma-city,https://www.i40breakdown.com/shop-ok-double-b-trailers-llc-oklahoma-city.html,Oklahoma City,OK,
105,shop,shops_in_oklahoma-city,https://www.i40breakdown.com/shop-ok-new-age-diesel-oklahoma-city.html,Oklahoma City,OK,
106,shop,shops_in_oklahoma-city,https://www.i40breakdown.com/shop-ok-diesel-machine-oklahoma-city.html,Oklahoma City,OK,
107,shop,shops_in_oklahoma-city,https://www.i40breakdown.com/shop-ok-delco-diesel-services-inc-oklahoma-city.html,Oklahoma City,OK,
108,shop,shops_in_oklahoma-city,https://www.i40breakdown.com/shop-ok-beyond-rv-oklahoma-city.html,Oklahoma City,OK,
109,shop,shops_in_oklahoma-city,https://www.i40breakdown.com/shop-ok-steve-marks-rv-oklahoma-city.html,Oklahoma City,OK,
110,shop,shops_in_oklahoma-city,https://www.i40breakdown.com/shop-ok-finishline-automotive-oklahoma-city.html,Oklahoma City,OK,
111,shop,shops_in_oklahoma-city,https://www.i40breakdown.com/shop-ok-american-rv-outfitters-oklahoma-city.html,Oklahoma City,OK,
112,shop,shops_in_oklahoma-city,https://www.i40breakdown.com/shop-ok-m-d-oklahoma-city-oklahoma-city.html,Oklahoma City,OK,
113,shop,shops_in_oklahoma-city,https://www.i40breakdown.com/shop-ok-bledsoe-truck-trailer-repair-oklahoma-city.html,Oklahoma City,OK,
114,shop,shops_in_oklahoma-city,https://www.i40breakdown.com/shop-ok-blumenthal-automotive-automatics-and-engine-shop-oklahoma-city.html,Oklahoma City,OK,
115,shop,shops_in_oklahoma-city,https://www.i40breakdown.com/shop-ok-mike-s-machine-shop-oklahoma-city.html,Oklahoma City,OK,
116,shop,shops_in_oklahoma-city,https://www.i40breakdown.com/shop-ok-southwest-trailers-equip-llc-oklahoma-city.html,Oklahoma City,OK,
117,shop,shops_in_oklahoma-city,https://www.i40breakdown.com/shop-ok-a-z-truck-trailer-repair-oklahoma-city.html,Oklahoma City,OK,
118,shop,shops_in_oklahoma-city,https://www.i40breakdown.com/shop-ok-iron-goat-garage-oklahoma-city.html,Oklahoma City,OK,
119,shop,shops_in_oklahoma-city,https://www.i40breakdown.com/shop-ok-elite-trailer-parts-service-and-repair-oklahoma-city.html,Oklahoma City,OK,
120,shop,shops_in_oklahoma-city,https://www.i40breakdown.com/shop-ok-5-star-truck-and-trailer-repair-shop-oklahoma-city.html,Oklahoma City,OK,
121,shop,shops_in_oklahoma-city,https://www.i40breakdown.com/shop-ok-motley-rv-repair-oklahoma-city.html,Oklahoma City,OK,
122,shop,shops_in_oklahoma-city,https://www.i40breakdown.com/shop-ok-martin-diesel-mechanic-oklahoma-city.html,Oklahoma City,OK,
123,shop,shops_in_oklahoma-city,https://www.i40breakdown.com/shop-ok-allen-rv-oklahoma-city.html,Oklahoma City,OK,
124,shop,shops_in_oklahoma-city,https://www.i40breakdown.com/shop-ok-tnr-automotive-oklahoma-city.html,Oklahoma City,OK,
125,shop,shops_in_oklahoma-city,https://www.i40breakdown.com/shop-ok-silverado-road-service-diesel-rv-repair-shop-oklahoma-city.html,Oklahoma City,OK,
126,shop,shops_in_oklahoma-city,https://www.i40breakdown.com/shop-ok-diesel-service-inc-oklahoma-city.html,Oklahoma City,OK,
127,shop,shops_in_oklahoma-city,https://www.i40breakdown.com/shop-ok-bi-fuel-power-solutions-oklahoma-city.html,Oklahoma City,OK,
128,shop,shops_in_oklahoma-city,https://www.i40breakdown.com/shop-ok-commercial-truck-trailer-parts-oklahoma-city.html,Oklahoma City,OK,
129,shop,shops_in_oklahoma-city,https://www.i40breakdown.com/shop-ok-j-d-truck-repair-llc-oklahoma-city.html,Oklahoma City,OK,
130,shop,shops_in_oklahoma-city,https://www.i40breakdown.com/shop-ok-kc-auto-and-truck-repair-llc-oklahoma-city.html,Oklahoma City,OK,
131,shop,shops_in_oklahoma-city,https://www.i40breakdown.com/shop-ok-oklahoma-truck-n-trailer-oklahoma-city.html,Oklahoma City,OK,
132,shop,shops_in_oklahoma-city,https://www.i40breakdown.com/shop-ok-rv-service-center-oklahoma-city.html,Oklahoma City,OK,
133,shop,shops_in_raleigh,https://www.i40breakdown.com/shop-nc-nick-s-towing-roadside-we-buy-cars-running-or-not-raleigh.html,Raleigh,NC,
134,shop,shops_in_raleigh,https://www.i40breakdown.com/shop-nc-east-coast-fleet-service-raleigh.html,Raleigh,NC,
135,shop,shops_in_raleigh,https://www.i40breakdown.com/shop-nc-mobile-mechanic-raleigh.html,Raleigh,NC,
136,shop,shops_in_raleigh,https://www.i40breakdown.com/shop-nc-east-coast-towing-raleigh.html,Raleigh,NC,
137,shop,shops_in_raleigh,https://www.i40breakdown.com/shop-nc-jay-s-heavy-duty-repair-and-towing-raleigh.html,Raleigh,NC,
138,shop,shops_in_raleigh,https://www.i40breakdown.com/shop-nc-black-s-tire-auto-service-raleigh.html,Raleigh,NC,
139,shop,shops_in_raleigh,https://www.i40breakdown.com/shop-nc-xpress-auto-transport-raleigh.html,Raleigh,NC,
140,shop,shops_in_raleigh,https://www.i40breakdown.com/shop-nc-barbour-s-towing-truck-repair-raleigh.html,Raleigh,NC,
141,shop,shops_in_raleigh,https://www.i40breakdown.com/shop-nc-top-gear-tow-truck-service-raleigh.html,Raleigh,NC,
142,shop,shops_in_raleigh,https://www.i40breakdown.com/shop-nc-transource-truck-trailer-centers-raleigh.html,Raleigh,NC,
143,shop,shops_in_raleigh,https://www.i40breakdown.com/shop-nc-russ-trailer-repair-raleigh-raleigh.html,Raleigh,NC,
144,shop,shops_in_raleigh,https://www.i40breakdown.com/shop-nc-triangle-fleet-services-raleigh.html,Raleigh,NC,
145,shop,shops_in_raleigh,https://www.i40breakdown.com/shop-nc-the-one-stop-shop-raleigh.html,Raleigh,NC,
146,shop,shops_in_raleigh,https://www.i40breakdown.com/shop-nc-tca-automotive-mobile-mechanic-raleigh.html,Raleigh,NC,
147,shop,shops_in_raleigh,https://www.i40breakdown.com/shop-nc-red-rover-service-raleigh.html,Raleigh,NC,
148,shop,shops_in_raleigh,https://www.i40breakdown.com/shop-nc-trailer-rental-at-u-haul-raleigh.html,Raleigh,NC,
149,shop,shops_in_raleigh,https://www.i40breakdown.com/shop-nc-trailer-rental-at-u-haul-raleigh-2.html,Raleigh,NC,
150,shop,shops_in_raleigh,https://www.i40breakdown.com/shop-nc-raleigh-super-mobile-truck-repair-raleigh.html,Raleigh,NC,
151,shop,shops_in_raleigh,https://www.i40breakdown.com/shop-nc-inland-boat-company-raleigh.html,Raleigh,NC,
152,shop,shops_in_raleigh,https://www.i40breakdown.com/shop-nc-classic-collision-raleigh.html,Raleigh,NC,
153,shop,shops_in_raleigh,https://www.i40breakdown.com/shop-nc-joseph-motors-inc-raleigh.html,Raleigh,NC,
154,shop,shops_in_raleigh,https://www.i40breakdown.com/shop-nc-holmes-mobile-tire-battery-service-raleigh.html,Raleigh,NC,
155,shop,shops_in_raleigh,https://www.i40breakdown.com/shop-nc-mechanics-to-go-raleigh.html,Raleigh,NC,
156,shop,shops_in_raleigh,https://www.i40breakdown.com/shop-nc-motor-rite-raleigh.html,Raleigh,NC,
157,shop,shops_in_raleigh,https://www.i40breakdown.com/shop-nc-prime-time-mobile-detailing-raleigh.html,Raleigh,NC,
158,shop,shops_in_raleigh,https://www.i40breakdown.com/shop-nc-euromotion-raleigh.html,Raleigh,NC,
159,shop,shops_in_raleigh,https://www.i40breakdown.com/shop-nc-benchmark-autoworks-raleigh.html,Raleigh,NC,
160,shop,shops_in_raleigh,https://www.i40breakdown.com/shop-nc-duty-tire-service-center-raleigh.html,Raleigh,NC,
161,shop,shops_in_raleigh,https://www.i40breakdown.com/shop-nc-raleigh-ice-raleigh.html,Raleigh,NC,
162,shop,shops_in_raleigh,https://www.i40breakdown.com/shop-nc-onsite-raleigh-mobile-mechanic-raleigh.html,Raleigh,NC,
163,shop,shops_in_raleigh,https://www.i40breakdown.com/shop-nc-roadside-mobile-mechanic-raleigh.html,Raleigh,NC,
164,shop,shops_in_raleigh,https://www.i40breakdown.com/shop-nc-express-mobile-mechanic-raleigh.html,Raleigh,NC,
165,shop,shops_in_raleigh,https://www.i40breakdown.com/shop-nc-firestone-complete-auto-care-raleigh.html,Raleigh,NC,
166,shop,shops_in_raleigh,https://www.i40breakdown.com/shop-nc-reggie-s-mobile-jumpstart-services-raleigh.html,Raleigh,NC,
167,shop,shops_in_raleigh,https://www.i40breakdown.com/shop-nc-proficient-a-mobile-mechanics-raleigh.html,Raleigh,NC,
168,shop,shops_in_raleigh,https://www.i40breakdown.com/shop-nc-trailer-hitches-at-u-haul-raleigh.html,Raleigh,NC,
169,shop,shops_in_raleigh,https://www.i40breakdown.com/shop-nc-mobile-diesel-inc-raleigh.html,Raleigh,NC,
170,shop,shops_in_raleigh,https://www.i40breakdown.com/shop-nc-meaningful-solutions-llc-raleigh.html,Raleigh,NC,
171,shop,shops_in_raleigh,https://www.i40breakdown.com/shop-nc-off-grid-rv-services-llc-raleigh.html,Raleigh,NC,
172,shop,shops_in_raleigh,https://www.i40breakdown.com/shop-nc-rig-rescue-hub-raleigh.html,Raleigh,NC,
173,shop,shops_in_raleigh,https://www.i40breakdown.com/shop-nc-gower-s-brake-alignment-raleigh.html,Raleigh,NC,
174,shop,shops_in_raleigh,https://www.i40breakdown.com/shop-nc-ra-hitch-truck-outfitters-raleigh.html,Raleigh,NC,
175,shop,shops_in_raleigh,https://www.i40breakdown.com/shop-nc-jd-s-roadside-assistance-raleigh.html,Raleigh,NC,
176,shop,shops_in_raleigh,https://www.i40breakdown.com/shop-nc-simple-mobile-mechanic-llc-raleigh.html,Raleigh,NC,
177,shop,shops_in_raleigh,https://www.i40breakdown.com/shop-nc-brisbon-automotive-raleigh.html,Raleigh,NC,
178,shop,shops_in_raleigh,https://www.i40breakdown.com/shop-nc-atlantic-auto-and-diesel-llc-raleigh.html,Raleigh,NC,
179,shop,shops_in_raleigh,https://www.i40breakdown.com/shop-nc-cycle-gear-raleigh.html,Raleigh,NC,
180,shop,shops_in_raleigh,https://www.i40breakdown.com/shop-nc-murrays-tire-raleigh.html,Raleigh,NC,
181,shop,shops_in_raleigh,https://www.i40breakdown.com/shop-nc-a-j-automotive-raleigh.html,Raleigh,NC,
182,shop,shops_in_raleigh,https://www.i40breakdown.com/shop-nc-epic-auto-center-raleigh.html,Raleigh,NC,
183,shop,shops_in_raleigh,https://www.i40breakdown.com/shop-nc-leonard-truck-outfitters-raleigh.html,Raleigh,NC,
184,shop,shops_in_raleigh,https://www.i40breakdown.com/shop-nc-mj-brothers-auto-truck-repair-raleigh.html,Raleigh,NC,
185,shop,shops_in_raleigh,https://www.i40breakdown.com/shop-nc-messer-transmission-inc-raleigh.html,Raleigh,NC,
186,shop,shops_in_raleigh,https://www.i40breakdown.com/shop-nc-leonard-truck-outfitters-raleigh-2.html,Raleigh,NC,
187,shop,shops_in_raleigh,https://www.i40breakdown.com/shop-nc-full-throttle-towing-raleigh.html,Raleigh,NC,
188,shop,shops_in_raleigh,https://www.i40breakdown.com/shop-nc-marvel-auto-transport-raleigh.html,Raleigh,NC,
189,shop,shops_in_raleigh,https://www.i40breakdown.com/shop-nc-relentless-collision-raleigh.html,Raleigh,NC,
190,shop,shops_in_raleigh,https://www.i40breakdown.com/shop-nc-triangle-european-raleigh.html,Raleigh,NC,
191,shop,shops_in_raleigh,https://www.i40breakdown.com/shop-nc-rim-tire-warehouse-nc-raleigh.html,Raleigh,NC,
192,shop,shops_in_raleigh,https://www.i40breakdown.com/shop-nc-blows-auto-care-raleigh.html,Raleigh,NC,
193,shop,shops_in_raleigh,https://www.i40breakdown.com/shop-nc-tire-guy-raleigh.html,Raleigh,NC,
194,shop,shops_in_raleigh,https://www.i40breakdown.com/shop-nc-hrt-performance-raleigh.html,Raleigh,NC,
195,shop,shops_in_raleigh,https://www.i40breakdown.com/shop-nc-aj-s-mobile-mechanics-raleigh-raleigh.html,Raleigh,NC,
196,shop,shops_in_raleigh,https://www.i40breakdown.com/shop-nc-alliance-auto-truck-repair-raleigh.html,Raleigh,NC,
197,shop,shops_in_raleigh,https://www.i40breakdown.com/shop-nc-velocity-truck-centers-raleigh.html,Raleigh,NC,
198,shop,shops_in_raleigh,https://www.i40breakdown.com/shop-nc-exxon-raleigh.html,Raleigh,NC,
199,shop,shops_in_raleigh,https://www.i40breakdown.com/shop-nc-dixon-fleet-services-raleigh.html,Raleigh,NC,
200,shop,shops_in_raleigh,https://www.i40breakdown.com/shop-nc-triangle-diesel-works-raleigh.html,Raleigh,NC,
201,shop,shops_in_raleigh,https://www.i40breakdown.com/shop-nc-raleigh-on-site-truck-repair-raleigh.html,Raleigh,NC,
202,shop,shops_in_raleigh,https://www.i40breakdown.com/shop-nc-technik-imports-raleigh.html,Raleigh,NC,
203,shop,shops_in_raleigh,https://www.i40breakdown.com/shop-nc-julian-s-auto-raleigh.html,Raleigh,NC,
204,shop,shops_in_raleigh,https://www.i40breakdown.com/shop-nc-auto-specialties-inc-raleigh.html,Raleigh,NC,
205,shop,shops_in_raleigh,https://www.i40breakdown.com/shop-nc-go-slow-tow-raleigh.html,Raleigh,NC,
206,shop,shops_in_raleigh,https://www.i40breakdown.com/shop-nc-oakwood-automotive-raleigh.html,Raleigh,NC,
207,shop,shops_in_raleigh,https://www.i40breakdown.com/shop-nc-spiffy-brothers-trailer-rentals-raleigh.html,Raleigh,NC,
208,shop,shops_in_raleigh,https://www.i40breakdown.com/shop-nc-dale-s-welding-service-raleigh.html,Raleigh,NC,
209,shop,shops_in_raleigh,https://www.i40breakdown.com/shop-nc-lopez-tires-raleigh.html,Raleigh,NC,
210,shop,shops_in_raleigh,https://www.i40breakdown.com/shop-nc-allied-trailers-sales-rental-raleigh.html,Raleigh,NC,
211,shop,shops_in_raleigh,https://www.i40breakdown.com/shop-nc-melex-fuel-injection-systems-raleigh.html,Raleigh,NC,
212,shop,shops_in_raleigh,https://www.i40breakdown.com/shop-nc-extra-space-storage-raleigh.html,Raleigh,NC,
213,shop,shops_in_raleigh,https://www.i40breakdown.com/shop-nc-torque-european-car-care-raleigh.html,Raleigh,NC,
214,shop,shops_in_raleigh,https://www.i40breakdown.com/shop-nc-undergrads-movers-raleigh-raleigh.html,Raleigh,NC,
215,shop,shops_in_raleigh,https://www.i40breakdown.com/shop-nc-mission-valley-service-station-raleigh.html,Raleigh,NC,
216,shop,shops_in_raleigh,https://www.i40breakdown.com/shop-nc-afc-upholstery-raleigh.html,Raleigh,NC,
217,shop,shops_in_raleigh,https://www.i40breakdown.com/shop-nc-top-notch-rv-repair-raleigh.html,Raleigh,NC,
218,shop,shops_in_raleigh,https://www.i40breakdown.com/shop-nc-transmedics-raleigh.html,Raleigh,NC,
219,shop,shops_in_raleigh,https://www.i40breakdown.com/shop-nc-euro-motors-raleigh.html,Raleigh,NC,
220,shop,shops_in_raleigh,https://www.i40breakdown.com/shop-nc-beard-rv-raleigh.html,Raleigh,NC,
221,shop,shops_in_raleigh,https://www.i40breakdown.com/shop-nc-colony-tire-and-service-raleigh.html,Raleigh,NC,
222,shop,shops_in_raleigh,https://www.i40breakdown.com/shop-nc-triad-trailers-llc-u-haul-raleigh.html,Raleigh,NC,
223,shop,shops_in_raleigh,https://www.i40breakdown.com/shop-nc-village-motor-works-raleigh.html,Raleigh,NC,
224,shop,shops_in_raleigh,https://www.i40breakdown.com/shop-nc-blue-compass-rv-raleigh-raleigh.html,Raleigh,NC,
225,shop,shops_in_raleigh,https://www.i40breakdown.com/shop-nc-mhc-kenworth-raleigh-raleigh.html,Raleigh,NC,
226,shop,shops_in_raleigh,https://www.i40breakdown.com/shop-nc-napa-auto-parts-raleigh-raleigh.html,Raleigh,NC,
227,shop,shops_in_raleigh,https://www.i40breakdown.com/shop-nc-west-german-garage-raleigh.html,Raleigh,NC,
228,shop,shops_in_raleigh,https://www.i40breakdown.com/shop-nc-raleigh-tire-auto-raleigh.html,Raleigh,NC,
229,shop,shops_in_raleigh,https://www.i40breakdown.com/shop-nc-herc-rentals-raleigh.html,Raleigh,NC,
230,shop,shops_in_raleigh,https://www.i40breakdown.com/shop-nc-youngblood-s-performance-auto-raleigh.html,Raleigh,NC,
231,shop,shops_in_raleigh,https://www.i40breakdown.com/shop-nc-thompson-buick-gmc-raleigh.html,Raleigh,NC,
232,shop,shops_in_raleigh,https://www.i40breakdown.com/shop-nc-northern-tool-equipment-raleigh.html,Raleigh,NC,
233,shop,shops_in_raleigh,https://www.i40breakdown.com/shop-nc-rockside-tire-sales-services-raleigh.html,Raleigh,NC,
234,shop,shops_in_raleigh,https://www.i40breakdown.com/shop-nc-tlg-peterbilt-raleigh-raleigh.html,Raleigh,NC,
235,shop,shops_in_raleigh,https://www.i40breakdown.com/shop-nc-lilley-international-service-center-raleigh.html,Raleigh,NC,
236,shop,shops_in_raleigh,https://www.i40breakdown.com/shop-nc-maaco-auto-body-shop-painting-raleigh.html,Raleigh,NC,
237,shop,shops_in_raleigh,https://www.i40breakdown.com/shop-nc-pep-boys-auto-service-tires-raleigh.html,Raleigh,NC,
238,shop,shops_in_raleigh,https://www.i40breakdown.com/shop-nc-snider-fleet-solutions-raleigh.html,Raleigh,NC,
239,shop,shops_in_raleigh,https://www.i40breakdown.com/shop-nc-gregory-poole-equipment-company-raleigh-nc-raleigh.html,Raleigh,NC,
240,shop,shops_in_raleigh,https://www.i40breakdown.com/shop-nc-capital-city-customs-inc-raleigh.html,Raleigh,NC,
241,shop,shops_in_raleigh,https://www.i40breakdown.com/shop-nc-leo-tires-raleigh.html,Raleigh,NC,
242,shop,shops_in_raleigh,https://www.i40breakdown.com/shop-nc-my-engine-store-raleigh.html,Raleigh,NC,
243,shop,shops_in_raleigh,https://www.i40breakdown.com/shop-nc-city-of-raleigh-vehicle-fleet-services-heavy-equipment-shop-parts-dept-r.html,Raleigh,NC,
244,shop,shops_in_raleigh,https://www.i40breakdown.com/shop-nc-ervin-rigsbee-raleigh.html,Raleigh,NC,
245,shop,shops_in_raleigh,https://www.i40breakdown.com/shop-nc-mckeever-rv-raleigh.html,Raleigh,NC,
246,shop,shops_in_albuquerque,https://www.i40breakdown.com/shop-nm-abq-mobile-rv-repair-albuquerque.html,Albuquerque,NM,
247,shop,shops_in_albuquerque,https://www.i40breakdown.com/shop-nm-a1-mobile-tire-service-llc-albuquerque.html,Albuquerque,NM,
248,shop,shops_in_albuquerque,https://www.i40breakdown.com/shop-nm-360-mobile-tire-services-of-new-mexico-albuquerque.html,Albuquerque,NM,
249,shop,shops_in_albuquerque,https://www.i40breakdown.com/shop-nm-apex-mobile-autotech-albuquerque.html,Albuquerque,NM,
250,shop,shops_in_albuquerque,https://www.i40breakdown.com/shop-nm-truck-and-trailer-repair-llc-roadside-mobile-mechanic-service-assistance.html,Albuquerque,NM,
251,shop,shops_in_albuquerque,https://www.i40breakdown.com/shop-nm-a-f-mobile-heavy-duty-repair-heavy-duty-towing-albuquerque.html,Albuquerque,NM,
252,shop,shops_in_albuquerque,https://www.i40breakdown.com/shop-nm-dave-s-heavy-duty-collision-alignment-center-albuquerque.html,Albuquerque,NM,
253,shop,shops_in_albuquerque,https://www.i40breakdown.com/shop-nm-stewart-stevenson-albuquerque-nm-albuquerque.html,Albuquerque,NM,
254,shop,shops_in_albuquerque,https://www.i40breakdown.com/shop-nm-roberts-truck-center-albuquerque.html,Albuquerque,NM,
255,shop,shops_in_albuquerque,https://www.i40breakdown.com/shop-nm-on-site-diesel-truck-trailer-repair-albuquerque.html,Albuquerque,NM,
256,shop,shops_in_albuquerque,https://www.i40breakdown.com/shop-nm-albuquerque-mobile-truck-repair-albuquerque.html,Albuquerque,NM,
257,shop,shops_in_albuquerque,https://www.i40breakdown.com/shop-nm-back2road-truck-repair-albuquerque.html,Albuquerque,NM,
258,shop,shops_in_albuquerque,https://www.i40breakdown.com/shop-nm-all-h-e-a-r-t-fleet-services-llc-mobile-diesel-semi-truck-trailer-repair.html,Albuquerque,NM,
259,shop,shops_in_albuquerque,https://www.i40breakdown.com/shop-nm-ta-truck-service-albuquerque.html,Albuquerque,NM,
260,shop,shops_in_albuquerque,https://www.i40breakdown.com/shop-nm-pilot-flying-j-truck-care-center-albuquerque.html,Albuquerque,NM,
261,shop,shops_in_albuquerque,https://www.i40breakdown.com/shop-nm-ta-travel-center-albuquerque.html,Albuquerque,NM,
262,shop,shops_in_albuquerque,https://www.i40breakdown.com/shop-nm-abq-mobile-truck-and-trailer-repair-albuquerque.html,Albuquerque,NM,
263,shop,shops_in_albuquerque,https://www.i40breakdown.com/shop-nm-albq-mobile-truck-repair-albuquerque.html,Albuquerque,NM,
264,shop,shops_in_albuquerque,https://www.i40breakdown.com/shop-nm-abq-mobile-truck-and-trailer-repair-albuquerque-2.html,Albuquerque,NM,
265,shop,shops_in_albuquerque,https://www.i40breakdown.com/shop-nm-rush-truck-centers-albuquerque-mobile-service-albuquerque.html,Albuquerque,NM,
266,shop,shops_in_albuquerque,https://www.i40breakdown.com/shop-nm-mobile-heavy-duty-repairs-llc-albuquerque.html,Albuquerque,NM,
267,shop,shops_in_albuquerque,https://www.i40breakdown.com/shop-nm-max-mobile-autobody-repair-albuquerque.html,Albuquerque,NM,
268,shop,shops_in_albuquerque,https://www.i40breakdown.com/shop-nm-m-c-diesel-albuquerque.html,Albuquerque,NM,
269,shop,shops_in_albuquerque,https://www.i40breakdown.com/shop-nm-good-sense-rv-motors-albuquerque.html,Albuquerque,NM,
270,shop,shops_in_albuquerque,https://www.i40breakdown.com/shop-nm-by-the-book-diesel-auto-repair-albuquerque.html,Albuquerque,NM,
271,shop,shops_in_albuquerque,https://www.i40breakdown.com/shop-nm-advanced-diesel-performance-albuquerque.html,Albuquerque,NM,
272,shop,shops_in_albuquerque,https://www.i40breakdown.com/shop-nm-tlc-fleet-albuquerque.html,Albuquerque,NM,
273,shop,shops_in_albuquerque,https://www.i40breakdown.com/shop-nm-j-and-e-roadside-service-and-truck-repair-albuquerque.html,Albuquerque,NM,
274,shop,shops_in_albuquerque,https://www.i40breakdown.com/shop-nm-clark-truck-equipment-company-inc-albuquerque.html,Albuquerque,NM,
275,shop,shops_in_albuquerque,https://www.i40breakdown.com/shop-nm-intercity-truck-trailer-repair-inc-albuquerque.html,Albuquerque,NM,
276,shop,shops_in_albuquerque,https://www.i40breakdown.com/shop-nm-gomez-diesel-service-albuquerque.html,Albuquerque,NM,
277,shop,shops_in_albuquerque,https://www.i40breakdown.com/shop-nm-jjj-roadside-assistance-mobile-diesel-mechanic-semi-truck-and-mobile-tir.html,Albuquerque,NM,
278,shop,shops_in_albuquerque,https://www.i40breakdown.com/shop-nm-bruckner-s-mack-volvo-albuquerque.html,Albuquerque,NM,
279,shop,shops_in_albuquerque,https://www.i40breakdown.com/shop-nm-r-b-automotive-mobile-mechanic-s-albuquerque-albuquerque.html,Albuquerque,NM,
280,shop,shops_in_albuquerque,https://www.i40breakdown.com/shop-nm-camping-world-rv-service-albuquerque-albuquerque.html,Albuquerque,NM,
281,shop,shops_in_albuquerque,https://www.i40breakdown.com/shop-nm-mobile-mechanic-albuquerque-albuquerque.html,Albuquerque,NM,
282,shop,shops_in_albuquerque,https://www.i40breakdown.com/shop-nm-route-66-auto-rv-mobile-repair-albuquerque.html,Albuquerque,NM,
283,shop,shops_in_albuquerque,https://www.i40breakdown.com/shop-nm-mr-mobile-mechanic-of-albuquerque-albuquerque.html,Albuquerque,NM,
284,shop,shops_in_albuquerque,https://www.i40breakdown.com/shop-nm-diesel-mobile-repair-services-abq-albuquerque.html,Albuquerque,NM,
285,shop,shops_in_albuquerque,https://www.i40breakdown.com/shop-nm-castillo-s-auto-diesel-repair-llc-albuquerque.html,Albuquerque,NM,
286,shop,shops_in_albuquerque,https://www.i40breakdown.com/shop-nm-portillo-s-road-service-on-the-go-llc-albuquerque.html,Albuquerque,NM,
287,shop,shops_in_albuquerque,https://www.i40breakdown.com/shop-nm-mavteq-mobile-mechanic-albuquerque.html,Albuquerque,NM,
288,shop,shops_in_albuquerque,https://www.i40breakdown.com/shop-nm-en-route-rv-repair-llc-albuquerque.html,Albuquerque,NM,
289,shop,shops_in_albuquerque,https://www.i40breakdown.com/shop-nm-tally-ho-services-rv-repair-albuquerque.html,Albuquerque,NM,
290,shop,shops_in_albuquerque,https://www.i40breakdown.com/shop-nm-new-mexico-diesel-power-inc-albuquerque.html,Albuquerque,NM,
291,shop,shops_in_albuquerque,https://www.i40breakdown.com/shop-nm-cary-s-rv-services-in-albuquerque-albuquerque.html,Albuquerque,NM,
292,shop,shops_in_albuquerque,https://www.i40breakdown.com/shop-nm-dylan-s-precision-diesel-albuquerque.html,Albuquerque,NM,
293,shop,shops_in_albuquerque,https://www.i40breakdown.com/shop-nm-i-a-auto-diesel-mobile-mechanic-albuquerque.html,Albuquerque,NM,
294,shop,shops_in_albuquerque,https://www.i40breakdown.com/shop-nm-construction-truck-equipment-llc-albuquerque.html,Albuquerque,NM,
295,shop,shops_in_albuquerque,https://www.i40breakdown.com/shop-nm-2-men-a-wrench-complete-auto-service-emissions-testing-albuquerque.html,Albuquerque,NM,
296,shop,shops_in_albuquerque,https://www.i40breakdown.com/shop-nm-duke-city-truck-and-trailer-repair-albuquerque.html,Albuquerque,NM,
297,shop,shops_in_albuquerque,https://www.i40breakdown.com/shop-nm-trucks-unique-albuquerque.html,Albuquerque,NM,
298,shop,shops_in_albuquerque,https://www.i40breakdown.com/shop-nm-statkus-engines-rv-service-center-albuquerque.html,Albuquerque,NM,
299,shop,shops_in_albuquerque,https://www.i40breakdown.com/shop-nm-dl-services-llc-albuquerque.html,Albuquerque,NM,
300,shop,shops_in_albuquerque,https://www.i40breakdown.com/shop-nm-old-town-tire-automotive-albuquerque.html,Albuquerque,NM,
301,shop,shops_in_albuquerque,https://www.i40breakdown.com/shop-nm-brothers-roadside-service-albuquerque.html,Albuquerque,NM,
302,shop,shops_in_albuquerque,https://www.i40breakdown.com/shop-nm-performance-plus-inc-albuquerque.html,Albuquerque,NM,
303,shop,shops_in_albuquerque,https://www.i40breakdown.com/shop-nm-gabe-s-mobile-rv-repair-albuquerque.html,Albuquerque,NM,
304,shop,shops_in_albuquerque,https://www.i40breakdown.com/shop-nm-your-mobile-car-doctor-llc-albuquerque.html,Albuquerque,NM,
305,shop,shops_in_albuquerque,https://www.i40breakdown.com/shop-nm-albuquerque-truck-equipment-albuquerque.html,Albuquerque,NM,
306,shop,shops_in_albuquerque,https://www.i40breakdown.com/shop-nm-mc-bride-s-spring-welding-albuquerque.html,Albuquerque,NM,
307,shop,shops_in_albuquerque,https://www.i40breakdown.com/shop-nm-la-mesa-recvan-albuquerque-rv-motorhome-service-albuquerque.html,Albuquerque,NM,
308,shop,shops_in_albuquerque,https://www.i40breakdown.com/shop-nm-love-s-truck-care-albuquerque.html,Albuquerque,NM,
309,shop,shops_in_albuquerque,https://www.i40breakdown.com/shop-nm-onsite-axle-spindle-repair-albuquerque.html,Albuquerque,NM,
310,shop,shops_in_albuquerque,https://www.i40breakdown.com/shop-nm-albuquerque-s-best-mobile-mechanic-albuquerque.html,Albuquerque,NM,
311,shop,shops_in_albuquerque,https://www.i40breakdown.com/shop-nm-montes-sons-albuquerque.html,Albuquerque,NM,
312,shop,shops_in_albuquerque,https://www.i40breakdown.com/shop-nm-g-f-diesel-service-llc-albuquerque.html,Albuquerque,NM,
313,shop,shops_in_albuquerque,https://www.i40breakdown.com/shop-nm-detroit-diesel-albuquerque.html,Albuquerque,NM,
314,shop,shops_in_albuquerque,https://www.i40breakdown.com/shop-nm-oxidation-rv-repair-service-albuquerque.html,Albuquerque,NM,
315,shop,shops_in_albuquerque,https://www.i40breakdown.com/shop-nm-diesel-doctor-services-albuquerque.html,Albuquerque,NM,
316,shop,shops_in_albuquerque,https://www.i40breakdown.com/shop-nm-redline-services-diesel-inc-albuquerque.html,Albuquerque,NM,
317,shop,shops_in_albuquerque,https://www.i40breakdown.com/shop-nm-trailersplus-albuquerque.html,Albuquerque,NM,
318,shop,shops_in_albuquerque,https://www.i40breakdown.com/shop-nm-duke-city-garage-albuquerque.html,Albuquerque,NM,
319,shop,shops_in_albuquerque,https://www.i40breakdown.com/shop-nm-around-rv-service-albuquerque.html,Albuquerque,NM,
320,shop,shops_in_albuquerque,https://www.i40breakdown.com/shop-nm-rocky-mountain-rv-marine-albuquerque.html,Albuquerque,NM,
321,shop,shops_in_albuquerque,https://www.i40breakdown.com/shop-nm-albuquerque-rv-albuquerque.html,Albuquerque,NM,
322,shop,shops_in_albuquerque,https://www.i40breakdown.com/shop-nm-wheels-up-albuquerque.html,Albuquerque,NM,
323,shop,shops_in_albuquerque,https://www.i40breakdown.com/shop-nm-red-s-diesel-and-automotive-service-llc-albuquerque.html,Albuquerque,NM,
324,shop,shops_in_albuquerque,https://www.i40breakdown.com/shop-nm-baca-s-diesel-services-albuquerque.html,Albuquerque,NM,
325,shop,shops_in_albuquerque,https://www.i40breakdown.com/shop-nm-aiden-s-diesel-auto-repair-albuquerque.html,Albuquerque,NM,
326,shop,shops_in_albuquerque,https://www.i40breakdown.com/shop-nm-tony-s-rv-service-albuquerque.html,Albuquerque,NM,
327,shop,shops_in_albuquerque,https://www.i40breakdown.com/shop-nm-abq-fleet-auto-services-albuquerque.html,Albuquerque,NM,
328,shop,shops_in_albuquerque,https://www.i40breakdown.com/shop-nm-route-66-auto-and-truck-albuquerque.html,Albuquerque,NM,
329,shop,shops_in_albuquerque,https://www.i40breakdown.com/shop-nm-heavy-hitters-performance-albuquerque.html,Albuquerque,NM,
330,shop,shops_in_albuquerque,https://www.i40breakdown.com/shop-nm-fiber-works-inc-albuquerque.html,Albuquerque,NM,
331,shop,shops_in_albuquerque,https://www.i40breakdown.com/shop-nm-irvin-s-diesel-medics-albuquerque.html,Albuquerque,NM,
332,shop,shops_in_albuquerque,https://www.i40breakdown.com/shop-nm-myers-rv-albuquerque-albuquerque.html,Albuquerque,NM,
333,shop,shops_in_albuquerque,https://www.i40breakdown.com/shop-nm-foreign-aide-parts-services-albuquerque.html,Albuquerque,NM,
334,shop,shops_in_albuquerque,https://www.i40breakdown.com/shop-nm-tom-s-rv-service-sales-albuquerque.html,Albuquerque,NM,
335,shop,shops_in_albuquerque,https://www.i40breakdown.com/shop-nm-truckpro-a-fleetpride-company-albuquerque.html,Albuquerque,NM,
336,shop,shops_in_albuquerque,https://www.i40breakdown.com/shop-nm-j-b-trailer-world-albuquerque.html,Albuquerque,NM,
337,shop,shops_in_albuquerque,https://www.i40breakdown.com/shop-nm-a-s-auto-truck-care-albuquerque.html,Albuquerque,NM,
338,shop,shops_in_albuquerque,https://www.i40breakdown.com/shop-nm-diesel-monkey-albuquerque.html,Albuquerque,NM,
339,shop,shops_in_albuquerque,https://www.i40breakdown.com/shop-nm-cummins-sales-and-service-albuquerque.html,Albuquerque,NM,
340,shop,shops_in_albuquerque,https://www.i40breakdown.com/shop-nm-blue-compass-rv-albuquerque-parts-service-center-albuquerque.html,Albuquerque,NM,
341,shop,shops_in_albuquerque,https://www.i40breakdown.com/shop-nm-coss-truck-and-trailer-repair-albuquerque.html,Albuquerque,NM,
342,shop,shops_in_albuquerque,https://www.i40breakdown.com/shop-nm-rush-truck-centers-albuquerque-service-albuquerque.html,Albuquerque,NM,
343,shop,shops_in_albuquerque,https://www.i40breakdown.com/shop-nm-a-j-trailer-repair-albuquerque.html,Albuquerque,NM,
344,shop,shops_in_albuquerque,https://www.i40breakdown.com/shop-nm-aaasap-auto-truck-repair-albuquerque.html,Albuquerque,NM,
345,shop,shops_in_albuquerque,https://www.i40breakdown.com/shop-nm-nw-fleet-truck-trailer-repair-inc-albuquerque.html,Albuquerque,NM,
346,shop,shops_in_amarillo,https://www.i40breakdown.com/shop-tx-amarillo-super-mobile-truck-repair-amarillo.html,Amarillo,TX,
347,shop,shops_in_amarillo,https://www.i40breakdown.com/shop-tx-mobile-truck-repair-amarillo-amarillo.html,Amarillo,TX,
348,shop,shops_in_amarillo,https://www.i40breakdown.com/shop-tx-reyna-s-mobile-mechanic-tire-amarillo.html,Amarillo,TX,
349,shop,shops_in_amarillo,https://www.i40breakdown.com/shop-tx-lone-star-truck-repair-amarillo.html,Amarillo,TX,
350,shop,shops_in_amarillo,https://www.i40breakdown.com/shop-tx-khalsa-truck-repair-shop-amarillo.html,Amarillo,TX,
351,shop,shops_in_amarillo,https://www.i40breakdown.com/shop-tx-dhillon-brothers-tires-road-service-amarillo.html,Amarillo,TX,
352,shop,shops_in_amarillo,https://www.i40breakdown.com/shop-tx-roy-s-unlimited-amarillo.html,Amarillo,TX,
353,shop,shops_in_amarillo,https://www.i40breakdown.com/shop-tx-ta-truck-service-amarillo.html,Amarillo,TX,
354,shop,shops_in_amarillo,https://www.i40breakdown.com/shop-tx-ta-truck-service-amarillo-2.html,Amarillo,TX,
355,shop,shops_in_amarillo,https://www.i40breakdown.com/shop-tx-de-volada-truck-repair-amarillo.html,Amarillo,TX,
356,shop,shops_in_amarillo,https://www.i40breakdown.com/shop-tx-fun-town-rv-amarillo-amarillo.html,Amarillo,TX,
357,shop,shops_in_amarillo,https://www.i40breakdown.com/shop-tx-star-truck-auto-collision-amarillo.html,Amarillo,TX,
358,shop,shops_in_amarillo,https://www.i40breakdown.com/shop-tx-journey-trucking-mobile-tire-and-repair-amarillo.html,Amarillo,TX,
359,shop,shops_in_amarillo,https://www.i40breakdown.com/shop-tx-happy-wrench-s-auto-diesel-mobile-mechanic-llc-amarillo.html,Amarillo,TX,
360,shop,shops_in_amarillo,https://www.i40breakdown.com/shop-tx-peak-thermo-king-amarillo-amarillo.html,Amarillo,TX,
361,shop,shops_in_amarillo,https://www.i40breakdown.com/shop-tx-wbc-truck-trailer-repair-amarillo.html,Amarillo,TX,
362,shop,shops_in_amarillo,https://www.i40breakdown.com/shop-tx-coolhorse-trailer-and-rv-service-and-repair-center-amarillo.html,Amarillo,TX,
363,shop,shops_in_amarillo,https://www.i40breakdown.com/shop-tx-darrels-garage-equipment-sales-amarillo.html,Amarillo,TX,
364,shop,shops_in_amarillo,https://www.i40breakdown.com/shop-tx-806-mobile-fleet-service-amarillo.html,Amarillo,TX,
365,shop,shops_in_amarillo,https://www.i40breakdown.com/shop-tx-trg-enterprises-mobile-mechanic-amarillo.html,Amarillo,TX,
366,shop,shops_in_amarillo,https://www.i40breakdown.com/shop-tx-g-truck-service-amarillo.html,Amarillo,TX,
367,shop,shops_in_amarillo,https://www.i40breakdown.com/shop-tx-dan-s-mobile-diesel-service-amarillo.html,Amarillo,TX,
368,shop,shops_in_amarillo,https://www.i40breakdown.com/shop-tx-gossett-garage-truck-accessories-tires-amarillo.html,Amarillo,TX,
369,shop,shops_in_amarillo,https://www.i40breakdown.com/shop-tx-806-diesel-repair-amarillo.html,Amarillo,TX,
370,shop,shops_in_amarillo,https://www.i40breakdown.com/shop-tx-iron-s-diesel-truck-repair-amarillo.html,Amarillo,TX,
371,shop,shops_in_amarillo,https://www.i40breakdown.com/shop-tx-panhandle-diesel-performance-amarillo.html,Amarillo,TX,
372,shop,shops_in_amarillo,https://www.i40breakdown.com/shop-tx-american-equipment-trailer-amarillo.html,Amarillo,TX,
373,shop,shops_in_amarillo,https://www.i40breakdown.com/shop-tx-jeff-durbin-automotive-amarillo.html,Amarillo,TX,
374,shop,shops_in_amarillo,https://www.i40breakdown.com/shop-tx-family-camping-service-center-inc-amarillo.html,Amarillo,TX,
375,shop,shops_in_amarillo,https://www.i40breakdown.com/shop-tx-watson-automotive-diesel-llc-amarillo.html,Amarillo,TX,
376,shop,shops_in_amarillo,https://www.i40breakdown.com/shop-tx-ron-hoover-rv-marine-of-amarillo-amarillo.html,Amarillo,TX,
377,shop,shops_in_amarillo,https://www.i40breakdown.com/shop-tx-tow-brothers-equipment-co-amarillo.html,Amarillo,TX,
378,shop,shops_in_amarillo,https://www.i40breakdown.com/shop-tx-mikey-s-turbo-exchange-amarillo.html,Amarillo,TX,
379,shop,shops_in_amarillo,https://www.i40breakdown.com/shop-tx-evergreen-truck-trailer-repair-amarillo-punjabi-hindi-repair-shop-amaril.html,Amarillo,TX,
380,shop,shops_in_amarillo,https://www.i40breakdown.com/shop-tx-red-rover-rv-amarillo.html,Amarillo,TX,
381,shop,shops_in_amarillo,https://www.i40breakdown.com/shop-tx-ws-truck-repair-inc-amarillo.html,Amarillo,TX,
382,shop,shops_in_amarillo,https://www.i40breakdown.com/shop-tx-a-a-road-service-truck-repair-amarillo.html,Amarillo,TX,
383,shop,shops_in_amarillo,https://www.i40breakdown.com/shop-tx-hana-truck-service-amarillo.html,Amarillo,TX,
384,shop,shops_in_amarillo,https://www.i40breakdown.com/shop-tx-baldwin-truck-trailer-repair-amarillo.html,Amarillo,TX,
385,shop,shops_in_amarillo,https://www.i40breakdown.com/shop-tx-custom-rv-inc-amarillo.html,Amarillo,TX,
386,shop,shops_in_amarillo,https://www.i40breakdown.com/shop-tx-west-innovations-amarillo.html,Amarillo,TX,
387,shop,shops_in_amarillo,https://www.i40breakdown.com/shop-tx-2-dog-road-service-amarillo.html,Amarillo,TX,
388,shop,shops_in_amarillo,https://www.i40breakdown.com/shop-tx-love-s-truck-care-amarillo.html,Amarillo,TX,
389,shop,shops_in_amarillo,https://www.i40breakdown.com/shop-tx-sandoval-s-roadside-service-amarillo.html,Amarillo,TX,
390,shop,shops_in_amarillo,https://www.i40breakdown.com/shop-tx-reasonable-auto-trailer-repair-amarillo.html,Amarillo,TX,
391,shop,shops_in_amarillo,https://www.i40breakdown.com/shop-tx-a-s-truck-trailer-repair-24hr-road-call-service-amarillo.html,Amarillo,TX,
392,shop,shops_in_amarillo,https://www.i40breakdown.com/shop-tx-wds-fleet-solutions-llc-amarillo.html,Amarillo,TX,
393,shop,shops_in_amarillo,https://www.i40breakdown.com/shop-tx-twa-diesel-performance-amarillo.html,Amarillo,TX,
394,shop,shops_in_amarillo,https://www.i40breakdown.com/shop-tx-j-s-truck-repair-amarillo.html,Amarillo,TX,
395,shop,shops_in_amarillo,https://www.i40breakdown.com/shop-tx-mejias-truck-repair-amarillo.html,Amarillo,TX,
396,shop,shops_in_amarillo,https://www.i40breakdown.com/shop-tx-cassidy-s-diesel-shop-amarillo.html,Amarillo,TX,
397,shop,shops_in_amarillo,https://www.i40breakdown.com/shop-tx-homen-s-diesel-amarillo.html,Amarillo,TX,
398,shop,shops_in_amarillo,https://www.i40breakdown.com/shop-tx-bomb-city-performance-engines-amarillo.html,Amarillo,TX,
399,shop,shops_in_amarillo,https://www.i40breakdown.com/shop-tx-bdm-services-amarillo.html,Amarillo,TX,
400,shop,shops_in_amarillo,https://www.i40breakdown.com/shop-tx-triple-t-diesel-repair-amarillo.html,Amarillo,TX,
401,shop,shops_in_amarillo,https://www.i40breakdown.com/shop-tx-ram-truck-repair-amarillo.html,Amarillo,TX,
402,shop,shops_in_amarillo,https://www.i40breakdown.com/shop-tx-amarillo-engine-parts-amarillo.html,Amarillo,TX,
403,shop,shops_in_amarillo,https://www.i40breakdown.com/shop-tx-stone-brothers-collision-amarillo.html,Amarillo,TX,
404,shop,shops_in_amarillo,https://www.i40breakdown.com/shop-tx-hawkins-trailer-amarillo.html,Amarillo,TX,
405,shop,shops_in_amarillo,https://www.i40breakdown.com/shop-tx-c-j-automotive-and-diesel-amarillo.html,Amarillo,TX,
406,shop,shops_in_amarillo,https://www.i40breakdown.com/shop-tx-g-m-farnsworth-transmissions-amarillo.html,Amarillo,TX,
407,shop,shops_in_amarillo,https://www.i40breakdown.com/shop-tx-ramirez-truck-repair-amarillo.html,Amarillo,TX,
408,shop,shops_in_amarillo,https://www.i40breakdown.com/shop-tx-nick-s-trailer-shop-amarillo.html,Amarillo,TX,
409,shop,shops_in_amarillo,https://www.i40breakdown.com/shop-tx-big-tex-trailer-world-amarillo-amarillo.html,Amarillo,TX,
410,shop,shops_in_amarillo,https://www.i40breakdown.com/shop-tx-r-r-diesel-repair-amarillo.html,Amarillo,TX,
411,shop,shops_in_amarillo,https://www.i40breakdown.com/shop-tx-j-m-truck-repair-llc-amarillo.html,Amarillo,TX,
412,shop,shops_in_amarillo,https://www.i40breakdown.com/shop-tx-panhandle-performance-engines-amarillo.html,Amarillo,TX,
413,shop,shops_in_amarillo,https://www.i40breakdown.com/shop-tx-bigfoot-tires-repairs-amarillo.html,Amarillo,TX,
414,shop,shops_in_amarillo,https://www.i40breakdown.com/shop-tx-amarillo-truck-trailer-amarillo.html,Amarillo,TX,
415,shop,shops_in_amarillo,https://www.i40breakdown.com/shop-tx-lowe-diesel-services-amarillo.html,Amarillo,TX,
416,shop,shops_in_amarillo,https://www.i40breakdown.com/shop-tx-truck-service-center-llc-amarillo.html,Amarillo,TX,
417,shop,shops_in_amarillo,https://www.i40breakdown.com/shop-tx-overtop-truck-repair-amarillo.html,Amarillo,TX,
418,shop,shops_in_amarillo,https://www.i40breakdown.com/shop-tx-rogers-truck-repair-amarillo.html,Amarillo,TX,
419,shop,shops_in_amarillo,https://www.i40breakdown.com/shop-tx-trailer-body-services-inc-amarillo.html,Amarillo,TX,
420,shop,shops_in_amarillo,https://www.i40breakdown.com/shop-tx-king-country-trailer-service-amarillo.html,Amarillo,TX,
421,shop,shops_in_amarillo,https://www.i40breakdown.com/shop-tx-barney-s-auto-service-amarillo.html,Amarillo,TX,
422,shop,shops_in_amarillo,https://www.i40breakdown.com/shop-tx-truckpro-a-fleetpride-company-amarillo.html,Amarillo,TX,
423,shop,shops_in_amarillo,https://www.i40breakdown.com/shop-tx-chihuahua-truck-repair-amarillo.html,Amarillo,TX,
424,shop,shops_in_amarillo,https://www.i40breakdown.com/shop-tx-daniel-s-diesel-service-amarillo.html,Amarillo,TX,
425,shop,shops_in_amarillo,https://www.i40breakdown.com/shop-tx-shorty-s-bear-safety-services-inc-amarillo.html,Amarillo,TX,
426,shop,shops_in_amarillo,https://www.i40breakdown.com/shop-tx-adelina-truck-trailer-repair-shop-amarillo.html,Amarillo,TX,
427,shop,shops_in_amarillo,https://www.i40breakdown.com/shop-tx-mickdiesel-motorplex-llc-amarillo.html,Amarillo,TX,
428,shop,shops_in_amarillo,https://www.i40breakdown.com/shop-tx-after-hours-rv-amarillo.html,Amarillo,TX,
429,shop,shops_in_amarillo,https://www.i40breakdown.com/shop-tx-pro-tune-auto-diesel-performance-amarillo.html,Amarillo,TX,
430,shop,shops_in_amarillo,https://www.i40breakdown.com/shop-tx-dtp-automotive-diesel-amarillo.html,Amarillo,TX,
431,shop,shops_in_amarillo,https://www.i40breakdown.com/shop-tx-rodfathers-rv-body-shop-amarillo.html,Amarillo,TX,
432,shop,shops_in_amarillo,https://www.i40breakdown.com/shop-tx-j-m-truck-auto-body-repair-amarillo.html,Amarillo,TX,
433,shop,shops_in_amarillo,https://www.i40breakdown.com/shop-tx-century-rv-of-amarillo-amarillo.html,Amarillo,TX,
434,shop,shops_in_amarillo,https://www.i40breakdown.com/shop-tx-taylor-diesel-of-amarillo-an-m-d-company-amarillo.html,Amarillo,TX,
435,shop,shops_in_amarillo,https://www.i40breakdown.com/shop-tx-cummins-sales-and-service-amarillo.html,Amarillo,TX,
436,shop,shops_in_amarillo,https://www.i40breakdown.com/shop-tx-rod-brother-truck-center-amarillo.html,Amarillo,TX,
437,shop,shops_in_amarillo,https://www.i40breakdown.com/shop-tx-high-plains-tire-diesel-service-amarillo.html,Amarillo,TX,
438,shop,shops_in_amarillo,https://www.i40breakdown.com/shop-tx-speedco-truck-lube-and-tires-amarillo.html,Amarillo,TX,
439,shop,shops_in_amarillo,https://www.i40breakdown.com/shop-tx-truck-repair-amarillo.html,Amarillo,TX,
440,shop,shops_in_amarillo,https://www.i40breakdown.com/shop-tx-rush-truck-centers-amarillo-service-amarillo.html,Amarillo,TX,
441,shop,shops_in_amarillo,https://www.i40breakdown.com/shop-tx-amarillo-trailer-tech-solutions-amarillo.html,Amarillo,TX,
442,shop,shops_in_memphis,https://www.i40breakdown.com/shop-tn-truck-trailer-repair-memphis-memphis.html,Memphis,TN,
443,shop,shops_in_memphis,https://www.i40breakdown.com/shop-tn-truck-repair-memphis-memphis.html,Memphis,TN,
444,shop,shops_in_memphis,https://www.i40breakdown.com/shop-tn-phil-s-truck-service-memphis.html,Memphis,TN,
445,shop,shops_in_memphis,https://www.i40breakdown.com/shop-tn-tri-state-thermo-king-memphis-memphis.html,Memphis,TN,
446,shop,shops_in_memphis,https://www.i40breakdown.com/shop-tn-m-s-trailer-truck-repair-memphis.html,Memphis,TN,
447,shop,shops_in_memphis,https://www.i40breakdown.com/shop-tn-mobile-mechanic-memphis-llc-always-imitated-never-duplicated-memphis.html,Memphis,TN,
448,shop,shops_in_memphis,https://www.i40breakdown.com/shop-tn-interstate-drop-yard-memphis.html,Memphis,TN,
449,shop,shops_in_memphis,https://www.i40breakdown.com/shop-tn-united-diesel-power-truck-repair-memphis.html,Memphis,TN,
450,shop,shops_in_memphis,https://www.i40breakdown.com/shop-tn-general-truck-sales-service-inc-volvo-memphis.html,Memphis,TN,
451,shop,shops_in_memphis,https://www.i40breakdown.com/shop-tn-memphis-on-site-truck-repair-memphis.html,Memphis,TN,
452,shop,shops_in_memphis,https://www.i40breakdown.com/shop-tn-my-mobile-mechanic-of-memphis-memphis.html,Memphis,TN,
453,shop,shops_in_memphis,https://www.i40breakdown.com/shop-tn-tcb-truck-service-memphis.html,Memphis,TN,
454,shop,shops_in_memphis,https://www.i40breakdown.com/shop-tn-reyes-mobile-mechanic-service-memphis.html,Memphis,TN,
455,shop,shops_in_memphis,https://www.i40breakdown.com/shop-tn-901mobilerepairs-24hr-automotive-services-memphis.html,Memphis,TN,
456,shop,shops_in_memphis,https://www.i40breakdown.com/shop-tn-intercon-mobile-diesel-mechanic-tire-and-truck-repair-services-memphis.html,Memphis,TN,
457,shop,shops_in_memphis,https://www.i40breakdown.com/shop-tn-2453-mobile-semi-truck-repair-road-service-memphis.html,Memphis,TN,
458,shop,shops_in_memphis,https://www.i40breakdown.com/shop-tn-getwell-best-tire-auto-service-road-and-mobile-tire-memphis.html,Memphis,TN,
459,shop,shops_in_memphis,https://www.i40breakdown.com/shop-tn-emission-cooling-solutions-memphis.html,Memphis,TN,
460,shop,shops_in_memphis,https://www.i40breakdown.com/shop-tn-custom-springs-trailer-repair-memphis.html,Memphis,TN,
461,shop,shops_in_memphis,https://www.i40breakdown.com/shop-tn-g-w-diesel-services-inc-memphis.html,Memphis,TN,
462,shop,shops_in_memphis,https://www.i40breakdown.com/shop-tn-surwic-trailer-hitch-co-inc-memphis.html,Memphis,TN,
463,shop,shops_in_memphis,https://www.i40breakdown.com/shop-tn-tj-mobile-automotive-repairs-memphis.html,Memphis,TN,
464,shop,shops_in_memphis,https://www.i40breakdown.com/shop-tn-anytime-mobile-mechanic-memphis.html,Memphis,TN,
465,shop,shops_in_memphis,https://www.i40breakdown.com/shop-tn-brothers-mobile-tire-service-tire-shop-memphis.html,Memphis,TN,
466,shop,shops_in_memphis,https://www.i40breakdown.com/shop-tn-mobile-tire-repair-shop-memphis.html,Memphis,TN,
467,shop,shops_in_memphis,https://www.i40breakdown.com/shop-tn-emergency-mobile-tire-service-memphis.html,Memphis,TN,
468,shop,shops_in_memphis,https://www.i40breakdown.com/shop-tn-moore-mobile-maintenance-mobile-truck-and-trailer-repair-memphis.html,Memphis,TN,
469,shop,shops_in_memphis,https://www.i40breakdown.com/shop-tn-maldonado-mobile-mechanic-memphis.html,Memphis,TN,
470,shop,shops_in_memphis,https://www.i40breakdown.com/shop-tn-depot-connect-international-psc-memphis.html,Memphis,TN,
471,shop,shops_in_memphis,https://www.i40breakdown.com/shop-tn-cece-24-7-mobile-tire-repair-memphis.html,Memphis,TN,
472,shop,shops_in_memphis,https://www.i40breakdown.com/shop-tn-revive-diesel-mechanic-memphis.html,Memphis,TN,
473,shop,shops_in_memphis,https://www.i40breakdown.com/shop-tn-franco-mobile-mechanic-memphis.html,Memphis,TN,
474,shop,shops_in_memphis,https://www.i40breakdown.com/shop-tn-24-7-mobile-tires-towing-memphis.html,Memphis,TN,
475,shop,shops_in_memphis,https://www.i40breakdown.com/shop-tn-clarke-power-services-inc-memphis.html,Memphis,TN,
476,shop,shops_in_memphis,https://www.i40breakdown.com/shop-tn-m-m-mobile-fleet-services-memphis.html,Memphis,TN,
477,shop,shops_in_memphis,https://www.i40breakdown.com/shop-tn-brothers-24-7-mobile-automotive-repair-memphis.html,Memphis,TN,
478,shop,shops_in_memphis,https://www.i40breakdown.com/shop-tn-memphis-mobile-rv-repair-memphis.html,Memphis,TN,
479,shop,shops_in_memphis,https://www.i40breakdown.com/shop-tn-norf-memphis-mobile-tire-service-truck-trailer-and-automobile-memphis.html,Memphis,TN,
480,shop,shops_in_memphis,https://www.i40breakdown.com/shop-tn-fleetpro-truck-parts-memphis.html,Memphis,TN,
481,shop,shops_in_memphis,https://www.i40breakdown.com/shop-tn-memphis-24-7-diesel-auto-repair-llc-memphis.html,Memphis,TN,
482,shop,shops_in_memphis,https://www.i40breakdown.com/shop-tn-mr-memphis-mobile-mechanic-memphis.html,Memphis,TN,
483,shop,shops_in_memphis,https://www.i40breakdown.com/shop-tn-roy-s-mobile-mechanic-memphis.html,Memphis,TN,
484,shop,shops_in_memphis,https://www.i40breakdown.com/shop-tn-mobile-truck-repair-memphis-memphis.html,Memphis,TN,
485,shop,shops_in_memphis,https://www.i40breakdown.com/shop-tn-mobile-mechanic-memphis.html,Memphis,TN,
486,shop,shops_in_memphis,https://www.i40breakdown.com/shop-tn-otw-truck-and-trailer-repairs-memphis.html,Memphis,TN,
487,shop,shops_in_memphis,https://www.i40breakdown.com/shop-tn-mobile-trailer-repair-and-welding-memphis.html,Memphis,TN,
488,shop,shops_in_memphis,https://www.i40breakdown.com/shop-tn-proficient-same-day-mobile-brake-service-memphis.html,Memphis,TN,
489,shop,shops_in_memphis,https://www.i40breakdown.com/shop-tn-rush-truck-centers-memphis-west-collision-center-memphis.html,Memphis,TN,
490,shop,shops_in_memphis,https://www.i40breakdown.com/shop-tn-deal-brothers-trailers-memphis.html,Memphis,TN,
491,shop,shops_in_memphis,https://www.i40breakdown.com/shop-tn-memphis-equipment-co-memphis.html,Memphis,TN,
492,shop,shops_in_memphis,https://www.i40breakdown.com/shop-tn-lawson-mobile-mechanic-llc-memphis.html,Memphis,TN,
493,shop,shops_in_memphis,https://www.i40breakdown.com/shop-tn-freight-five-truck-repair-and-24-7-roadside-memphis.html,Memphis,TN,
494,shop,shops_in_memphis,https://www.i40breakdown.com/shop-tn-kimble-mobile-services-llc-memphis.html,Memphis,TN,
495,shop,shops_in_memphis,https://www.i40breakdown.com/shop-tn-dees-mobile-changes-memphis.html,Memphis,TN,
496,shop,shops_in_memphis,https://www.i40breakdown.com/shop-tn-rescue-repair-services-memphis.html,Memphis,TN,
497,shop,shops_in_memphis,https://www.i40breakdown.com/shop-tn-a-1-mobile-repair-memphis.html,Memphis,TN,
498,shop,shops_in_memphis,https://www.i40breakdown.com/shop-tn-i-m-c-trailers-memphis.html,Memphis,TN,
499,shop,shops_in_memphis,https://www.i40breakdown.com/shop-tn-memphis-diesel-repair-memphis.html,Memphis,TN,
500,shop,shops_in_memphis,https://www.i40breakdown.com/shop-tn-901precision-truck-and-trailer-repair-llc-memphis.html,Memphis,TN,
501,shop,shops_in_memphis,https://www.i40breakdown.com/shop-tn-advanced-mobile-mechanic-service-memphis.html,Memphis,TN,
502,shop,shops_in_memphis,https://www.i40breakdown.com/shop-tn-montgomery-diesel-memphis.html,Memphis,TN,
503,shop,shops_in_memphis,https://www.i40breakdown.com/shop-tn-diesel-care-performance-memphis.html,Memphis,TN,
504,shop,shops_in_memphis,https://www.i40breakdown.com/shop-tn-steve-s-mobile-mechanic-llc-memphis.html,Memphis,TN,
505,shop,shops_in_memphis,https://www.i40breakdown.com/shop-tn-fn-truck-mobile-mechanics-road-service-memphis.html,Memphis,TN,
506,shop,shops_in_memphis,https://www.i40breakdown.com/shop-tn-marcus-mobile-mechanic-and-welding-memphis.html,Memphis,TN,
507,shop,shops_in_memphis,https://www.i40breakdown.com/shop-tn-mobile-truck-repair-of-memphis-memphis.html,Memphis,TN,
508,shop,shops_in_memphis,https://www.i40breakdown.com/shop-tn-trailer-equipment-repair-memphis.html,Memphis,TN,
509,shop,shops_in_memphis,https://www.i40breakdown.com/shop-tn-robert-cole-truck-and-trailer-repair-memphis.html,Memphis,TN,
510,shop,shops_in_memphis,https://www.i40breakdown.com/shop-tn-diesel-legends-memphis.html,Memphis,TN,
511,shop,shops_in_memphis,https://www.i40breakdown.com/shop-tn-cna-diesel-services-memphis.html,Memphis,TN,
512,shop,shops_in_memphis,https://www.i40breakdown.com/shop-tn-truck-doctor-memphis.html,Memphis,TN,
513,shop,shops_in_memphis,https://www.i40breakdown.com/shop-tn-rayj-s-commercial-tire-service-trailer-repair-memphis.html,Memphis,TN,
514,shop,shops_in_memphis,https://www.i40breakdown.com/shop-tn-utilities-equipment-company-memphis.html,Memphis,TN,
515,shop,shops_in_memphis,https://www.i40breakdown.com/shop-tn-memphis-diesel-truck-tire-repair-memphis.html,Memphis,TN,
516,shop,shops_in_memphis,https://www.i40breakdown.com/shop-tn-trailer-sales-of-memphis-inc-memphis.html,Memphis,TN,
517,shop,shops_in_memphis,https://www.i40breakdown.com/shop-tn-a-a-truck-trailer-repair-memphis.html,Memphis,TN,
518,shop,shops_in_memphis,https://www.i40breakdown.com/shop-tn-msp-diesel-solutions-memphis.html,Memphis,TN,
519,shop,shops_in_memphis,https://www.i40breakdown.com/shop-tn-austin-diesel-repair-llc-memphis.html,Memphis,TN,
520,shop,shops_in_memphis,https://www.i40breakdown.com/shop-tn-steepleton-tire-company-memphis.html,Memphis,TN,
521,shop,shops_in_memphis,https://www.i40breakdown.com/shop-tn-thompson-energy-solutions-memphis.html,Memphis,TN,
522,shop,shops_in_memphis,https://www.i40breakdown.com/shop-tn-elite-equipment-memphis.html,Memphis,TN,
523,shop,shops_in_memphis,https://www.i40breakdown.com/shop-tn-taylor-diesel-of-memphis-an-m-d-company-memphis.html,Memphis,TN,
524,shop,shops_in_memphis,https://www.i40breakdown.com/shop-tn-crow-s-truck-center-memphis.html,Memphis,TN,
525,shop,shops_in_memphis,https://www.i40breakdown.com/shop-tn-fleetpride-memphis.html,Memphis,TN,
526,shop,shops_in_memphis,https://www.i40breakdown.com/shop-tn-dedicated-diesel-memphis.html,Memphis,TN,
527,shop,shops_in_memphis,https://www.i40breakdown.com/shop-tn-pinkston-beard-diesel-truck-repair-memphis.html,Memphis,TN,
528,shop,shops_in_memphis,https://www.i40breakdown.com/shop-tn-nabors-truck-service-memphis.html,Memphis,TN,
529,shop,shops_in_memphis,https://www.i40breakdown.com/shop-tn-totten-trucking-and-repair-memphis.html,Memphis,TN,
530,shop,shops_in_memphis,https://www.i40breakdown.com/shop-tn-performance-trailer-repair-inc-memphis.html,Memphis,TN,
531,shop,shops_in_memphis,https://www.i40breakdown.com/shop-tn-henderson-truck-trailer-memphis.html,Memphis,TN,
532,shop,shops_in_memphis,https://www.i40breakdown.com/shop-tn-greenlight-diesel-repair-memphis.html,Memphis,TN,
533,shop,shops_in_winston-salem,https://www.i40breakdown.com/shop-nc-elite-fleet-services-llc-winston-salem.html,Winston-Salem,NC,
534,shop,shops_in_winston-salem,https://www.i40breakdown.com/shop-nc-parrish-truck-tire-center-winston-salem.html,Winston-Salem,NC,
535,shop,shops_in_winston-salem,https://www.i40breakdown.com/shop-nc-carolina-auto-service-winston-salem.html,Winston-Salem,NC,
536,shop,shops_in_winston-salem,https://www.i40breakdown.com/shop-nc-goodyear-commercial-tire-service-centers-winston-salem.html,Winston-Salem,NC,
537,shop,shops_in_winston-salem,https://www.i40breakdown.com/shop-nc-mobile-mechanic-winston-salem-winston-salem.html,Winston-Salem,NC,
538,shop,shops_in_winston-salem,https://www.i40breakdown.com/shop-nc-winston-salem-onsite-truck-repair-winston-salem.html,Winston-Salem,NC,
539,shop,shops_in_winston-salem,https://www.i40breakdown.com/shop-nc-nc-trailers-of-winston-salem-winston-salem.html,Winston-Salem,NC,
540,shop,shops_in_winston-salem,https://www.i40breakdown.com/shop-nc-contreras-mobile-mechanic-llc-winston-salem.html,Winston-Salem,NC,
541,shop,shops_in_winston-salem,https://www.i40breakdown.com/shop-nc-trailer-rental-at-u-haul-winston-salem.html,Winston-Salem,NC,
542,shop,shops_in_winston-salem,https://www.i40breakdown.com/shop-nc-devil-dog-diesel-and-automotive-repair-winston-salem.html,Winston-Salem,NC,
543,shop,shops_in_winston-salem,https://www.i40breakdown.com/shop-nc-tito-s-car-care-center-winston-salem.html,Winston-Salem,NC,
544,shop,shops_in_winston-salem,https://www.i40breakdown.com/shop-nc-gordon-s-radiator-a-c-service-winston-salem.html,Winston-Salem,NC,
545,shop,shops_in_winston-salem,https://www.i40breakdown.com/shop-nc-flow-chevrolet-of-winston-salem-service-winston-salem.html,Winston-Salem,NC,
546,shop,shops_in_winston-salem,https://www.i40breakdown.com/shop-nc-ac-auto-winston-salem.html,Winston-Salem,NC,
547,shop,shops_in_winston-salem,https://www.i40breakdown.com/shop-nc-worldwide-auto-body-2-marine-rv-and-heavy-commercial-winston-salem.html,Winston-Salem,NC,
548,shop,shops_in_winston-salem,https://www.i40breakdown.com/shop-nc-davis-towing-and-recovery-winston-salem.html,Winston-Salem,NC,
549,shop,shops_in_winston-salem,https://www.i40breakdown.com/shop-nc-modern-mobile-mechanic-and-bodywork-winston-salem.html,Winston-Salem,NC,
550,shop,shops_in_winston-salem,https://www.i40breakdown.com/shop-nc-winston-salem-mobile-truck-repair-winston-salem.html,Winston-Salem,NC,
551,shop,shops_in_winston-salem,https://www.i40breakdown.com/shop-nc-premier-rv-services-and-inspections-llc-winston-salem.html,Winston-Salem,NC,
552,shop,shops_in_winston-salem,https://www.i40breakdown.com/shop-nc-doss-towing-winston-salem.html,Winston-Salem,NC,
553,shop,shops_in_winston-salem,https://www.i40breakdown.com/shop-nc-omer-mechanic-and-bodywork-winston-salem.html,Winston-Salem,NC,
554,shop,shops_in_winston-salem,https://www.i40breakdown.com/shop-nc-g-j-truck-tire-service-semi-truck-winston-salem.html,Winston-Salem,NC,
555,shop,shops_in_winston-salem,https://www.i40breakdown.com/shop-nc-triangle-campers-inc-winston-salem.html,Winston-Salem,NC,
556,shop,shops_in_winston-salem,https://www.i40breakdown.com/shop-nc-triangle-body-works-of-the-piedmont-llc-winston-salem.html,Winston-Salem,NC,
557,shop,shops_in_winston-salem,https://www.i40breakdown.com/shop-nc-carolina-on-site-mobile-service-winston-salem.html,Winston-Salem,NC,
558,shop,shops_in_winston-salem,https://www.i40breakdown.com/shop-nc-rattle-hum-automotive-winston-salem.html,Winston-Salem,NC,
559,shop,shops_in_winston-salem,https://www.i40breakdown.com/shop-nc-jackson-auto-worx-winston-salem.html,Winston-Salem,NC,
560,shop,shops_in_winston-salem,https://www.i40breakdown.com/shop-nc-northwest-motorworks-winston-salem.html,Winston-Salem,NC,
561,shop,shops_in_winston-salem,https://www.i40breakdown.com/shop-nc-webber-off-road-diesel-performance-winston-salem.html,Winston-Salem,NC,
562,shop,shops_in_winston-salem,https://www.i40breakdown.com/shop-nc-fosters-mobile-mechanic-service-winston-salem.html,Winston-Salem,NC,
563,shop,shops_in_winston-salem,https://www.i40breakdown.com/shop-nc-whiteheart-and-sons-towing-recovery-winston-salem.html,Winston-Salem,NC,
564,shop,shops_in_winston-salem,https://www.i40breakdown.com/shop-nc-chris-s-mobile-mechanic-hauling-service-winston-salem.html,Winston-Salem,NC,
565,shop,shops_in_winston-salem,https://www.i40breakdown.com/shop-nc-bryant-s-truck-trailer-rpr-winston-salem.html,Winston-Salem,NC,
566,shop,shops_in_winston-salem,https://www.i40breakdown.com/shop-nc-leonard-truck-outfitters-winston-salem.html,Winston-Salem,NC,
567,shop,shops_in_winston-salem,https://www.i40breakdown.com/shop-nc-jimmy-s-mobile-mechanic-services-winston-salem.html,Winston-Salem,NC,
568,shop,shops_in_winston-salem,https://www.i40breakdown.com/shop-nc-top-shelf-company-winston-salem.html,Winston-Salem,NC,
569,shop,shops_in_winston-salem,https://www.i40breakdown.com/shop-nc-car-tow-dolly-inc-winston-salem.html,Winston-Salem,NC,
570,shop,shops_in_winston-salem,https://www.i40breakdown.com/shop-nc-cottman-transmission-and-total-auto-care-winston-salem.html,Winston-Salem,NC,
571,shop,shops_in_winston-salem,https://www.i40breakdown.com/shop-nc-jae-s-mobile-auto-llc-winston-salem.html,Winston-Salem,NC,
572,shop,shops_in_winston-salem,https://www.i40breakdown.com/shop-nc-justin-s-mobile-mechanic-service-winston-salem.html,Winston-Salem,NC,
573,shop,shops_in_winston-salem,https://www.i40breakdown.com/shop-nc-flow-buick-gmc-of-winston-salem-service-winston-salem.html,Winston-Salem,NC,
574,shop,shops_in_winston-salem,https://www.i40breakdown.com/shop-nc-better-way-auto-shop-winston-salem.html,Winston-Salem,NC,
575,shop,shops_in_winston-salem,https://www.i40breakdown.com/shop-nc-morningside-garage-llc-winston-salem.html,Winston-Salem,NC,
576,shop,shops_in_winston-salem,https://www.i40breakdown.com/shop-nc-cisco-s-trailer-repair-winston-salem.html,Winston-Salem,NC,
577,shop,shops_in_winston-salem,https://www.i40breakdown.com/shop-nc-southern-raines-customs-welding-metal-fabrication-winston-salem.html,Winston-Salem,NC,
578,shop,shops_in_winston-salem,https://www.i40breakdown.com/shop-nc-super-fleet-services-winston-salem.html,Winston-Salem,NC,
579,shop,shops_in_winston-salem,https://www.i40breakdown.com/shop-nc-hacketts-tractor-and-trailer-repair-llc-winston-salem.html,Winston-Salem,NC,
580,shop,shops_in_winston-salem,https://www.i40breakdown.com/shop-nc-hdprofab-inc-winston-salem.html,Winston-Salem,NC,
581,shop,shops_in_winston-salem,https://www.i40breakdown.com/shop-nc-trailer-source-repair-inc-winston-salem.html,Winston-Salem,NC,
582,shop,shops_in_winston-salem,https://www.i40breakdown.com/shop-nc-twin-city-euro-winston-salem.html,Winston-Salem,NC,
583,shop,shops_in_winston-salem,https://www.i40breakdown.com/shop-nc-warren-transmissions-auto-winston-salem.html,Winston-Salem,NC,
584,shop,shops_in_winston-salem,https://www.i40breakdown.com/shop-nc-strickland-brothers-10-minute-oil-change-winston-salem.html,Winston-Salem,NC,
585,shop,shops_in_winston-salem,https://www.i40breakdown.com/shop-nc-strickland-brothers-10-minute-oil-change-winston-salem-2.html,Winston-Salem,NC,
586,shop,shops_in_winston-salem,https://www.i40breakdown.com/shop-nc-north-point-motors-inc-winston-salem.html,Winston-Salem,NC,
587,shop,shops_in_winston-salem,https://www.i40breakdown.com/shop-nc-forsyth-tech-transportation-technology-center-winston-salem.html,Winston-Salem,NC,
588,shop,shops_in_winston-salem,https://www.i40breakdown.com/shop-nc-the-trailer-source-inc-winston-salem.html,Winston-Salem,NC,
589,shop,shops_in_winston-salem,https://www.i40breakdown.com/shop-nc-reliant-rv-services-winston-salem.html,Winston-Salem,NC,
590,shop,shops_in_winston-salem,https://www.i40breakdown.com/shop-nc-r-r-automotive-tire-winston-salem.html,Winston-Salem,NC,
591,shop,shops_in_winston-salem,https://www.i40breakdown.com/shop-nc-twin-city-automotive-winston-salem.html,Winston-Salem,NC,
592,shop,shops_in_winston-salem,https://www.i40breakdown.com/shop-nc-pat-s-body-shop-towing-winston-salem.html,Winston-Salem,NC,
593,shop,shops_in_winston-salem,https://www.i40breakdown.com/shop-nc-whiteheart-sons-co-auto-service-center-llc-winston-salem.html,Winston-Salem,NC,
594,shop,shops_in_winston-salem,https://www.i40breakdown.com/shop-nc-l-r-transmissions-winston-salem.html,Winston-Salem,NC,
595,shop,shops_in_winston-salem,https://www.i40breakdown.com/shop-nc-snider-fleet-solutions-winston-salem.html,Winston-Salem,NC,
596,shop,shops_in_winston-salem,https://www.i40breakdown.com/shop-nc-trucks-unlimited-winston-salem.html,Winston-Salem,NC,
597,shop,shops_in_winston-salem,https://www.i40breakdown.com/shop-nc-auto-spring-co-inc-winston-salem.html,Winston-Salem,NC,
598,shop,shops_in_winston-salem,https://www.i40breakdown.com/shop-nc-ez-truck-repair-inc-winston-salem.html,Winston-Salem,NC,
599,shop,shops_in_winston-salem,https://www.i40breakdown.com/shop-nc-fleet-truck-trailer-services-winston-salem.html,Winston-Salem,NC,
600,shop,shops_in_winston-salem,https://www.i40breakdown.com/shop-nc-american-auto-solutions-llc-winston-salem.html,Winston-Salem,NC,
601,shop,shops_in_winston-salem,https://www.i40breakdown.com/shop-nc-skidz-inc-winston-salem.html,Winston-Salem,NC,
602,shop,shops_in_winston-salem,https://www.i40breakdown.com/shop-nc-auto-club-winston-salem.html,Winston-Salem,NC,
603,shop,shops_in_winston-salem,https://www.i40breakdown.com/shop-nc-byrd-automotive-and-towing-winston-salem.html,Winston-Salem,NC,
604,shop,shops_in_winston-salem,https://www.i40breakdown.com/shop-nc-professional-trailer-repair-winston-salem.html,Winston-Salem,NC,
605,shop,shops_in_winston-salem,https://www.i40breakdown.com/shop-nc-parkway-truck-center-winston-salem.html,Winston-Salem,NC,
606,shop,shops_in_winston-salem,https://www.i40breakdown.com/shop-nc-repair-aces-winston-salem.html,Winston-Salem,NC,
607,shop,shops_in_winston-salem,https://www.i40breakdown.com/shop-nc-welcome-to-golden-dreams-horse-trailer-sales-winston-salem.html,Winston-Salem,NC,
608,shop,shops_in_knoxville,https://www.i40breakdown.com/shop-tn-act-roadside-assistance-knoxville.html,Knoxville,TN,
609,shop,shops_in_knoxville,https://www.i40breakdown.com/shop-tn-east-tennessee-truck-trailer-repair-knoxville.html,Knoxville,TN,
610,shop,shops_in_knoxville,https://www.i40breakdown.com/shop-tn-mhc-carrier-transicold-knoxville-knoxville.html,Knoxville,TN,
611,shop,shops_in_knoxville,https://www.i40breakdown.com/shop-tn-thompson-truck-group-trailer-parts-services-knoxville.html,Knoxville,TN,
612,shop,shops_in_knoxville,https://www.i40breakdown.com/shop-tn-anytime-towing-recovery-knoxville.html,Knoxville,TN,
613,shop,shops_in_knoxville,https://www.i40breakdown.com/shop-tn-thompson-truck-group-knoxville.html,Knoxville,TN,
614,shop,shops_in_knoxville,https://www.i40breakdown.com/shop-tn-worldwide-equipment-knoxville.html,Knoxville,TN,
615,shop,shops_in_knoxville,https://www.i40breakdown.com/shop-tn-mobile-truck-trailer-repair-of-knoxville-knoxville.html,Knoxville,TN,
616,shop,shops_in_knoxville,https://www.i40breakdown.com/shop-tn-ta-truck-service-knoxville.html,Knoxville,TN,
617,shop,shops_in_knoxville,https://www.i40breakdown.com/shop-tn-ta-truck-service-knoxville-2.html,Knoxville,TN,
618,shop,shops_in_knoxville,https://www.i40breakdown.com/shop-tn-interstate-repair-services-knoxville.html,Knoxville,TN,
619,shop,shops_in_knoxville,https://www.i40breakdown.com/shop-tn-mobile-truck-repair-knoxville-knoxville.html,Knoxville,TN,
620,shop,shops_in_knoxville,https://www.i40breakdown.com/shop-tn-mobile-truck-repair-knoxville-knoxville-2.html,Knoxville,TN,
621,shop,shops_in_knoxville,https://www.i40breakdown.com/shop-tn-mobile-truck-services-knoxville-knoxville.html,Knoxville,TN,
622,shop,shops_in_knoxville,https://www.i40breakdown.com/shop-tn-moonshine-diesel-knoxville.html,Knoxville,TN,
623,shop,shops_in_knoxville,https://www.i40breakdown.com/shop-tn-eurotech-knoxville-knoxville.html,Knoxville,TN,
624,shop,shops_in_knoxville,https://www.i40breakdown.com/shop-tn-rv-s-for-less-knoxville.html,Knoxville,TN,
625,shop,shops_in_knoxville,https://www.i40breakdown.com/shop-tn-post-onsite-tank-testing-repair-knoxville.html,Knoxville,TN,
626,shop,shops_in_knoxville,https://www.i40breakdown.com/shop-tn-tnt-heavy-truck-and-trailer-repair-24hr-mobile-knoxville.html,Knoxville,TN,
627,shop,shops_in_knoxville,https://www.i40breakdown.com/shop-tn-b-m-automotive-diesel-service-knoxville.html,Knoxville,TN,
628,shop,shops_in_knoxville,https://www.i40breakdown.com/shop-tn-fleetpride-knoxville.html,Knoxville,TN,
629,shop,shops_in_knoxville,https://www.i40breakdown.com/shop-tn-axle-logistics-knoxville.html,Knoxville,TN,
630,shop,shops_in_knoxville,https://www.i40breakdown.com/shop-tn-rt-clapp-automotive-a-main-street-auto-shop-knoxville.html,Knoxville,TN,
631,shop,shops_in_knoxville,https://www.i40breakdown.com/shop-tn-fleet-services-of-knoxville-knoxville.html,Knoxville,TN,
632,shop,shops_in_knoxville,https://www.i40breakdown.com/shop-tn-clarke-power-services-inc-knoxville.html,Knoxville,TN,
633,shop,shops_in_knoxville,https://www.i40breakdown.com/shop-tn-campers-inn-rv-of-knoxville-service-center-knoxville.html,Knoxville,TN,
634,shop,shops_in_knoxville,https://www.i40breakdown.com/shop-tn-sh-truck-repair-mobile-service-only-knoxville.html,Knoxville,TN,
635,shop,shops_in_knoxville,https://www.i40breakdown.com/shop-tn-ole-ben-diesel-knoxville.html,Knoxville,TN,
636,shop,shops_in_knoxville,https://www.i40breakdown.com/shop-tn-certified-diesel-solutions-knoxville.html,Knoxville,TN,
637,shop,shops_in_knoxville,https://www.i40breakdown.com/shop-tn-outlaw-offroad-knoxville-knoxville.html,Knoxville,TN,
638,shop,shops_in_knoxville,https://www.i40breakdown.com/shop-tn-tri-county-auto-fleet-services-knoxville.html,Knoxville,TN,
639,shop,shops_in_knoxville,https://www.i40breakdown.com/shop-tn-dave-s-mobile-mechanic-llc-knoxville.html,Knoxville,TN,
640,shop,shops_in_knoxville,https://www.i40breakdown.com/shop-tn-powerhouse-diesel-knoxville.html,Knoxville,TN,
641,shop,shops_in_knoxville,https://www.i40breakdown.com/shop-tn-knox-trailers-inc-knoxville.html,Knoxville,TN,
642,shop,shops_in_knoxville,https://www.i40breakdown.com/shop-tn-trailer-specialists-of-knoxville-llc-knoxville.html,Knoxville,TN,
643,shop,shops_in_knoxville,https://www.i40breakdown.com/shop-tn-ryder-truck-maintenance-shop-knoxville.html,Knoxville,TN,
644,shop,shops_in_knoxville,https://www.i40breakdown.com/shop-tn-tennessee-fleet-service-knoxville.html,Knoxville,TN,
645,shop,shops_in_knoxville,https://www.i40breakdown.com/shop-tn-flacks-automotive-mobile-mechanic-services-we-have-a-100-00-service-char.html,Knoxville,TN,
646,shop,shops_in_knoxville,https://www.i40breakdown.com/shop-tn-myers-mobile-rv-repair-knoxville.html,Knoxville,TN,
647,shop,shops_in_knoxville,https://www.i40breakdown.com/shop-tn-diesel-heads-knoxville.html,Knoxville,TN,
648,shop,shops_in_knoxville,https://www.i40breakdown.com/shop-tn-lloyd-cabe-truck-repair-knoxville.html,Knoxville,TN,
649,shop,shops_in_knoxville,https://www.i40breakdown.com/shop-tn-greater-tennessee-truck-repair-knoxville.html,Knoxville,TN,
650,shop,shops_in_knoxville,https://www.i40breakdown.com/shop-tn-rocky-top-mobile-rv-service-llc-knoxville.html,Knoxville,TN,
651,shop,shops_in_knoxville,https://www.i40breakdown.com/shop-tn-floyd-s-wrecker-services-knoxville.html,Knoxville,TN,
652,shop,shops_in_knoxville,https://www.i40breakdown.com/shop-tn-knoxville-on-site-truck-repair-knoxville.html,Knoxville,TN,
653,shop,shops_in_knoxville,https://www.i40breakdown.com/shop-tn-lynx-emissions-knoxville.html,Knoxville,TN,
654,shop,shops_in_knoxville,https://www.i40breakdown.com/shop-tn-moon-repair-welding-fab-knoxville.html,Knoxville,TN,
655,shop,shops_in_knoxville,https://www.i40breakdown.com/shop-tn-rvee-inc-knoxville.html,Knoxville,TN,
656,shop,shops_in_knoxville,https://www.i40breakdown.com/shop-tn-rhodes-truck-services-knoxville.html,Knoxville,TN,
657,shop,shops_in_knoxville,https://www.i40breakdown.com/shop-tn-car-fix-western-avenue-knoxville.html,Knoxville,TN,
658,shop,shops_in_knoxville,https://www.i40breakdown.com/shop-tn-hofker-automotive-diagnostic-knoxville.html,Knoxville,TN,
659,shop,shops_in_knoxville,https://www.i40breakdown.com/shop-tn-knox-speed-and-diesel-knoxville.html,Knoxville,TN,
660,shop,shops_in_knoxville,https://www.i40breakdown.com/shop-tn-b-r-automotive-diesel-mach-knoxville.html,Knoxville,TN,
661,shop,shops_in_knoxville,https://www.i40breakdown.com/shop-tn-spencer-s-pro-diesel-knoxville.html,Knoxville,TN,
662,shop,shops_in_knoxville,https://www.i40breakdown.com/shop-tn-titan-trailer-repair-and-sales-knoxville.html,Knoxville,TN,
663,shop,shops_in_knoxville,https://www.i40breakdown.com/shop-tn-mannis-truck-repair-knoxville.html,Knoxville,TN,
664,shop,shops_in_knoxville,https://www.i40breakdown.com/shop-tn-wallace-rv-repair-knoxville.html,Knoxville,TN,
665,shop,shops_in_knoxville,https://www.i40breakdown.com/shop-tn-american-trailer-parts-llc-knoxville.html,Knoxville,TN,
666,shop,shops_in_knoxville,https://www.i40breakdown.com/shop-tn-westside-automotive-center-knoxville.html,Knoxville,TN,
667,shop,shops_in_knoxville,https://www.i40breakdown.com/shop-tn-t-t-fleet-services-knoxville.html,Knoxville,TN,
668,shop,shops_in_knoxville,https://www.i40breakdown.com/shop-tn-reeder-truck-and-rv-center-knoxville.html,Knoxville,TN,
669,shop,shops_in_knoxville,https://www.i40breakdown.com/shop-tn-unlimited-rv-knoxville.html,Knoxville,TN,
670,shop,shops_in_knoxville,https://www.i40breakdown.com/shop-tn-smoky-mountain-diesel-performance-knoxville.html,Knoxville,TN,
671,shop,shops_in_knoxville,https://www.i40breakdown.com/shop-tn-tennessee-valley-diesel-knoxville.html,Knoxville,TN,
672,shop,shops_in_knoxville,https://www.i40breakdown.com/shop-tn-knoxville-spring-services-knoxville.html,Knoxville,TN,
673,shop,shops_in_knoxville,https://www.i40breakdown.com/shop-tn-lowes-garage-and-towing-knoxville.html,Knoxville,TN,
674,shop,shops_in_knoxville,https://www.i40breakdown.com/shop-tn-the-peterbilt-store-knoxville-knoxville.html,Knoxville,TN,
675,shop,shops_in_knoxville,https://www.i40breakdown.com/shop-tn-city-diesel-inc-knoxville.html,Knoxville,TN,
676,shop,shops_in_knoxville,https://www.i40breakdown.com/shop-tn-metro-trailers-knoxville.html,Knoxville,TN,
677,shop,shops_in_knoxville,https://www.i40breakdown.com/shop-tn-speedco-truck-lube-knoxville.html,Knoxville,TN,
678,shop,shops_in_knoxville,https://www.i40breakdown.com/shop-tn-best-truck-n-trailer-repair-knoxville.html,Knoxville,TN,
679,shop,shops_in_knoxville,https://www.i40breakdown.com/shop-tn-cummins-sales-and-service-knoxville.html,Knoxville,TN,
680,shop,shops_in_knoxville,https://www.i40breakdown.com/shop-tn-knox-precision-auto-diesel-repair-knoxville.html,Knoxville,TN,
681,shop,shops_in_knoxville,https://www.i40breakdown.com/shop-tn-post-trailer-repairs-inc-knoxville.html,Knoxville,TN,
682,shop,shops_in_greensboro,https://www.i40breakdown.com/shop-nc-greensboro-trailer-sales-service-inc-greensboro.html,Greensboro,NC,
683,shop,shops_in_greensboro,https://www.i40breakdown.com/shop-nc-force-tk-greensboro-greensboro.html,Greensboro,NC,
684,shop,shops_in_greensboro,https://www.i40breakdown.com/shop-nc-mccarthy-tire-service-greensboro.html,Greensboro,NC,
685,shop,shops_in_greensboro,https://www.i40breakdown.com/shop-nc-national-fleet-management-inc-greensboro.html,Greensboro,NC,
686,shop,shops_in_greensboro,https://www.i40breakdown.com/shop-nc-greensboro-onsite-truck-repair-greensboro.html,Greensboro,NC,
687,shop,shops_in_greensboro,https://www.i40breakdown.com/shop-nc-greensboro-truck-repair-greensboro.html,Greensboro,NC,
688,shop,shops_in_greensboro,https://www.i40breakdown.com/shop-nc-gso-mobile-rv-repair-greensboro.html,Greensboro,NC,
689,shop,shops_in_greensboro,https://www.i40breakdown.com/shop-nc-mobile-mechanical-service-greensboro.html,Greensboro,NC,
690,shop,shops_in_greensboro,https://www.i40breakdown.com/shop-nc-brothers-new-and-used-tires-auto-mechanics-and-mobile-services-greensbor.html,Greensboro,NC,
691,shop,shops_in_greensboro,https://www.i40breakdown.com/shop-nc-hudson-autoworks-greensboro.html,Greensboro,NC,
692,shop,shops_in_greensboro,https://www.i40breakdown.com/shop-nc-general-motor-repair-service-inc-greensboro.html,Greensboro,NC,
693,shop,shops_in_greensboro,https://www.i40breakdown.com/shop-nc-thompson-diesel-truck-repair-and-towing-greensboro.html,Greensboro,NC,
694,shop,shops_in_greensboro,https://www.i40breakdown.com/shop-nc-fleetpro-truck-center-inc-greensboro.html,Greensboro,NC,
695,shop,shops_in_greensboro,https://www.i40breakdown.com/shop-nc-j-m-automotive-xpress-greensboro.html,Greensboro,NC,
696,shop,shops_in_greensboro,https://www.i40breakdown.com/shop-nc-twin-state-trailers-greensboro.html,Greensboro,NC,
697,shop,shops_in_greensboro,https://www.i40breakdown.com/shop-nc-vanguard-truck-centers-greensboro.html,Greensboro,NC,
698,shop,shops_in_greensboro,https://www.i40breakdown.com/shop-nc-camping-world-rv-collision-center-greensboro.html,Greensboro,NC,
699,shop,shops_in_greensboro,https://www.i40breakdown.com/shop-nc-gate-city-trailers-greensboro.html,Greensboro,NC,
700,shop,shops_in_greensboro,https://www.i40breakdown.com/shop-nc-mobile-trailer-repair-greensboro.html,Greensboro,NC,
701,shop,shops_in_greensboro,https://www.i40breakdown.com/shop-nc-greensboro-autotech-greensboro.html,Greensboro,NC,
702,shop,shops_in_greensboro,https://www.i40breakdown.com/shop-nc-carolina-trailer-equipment-greensboro.html,Greensboro,NC,
703,shop,shops_in_greensboro,https://www.i40breakdown.com/shop-nc-leonard-truck-outfitters-greensboro.html,Greensboro,NC,
704,shop,shops_in_greensboro,https://www.i40breakdown.com/shop-nc-diesel-equipment-co-greensboro.html,Greensboro,NC,
705,shop,shops_in_greensboro,https://www.i40breakdown.com/shop-nc-statewide-trailer-alignment-frame-greensboro.html,Greensboro,NC,
706,shop,shops_in_greensboro,https://www.i40breakdown.com/shop-nc-piedmont-trucks-greensboro.html,Greensboro,NC,
707,shop,shops_in_greensboro,https://www.i40breakdown.com/shop-nc-triad-truck-and-tank-greensboro.html,Greensboro,NC,
708,shop,shops_in_greensboro,https://www.i40breakdown.com/shop-nc-melvin-s-mobile-auto-greensboro.html,Greensboro,NC,
709,shop,shops_in_greensboro,https://www.i40breakdown.com/shop-nc-velocity-truck-centers-greensboro.html,Greensboro,NC,
710,shop,shops_in_greensboro,https://www.i40breakdown.com/shop-nc-xtreme-diesel-greensboro.html,Greensboro,NC,
711,shop,shops_in_greensboro,https://www.i40breakdown.com/shop-nc-mobile-mechanic-of-greensboro-greensboro.html,Greensboro,NC,
712,shop,shops_in_greensboro,https://www.i40breakdown.com/shop-nc-dixon-fleet-services-greensboro.html,Greensboro,NC,
713,shop,shops_in_greensboro,https://www.i40breakdown.com/shop-nc-dh-fleet-service-llc-greensboro.html,Greensboro,NC,
714,shop,shops_in_greensboro,https://www.i40breakdown.com/shop-nc-forbes-motor-co-inc-greensboro.html,Greensboro,NC,
715,shop,shops_in_greensboro,https://www.i40breakdown.com/shop-nc-r-spec-machining-llc-greensboro.html,Greensboro,NC,
716,shop,shops_in_greensboro,https://www.i40breakdown.com/shop-nc-triad-diesel-repair-greensboro.html,Greensboro,NC,
717,shop,shops_in_greensboro,https://www.i40breakdown.com/shop-nc-greensboro-small-engine-repair-greensboro.html,Greensboro,NC,
718,shop,shops_in_greensboro,https://www.i40breakdown.com/shop-nc-key-s-block-repair-co-greensboro.html,Greensboro,NC,
719,shop,shops_in_greensboro,https://www.i40breakdown.com/shop-nc-strickland-brothers-10-minute-oil-change-greensboro.html,Greensboro,NC,
720,shop,shops_in_greensboro,https://www.i40breakdown.com/shop-nc-motion-trailer-worx-sales-service-repair-and-parts-greensboro-greensboro.html,Greensboro,NC,
721,shop,shops_in_greensboro,https://www.i40breakdown.com/shop-nc-european-accent-ltd-greensboro.html,Greensboro,NC,
722,shop,shops_in_greensboro,https://www.i40breakdown.com/shop-nc-southeast-automotive-greensboro.html,Greensboro,NC,
723,shop,shops_in_greensboro,https://www.i40breakdown.com/shop-nc-autotrends-downtown-greensboro.html,Greensboro,NC,
724,shop,shops_in_greensboro,https://www.i40breakdown.com/shop-nc-everyday-performance-auto-greensboro.html,Greensboro,NC,
725,shop,shops_in_greensboro,https://www.i40breakdown.com/shop-nc-danny-s-transmission-repair-greensboro.html,Greensboro,NC,
726,shop,shops_in_greensboro,https://www.i40breakdown.com/shop-nc-flemingfield-automotive-llc-greensboro.html,Greensboro,NC,
727,shop,shops_in_greensboro,https://www.i40breakdown.com/shop-nc-rv-glass-repair-services-greensboro.html,Greensboro,NC,
728,shop,shops_in_greensboro,https://www.i40breakdown.com/shop-nc-parrish-automotive-repair-maintenance-greensboro.html,Greensboro,NC,
729,shop,shops_in_greensboro,https://www.i40breakdown.com/shop-nc-trailco-fleet-service-greensboro.html,Greensboro,NC,
730,shop,shops_in_greensboro,https://www.i40breakdown.com/shop-nc-jimco-trailer-and-rv-greensboro.html,Greensboro,NC,
731,shop,shops_in_greensboro,https://www.i40breakdown.com/shop-nc-bb-wheeler-truck-repair-greensboro.html,Greensboro,NC,
732,shop,shops_in_greensboro,https://www.i40breakdown.com/shop-nc-callahan-s-auto-service-center-greensboro.html,Greensboro,NC,
733,shop,shops_in_greensboro,https://www.i40breakdown.com/shop-nc-dms-truck-outfitters-greensboro.html,Greensboro,NC,
734,shop,shops_in_greensboro,https://www.i40breakdown.com/shop-nc-jamie-s-automotive-machine-shp-greensboro.html,Greensboro,NC,
735,shop,shops_in_greensboro,https://www.i40breakdown.com/shop-nc-autologic-of-greensboro-greensboro.html,Greensboro,NC,
736,shop,shops_in_greensboro,https://www.i40breakdown.com/shop-nc-auto-service-by-ray-greensboro.html,Greensboro,NC,
737,shop,shops_in_greensboro,https://www.i40breakdown.com/shop-nc-jp-s-truck-service-greensboro.html,Greensboro,NC,
738,shop,shops_in_greensboro,https://www.i40breakdown.com/shop-nc-battleground-automotive-greensboro.html,Greensboro,NC,
739,shop,shops_in_greensboro,https://www.i40breakdown.com/shop-nc-arb-diesel-greensboro.html,Greensboro,NC,
740,shop,shops_in_greensboro,https://www.i40breakdown.com/shop-nc-chucks-diesel-and-auto-repair-greensboro.html,Greensboro,NC,
741,shop,shops_in_greensboro,https://www.i40breakdown.com/shop-nc-city-automotive-greensboro.html,Greensboro,NC,
742,shop,shops_in_greensboro,https://www.i40breakdown.com/shop-nc-owensby-trailer-hitch-center-greensboro.html,Greensboro,NC,
743,shop,shops_in_greensboro,https://www.i40breakdown.com/shop-nc-abr-truck-trailer-repair-greensboro.html,Greensboro,NC,
744,shop,shops_in_greensboro,https://www.i40breakdown.com/shop-nc-cottman-transmission-and-total-auto-care-greensboro.html,Greensboro,NC,
745,shop,shops_in_greensboro,https://www.i40breakdown.com/shop-nc-us-truck-trailer-sales-inc-greensboro.html,Greensboro,NC,
746,shop,shops_in_greensboro,https://www.i40breakdown.com/shop-nc-truckpro-a-fleetpride-company-greensboro.html,Greensboro,NC,
747,shop,shops_in_greensboro,https://www.i40breakdown.com/shop-nc-jay-dalton-auto-tech-greensboro.html,Greensboro,NC,
748,shop,shops_in_greensboro,https://www.i40breakdown.com/shop-nc-terry-labonte-rv-service-greensboro.html,Greensboro,NC,
749,shop,shops_in_greensboro,https://www.i40breakdown.com/shop-nc-powerhouse-diesel-and-automotive-greensboro.html,Greensboro,NC,
750,shop,shops_in_greensboro,https://www.i40breakdown.com/shop-nc-cummins-sales-and-service-greensboro.html,Greensboro,NC,
751,shop,shops_in_greensboro,https://www.i40breakdown.com/shop-nc-b-b-truck-repair-greensboro.html,Greensboro,NC,
752,shop,shops_in_greensboro,https://www.i40breakdown.com/shop-nc-direct-transport-greensboro.html,Greensboro,NC,
753,shop,shops_in_greensboro,https://www.i40breakdown.com/shop-nc-mountain-trailers-greensboro.html,Greensboro,NC,
754,shop,shops_in_wilmington,https://www.i40breakdown.com/shop-nc-mccarthy-tire-service-wilmington.html,Wilmington,NC,
755,shop,shops_in_wilmington,https://www.i40breakdown.com/shop-nc-mobiletech-wilmington.html,Wilmington,NC,
756,shop,shops_in_wilmington,https://www.i40breakdown.com/shop-nc-mobiletech-wilmington-2.html,Wilmington,NC,
757,shop,shops_in_wilmington,https://www.i40breakdown.com/shop-nc-advanced-maintenance-wilmington.html,Wilmington,NC,
758,shop,shops_in_wilmington,https://www.i40breakdown.com/shop-nc-wilmington-truck-repair-wilmington.html,Wilmington,NC,
759,shop,shops_in_wilmington,https://www.i40breakdown.com/shop-nc-port-diesel-wilmington.html,Wilmington,NC,
760,shop,shops_in_wilmington,https://www.i40breakdown.com/shop-nc-jbe-marine-wilmington.html,Wilmington,NC,
761,shop,shops_in_wilmington,https://www.i40breakdown.com/shop-nc-wilmington-tank-trailer-wilmington.html,Wilmington,NC,
762,shop,shops_in_wilmington,https://www.i40breakdown.com/shop-nc-labriola-s-automotive-wilmington.html,Wilmington,NC,
763,shop,shops_in_wilmington,https://www.i40breakdown.com/shop-nc-mud-dog-trailers-wilmington.html,Wilmington,NC,
764,shop,shops_in_wilmington,https://www.i40breakdown.com/shop-nc-techz-that-care-llc-wilmington.html,Wilmington,NC,
765,shop,shops_in_wilmington,https://www.i40breakdown.com/shop-nc-pinnacle-trailer-sales-inc-wilmington.html,Wilmington,NC,
766,shop,shops_in_wilmington,https://www.i40breakdown.com/shop-nc-clarke-power-services-inc-wilmington.html,Wilmington,NC,
767,shop,shops_in_wilmington,https://www.i40breakdown.com/shop-nc-specialized-mechanical-services-inc-wilmington.html,Wilmington,NC,
768,shop,shops_in_wilmington,https://www.i40breakdown.com/shop-nc-twisted-metal-towing-service-inc-wilmington.html,Wilmington,NC,
769,shop,shops_in_wilmington,https://www.i40breakdown.com/shop-nc-fleetpride-wilmington.html,Wilmington,NC,
770,shop,shops_in_wilmington,https://www.i40breakdown.com/shop-nc-brand-new-brakes-mobile-brake-repair-wilmington.html,Wilmington,NC,
771,shop,shops_in_wilmington,https://www.i40breakdown.com/shop-nc-mobile-brake-doctor-llc-wilmington.html,Wilmington,NC,
772,shop,shops_in_wilmington,https://www.i40breakdown.com/shop-nc-carolina-coastal-marine-wilmington.html,Wilmington,NC,
773,shop,shops_in_wilmington,https://www.i40breakdown.com/shop-nc-mobile-boat-trailer-repair-wilmington.html,Wilmington,NC,
774,shop,shops_in_wilmington,https://www.i40breakdown.com/shop-nc-performance-parts-plus-wilmington.html,Wilmington,NC,
775,shop,shops_in_wilmington,https://www.i40breakdown.com/shop-nc-demann-marine-power-wilmington.html,Wilmington,NC,
776,shop,shops_in_wilmington,https://www.i40breakdown.com/shop-nc-mr-wilmington-mobile-mechanic-wilmington.html,Wilmington,NC,
777,shop,shops_in_wilmington,https://www.i40breakdown.com/shop-nc-wilmington-on-site-truck-mechanic-wilmington.html,Wilmington,NC,
778,shop,shops_in_wilmington,https://www.i40breakdown.com/shop-nc-class-a-rv-wilmington.html,Wilmington,NC,
779,shop,shops_in_wilmington,https://www.i40breakdown.com/shop-nc-coastal-carrier-moving-storage-company-wilmington.html,Wilmington,NC,
780,shop,shops_in_wilmington,https://www.i40breakdown.com/shop-nc-east-coast-euro-werks-wilmington.html,Wilmington,NC,
781,shop,shops_in_wilmington,https://www.i40breakdown.com/shop-nc-kennedy-automotive-services-wilmington.html,Wilmington,NC,
782,shop,shops_in_wilmington,https://www.i40breakdown.com/shop-nc-all-motors-automotive-wilmington.html,Wilmington,NC,
783,shop,shops_in_wilmington,https://www.i40breakdown.com/shop-nc-bulldog-rv-solutions-llc-wilmington.html,Wilmington,NC,
784,shop,shops_in_wilmington,https://www.i40breakdown.com/shop-nc-advanced-automotive-rv-wilmington.html,Wilmington,NC,
785,shop,shops_in_wilmington,https://www.i40breakdown.com/shop-nc-d-g-express-mobile-mechanic-wilmington.html,Wilmington,NC,
786,shop,shops_in_wilmington,https://www.i40breakdown.com/shop-nc-cape-fear-auto-clinic-tires-wilmington.html,Wilmington,NC,
787,shop,shops_in_wilmington,https://www.i40breakdown.com/shop-nc-jake-the-mobile-mechanic-wilmington.html,Wilmington,NC,
788,shop,shops_in_wilmington,https://www.i40breakdown.com/shop-nc-tim-s-mobile-mechanic-service-wilmington.html,Wilmington,NC,
789,shop,shops_in_wilmington,https://www.i40breakdown.com/shop-nc-injector-renew-2-wilmington.html,Wilmington,NC,
790,shop,shops_in_wilmington,https://www.i40breakdown.com/shop-nc-picone-automotive-wilmington.html,Wilmington,NC,
791,shop,shops_in_wilmington,https://www.i40breakdown.com/shop-nc-rich-mason-marine-inc-wilmington.html,Wilmington,NC,
792,shop,shops_in_wilmington,https://www.i40breakdown.com/shop-nc-howard-rv-center-service-dept-wilmington.html,Wilmington,NC,
793,shop,shops_in_wilmington,https://www.i40breakdown.com/shop-nc-leonard-truck-outfitters-wilmington.html,Wilmington,NC,
794,shop,shops_in_wilmington,https://www.i40breakdown.com/shop-nc-east-coast-autos-and-trailers-wilmington.html,Wilmington,NC,
795,shop,shops_in_wilmington,https://www.i40breakdown.com/shop-nc-howard-rv-center-wilmington.html,Wilmington,NC,
796,shop,shops_in_wilmington,https://www.i40breakdown.com/shop-nc-bryant-sons-unlimited-inc-wilmington.html,Wilmington,NC,
797,shop,shops_in_wilmington,https://www.i40breakdown.com/shop-nc-velocity-truck-centers-wilmington.html,Wilmington,NC,
798,shop,shops_in_wilmington,https://www.i40breakdown.com/shop-nc-boaty-s-boat-house-wilmington.html,Wilmington,NC,
799,shop,shops_in_wilmington,https://www.i40breakdown.com/shop-nc-north-state-street-management-wilmington.html,Wilmington,NC,
800,shop,shops_in_wilmington,https://www.i40breakdown.com/shop-nc-wilmington-mobile-truck-repair-services-wilmington.html,Wilmington,NC,
801,shop,shops_in_wilmington,https://www.i40breakdown.com/shop-nc-current-marine-llc-wilmington.html,Wilmington,NC,
802,shop,shops_in_wilmington,https://www.i40breakdown.com/shop-nc-shoreline-marine-wilmington.html,Wilmington,NC,
803,shop,shops_in_wilmington,https://www.i40breakdown.com/shop-nc-t-j-diesel-wilmington.html,Wilmington,NC,
804,shop,shops_in_wilmington,https://www.i40breakdown.com/shop-nc-trucks-of-wilmington-service-department-wilmington.html,Wilmington,NC,
805,shop,shops_in_wilmington,https://www.i40breakdown.com/shop-nc-cape-fear-services-center-inc-wilmington.html,Wilmington,NC,
806,shop,shops_in_wilmington,https://www.i40breakdown.com/shop-nc-mobil-mechanic-d-e-llc-wilmington.html,Wilmington,NC,
807,shop,shops_in_wilmington,https://www.i40breakdown.com/shop-nc-western-branch-diesel-wilmington.html,Wilmington,NC,
808,shop,shops_in_wilmington,https://www.i40breakdown.com/shop-nc-cape-fear-customs-wilmington.html,Wilmington,NC,
809,shop,shops_in_wilmington,https://www.i40breakdown.com/shop-nc-east-carolina-off-road-wilmington.html,Wilmington,NC,
810,shop,shops_in_wilmington,https://www.i40breakdown.com/shop-nc-hospital-automotive-car-care-wilmington.html,Wilmington,NC,
811,shop,shops_in_wilmington,https://www.i40breakdown.com/shop-nc-snider-fleet-solutions-wilmington.html,Wilmington,NC,
812,shop,shops_in_wilmington,https://www.i40breakdown.com/shop-nc-coastal-rebuilders-wilmington.html,Wilmington,NC,
813,shop,shops_in_wilmington,https://www.i40breakdown.com/shop-nc-saltwater-marine-wilmington.html,Wilmington,NC,
814,shop,shops_in_wilmington,https://www.i40breakdown.com/shop-nc-r-r-machine-wilmington.html,Wilmington,NC,
815,shop,shops_in_wilmington,https://www.i40breakdown.com/shop-nc-matthews-motors-truck-center-of-wilmington-wilmington.html,Wilmington,NC,
816,shop,shops_in_wilmington,https://www.i40breakdown.com/shop-nc-double-d-trailers-horse-trailers-wilmington.html,Wilmington,NC,
817,shop,shops_in_wilmington,https://www.i40breakdown.com/shop-nc-lighthouse-marine-trailer-supply-wilmington.html,Wilmington,NC,
818,shop,shops_in_wilmington,https://www.i40breakdown.com/shop-nc-diesel-parts-of-carolina-wilmington.html,Wilmington,NC,
819,shop,shops_in_wilmington,https://www.i40breakdown.com/shop-nc-a-b-performance-llc-wilmington.html,Wilmington,NC,
820,shop,shops_in_wilmington,https://www.i40breakdown.com/shop-nc-bluewater-marine-rv-service-transport-wilmington.html,Wilmington,NC,
821,shop,shops_in_wilmington,https://www.i40breakdown.com/shop-nc-mercer-s-marine-wilmington.html,Wilmington,NC,
822,shop,shops_in_wilmington,https://www.i40breakdown.com/shop-nc-monkey-junction-marine-now-watson-s-welding-wilmington.html,Wilmington,NC,
823,shop,shops_in_wilmington,https://www.i40breakdown.com/shop-nc-t-l-truck-repair-inc-wilmington.html,Wilmington,NC,
824,shop,shops_in_wilmington,https://www.i40breakdown.com/shop-nc-archers-heavy-hauling-and-diesel-repair-wilmington.html,Wilmington,NC,
825,shop,shops_in_nashville,https://www.i40breakdown.com/shop-tn-rush-national-tire-and-truck-repair-nashville.html,Nashville,TN,
826,shop,shops_in_nashville,https://www.i40breakdown.com/shop-tn-nashville-truck-and-trailer-road-assistance-nashville.html,Nashville,TN,
827,shop,shops_in_nashville,https://www.i40breakdown.com/shop-tn-music-city-trailer-repair-nashville.html,Nashville,TN,
828,shop,shops_in_nashville,https://www.i40breakdown.com/shop-tn-fast-fleet-nashville.html,Nashville,TN,
829,shop,shops_in_nashville,https://www.i40breakdown.com/shop-tn-cml-truck-and-trailer-repair-nashville.html,Nashville,TN,
830,shop,shops_in_nashville,https://www.i40breakdown.com/shop-tn-jonnys-towing-recovery-nashville.html,Nashville,TN,
831,shop,shops_in_nashville,https://www.i40breakdown.com/shop-tn-autow-fleet-services-nashville.html,Nashville,TN,
832,shop,shops_in_nashville,https://www.i40breakdown.com/shop-tn-nashville-mobile-truck-and-trailer-repair-nashville.html,Nashville,TN,
833,shop,shops_in_nashville,https://www.i40breakdown.com/shop-tn-specialized-truck-repair-24-7-roadside-truck-repair-nashville.html,Nashville,TN,
834,shop,shops_in_nashville,https://www.i40breakdown.com/shop-tn-emission-cooling-solutions-nashville.html,Nashville,TN,
835,shop,shops_in_nashville,https://www.i40breakdown.com/shop-tn-quality-mobile-tire-service-nashville-24-7-nashville.html,Nashville,TN,
836,shop,shops_in_nashville,https://www.i40breakdown.com/shop-tn-link-automotive-services-nashville.html,Nashville,TN,
837,shop,shops_in_nashville,https://www.i40breakdown.com/shop-tn-fast-and-easy-mobile-mechanic-llc-nashville.html,Nashville,TN,
838,shop,shops_in_nashville,https://www.i40breakdown.com/shop-tn-service-tire-truck-tire-alignment-experts-nashville.html,Nashville,TN,
839,shop,shops_in_nashville,https://www.i40breakdown.com/shop-tn-fleetpride-nashville.html,Nashville,TN,
840,shop,shops_in_nashville,https://www.i40breakdown.com/shop-tn-elite-trailer-sales-services-nashville.html,Nashville,TN,
841,shop,shops_in_nashville,https://www.i40breakdown.com/shop-tn-tgc-auto-truck-repair-nashville.html,Nashville,TN,
842,shop,shops_in_nashville,https://www.i40breakdown.com/shop-tn-camping-world-rv-service-nashville-nashville.html,Nashville,TN,
843,shop,shops_in_nashville,https://www.i40breakdown.com/shop-tn-nashville-mobile-truck-repair-nashville.html,Nashville,TN,
844,shop,shops_in_nashville,https://www.i40breakdown.com/shop-tn-full-time-rv-repair-nashville.html,Nashville,TN,
845,shop,shops_in_nashville,https://www.i40breakdown.com/shop-tn-naser-mobile-mechanic-nashville.html,Nashville,TN,
846,shop,shops_in_nashville,https://www.i40breakdown.com/shop-tn-fleet-fix-fleet-maintenance-and-auto-repair-nashville.html,Nashville,TN,
847,shop,shops_in_nashville,https://www.i40breakdown.com/shop-tn-nashville-mobile-mechanic-pros-nashville.html,Nashville,TN,
848,shop,shops_in_nashville,https://www.i40breakdown.com/shop-tn-welltek-auto-electrical-diagnostics-nashville.html,Nashville,TN,
849,shop,shops_in_nashville,https://www.i40breakdown.com/shop-tn-bass-ewing-garage-transmission-nashville.html,Nashville,TN,
850,shop,shops_in_nashville,https://www.i40breakdown.com/shop-tn-rowdy-diesel-repair-nashville.html,Nashville,TN,
851,shop,shops_in_nashville,https://www.i40breakdown.com/shop-tn-wyatt-johnson-ford-service-nashville.html,Nashville,TN,
852,shop,shops_in_nashville,https://www.i40breakdown.com/shop-tn-gateway-truck-refrigeration-nashville.html,Nashville,TN,
853,shop,shops_in_nashville,https://www.i40breakdown.com/shop-tn-tsr-llc-nashville.html,Nashville,TN,
854,shop,shops_in_nashville,https://www.i40breakdown.com/shop-tn-usa-motor-machine-nashville.html,Nashville,TN,
855,shop,shops_in_nashville,https://www.i40breakdown.com/shop-tn-mhc-kenworth-nashville-nashville.html,Nashville,TN,
856,shop,shops_in_nashville,https://www.i40breakdown.com/shop-tn-m-d-of-nashville-formerly-dss-pro-diesel-taylor-diesel-nashville.html,Nashville,TN,
857,shop,shops_in_nashville,https://www.i40breakdown.com/shop-tn-specialized-truck-repair-nashville.html,Nashville,TN,
858,shop,shops_in_nashville,https://www.i40breakdown.com/shop-tn-dunns-fleet-trailer-services-nashville.html,Nashville,TN,
859,shop,shops_in_nashville,https://www.i40breakdown.com/shop-tn-jasper-engines-transmissions-nashville.html,Nashville,TN,
860,shop,shops_in_nashville,https://www.i40breakdown.com/shop-tn-love-s-travel-stop-nashville.html,Nashville,TN,
861,shop,shops_in_nashville,https://www.i40breakdown.com/shop-tn-tfm-diesel-road-service-nashville.html,Nashville,TN,
862,shop,shops_in_nashville,https://www.i40breakdown.com/shop-tn-joker-diesel-joker-express-nashville.html,Nashville,TN,
863,shop,shops_in_nashville,https://www.i40breakdown.com/shop-tn-2nd-shift-diesel-llc-nashville.html,Nashville,TN,
864,shop,shops_in_nashville,https://www.i40breakdown.com/shop-tn-nashville-rv-repairs-nashville.html,Nashville,TN,
865,shop,shops_in_nashville,https://www.i40breakdown.com/shop-tn-rush-truck-centers-nashville-central-nashville.html,Nashville,TN,
866,shop,shops_in_nashville,https://www.i40breakdown.com/shop-tn-all-brothers-truck-and-equipment-repair-nashville.html,Nashville,TN,
867,shop,shops_in_nashville,https://www.i40breakdown.com/shop-tn-msp-diesel-solutions-nashville.html,Nashville,TN,
868,shop,shops_in_nashville,https://www.i40breakdown.com/shop-tn-nashville-spring-service-inc-nashville.html,Nashville,TN,
869,shop,shops_in_nashville,https://www.i40breakdown.com/shop-tn-nashville-truck-repair-nashville.html,Nashville,TN,
870,shop,shops_in_nashville,https://www.i40breakdown.com/shop-tn-a-b-auto-truck-repair-inc-nashville.html,Nashville,TN,
871,shop,shops_in_nashville,https://www.i40breakdown.com/shop-tn-rdr-auto-works-nashville.html,Nashville,TN,
872,shop,shops_in_nashville,https://www.i40breakdown.com/shop-tn-vengeance-automotive-diesel-nashville.html,Nashville,TN,
873,shop,shops_in_nashville,https://www.i40breakdown.com/shop-tn-west-power-services-nashville.html,Nashville,TN,
874,shop,shops_in_nashville,https://www.i40breakdown.com/shop-tn-southern-fleet-repair-logistics-llc-nashville.html,Nashville,TN,
875,shop,shops_in_nashville,https://www.i40breakdown.com/shop-tn-premier-truck-trailer-services-nashville.html,Nashville,TN,
876,shop,shops_in_nashville,https://www.i40breakdown.com/shop-tn-a-plus-truck-repair-nashville.html,Nashville,TN,
877,shop,shops_in_nashville,https://www.i40breakdown.com/shop-tn-m-d-nashville-formerly-taylor-diesel-of-nashville-nashville.html,Nashville,TN,
878,shop,shops_in_nashville,https://www.i40breakdown.com/shop-tn-cummins-sales-and-service-nashville.html,Nashville,TN,
879,shop,shops_in_nashville,https://www.i40breakdown.com/shop-tn-nashville-auto-diesel-college-nashville.html,Nashville,TN,
880,shop,shops_in_nashville,https://www.i40breakdown.com/shop-tn-action-gear-and-diesel-nashville.html,Nashville,TN,
881,shop,shops_in_nashville,https://www.i40breakdown.com/shop-tn-interstate-truck-and-trailer-repair-nashville.html,Nashville,TN,
882,shop,shops_in_nashville,https://www.i40breakdown.com/shop-tn-acts-fleet-maintenance-service-nashville.html,Nashville,TN,
883,shop,shops_in_nashville,https://www.i40breakdown.com/shop-tn-cml-truck-and-trailer-repair-nashville-2.html,Nashville,TN,
884,shop,shops_in_nashville,https://www.i40breakdown.com/shop-tn-bna-truck-parking-nashville.html,Nashville,TN,
885,shop,shops_in_nashville,https://www.i40breakdown.com/shop-tn-united-truck-repair-of-nashville-nashville.html,Nashville,TN,
