state,city,shop_name,filename,url
AR,North Little Rock,3 Buddy’s Diesel Repair,shop-ar-3-buddy-s-diesel-repair-north-little-rock.html,https://www.i40breakdown.com/shop-ar-3-buddy-s-diesel-repair-north-little-rock.html
AR,Russellville,39th Street Truck Repair,shop-ar-39th-street-truck-repair-russellville.html,https://www.i40breakdown.com/shop-ar-39th-street-truck-repair-russellville.html
AR,Russellville,A & M Mobile Mechanic - Road Service,shop-ar-a-m-mobile-mechanic-road-service-russellville.html,https://www.i40breakdown.com/shop-ar-a-m-mobile-mechanic-road-service-russellville.html
AR,Little Rock,Advance Fleet Management,shop-ar-advance-fleet-management-little-rock.html,https://www.i40breakdown.com/shop-ar-advance-fleet-management-little-rock.html
AR,Van Buren,AEM 24HR MOBILE TRUCK AND TRAILER REPAIR,shop-ar-aem-24hr-mobile-truck-and-trailer-repair-van-buren.html,https://www.i40breakdown.com/shop-ar-aem-24hr-mobile-truck-and-trailer-repair-van-buren.html
AR,Little Rock,All Right Truck Service,shop-ar-all-right-truck-service-little-rock.html,https://www.i40breakdown.com/shop-ar-all-right-truck-service-little-rock.html
AR,Russellville,Americold Logistics Russellville 324,shop-ar-americold-logistics-russellville-324-russellville.html,https://www.i40breakdown.com/shop-ar-americold-logistics-russellville-324-russellville.html
AR,Russellville,Americold Logistics Russellville Elmira,shop-ar-americold-logistics-russellville-elmira-russellville.html,https://www.i40breakdown.com/shop-ar-americold-logistics-russellville-elmira-russellville.html
AR,Little Rock,Arkansas Diesel Engines,shop-ar-arkansas-diesel-engines-little-rock.html,https://www.i40breakdown.com/shop-ar-arkansas-diesel-engines-little-rock.html
AR,Little Rock,Arkansas Fuel Injection,shop-ar-arkansas-fuel-injection-little-rock.html,https://www.i40breakdown.com/shop-ar-arkansas-fuel-injection-little-rock.html
AR,Fort Smith,Arkansas Fuel Injection Of Fort Smith Inc,shop-ar-arkansas-fuel-injection-of-fort-smith-inc-fort-smith.html,https://www.i40breakdown.com/shop-ar-arkansas-fuel-injection-of-fort-smith-inc-fort-smith.html
AR,Sheridan,Arkansas Mobile RV Service,shop-ar-arkansas-mobile-rv-service-sheridan.html,https://www.i40breakdown.com/shop-ar-arkansas-mobile-rv-service-sheridan.html
AR,Russellville,Arkansas Tire & Auto Service,shop-ar-arkansas-tire-auto-service-russellville.html,https://www.i40breakdown.com/shop-ar-arkansas-tire-auto-service-russellville.html
AR,Van Buren,Arkansas Valley Diesel & Auto Repair,shop-ar-arkansas-valley-diesel-auto-repair-van-buren.html,https://www.i40breakdown.com/shop-ar-arkansas-valley-diesel-auto-repair-van-buren.html
AR,Russellville,B & K Auto & Trailer Sales,shop-ar-b-k-auto-trailer-sales-russellville.html,https://www.i40breakdown.com/shop-ar-b-k-auto-trailer-sales-russellville.html
AR,North Little Rock,Baker's Truck Repair,shop-ar-baker-s-truck-repair-north-little-rock.html,https://www.i40breakdown.com/shop-ar-baker-s-truck-repair-north-little-rock.html
AR,Russellville,"Battle Cross Towing & Recovery, A ""Playing In Traffic Inc"" Company",shop-ar-battle-cross-towing-recovery-a-playing-in-traffic-inc-company-russellvil.html,https://www.i40breakdown.com/shop-ar-battle-cross-towing-recovery-a-playing-in-traffic-inc-company-russellvil.html
AR,North Little Rock,Big Rock Truck and Trailer Repair,shop-ar-big-rock-truck-and-trailer-repair-north-little-rock.html,https://www.i40breakdown.com/shop-ar-big-rock-truck-and-trailer-repair-north-little-rock.html
AR,Alma,Black Dog Diesel Performance LLC,shop-ar-black-dog-diesel-performance-llc-alma.html,https://www.i40breakdown.com/shop-ar-black-dog-diesel-performance-llc-alma.html
AR,Little Rock,Bob & Orin's Carb Rebuilders,shop-ar-bob-orin-s-carb-rebuilders-little-rock.html,https://www.i40breakdown.com/shop-ar-bob-orin-s-carb-rebuilders-little-rock.html
AR,Pottsville,Bruckner's Truck & Equipment,shop-ar-bruckner-s-truck-equipment-pottsville.html,https://www.i40breakdown.com/shop-ar-bruckner-s-truck-equipment-pottsville.html
AR,Russellville,Caballero's Mobile mechanic & 24/7 Road service,shop-ar-caballero-s-mobile-mechanic-24-7-road-service-russellville.html,https://www.i40breakdown.com/shop-ar-caballero-s-mobile-mechanic-24-7-road-service-russellville.html
AR,North Little Rock,Camping World RV Service - North Little Rock,shop-ar-camping-world-rv-service-north-little-rock-north-little-rock.html,https://www.i40breakdown.com/shop-ar-camping-world-rv-service-north-little-rock-north-little-rock.html
AR,Plumerville,Casey’s Diesel and Auto Repairs,shop-ar-casey-s-diesel-and-auto-repairs-plumerville.html,https://www.i40breakdown.com/shop-ar-casey-s-diesel-and-auto-repairs-plumerville.html
AR,North Little Rock,Central Arkansas Truck & Trailer,shop-ar-central-arkansas-truck-trailer-north-little-rock.html,https://www.i40breakdown.com/shop-ar-central-arkansas-truck-trailer-north-little-rock.html
AR,Conway,Chalos Automotive Mechanics And Repair (Hablamos español),shop-ar-chalos-automotive-mechanics-and-repair-hablamos-espa-ol-conway.html,https://www.i40breakdown.com/shop-ar-chalos-automotive-mechanics-and-repair-hablamos-espa-ol-conway.html
AR,Little Rock,Christian Brothers Automotive West Little Rock,shop-ar-christian-brothers-automotive-west-little-rock-little-rock.html,https://www.i40breakdown.com/shop-ar-christian-brothers-automotive-west-little-rock-little-rock.html
AR,Little Rock,City of Little Rock Fleet Services,shop-ar-city-of-little-rock-fleet-services-little-rock.html,https://www.i40breakdown.com/shop-ar-city-of-little-rock-fleet-services-little-rock.html
AR,West Memphis,Cliff Carter's Wrecker Service,shop-ar-cliff-carter-s-wrecker-service-west-memphis.html,https://www.i40breakdown.com/shop-ar-cliff-carter-s-wrecker-service-west-memphis.html
AR,North Little Rock,CMT Truck and Trailer Repair LLC,shop-ar-cmt-truck-and-trailer-repair-llc-north-little-rock.html,https://www.i40breakdown.com/shop-ar-cmt-truck-and-trailer-repair-llc-north-little-rock.html
AR,Russellville,Cogswell Towing Wrecker and Road Service,shop-ar-cogswell-towing-wrecker-and-road-service-russellville.html,https://www.i40breakdown.com/shop-ar-cogswell-towing-wrecker-and-road-service-russellville.html
AR,Marion,Commercial Truck and Trailer Repair,shop-ar-commercial-truck-and-trailer-repair-marion.html,https://www.i40breakdown.com/shop-ar-commercial-truck-and-trailer-repair-marion.html
AR,Conway,Conway Axle & Trailer Parts LLC,shop-ar-conway-axle-trailer-parts-llc-conway.html,https://www.i40breakdown.com/shop-ar-conway-axle-trailer-parts-llc-conway.html
AR,Conway,Conway Semi Truck & Trailer Repair,shop-ar-conway-semi-truck-trailer-repair-conway.html,https://www.i40breakdown.com/shop-ar-conway-semi-truck-trailer-repair-conway.html
AR,Fort Smith,David Whitt Truck Repair,shop-ar-david-whitt-truck-repair-fort-smith.html,https://www.i40breakdown.com/shop-ar-david-whitt-truck-repair-fort-smith.html
AR,North Little Rock,Don's Mobile RV Service,shop-ar-don-s-mobile-rv-service-north-little-rock.html,https://www.i40breakdown.com/shop-ar-don-s-mobile-rv-service-north-little-rock.html
AR,Dardanelle,DPF Alternatives Little Rock,shop-ar-dpf-alternatives-little-rock-dardanelle.html,https://www.i40breakdown.com/shop-ar-dpf-alternatives-little-rock-dardanelle.html
AR,Fort Smith,Dr. Underhood Automotive Specialist,shop-ar-dr-underhood-automotive-specialist-fort-smith.html,https://www.i40breakdown.com/shop-ar-dr-underhood-automotive-specialist-fort-smith.html
AR,Little Rock,Dru's Mobile Auto Repair,shop-ar-dru-s-mobile-auto-repair-little-rock.html,https://www.i40breakdown.com/shop-ar-dru-s-mobile-auto-repair-little-rock.html
AR,Russellville,Electric Motor Center Inc.,shop-ar-electric-motor-center-inc-russellville.html,https://www.i40breakdown.com/shop-ar-electric-motor-center-inc-russellville.html
AR,Russellville,Express Tire & Auto Repair,shop-ar-express-tire-auto-repair-russellville.html,https://www.i40breakdown.com/shop-ar-express-tire-auto-repair-russellville.html
AR,Little Rock,First Call Mobile Mechanic Automotive Services,shop-ar-first-call-mobile-mechanic-automotive-services-little-rock.html,https://www.i40breakdown.com/shop-ar-first-call-mobile-mechanic-automotive-services-little-rock.html
AR,Tucker,First Choice Mobile RV Repair,shop-ar-first-choice-mobile-rv-repair-tucker.html,https://www.i40breakdown.com/shop-ar-first-choice-mobile-rv-repair-tucker.html
AR,Little Rock,Fleet Management Services,shop-ar-fleet-management-services-little-rock.html,https://www.i40breakdown.com/shop-ar-fleet-management-services-little-rock.html
AR,North Little Rock,Fleet Masters truck & trailer repair,shop-ar-fleet-masters-truck-trailer-repair-north-little-rock.html,https://www.i40breakdown.com/shop-ar-fleet-masters-truck-trailer-repair-north-little-rock.html
AR,Russellville,Fleet Tire Point S Tire and Auto Service,shop-ar-fleet-tire-point-s-tire-and-auto-service-russellville.html,https://www.i40breakdown.com/shop-ar-fleet-tire-point-s-tire-and-auto-service-russellville.html
AR,Little Rock,FleetPride Service Center,shop-ar-fleetpride-service-center-little-rock.html,https://www.i40breakdown.com/shop-ar-fleetpride-service-center-little-rock.html
AR,North Little Rock,FlexArmor Arkansas,shop-ar-flexarmor-arkansas-north-little-rock.html,https://www.i40breakdown.com/shop-ar-flexarmor-arkansas-north-little-rock.html
AR,Sherwood,Forest River RV | Camping World,shop-ar-forest-river-rv-camping-world-sherwood.html,https://www.i40breakdown.com/shop-ar-forest-river-rv-camping-world-sherwood.html
AR,Russellville,G Ray Baker Truck & Garage Inc,shop-ar-g-ray-baker-truck-garage-inc-russellville.html,https://www.i40breakdown.com/shop-ar-g-ray-baker-truck-garage-inc-russellville.html
AR,Conway,G&W Diesel Services/EVS Mid-South,shop-ar-g-w-diesel-services-evs-mid-south-conway.html,https://www.i40breakdown.com/shop-ar-g-w-diesel-services-evs-mid-south-conway.html
AR,West Memphis,Garretteed Diesel Repair,shop-ar-garretteed-diesel-repair-west-memphis.html,https://www.i40breakdown.com/shop-ar-garretteed-diesel-repair-west-memphis.html
AR,Atkins,Glenn's Auto and Truck Repair,shop-ar-glenn-s-auto-and-truck-repair-atkins.html,https://www.i40breakdown.com/shop-ar-glenn-s-auto-and-truck-repair-atkins.html
AR,Russellville,Glenn's Mobile Road Service and Towing,shop-ar-glenn-s-mobile-road-service-and-towing-russellville.html,https://www.i40breakdown.com/shop-ar-glenn-s-mobile-road-service-and-towing-russellville.html
AR,Russellville,Grace Pro Trailer Sales,shop-ar-grace-pro-trailer-sales-russellville.html,https://www.i40breakdown.com/shop-ar-grace-pro-trailer-sales-russellville.html
AR,North Little Rock,Grace Trailer Service Inc,shop-ar-grace-trailer-service-inc-north-little-rock.html,https://www.i40breakdown.com/shop-ar-grace-trailer-service-inc-north-little-rock.html
AR,West Memphis,Grade A Mobile Truck & Trailer Repair LLC,shop-ar-grade-a-mobile-truck-trailer-repair-llc-west-memphis.html,https://www.i40breakdown.com/shop-ar-grade-a-mobile-truck-trailer-repair-llc-west-memphis.html
AR,Fort Smith,Greg's Too Auto Repair & Towing,shop-ar-greg-s-too-auto-repair-towing-fort-smith.html,https://www.i40breakdown.com/shop-ar-greg-s-too-auto-repair-towing-fort-smith.html
AR,North Little Rock,GT Auto Repairs Gas and Diesel,shop-ar-gt-auto-repairs-gas-and-diesel-north-little-rock.html,https://www.i40breakdown.com/shop-ar-gt-auto-repairs-gas-and-diesel-north-little-rock.html
AR,North Little Rock,Hale Trailer Brake & Wheel - Little Rock,shop-ar-hale-trailer-brake-wheel-little-rock-north-little-rock.html,https://www.i40breakdown.com/shop-ar-hale-trailer-brake-wheel-little-rock-north-little-rock.html
AR,Russellville,Harness Garage And Tire,shop-ar-harness-garage-and-tire-russellville.html,https://www.i40breakdown.com/shop-ar-harness-garage-and-tire-russellville.html
AR,Van Buren,High Caliber Diesel Service,shop-ar-high-caliber-diesel-service-van-buren.html,https://www.i40breakdown.com/shop-ar-high-caliber-diesel-service-van-buren.html
AR,Van Buren,Highway 64 Truck and Trailer Repair,shop-ar-highway-64-truck-and-trailer-repair-van-buren.html,https://www.i40breakdown.com/shop-ar-highway-64-truck-and-trailer-repair-van-buren.html
AR,North Little Rock,"Hilliard Enterprises, Inc.",shop-ar-hilliard-enterprises-inc-north-little-rock.html,https://www.i40breakdown.com/shop-ar-hilliard-enterprises-inc-north-little-rock.html
AR,Russellville,Hodges Heavy Duty Truck Parts,shop-ar-hodges-heavy-duty-truck-parts-russellville.html,https://www.i40breakdown.com/shop-ar-hodges-heavy-duty-truck-parts-russellville.html
AR,Russellville,Hodges Towing and Recovery,shop-ar-hodges-towing-and-recovery-russellville.html,https://www.i40breakdown.com/shop-ar-hodges-towing-and-recovery-russellville.html
AR,London,"Hogan Truck Leasing & Rental: Russellville, AR",shop-ar-hogan-truck-leasing-rental-russellville-ar-london.html,https://www.i40breakdown.com/shop-ar-hogan-truck-leasing-rental-russellville-ar-london.html
AR,Danville,Hotshotz Automotive & Diesel Repair,shop-ar-hotshotz-automotive-diesel-repair-danville.html,https://www.i40breakdown.com/shop-ar-hotshotz-automotive-diesel-repair-danville.html
AR,Little Rock,"HQ RV Mobile Services, LLC",shop-ar-hq-rv-mobile-services-llc-little-rock.html,https://www.i40breakdown.com/shop-ar-hq-rv-mobile-services-llc-little-rock.html
AR,Fort Smith,Hunt Engine Rebuilders Inc,shop-ar-hunt-engine-rebuilders-inc-fort-smith.html,https://www.i40breakdown.com/shop-ar-hunt-engine-rebuilders-inc-fort-smith.html
AR,Crawfordsville,I-55 Truck and Trailer Repair,shop-ar-i-55-truck-and-trailer-repair-crawfordsville.html,https://www.i40breakdown.com/shop-ar-i-55-truck-and-trailer-repair-crawfordsville.html
AR,Marion,Immediate response truck and trailer repairs,shop-ar-immediate-response-truck-and-trailer-repairs-marion.html,https://www.i40breakdown.com/shop-ar-immediate-response-truck-and-trailer-repairs-marion.html
AR,Marion,In and Out Diesel Repair LLC,shop-ar-in-and-out-diesel-repair-llc-marion.html,https://www.i40breakdown.com/shop-ar-in-and-out-diesel-repair-llc-marion.html
AR,North Little Rock,Jesse truck and trailer,shop-ar-jesse-truck-and-trailer-north-little-rock.html,https://www.i40breakdown.com/shop-ar-jesse-truck-and-trailer-north-little-rock.html
AR,Fort Smith,Jet’s Mobile Truck and Equipment Repair Services LLC,shop-ar-jet-s-mobile-truck-and-equipment-repair-services-llc-fort-smith.html,https://www.i40breakdown.com/shop-ar-jet-s-mobile-truck-and-equipment-repair-services-llc-fort-smith.html
AR,North Little Rock,JHook Towing & Recovery,shop-ar-jhook-towing-recovery-north-little-rock.html,https://www.i40breakdown.com/shop-ar-jhook-towing-recovery-north-little-rock.html
AR,North Little Rock,Joes Fleet Service,shop-ar-joes-fleet-service-north-little-rock.html,https://www.i40breakdown.com/shop-ar-joes-fleet-service-north-little-rock.html
AR,Dover,Jones Automotive & Diesel Performance,shop-ar-jones-automotive-diesel-performance-dover.html,https://www.i40breakdown.com/shop-ar-jones-automotive-diesel-performance-dover.html
AR,North Little Rock,L&R Mobile Truck & Trailer Repair,shop-ar-l-r-mobile-truck-trailer-repair-north-little-rock.html,https://www.i40breakdown.com/shop-ar-l-r-mobile-truck-trailer-repair-north-little-rock.html
AR,Forrest City,L&T Diesel Repair roadside assistance 24/7,shop-ar-l-t-diesel-repair-roadside-assistance-24-7-forrest-city.html,https://www.i40breakdown.com/shop-ar-l-t-diesel-repair-roadside-assistance-24-7-forrest-city.html
AR,North Little Rock,Legget Truck Repair,shop-ar-legget-truck-repair-north-little-rock-2.html,https://www.i40breakdown.com/shop-ar-legget-truck-repair-north-little-rock-2.html
AR,North Little Rock,Legget Truck Repair,shop-ar-legget-truck-repair-north-little-rock.html,https://www.i40breakdown.com/shop-ar-legget-truck-repair-north-little-rock.html
AR,Fort Smith,Levi's Diesel And Automotive,shop-ar-levi-s-diesel-and-automotive-fort-smith.html,https://www.i40breakdown.com/shop-ar-levi-s-diesel-and-automotive-fort-smith.html
AR,Delaware,Lewis Repair Services- Mobile Truck and Trailer Repair,shop-ar-lewis-repair-services-mobile-truck-and-trailer-repair-delaware.html,https://www.i40breakdown.com/shop-ar-lewis-repair-services-mobile-truck-and-trailer-repair-delaware.html
AR,North Little Rock,Liberty Trailer Co,shop-ar-liberty-trailer-co-north-little-rock.html,https://www.i40breakdown.com/shop-ar-liberty-trailer-co-north-little-rock.html
AR,Russellville,Lift Truck Service Center,shop-ar-lift-truck-service-center-russellville.html,https://www.i40breakdown.com/shop-ar-lift-truck-service-center-russellville.html
AR,Little Rock,Little Rock Mobile Mechanic,shop-ar-little-rock-mobile-mechanic-little-rock.html,https://www.i40breakdown.com/shop-ar-little-rock-mobile-mechanic-little-rock.html
AR,North Little Rock,Little Rock Mobile Truck Repair,shop-ar-little-rock-mobile-truck-repair-north-little-rock.html,https://www.i40breakdown.com/shop-ar-little-rock-mobile-truck-repair-north-little-rock.html
AR,Little Rock,Little Rock On-Site Truck Repair,shop-ar-little-rock-on-site-truck-repair-little-rock.html,https://www.i40breakdown.com/shop-ar-little-rock-on-site-truck-repair-little-rock.html
AR,North Little Rock,Little Rock Truck Parts,shop-ar-little-rock-truck-parts-north-little-rock.html,https://www.i40breakdown.com/shop-ar-little-rock-truck-parts-north-little-rock.html
AR,Russellville,Logan County Marine Inc.,shop-ar-logan-county-marine-inc-russellville.html,https://www.i40breakdown.com/shop-ar-logan-county-marine-inc-russellville.html
AR,North Little Rock,M&S Truck Repair Service LLC,shop-ar-m-s-truck-repair-service-llc-north-little-rock.html,https://www.i40breakdown.com/shop-ar-m-s-truck-repair-service-llc-north-little-rock.html
AR,Marion,Memphis Truck and Trailer Repair Service,shop-ar-memphis-truck-and-trailer-repair-service-marion.html,https://www.i40breakdown.com/shop-ar-memphis-truck-and-trailer-repair-service-marion.html
AR,Russellville,Meza International Truck And Trailer Service Inc,shop-ar-meza-international-truck-and-trailer-service-inc-russellville.html,https://www.i40breakdown.com/shop-ar-meza-international-truck-and-trailer-service-inc-russellville.html
AR,Little Rock,MHC Carrier Transicold - Little Rock,shop-ar-mhc-carrier-transicold-little-rock-little-rock.html,https://www.i40breakdown.com/shop-ar-mhc-carrier-transicold-little-rock-little-rock.html
AR,Little Rock,MHC Kenworth - Little Rock,shop-ar-mhc-kenworth-little-rock-little-rock.html,https://www.i40breakdown.com/shop-ar-mhc-kenworth-little-rock-little-rock.html
AR,Russellville,Mike Johnson's Power Sports of Russellville,shop-ar-mike-johnson-s-power-sports-of-russellville-russellville.html,https://www.i40breakdown.com/shop-ar-mike-johnson-s-power-sports-of-russellville-russellville.html
AR,Little Rock,Mobile Diesel & Tire Repair,shop-ar-mobile-diesel-tire-repair-little-rock.html,https://www.i40breakdown.com/shop-ar-mobile-diesel-tire-repair-little-rock.html
AR,Little Rock,Mobile Mechanic - Brought Ons Satisfaction,shop-ar-mobile-mechanic-brought-ons-satisfaction-little-rock.html,https://www.i40breakdown.com/shop-ar-mobile-mechanic-brought-ons-satisfaction-little-rock.html
AR,Monticello,Monticello Diesel & Hydraulics,shop-ar-monticello-diesel-hydraulics-monticello.html,https://www.i40breakdown.com/shop-ar-monticello-diesel-hydraulics-monticello.html
AR,Russellville,Morgan's RV Service & Repair,shop-ar-morgan-s-rv-service-repair-russellville.html,https://www.i40breakdown.com/shop-ar-morgan-s-rv-service-repair-russellville.html
AR,Little Rock,Napa Truck Service Center,shop-ar-napa-truck-service-center-little-rock.html,https://www.i40breakdown.com/shop-ar-napa-truck-service-center-little-rock.html
AR,North Little Rock,North Little Rock Diesel Service,shop-ar-north-little-rock-diesel-service-north-little-rock.html,https://www.i40breakdown.com/shop-ar-north-little-rock-diesel-service-north-little-rock.html
AR,North Little Rock,North Little Rock Truck Repair,shop-ar-north-little-rock-truck-repair-north-little-rock.html,https://www.i40breakdown.com/shop-ar-north-little-rock-truck-repair-north-little-rock.html
AR,Mabelvale,Onsite Truck and Trailer Repair,shop-ar-onsite-truck-and-trailer-repair-mabelvale.html,https://www.i40breakdown.com/shop-ar-onsite-truck-and-trailer-repair-mabelvale.html
AR,West Memphis,Ouachita Trailer Sales - Memphis,shop-ar-ouachita-trailer-sales-memphis-west-memphis.html,https://www.i40breakdown.com/shop-ar-ouachita-trailer-sales-memphis-west-memphis.html
AR,Russellville,Outdoor Living Center RV Park,shop-ar-outdoor-living-center-rv-park-russellville.html,https://www.i40breakdown.com/shop-ar-outdoor-living-center-rv-park-russellville.html
AR,Russellville,"Ozarko Tire Centers, Inc.",shop-ar-ozarko-tire-centers-inc-russellville.html,https://www.i40breakdown.com/shop-ar-ozarko-tire-centers-inc-russellville.html
AR,North Little Rock,Petro Travel Center,shop-ar-petro-travel-center-north-little-rock.html,https://www.i40breakdown.com/shop-ar-petro-travel-center-north-little-rock.html
AR,North Little Rock,Petroleum Fuel & Terminal Co,shop-ar-petroleum-fuel-terminal-co-north-little-rock.html,https://www.i40breakdown.com/shop-ar-petroleum-fuel-terminal-co-north-little-rock.html
AR,North Little Rock,Powers Truck Parts & Service,shop-ar-powers-truck-parts-service-north-little-rock.html,https://www.i40breakdown.com/shop-ar-powers-truck-parts-service-north-little-rock.html
AR,Little Rock AFB,Precision Tune Auto Care,shop-ar-precision-tune-auto-care-little-rock-afb.html,https://www.i40breakdown.com/shop-ar-precision-tune-auto-care-little-rock-afb.html
AR,Fort Smith,Premier Trailers of Fort Smith,shop-ar-premier-trailers-of-fort-smith-fort-smith.html,https://www.i40breakdown.com/shop-ar-premier-trailers-of-fort-smith-fort-smith.html
AR,West Memphis,PSC - Polar Service Center,shop-ar-psc-polar-service-center-west-memphis.html,https://www.i40breakdown.com/shop-ar-psc-polar-service-center-west-memphis.html
AR,Trumann,Quality Truck and Trailer Repair,shop-ar-quality-truck-and-trailer-repair-trumann.html,https://www.i40breakdown.com/shop-ar-quality-truck-and-trailer-repair-trumann.html
AR,North Little Rock,"Quality Truck Repair Services, Inc.",shop-ar-quality-truck-repair-services-inc-north-little-rock.html,https://www.i40breakdown.com/shop-ar-quality-truck-repair-services-inc-north-little-rock.html
AR,Mabelvale,Quick Fix Truck Service llc,shop-ar-quick-fix-truck-service-llc-mabelvale.html,https://www.i40breakdown.com/shop-ar-quick-fix-truck-service-llc-mabelvale.html
AR,Russellville,"Quick Truck Wash Russellville Ar , EXIT 84 TRUCK WASH",shop-ar-quick-truck-wash-russellville-ar-exit-84-truck-wash-russellville.html,https://www.i40breakdown.com/shop-ar-quick-truck-wash-russellville-ar-exit-84-truck-wash-russellville.html
AR,Russellville,Ramon’s Mobile Mechanic & 24/7 Road Service,shop-ar-ramon-s-mobile-mechanic-24-7-road-service-russellville.html,https://www.i40breakdown.com/shop-ar-ramon-s-mobile-mechanic-24-7-road-service-russellville.html
AR,Marion,Rapid Response Truck and Trailer,shop-ar-rapid-response-truck-and-trailer-marion.html,https://www.i40breakdown.com/shop-ar-rapid-response-truck-and-trailer-marion.html
AR,North Little Rock,Red’s Diesel & Auto Repair,shop-ar-red-s-diesel-auto-repair-north-little-rock.html,https://www.i40breakdown.com/shop-ar-red-s-diesel-auto-repair-north-little-rock.html
AR,Conway,Reed's mobile mechanic service,shop-ar-reed-s-mobile-mechanic-service-conway.html,https://www.i40breakdown.com/shop-ar-reed-s-mobile-mechanic-service-conway.html
AR,Russellville,RHINO LININGS OF RUSSELLVILLE,shop-ar-rhino-linings-of-russellville-russellville.html,https://www.i40breakdown.com/shop-ar-rhino-linings-of-russellville-russellville.html
AR,Russellville,RJ's custom upholstrey & Embroidery,shop-ar-rj-s-custom-upholstrey-embroidery-russellville.html,https://www.i40breakdown.com/shop-ar-rj-s-custom-upholstrey-embroidery-russellville.html
AR,Proctor,RLS Truck and Tire Diesel Service 24 Hour,shop-ar-rls-truck-and-tire-diesel-service-24-hour-proctor.html,https://www.i40breakdown.com/shop-ar-rls-truck-and-tire-diesel-service-24-hour-proctor.html
AR,Russellville,Rush Truck Centers - Russellville Service,shop-ar-rush-truck-centers-russellville-service-russellville.html,https://www.i40breakdown.com/shop-ar-rush-truck-centers-russellville-service-russellville.html
AR,Russellville,Russellville Auto Repair and Wrecker,shop-ar-russellville-auto-repair-and-wrecker-russellville.html,https://www.i40breakdown.com/shop-ar-russellville-auto-repair-and-wrecker-russellville.html
AR,Conway,RV Collision Center of Arkansas,shop-ar-rv-collision-center-of-arkansas-conway.html,https://www.i40breakdown.com/shop-ar-rv-collision-center-of-arkansas-conway.html
AR,Little Rock,RV Service & Repair at Forest River RV Little Rock by Camping World,shop-ar-rv-service-repair-at-forest-river-rv-little-rock-by-camping-world-little.html,https://www.i40breakdown.com/shop-ar-rv-service-repair-at-forest-river-rv-little-rock-by-camping-world-little.html
AR,Russellville,"Scotty's Storage Trailer Rentals, Inc.",shop-ar-scotty-s-storage-trailer-rentals-inc-russellville.html,https://www.i40breakdown.com/shop-ar-scotty-s-storage-trailer-rentals-inc-russellville.html
AR,Russellville,Sharma's Fleet Services,shop-ar-sharma-s-fleet-services-russellville.html,https://www.i40breakdown.com/shop-ar-sharma-s-fleet-services-russellville.html
AR,North Little Rock,SKX Diesel Repair,shop-ar-skx-diesel-repair-north-little-rock.html,https://www.i40breakdown.com/shop-ar-skx-diesel-repair-north-little-rock.html
AR,Little Rock,Smart Bubble Mobile Auto/Body Repair Shop,shop-ar-smart-bubble-mobile-auto-body-repair-shop-little-rock.html,https://www.i40breakdown.com/shop-ar-smart-bubble-mobile-auto-body-repair-shop-little-rock.html
AR,Fort Smith,Smith Truck & Trailer Repair,shop-ar-smith-truck-trailer-repair-fort-smith.html,https://www.i40breakdown.com/shop-ar-smith-truck-trailer-repair-fort-smith.html
AR,Russellville,Southern Tire Mart @ Pilot,shop-ar-southern-tire-mart-pilot-russellville.html,https://www.i40breakdown.com/shop-ar-southern-tire-mart-pilot-russellville.html
AR,Little Rock,Southland Breakdown Emergency Roadside Services,shop-ar-southland-breakdown-emergency-roadside-services-little-rock.html,https://www.i40breakdown.com/shop-ar-southland-breakdown-emergency-roadside-services-little-rock.html
AR,North Little Rock,Speedco Truck Lube and Tires,shop-ar-speedco-truck-lube-and-tires-north-little-rock.html,https://www.i40breakdown.com/shop-ar-speedco-truck-lube-and-tires-north-little-rock.html
AR,West Memphis,Speedco Truck Lube and Tires,shop-ar-speedco-truck-lube-and-tires-west-memphis.html,https://www.i40breakdown.com/shop-ar-speedco-truck-lube-and-tires-west-memphis.html
AR,West Memphis,Speedway tires. Truck & trailer repair,shop-ar-speedway-tires-truck-trailer-repair-west-memphis.html,https://www.i40breakdown.com/shop-ar-speedway-tires-truck-trailer-repair-west-memphis.html
AR,Pine Bluff,Stacked Commercial Truck & Trailer Repair,shop-ar-stacked-commercial-truck-trailer-repair-pine-bluff.html,https://www.i40breakdown.com/shop-ar-stacked-commercial-truck-trailer-repair-pine-bluff.html
AR,Conway,Steve's Truck & Car Repair Inc,shop-ar-steve-s-truck-car-repair-inc-conway.html,https://www.i40breakdown.com/shop-ar-steve-s-truck-car-repair-inc-conway.html
AR,Monticello,Strokers Diesel Performance & Repair,shop-ar-strokers-diesel-performance-repair-monticello.html,https://www.i40breakdown.com/shop-ar-strokers-diesel-performance-repair-monticello.html
AR,Russellville,Swain's Service Center,shop-ar-swain-s-service-center-russellville.html,https://www.i40breakdown.com/shop-ar-swain-s-service-center-russellville.html
AR,West Memphis,T.A.C'S Mobile Mechanic and Repair,shop-ar-t-a-c-s-mobile-mechanic-and-repair-west-memphis.html,https://www.i40breakdown.com/shop-ar-t-a-c-s-mobile-mechanic-and-repair-west-memphis.html
AR,North Little Rock,"Taylor Diesel of Arkansas, an M&D Company",shop-ar-taylor-diesel-of-arkansas-an-m-d-company-north-little-rock.html,https://www.i40breakdown.com/shop-ar-taylor-diesel-of-arkansas-an-m-d-company-north-little-rock.html
AR,West Memphis,The Truck shop and Mobile Truck Repair,shop-ar-the-truck-shop-and-mobile-truck-repair-west-memphis.html,https://www.i40breakdown.com/shop-ar-the-truck-shop-and-mobile-truck-repair-west-memphis.html
AR,North Little Rock,Thomas Diesel Service,shop-ar-thomas-diesel-service-north-little-rock.html,https://www.i40breakdown.com/shop-ar-thomas-diesel-service-north-little-rock.html
AR,West Memphis,Tim's Mobile Truck and Trailer Repair,shop-ar-tim-s-mobile-truck-and-trailer-repair-west-memphis.html,https://www.i40breakdown.com/shop-ar-tim-s-mobile-truck-and-trailer-repair-west-memphis.html
AR,West Memphis,TJ's Fab and Mobile Repair Truck & Tanker Service,shop-ar-tj-s-fab-and-mobile-repair-truck-tanker-service-west-memphis.html,https://www.i40breakdown.com/shop-ar-tj-s-fab-and-mobile-repair-truck-tanker-service-west-memphis.html
AR,Russellville,Trailer Rental at U-Haul,shop-ar-trailer-rental-at-u-haul-russellville.html,https://www.i40breakdown.com/shop-ar-trailer-rental-at-u-haul-russellville.html
AR,West Memphis,Tri State Auto Services,shop-ar-tri-state-auto-services-west-memphis.html,https://www.i40breakdown.com/shop-ar-tri-state-auto-services-west-memphis.html
AR,North Little Rock,Tri-State Thermo King - Little Rock,shop-ar-tri-state-thermo-king-little-rock-north-little-rock.html,https://www.i40breakdown.com/shop-ar-tri-state-thermo-king-little-rock-north-little-rock.html
AR,Russellville,Tri-State Thermo King - Russellville,shop-ar-tri-state-thermo-king-russellville-russellville.html,https://www.i40breakdown.com/shop-ar-tri-state-thermo-king-russellville-russellville.html
AR,North Little Rock,Tri-State Truck Center Inc.,shop-ar-tri-state-truck-center-inc-north-little-rock.html,https://www.i40breakdown.com/shop-ar-tri-state-truck-center-inc-north-little-rock.html
AR,Conway,Truck Service Repair Dateland,shop-ar-truck-service-repair-dateland-conway.html,https://www.i40breakdown.com/shop-ar-truck-service-repair-dateland-conway.html
AR,Russellville,Under The Hood Auto Repair LLC,shop-ar-under-the-hood-auto-repair-llc-russellville.html,https://www.i40breakdown.com/shop-ar-under-the-hood-auto-repair-llc-russellville.html
AR,North Little Rock,"United Engines | Little Rock, AR",shop-ar-united-engines-little-rock-ar-north-little-rock.html,https://www.i40breakdown.com/shop-ar-united-engines-little-rock-ar-north-little-rock.html
AR,Mabelvale,United Rentals – Customer Equipment Solutions,shop-ar-united-rentals-customer-equipment-solutions-mabelvale.html,https://www.i40breakdown.com/shop-ar-united-rentals-customer-equipment-solutions-mabelvale.html
AR,Russellville,Vernon's Auto Truck Repair,shop-ar-vernon-s-auto-truck-repair-russellville.html,https://www.i40breakdown.com/shop-ar-vernon-s-auto-truck-repair-russellville.html
AR,North Little Rock,Wayne's World Truck & Trailer Repair,shop-ar-wayne-s-world-truck-trailer-repair-north-little-rock.html,https://www.i40breakdown.com/shop-ar-wayne-s-world-truck-trailer-repair-north-little-rock.html
AZ,Kingman,24x7 Truck and Trailer repair,shop-az-24x7-truck-and-trailer-repair-kingman.html,https://www.i40breakdown.com/shop-az-24x7-truck-and-trailer-repair-kingman.html
AZ,Kingman,American Fleet Service Solutions,shop-az-american-fleet-service-solutions-kingman.html,https://www.i40breakdown.com/shop-az-american-fleet-service-solutions-kingman.html
AZ,Flagstaff,American Spring & Alignment,shop-az-american-spring-alignment-flagstaff.html,https://www.i40breakdown.com/shop-az-american-spring-alignment-flagstaff.html
AZ,Holbrook,Arizona Automotive Services,shop-az-arizona-automotive-services-holbrook.html,https://www.i40breakdown.com/shop-az-arizona-automotive-services-holbrook.html
AZ,Kingman,ASAP Diesel Repair & Roadside,shop-az-asap-diesel-repair-roadside-kingman.html,https://www.i40breakdown.com/shop-az-asap-diesel-repair-roadside-kingman.html
AZ,Flagstaff,Ascot Automotive & Transmission Specialists,shop-az-ascot-automotive-transmission-specialists-flagstaff.html,https://www.i40breakdown.com/shop-az-ascot-automotive-transmission-specialists-flagstaff.html
AZ,Bellemont,Bellemont Truck Repair and Towing,shop-az-bellemont-truck-repair-and-towing-bellemont.html,https://www.i40breakdown.com/shop-az-bellemont-truck-repair-and-towing-bellemont.html
AZ,Kingman,Benny's Tires and Roadside Repair,shop-az-benny-s-tires-and-roadside-repair-kingman.html,https://www.i40breakdown.com/shop-az-benny-s-tires-and-roadside-repair-kingman.html
AZ,Kingman,"Blue Beacon Truck Wash of Kingman, AZ",shop-az-blue-beacon-truck-wash-of-kingman-az-kingman.html,https://www.i40breakdown.com/shop-az-blue-beacon-truck-wash-of-kingman-az-kingman.html
AZ,Holbrook,Carquest Auto Parts - HOLBROOK TRUCK & AUTO PARTS,shop-az-carquest-auto-parts-holbrook-truck-auto-parts-holbrook.html,https://www.i40breakdown.com/shop-az-carquest-auto-parts-holbrook-truck-auto-parts-holbrook.html
AZ,Flagstaff,Coconino Motors Napa AutoCare Center Auto & Light Truck Repair,shop-az-coconino-motors-napa-autocare-center-auto-light-truck-repair-flagstaff.html,https://www.i40breakdown.com/shop-az-coconino-motors-napa-autocare-center-auto-light-truck-repair-flagstaff.html
AZ,Flagstaff,Country Club Towing & Recovery,shop-az-country-club-towing-recovery-flagstaff.html,https://www.i40breakdown.com/shop-az-country-club-towing-recovery-flagstaff.html
AZ,Flagstaff,Crazy Country Boys Services,shop-az-crazy-country-boys-services-flagstaff.html,https://www.i40breakdown.com/shop-az-crazy-country-boys-services-flagstaff.html
AZ,Kingman,Dirty Diesel Welding & Repair,shop-az-dirty-diesel-welding-repair-kingman.html,https://www.i40breakdown.com/shop-az-dirty-diesel-welding-repair-kingman.html
AZ,Williams,Dynamic Diesel Diagnostics,shop-az-dynamic-diesel-diagnostics-williams.html,https://www.i40breakdown.com/shop-az-dynamic-diesel-diagnostics-williams.html
AZ,Camp Verde,Elite Diesel and Fleet Copper Canyon,shop-az-elite-diesel-and-fleet-copper-canyon-camp-verde.html,https://www.i40breakdown.com/shop-az-elite-diesel-and-fleet-copper-canyon-camp-verde.html
AZ,Flagstaff,Flag Tool Equipment Repair,shop-az-flag-tool-equipment-repair-flagstaff.html,https://www.i40breakdown.com/shop-az-flag-tool-equipment-repair-flagstaff.html
AZ,Flagstaff,Flagstaff Mobile Mechanic LLC,shop-az-flagstaff-mobile-mechanic-llc-flagstaff.html,https://www.i40breakdown.com/shop-az-flagstaff-mobile-mechanic-llc-flagstaff.html
AZ,Flagstaff,"Flagstaff Radiator & DPF, LLC.",shop-az-flagstaff-radiator-dpf-llc-flagstaff.html,https://www.i40breakdown.com/shop-az-flagstaff-radiator-dpf-llc-flagstaff.html
AZ,Flagstaff,FLAGSTAFF TOWING AND RECOVERY,shop-az-flagstaff-towing-and-recovery-flagstaff.html,https://www.i40breakdown.com/shop-az-flagstaff-towing-and-recovery-flagstaff.html
AZ,Flagstaff,Flagstaff Transmission Specialist,shop-az-flagstaff-transmission-specialist-flagstaff.html,https://www.i40breakdown.com/shop-az-flagstaff-transmission-specialist-flagstaff.html
AZ,Holbrook,Future Tire and Automotive,shop-az-future-tire-and-automotive-holbrook.html,https://www.i40breakdown.com/shop-az-future-tire-and-automotive-holbrook.html
AZ,Flagstaff,Heath's Auto Service - Flagstaff,shop-az-heath-s-auto-service-flagstaff-flagstaff.html,https://www.i40breakdown.com/shop-az-heath-s-auto-service-flagstaff-flagstaff.html
AZ,Flagstaff,High Mountain Diesel Repair,shop-az-high-mountain-diesel-repair-flagstaff.html,https://www.i40breakdown.com/shop-az-high-mountain-diesel-repair-flagstaff.html
AZ,Surprise,Holt Brothers Mobile Certified RV Services,shop-az-holt-brothers-mobile-certified-rv-services-surprise.html,https://www.i40breakdown.com/shop-az-holt-brothers-mobile-certified-rv-services-surprise.html
AZ,Kingman,"Imperial Truck Repair , Truck & RV Wash",shop-az-imperial-truck-repair-truck-rv-wash-kingman.html,https://www.i40breakdown.com/shop-az-imperial-truck-repair-truck-rv-wash-kingman.html
AZ,Flagstaff,"J.E.T.T. Towing - Heavy Duty, Off-Road Recovery & Semi-Truck Repair",shop-az-j-e-t-t-towing-heavy-duty-off-road-recovery-semi-truck-repair-flagstaff.html,https://www.i40breakdown.com/shop-az-j-e-t-t-towing-heavy-duty-off-road-recovery-semi-truck-repair-flagstaff.html
AZ,Flagstaff,Johnson's Heavy Towing Inc,shop-az-johnson-s-heavy-towing-inc-flagstaff.html,https://www.i40breakdown.com/shop-az-johnson-s-heavy-towing-inc-flagstaff.html
AZ,Holbrook,K & P 24 hour towing and automotive repair,shop-az-k-p-24-hour-towing-and-automotive-repair-holbrook.html,https://www.i40breakdown.com/shop-az-k-p-24-hour-towing-and-automotive-repair-holbrook.html
AZ,Flagstaff,Little America Travel Center,shop-az-little-america-travel-center-flagstaff.html,https://www.i40breakdown.com/shop-az-little-america-travel-center-flagstaff.html
AZ,Flagstaff,Matt's Equipment and Diesel Repair LLC,shop-az-matt-s-equipment-and-diesel-repair-llc-flagstaff.html,https://www.i40breakdown.com/shop-az-matt-s-equipment-and-diesel-repair-llc-flagstaff.html
AZ,Flagstaff,Munoz & Sons Mobile Mechanics LLC,shop-az-munoz-sons-mobile-mechanics-llc-flagstaff.html,https://www.i40breakdown.com/shop-az-munoz-sons-mobile-mechanics-llc-flagstaff.html
AZ,Flagstaff,"Murphys Heavy Towing, Off-Road Recovery & Semi Truck Repair",shop-az-murphys-heavy-towing-off-road-recovery-semi-truck-repair-flagstaff.html,https://www.i40breakdown.com/shop-az-murphys-heavy-towing-off-road-recovery-semi-truck-repair-flagstaff.html
AZ,Flagstaff,"Northern Arizona Towing & Off Road Recovery, LLC",shop-az-northern-arizona-towing-off-road-recovery-llc-flagstaff.html,https://www.i40breakdown.com/shop-az-northern-arizona-towing-off-road-recovery-llc-flagstaff.html
AZ,Williams,Outlaws Diesel Rv Equipment Repair LLC,shop-az-outlaws-diesel-rv-equipment-repair-llc-williams.html,https://www.i40breakdown.com/shop-az-outlaws-diesel-rv-equipment-repair-llc-williams.html
AZ,Williams,Perkins Auto and Diesel Repair,shop-az-perkins-auto-and-diesel-repair-williams.html,https://www.i40breakdown.com/shop-az-perkins-auto-and-diesel-repair-williams.html
AZ,Kingman,Plumnasty Diesel Performance,shop-az-plumnasty-diesel-performance-kingman.html,https://www.i40breakdown.com/shop-az-plumnasty-diesel-performance-kingman.html
AZ,Camp Verde,Premier Diesel Equipment and Turbo,shop-az-premier-diesel-equipment-and-turbo-camp-verde.html,https://www.i40breakdown.com/shop-az-premier-diesel-equipment-and-turbo-camp-verde.html
AZ,Flagstaff,Profab Mobile Welding L.L.C. az roc#337171,shop-az-profab-mobile-welding-l-l-c-az-roc-337171-flagstaff.html,https://www.i40breakdown.com/shop-az-profab-mobile-welding-l-l-c-az-roc-337171-flagstaff.html
AZ,Flagstaff,Rocky Mountain Truck Centers - Flagstaff,shop-az-rocky-mountain-truck-centers-flagstaff-flagstaff.html,https://www.i40breakdown.com/shop-az-rocky-mountain-truck-centers-flagstaff-flagstaff.html
AZ,Kingman,Route 66 Rv care and repair (mobile),shop-az-route-66-rv-care-and-repair-mobile-kingman.html,https://www.i40breakdown.com/shop-az-route-66-rv-care-and-repair-mobile-kingman.html
AZ,Flagstaff,Rush Truck Centers - Flagstaff,shop-az-rush-truck-centers-flagstaff-flagstaff.html,https://www.i40breakdown.com/shop-az-rush-truck-centers-flagstaff-flagstaff.html
AZ,Holbrook,"Scotty and Son Towing, Collision and Auto Repair",shop-az-scotty-and-son-towing-collision-and-auto-repair-holbrook.html,https://www.i40breakdown.com/shop-az-scotty-and-son-towing-collision-and-auto-repair-holbrook.html
AZ,Flagstaff,Southern Hospitality Mobile Rv Repair and Services of Flagstaff,shop-az-southern-hospitality-mobile-rv-repair-and-services-of-flagstaff-flagstaf.html,https://www.i40breakdown.com/shop-az-southern-hospitality-mobile-rv-repair-and-services-of-flagstaff-flagstaf.html
AZ,Kingman,Southern Tire Mart at Pilot,shop-az-southern-tire-mart-at-pilot-kingman.html,https://www.i40breakdown.com/shop-az-southern-tire-mart-at-pilot-kingman.html
AZ,Kingman,Speedco Truck Lube and Tires,shop-az-speedco-truck-lube-and-tires-kingman.html,https://www.i40breakdown.com/shop-az-speedco-truck-lube-and-tires-kingman.html
AZ,Kingman,Sukh Truck Repair road service,shop-az-sukh-truck-repair-road-service-kingman.html,https://www.i40breakdown.com/shop-az-sukh-truck-repair-road-service-kingman.html
AZ,Kingman,Topher's Mobile Mechanic Service,shop-az-topher-s-mobile-mechanic-service-kingman.html,https://www.i40breakdown.com/shop-az-topher-s-mobile-mechanic-service-kingman.html
AZ,Kingman,"Toys For Trucks - Kingman, AZ - Car, Truck, Jeep and Off-Road Accessories",shop-az-toys-for-trucks-kingman-az-car-truck-jeep-and-off-road-accessories-kingm.html,https://www.i40breakdown.com/shop-az-toys-for-trucks-kingman-az-car-truck-jeep-and-off-road-accessories-kingm.html
AZ,Flagstaff,Trailer Hitches at U-Haul,shop-az-trailer-hitches-at-u-haul-flagstaff.html,https://www.i40breakdown.com/shop-az-trailer-hitches-at-u-haul-flagstaff.html
AZ,Flagstaff,Unisource Energy Services,shop-az-unisource-energy-services-flagstaff.html,https://www.i40breakdown.com/shop-az-unisource-energy-services-flagstaff.html
AZ,Holbrook,Wilkinson Graphics and Auto,shop-az-wilkinson-graphics-and-auto-holbrook.html,https://www.i40breakdown.com/shop-az-wilkinson-graphics-and-auto-holbrook.html
CA,Barstow,Best Roadside Essentials Truck -Trailer Repair,shop-ca-best-roadside-essentials-truck-trailer-repair-barstow.html,https://www.i40breakdown.com/shop-ca-best-roadside-essentials-truck-trailer-repair-barstow.html
CA,Barstow,Enrique's Truck & Trailer Repair,shop-ca-enrique-s-truck-trailer-repair-barstow.html,https://www.i40breakdown.com/shop-ca-enrique-s-truck-trailer-repair-barstow.html
CA,Daggett,Enrique Truck & Trailer Repair,shop-ca-enrique-truck-trailer-repair-daggett.html,https://www.i40breakdown.com/shop-ca-enrique-truck-trailer-repair-daggett.html
CA,Newberry Springs,I40 Road Service & Truck and trailer Repair - Barstow,shop-ca-i40-road-service-truck-and-trailer-repair-barstow-newberry-springs.html,https://www.i40breakdown.com/shop-ca-i40-road-service-truck-and-trailer-repair-barstow-newberry-springs.html
CA,Barstow,In & Out Truck and Reefer Repair,shop-ca-in-out-truck-and-reefer-repair-barstow.html,https://www.i40breakdown.com/shop-ca-in-out-truck-and-reefer-repair-barstow.html
CA,Barstow,J & S Repair and Service L.L.C.,shop-ca-j-s-repair-and-service-l-l-c-barstow.html,https://www.i40breakdown.com/shop-ca-j-s-repair-and-service-l-l-c-barstow.html
CA,Adelanto,M.T. Truck and Trailer Repair,shop-ca-m-t-truck-and-trailer-repair-adelanto.html,https://www.i40breakdown.com/shop-ca-m-t-truck-and-trailer-repair-adelanto.html
CA,Barstow,Mobile Tires ROAD SERVICE 24HRS (Semi Truck ONLY),shop-ca-mobile-tires-road-service-24hrs-semi-truck-only-barstow.html,https://www.i40breakdown.com/shop-ca-mobile-tires-road-service-24hrs-semi-truck-only-barstow.html
CA,Santa Rosa,SANTA ROSA MOBILE MECHANICS,shop-ca-santa-rosa-mobile-mechanics-santa-rosa.html,https://www.i40breakdown.com/shop-ca-santa-rosa-mobile-mechanics-santa-rosa.html
CA,Barstow,The New Vernon Truck Wash & Chrome Shop of Barstow,shop-ca-the-new-vernon-truck-wash-chrome-shop-of-barstow-barstow.html,https://www.i40breakdown.com/shop-ca-the-new-vernon-truck-wash-chrome-shop-of-barstow-barstow.html
CA,Baker,Thomas mobile mechanic services,shop-ca-thomas-mobile-mechanic-services-baker.html,https://www.i40breakdown.com/shop-ca-thomas-mobile-mechanic-services-baker.html
?,?,(no state-page data),shop-de-andy-s-truck-and-trailer-repair-wilmington.html,https://www.i40breakdown.com/shop-de-andy-s-truck-and-trailer-repair-wilmington.html
?,?,(no state-page data),shop-de-reddot-truck-service-inc-wilmington.html,https://www.i40breakdown.com/shop-de-reddot-truck-service-inc-wilmington.html
?,?,(no state-page data),shop-il-diesel-truck-repair-of-wilmington-wilmington.html,https://www.i40breakdown.com/shop-il-diesel-truck-repair-of-wilmington-wilmington.html
?,?,(no state-page data),shop-ms-camping-world-rv-service-olive-branch-olive-branch.html,https://www.i40breakdown.com/shop-ms-camping-world-rv-service-olive-branch-olive-branch.html
?,?,(no state-page data),shop-ms-little-sons-truck-repair-olive-branch.html,https://www.i40breakdown.com/shop-ms-little-sons-truck-repair-olive-branch.html
?,?,(no state-page data),shop-ms-meredith-truck-and-trailer-repair-truck-trailer-roadside-repair-byhalia.html,https://www.i40breakdown.com/shop-ms-meredith-truck-and-trailer-repair-truck-trailer-roadside-repair-byhalia.html
?,?,(no state-page data),shop-ms-red-dot-auto-mobile-service-llc-southaven.html,https://www.i40breakdown.com/shop-ms-red-dot-auto-mobile-service-llc-southaven.html
?,?,(no state-page data),shop-ms-specialized-truck-repair-olive-branch.html,https://www.i40breakdown.com/shop-ms-specialized-truck-repair-olive-branch.html
?,?,(no state-page data),shop-ms-town-country-mobile-rv-service-repair-olive-branch.html,https://www.i40breakdown.com/shop-ms-town-country-mobile-rv-service-repair-olive-branch.html
NC,Durham,A&M Diesel Techs – Towing & Fleet Services,shop-nc-a-m-diesel-techs-towing-fleet-services-durham.html,https://www.i40breakdown.com/shop-nc-a-m-diesel-techs-towing-fleet-services-durham.html
NC,Greensboro,ABR Truck & Trailer Repair,shop-nc-abr-truck-trailer-repair-greensboro.html,https://www.i40breakdown.com/shop-nc-abr-truck-trailer-repair-greensboro.html
NC,Jamestown,ACS Diesel & Gasoline Repair,shop-nc-acs-diesel-gasoline-repair-jamestown.html,https://www.i40breakdown.com/shop-nc-acs-diesel-gasoline-repair-jamestown.html
NC,Statesville,Affordable Towing & Auto Repair,shop-nc-affordable-towing-auto-repair-statesville.html,https://www.i40breakdown.com/shop-nc-affordable-towing-auto-repair-statesville.html
NC,Raleigh,AJ's Mobile Mechanics Raleigh,shop-nc-aj-s-mobile-mechanics-raleigh-raleigh.html,https://www.i40breakdown.com/shop-nc-aj-s-mobile-mechanics-raleigh-raleigh.html
NC,Durham,All Knight Service and Repair,shop-nc-all-knight-service-and-repair-durham.html,https://www.i40breakdown.com/shop-nc-all-knight-service-and-repair-durham.html
NC,Raleigh,Allied Trailers Sales & Rental,shop-nc-allied-trailers-sales-rental-raleigh.html,https://www.i40breakdown.com/shop-nc-allied-trailers-sales-rental-raleigh.html
NC,Asheville,Alternative Automotive Services,shop-nc-alternative-automotive-services-asheville.html,https://www.i40breakdown.com/shop-nc-alternative-automotive-services-asheville.html
NC,Winston-Salem,American Auto Solutions LLC,shop-nc-american-auto-solutions-llc-winston-salem.html,https://www.i40breakdown.com/shop-nc-american-auto-solutions-llc-winston-salem.html
NC,Bolivia,American Diesel and Tire LLC,shop-nc-american-diesel-and-tire-llc-bolivia.html,https://www.i40breakdown.com/shop-nc-american-diesel-and-tire-llc-bolivia.html
NC,Marion,Appalachian RV Repair - Parts & Service,shop-nc-appalachian-rv-repair-parts-service-marion.html,https://www.i40breakdown.com/shop-nc-appalachian-rv-repair-parts-service-marion.html
NC,Wilmington,ARCHERS HEAVY HAULING AND DIESEL REPAIR,shop-nc-archers-heavy-hauling-and-diesel-repair-wilmington.html,https://www.i40breakdown.com/shop-nc-archers-heavy-hauling-and-diesel-repair-wilmington.html
NC,Goldsboro,Archie & Sons Diesel Repair,shop-nc-archie-sons-diesel-repair-goldsboro.html,https://www.i40breakdown.com/shop-nc-archie-sons-diesel-repair-goldsboro.html
NC,Asheville,Asheville Habitat for Humanity ReStore,shop-nc-asheville-habitat-for-humanity-restore-asheville.html,https://www.i40breakdown.com/shop-nc-asheville-habitat-for-humanity-restore-asheville.html
NC,Asheville,Asheville Mobile Mechanic,shop-nc-asheville-mobile-mechanic-asheville.html,https://www.i40breakdown.com/shop-nc-asheville-mobile-mechanic-asheville.html
NC,Asheville,Asheville Mobile Truck Repair,shop-nc-asheville-mobile-truck-repair-asheville.html,https://www.i40breakdown.com/shop-nc-asheville-mobile-truck-repair-asheville.html
NC,Asheville,Asheville RPM Mobile Mechanic,shop-nc-asheville-rpm-mobile-mechanic-asheville.html,https://www.i40breakdown.com/shop-nc-asheville-rpm-mobile-mechanic-asheville.html
NC,Raleigh,Atlantic Auto and Diesel LLC,shop-nc-atlantic-auto-and-diesel-llc-raleigh.html,https://www.i40breakdown.com/shop-nc-atlantic-auto-and-diesel-llc-raleigh.html
NC,Raleigh,Barbour's Towing & Truck Repair,shop-nc-barbour-s-towing-truck-repair-raleigh.html,https://www.i40breakdown.com/shop-nc-barbour-s-towing-truck-repair-raleigh.html
NC,Raleigh,Baskerville Mobile Auto Repair,shop-nc-baskerville-mobile-auto-repair-raleigh.html,https://www.i40breakdown.com/shop-nc-baskerville-mobile-auto-repair-raleigh.html
NC,Hendersonville,"Big Rig Truck and Trailer Repair,LLC",shop-nc-big-rig-truck-and-trailer-repair-llc-hendersonville.html,https://www.i40breakdown.com/shop-nc-big-rig-truck-and-trailer-repair-llc-hendersonville.html
NC,McLeansville,Big Trav's Mobile Auto Repair & HD Diesel Repair LLC,shop-nc-big-trav-s-mobile-auto-repair-hd-diesel-repair-llc-mcleansville.html,https://www.i40breakdown.com/shop-nc-big-trav-s-mobile-auto-repair-hd-diesel-repair-llc-mcleansville.html
NC,Thomasville,BJ’S Camper & RV Repair LLC,shop-nc-bj-s-camper-rv-repair-llc-thomasville.html,https://www.i40breakdown.com/shop-nc-bj-s-camper-rv-repair-llc-thomasville.html
NC,Benson,Blue Compass RV South Raleigh,shop-nc-blue-compass-rv-south-raleigh-benson.html,https://www.i40breakdown.com/shop-nc-blue-compass-rv-south-raleigh-benson.html
NC,Rural Hall,Blue Compass RV Winston-Salem,shop-nc-blue-compass-rv-winston-salem-rural-hall.html,https://www.i40breakdown.com/shop-nc-blue-compass-rv-winston-salem-rural-hall.html
NC,Asheville,Blue Ridge Hiking Company,shop-nc-blue-ridge-hiking-company-asheville.html,https://www.i40breakdown.com/shop-nc-blue-ridge-hiking-company-asheville.html
NC,Wilmington,Bluewater Marine & RV Service & Transport,shop-nc-bluewater-marine-rv-service-transport-wilmington.html,https://www.i40breakdown.com/shop-nc-bluewater-marine-rv-service-transport-wilmington.html
NC,Wilmington,Brand New Brakes - Mobile Brake Repair,shop-nc-brand-new-brakes-mobile-brake-repair-wilmington.html,https://www.i40breakdown.com/shop-nc-brand-new-brakes-mobile-brake-repair-wilmington.html
NC,Greensboro,Brothers New and Used Tires Auto mechanics and mobile services,shop-nc-brothers-new-and-used-tires-auto-mechanics-and-mobile-services-greensbor.html,https://www.i40breakdown.com/shop-nc-brothers-new-and-used-tires-auto-mechanics-and-mobile-services-greensbor.html
NC,Winston-Salem,Bryant's Truck & Trailer Rpr,shop-nc-bryant-s-truck-trailer-rpr-winston-salem.html,https://www.i40breakdown.com/shop-nc-bryant-s-truck-trailer-rpr-winston-salem.html
NC,Wilmington,Bryant & Sons Unlimited Inc.,shop-nc-bryant-sons-unlimited-inc-wilmington.html,https://www.i40breakdown.com/shop-nc-bryant-sons-unlimited-inc-wilmington.html
NC,Wilmington,Bulldog RV Solutions LLC,shop-nc-bulldog-rv-solutions-llc-wilmington.html,https://www.i40breakdown.com/shop-nc-bulldog-rv-solutions-llc-wilmington.html
NC,Bolivia,"Burt & Ernie's Diesel Service, LLC",shop-nc-burt-ernie-s-diesel-service-llc-bolivia.html,https://www.i40breakdown.com/shop-nc-burt-ernie-s-diesel-service-llc-bolivia.html
NC,Winston-Salem,Byrd Automotive and towing,shop-nc-byrd-automotive-and-towing-winston-salem.html,https://www.i40breakdown.com/shop-nc-byrd-automotive-and-towing-winston-salem.html
NC,Statesville,C&E Truck & Auto Services LLC,shop-nc-c-e-truck-auto-services-llc-statesville.html,https://www.i40breakdown.com/shop-nc-c-e-truck-auto-services-llc-statesville.html
NC,Greensboro,Callahan's Auto Service Center,shop-nc-callahan-s-auto-service-center-greensboro.html,https://www.i40breakdown.com/shop-nc-callahan-s-auto-service-center-greensboro.html
NC,Timberlake,Campfire RV Service & Repair LLC,shop-nc-campfire-rv-service-repair-llc-timberlake.html,https://www.i40breakdown.com/shop-nc-campfire-rv-service-repair-llc-timberlake.html
NC,Hendersonville,Camping World - Hendersonville,shop-nc-camping-world-hendersonville-hendersonville.html,https://www.i40breakdown.com/shop-nc-camping-world-hendersonville-hendersonville.html
NC,Greensboro,Camping World RV Collision Center,shop-nc-camping-world-rv-collision-center-greensboro.html,https://www.i40breakdown.com/shop-nc-camping-world-rv-collision-center-greensboro.html
NC,Statesville,Camping World RV Service - Statesville,shop-nc-camping-world-rv-service-statesville-statesville.html,https://www.i40breakdown.com/shop-nc-camping-world-rv-service-statesville-statesville.html
NC,Wilmington,Cape Fear Auto Clinic & Tires,shop-nc-cape-fear-auto-clinic-tires-wilmington.html,https://www.i40breakdown.com/shop-nc-cape-fear-auto-clinic-tires-wilmington.html
NC,Wilmington,Cape Fear Services Center Inc,shop-nc-cape-fear-services-center-inc-wilmington.html,https://www.i40breakdown.com/shop-nc-cape-fear-services-center-inc-wilmington.html
NC,Winston-Salem,Carolina Auto Service,shop-nc-carolina-auto-service-winston-salem.html,https://www.i40breakdown.com/shop-nc-carolina-auto-service-winston-salem.html
NC,Knightdale,Carolina Camper Works Service,shop-nc-carolina-camper-works-service-knightdale.html,https://www.i40breakdown.com/shop-nc-carolina-camper-works-service-knightdale.html
NC,Asheville,"Carolina Cat - Asheville, NC",shop-nc-carolina-cat-asheville-nc-asheville.html,https://www.i40breakdown.com/shop-nc-carolina-cat-asheville-nc-asheville.html
NC,Hamptonville,Carolina Diesel Performance,shop-nc-carolina-diesel-performance-hamptonville.html,https://www.i40breakdown.com/shop-nc-carolina-diesel-performance-hamptonville.html
NC,Pleasant Garden,Carolina Diesel Repair,shop-nc-carolina-diesel-repair-pleasant-garden.html,https://www.i40breakdown.com/shop-nc-carolina-diesel-repair-pleasant-garden.html
NC,Statesville,Carolina Diesel Services LLC,shop-nc-carolina-diesel-services-llc-statesville.html,https://www.i40breakdown.com/shop-nc-carolina-diesel-services-llc-statesville.html
NC,Statesville,"Carolina Industrial Trucks - Statesville, NC",shop-nc-carolina-industrial-trucks-statesville-nc-statesville.html,https://www.i40breakdown.com/shop-nc-carolina-industrial-trucks-statesville-nc-statesville.html
NC,Winston-Salem,Carolina On Site Mobile Service,shop-nc-carolina-on-site-mobile-service-winston-salem.html,https://www.i40breakdown.com/shop-nc-carolina-on-site-mobile-service-winston-salem.html
NC,Asheville,Carolina RV Sales & Service Inc,shop-nc-carolina-rv-sales-service-inc-asheville.html,https://www.i40breakdown.com/shop-nc-carolina-rv-sales-service-inc-asheville.html
NC,Greensboro,Carolina Trailer & Equipment,shop-nc-carolina-trailer-equipment-greensboro.html,https://www.i40breakdown.com/shop-nc-carolina-trailer-equipment-greensboro.html
NC,Charlotte,"Carolina Trailer Repair & Fabrications, LLC",shop-nc-carolina-trailer-repair-fabrications-llc-charlotte.html,https://www.i40breakdown.com/shop-nc-carolina-trailer-repair-fabrications-llc-charlotte.html
NC,Burlington,Central Carolina Diesel Repair,shop-nc-central-carolina-diesel-repair-burlington.html,https://www.i40breakdown.com/shop-nc-central-carolina-diesel-repair-burlington.html
NC,Durham,Chapel Hill Tire - Hillsborough Rd,shop-nc-chapel-hill-tire-hillsborough-rd-durham.html,https://www.i40breakdown.com/shop-nc-chapel-hill-tire-hillsborough-rd-durham.html
NC,Statesville,Chapman's Travelers Service,shop-nc-chapman-s-travelers-service-statesville.html,https://www.i40breakdown.com/shop-nc-chapman-s-travelers-service-statesville.html
NC,Winston-Salem,Chris's Mobile Mechanic & Hauling Service,shop-nc-chris-s-mobile-mechanic-hauling-service-winston-salem.html,https://www.i40breakdown.com/shop-nc-chris-s-mobile-mechanic-hauling-service-winston-salem.html
NC,Greensboro,Chucks Diesel and Auto Repair,shop-nc-chucks-diesel-and-auto-repair-greensboro.html,https://www.i40breakdown.com/shop-nc-chucks-diesel-and-auto-repair-greensboro.html
NC,Winston-Salem,Cisco's Trailer Repair,shop-nc-cisco-s-trailer-repair-winston-salem.html,https://www.i40breakdown.com/shop-nc-cisco-s-trailer-repair-winston-salem.html
NC,Raleigh,"City of Raleigh: Vehicle Fleet Services, Heavy Equipment Shop - Parts Dept.",shop-nc-city-of-raleigh-vehicle-fleet-services-heavy-equipment-shop-parts-dept-r.html,https://www.i40breakdown.com/shop-nc-city-of-raleigh-vehicle-fleet-services-heavy-equipment-shop-parts-dept-r.html
NC,Wilmington,"Clarke Power Services, Inc.",shop-nc-clarke-power-services-inc-wilmington.html,https://www.i40breakdown.com/shop-nc-clarke-power-services-inc-wilmington.html
NC,Wilmington,Coastal Carrier Moving & Storage Company,shop-nc-coastal-carrier-moving-storage-company-wilmington.html,https://www.i40breakdown.com/shop-nc-coastal-carrier-moving-storage-company-wilmington.html
NC,Asheville,Come to You Automotive Repair (mobile mechanic),shop-nc-come-to-you-automotive-repair-mobile-mechanic-asheville.html,https://www.i40breakdown.com/shop-nc-come-to-you-automotive-repair-mobile-mechanic-asheville.html
NC,Chapel Hill,Compass Rose Mobile RV Service,shop-nc-compass-rose-mobile-rv-service-chapel-hill.html,https://www.i40breakdown.com/shop-nc-compass-rose-mobile-rv-service-chapel-hill.html
NC,Kernersville,Competition Truck Repair,shop-nc-competition-truck-repair-kernersville.html,https://www.i40breakdown.com/shop-nc-competition-truck-repair-kernersville.html
NC,Winston-Salem,CONTRERAS MOBILE MECHANIC LLC,shop-nc-contreras-mobile-mechanic-llc-winston-salem.html,https://www.i40breakdown.com/shop-nc-contreras-mobile-mechanic-llc-winston-salem.html
NC,Garner,Corey’s Mobile Truck & Trailer Repair LLC,shop-nc-corey-s-mobile-truck-trailer-repair-llc-garner.html,https://www.i40breakdown.com/shop-nc-corey-s-mobile-truck-trailer-repair-llc-garner.html
NC,Greensboro,Cottman Transmission and Total Auto Care,shop-nc-cottman-transmission-and-total-auto-care-greensboro.html,https://www.i40breakdown.com/shop-nc-cottman-transmission-and-total-auto-care-greensboro.html
NC,Winston-Salem,Cottman Transmission and Total Auto Care,shop-nc-cottman-transmission-and-total-auto-care-winston-salem.html,https://www.i40breakdown.com/shop-nc-cottman-transmission-and-total-auto-care-winston-salem.html
NC,Madison,Cox Diesel Repair & Paint LLC,shop-nc-cox-diesel-repair-paint-llc-madison.html,https://www.i40breakdown.com/shop-nc-cox-diesel-repair-paint-llc-madison.html
NC,Creedmoor,Creedmoor Diesel & Welding Repair,shop-nc-creedmoor-diesel-welding-repair-creedmoor.html,https://www.i40breakdown.com/shop-nc-creedmoor-diesel-welding-repair-creedmoor.html
NC,Greensboro,Cummins Sales and Service,shop-nc-cummins-sales-and-service-greensboro.html,https://www.i40breakdown.com/shop-nc-cummins-sales-and-service-greensboro.html
NC,Wilmington,D&G Express Mobile Mechanic,shop-nc-d-g-express-mobile-mechanic-wilmington.html,https://www.i40breakdown.com/shop-nc-d-g-express-mobile-mechanic-wilmington.html
NC,Greensboro,Danny's Transmission Repair,shop-nc-danny-s-transmission-repair-greensboro.html,https://www.i40breakdown.com/shop-nc-danny-s-transmission-repair-greensboro.html
NC,Lexington,Davidson Trailer Repair Inc,shop-nc-davidson-trailer-repair-inc-lexington.html,https://www.i40breakdown.com/shop-nc-davidson-trailer-repair-inc-lexington.html
NC,Winston-Salem,Davis Towing and Recovery,shop-nc-davis-towing-and-recovery-winston-salem.html,https://www.i40breakdown.com/shop-nc-davis-towing-and-recovery-winston-salem.html
NC,Statesville,"Deaton Truck & Tire Service, Inc",shop-nc-deaton-truck-tire-service-inc-statesville.html,https://www.i40breakdown.com/shop-nc-deaton-truck-tire-service-inc-statesville.html
NC,Winston-Salem,Devil Dog Diesel and Automotive Repair,shop-nc-devil-dog-diesel-and-automotive-repair-winston-salem.html,https://www.i40breakdown.com/shop-nc-devil-dog-diesel-and-automotive-repair-winston-salem.html
NC,Kernersville,Diamond Automotive of the Triad,shop-nc-diamond-automotive-of-the-triad-kernersville.html,https://www.i40breakdown.com/shop-nc-diamond-automotive-of-the-triad-kernersville.html
NC,Burlington,Diesel Engine & Heavy Equipment Repair,shop-nc-diesel-engine-heavy-equipment-repair-burlington.html,https://www.i40breakdown.com/shop-nc-diesel-engine-heavy-equipment-repair-burlington.html
NC,High Point,Diesel & Gasoline Performance,shop-nc-diesel-gasoline-performance-high-point.html,https://www.i40breakdown.com/shop-nc-diesel-gasoline-performance-high-point.html
NC,Wilmington,Diesel Parts of Carolina,shop-nc-diesel-parts-of-carolina-wilmington.html,https://www.i40breakdown.com/shop-nc-diesel-parts-of-carolina-wilmington.html
NC,Statesville,Double C Trailer Repair LLC,shop-nc-double-c-trailer-repair-llc-statesville.html,https://www.i40breakdown.com/shop-nc-double-c-trailer-repair-llc-statesville.html
NC,Wilmington,Double D Trailers (Horse Trailers),shop-nc-double-d-trailers-horse-trailers-wilmington.html,https://www.i40breakdown.com/shop-nc-double-d-trailers-horse-trailers-wilmington.html
NC,Wilmington,East Coast Autos and Trailers,shop-nc-east-coast-autos-and-trailers-wilmington.html,https://www.i40breakdown.com/shop-nc-east-coast-autos-and-trailers-wilmington.html
NC,Mocksville,ECO Diesel Dynamics (By Appt. Only),shop-nc-eco-diesel-dynamics-by-appt-only-mocksville.html,https://www.i40breakdown.com/shop-nc-eco-diesel-dynamics-by-appt-only-mocksville.html
NC,Winston-Salem,"Elite Fleet Services, LLC",shop-nc-elite-fleet-services-llc-winston-salem.html,https://www.i40breakdown.com/shop-nc-elite-fleet-services-llc-winston-salem.html
NC,Greensboro,Everyday Performance Auto,shop-nc-everyday-performance-auto-greensboro.html,https://www.i40breakdown.com/shop-nc-everyday-performance-auto-greensboro.html
NC,Statesville,Excel Truck Group - Statesville,shop-nc-excel-truck-group-statesville-statesville.html,https://www.i40breakdown.com/shop-nc-excel-truck-group-statesville-statesville.html
NC,Wake Forest,"Express Mobile Truck Repair, LLC.",shop-nc-express-mobile-truck-repair-llc-wake-forest.html,https://www.i40breakdown.com/shop-nc-express-mobile-truck-repair-llc-wake-forest.html
NC,Asheville,Fast Lane Towing and Recovery,shop-nc-fast-lane-towing-and-recovery-asheville.html,https://www.i40breakdown.com/shop-nc-fast-lane-towing-and-recovery-asheville.html
NC,Asheville,Firestone Complete Auto Care,shop-nc-firestone-complete-auto-care-asheville-2.html,https://www.i40breakdown.com/shop-nc-firestone-complete-auto-care-asheville-2.html
NC,Asheville,Firestone Complete Auto Care,shop-nc-firestone-complete-auto-care-asheville.html,https://www.i40breakdown.com/shop-nc-firestone-complete-auto-care-asheville.html
NC,Raleigh,Firestone Complete Auto Care,shop-nc-firestone-complete-auto-care-raleigh.html,https://www.i40breakdown.com/shop-nc-firestone-complete-auto-care-raleigh.html
NC,Trinity,"First Response RV Services, LLC",shop-nc-first-response-rv-services-llc-trinity.html,https://www.i40breakdown.com/shop-nc-first-response-rv-services-llc-trinity.html
NC,Winston-Salem,Fleet Truck & Trailer Services,shop-nc-fleet-truck-trailer-services-winston-salem.html,https://www.i40breakdown.com/shop-nc-fleet-truck-trailer-services-winston-salem.html
NC,Greensboro,"FleetPro Truck Center, Inc",shop-nc-fleetpro-truck-center-inc-greensboro.html,https://www.i40breakdown.com/shop-nc-fleetpro-truck-center-inc-greensboro.html
NC,Greensboro,Flemingfield Automotive LLC,shop-nc-flemingfield-automotive-llc-greensboro.html,https://www.i40breakdown.com/shop-nc-flemingfield-automotive-llc-greensboro.html
NC,Hendersonville,Fletcher Truck & Trailer,shop-nc-fletcher-truck-trailer-hendersonville.html,https://www.i40breakdown.com/shop-nc-fletcher-truck-trailer-hendersonville.html
NC,Winston-Salem,Flow Buick GMC of Winston-Salem - Service,shop-nc-flow-buick-gmc-of-winston-salem-service-winston-salem.html,https://www.i40breakdown.com/shop-nc-flow-buick-gmc-of-winston-salem-service-winston-salem.html
NC,Winston-Salem,Flow Chevrolet of Winston Salem - Service,shop-nc-flow-chevrolet-of-winston-salem-service-winston-salem.html,https://www.i40breakdown.com/shop-nc-flow-chevrolet-of-winston-salem-service-winston-salem.html
NC,Taylorsville,Foothills RV Repair Inc,shop-nc-foothills-rv-repair-inc-taylorsville.html,https://www.i40breakdown.com/shop-nc-foothills-rv-repair-inc-taylorsville.html
NC,Winston-Salem,Forsyth Tech Transportation Technology Center,shop-nc-forsyth-tech-transportation-technology-center-winston-salem.html,https://www.i40breakdown.com/shop-nc-forsyth-tech-transportation-technology-center-winston-salem.html
NC,Winston-Salem,Fosters Mobile Mechanic Service,shop-nc-fosters-mobile-mechanic-service-winston-salem.html,https://www.i40breakdown.com/shop-nc-fosters-mobile-mechanic-service-winston-salem.html
NC,Statesville,"FSH TRUCK AND TRAILER SERVICE, TRUCK WASH",shop-nc-fsh-truck-and-trailer-service-truck-wash-statesville.html,https://www.i40breakdown.com/shop-nc-fsh-truck-and-trailer-service-truck-wash-statesville.html
NC,Winston-Salem,G&J Truck Tire Service semi truck,shop-nc-g-j-truck-tire-service-semi-truck-winston-salem.html,https://www.i40breakdown.com/shop-nc-g-j-truck-tire-service-semi-truck-winston-salem.html
NC,Statesville,Gallaher Fleet Solutions,shop-nc-gallaher-fleet-solutions-statesville.html,https://www.i40breakdown.com/shop-nc-gallaher-fleet-solutions-statesville.html
NC,Greensboro,General Motor Repair & Service Inc,shop-nc-general-motor-repair-service-inc-greensboro.html,https://www.i40breakdown.com/shop-nc-general-motor-repair-service-inc-greensboro.html
NC,Winston-Salem,Goodyear Commercial Tire & Service Centers,shop-nc-goodyear-commercial-tire-service-centers-winston-salem.html,https://www.i40breakdown.com/shop-nc-goodyear-commercial-tire-service-centers-winston-salem.html
NC,Winston-Salem,Gordon's Radiator & A/C Service,shop-nc-gordon-s-radiator-a-c-service-winston-salem.html,https://www.i40breakdown.com/shop-nc-gordon-s-radiator-a-c-service-winston-salem.html
NC,Asheville,Gravelo Workshop - Bicycles & Coffee,shop-nc-gravelo-workshop-bicycles-coffee-asheville.html,https://www.i40breakdown.com/shop-nc-gravelo-workshop-bicycles-coffee-asheville.html
NC,Jacksonville,Greenline Diesel & Auto Repair,shop-nc-greenline-diesel-auto-repair-jacksonville.html,https://www.i40breakdown.com/shop-nc-greenline-diesel-auto-repair-jacksonville.html
NC,Greensboro,Greensboro Onsite Truck Repair,shop-nc-greensboro-onsite-truck-repair-greensboro.html,https://www.i40breakdown.com/shop-nc-greensboro-onsite-truck-repair-greensboro.html
NC,Greensboro,Greensboro Small Engine Repair,shop-nc-greensboro-small-engine-repair-greensboro.html,https://www.i40breakdown.com/shop-nc-greensboro-small-engine-repair-greensboro.html
NC,Greensboro,Greensboro Trailer Sales & Service Inc,shop-nc-greensboro-trailer-sales-service-inc-greensboro.html,https://www.i40breakdown.com/shop-nc-greensboro-trailer-sales-service-inc-greensboro.html
NC,Garner,"Gregory Poole Equipment Company - Garner, NC",shop-nc-gregory-poole-equipment-company-garner-nc-garner.html,https://www.i40breakdown.com/shop-nc-gregory-poole-equipment-company-garner-nc-garner.html
NC,Raleigh,"Gregory Poole Equipment Company - Raleigh, NC",shop-nc-gregory-poole-equipment-company-raleigh-nc-raleigh.html,https://www.i40breakdown.com/shop-nc-gregory-poole-equipment-company-raleigh-nc-raleigh.html
NC,Winston-Salem,Hacketts Tractor and Trailer Repair LLC,shop-nc-hacketts-tractor-and-trailer-repair-llc-winston-salem.html,https://www.i40breakdown.com/shop-nc-hacketts-tractor-and-trailer-repair-llc-winston-salem.html
NC,Randleman,High Speed Performance Inc.,shop-nc-high-speed-performance-inc-randleman.html,https://www.i40breakdown.com/shop-nc-high-speed-performance-inc-randleman.html
NC,Statesville,Holland Truck & Trailer Repair LLC,shop-nc-holland-truck-trailer-repair-llc-statesville.html,https://www.i40breakdown.com/shop-nc-holland-truck-trailer-repair-llc-statesville.html
NC,Raleigh,Holmes Mobile Tire & Battery Service,shop-nc-holmes-mobile-tire-battery-service-raleigh.html,https://www.i40breakdown.com/shop-nc-holmes-mobile-tire-battery-service-raleigh.html
NC,Durham,Horus Mobile Mechanics Auto Repairs LLC,shop-nc-horus-mobile-mechanics-auto-repairs-llc-durham.html,https://www.i40breakdown.com/shop-nc-horus-mobile-mechanics-auto-repairs-llc-durham.html
NC,Wilmington,Hospital Automotive Car Care,shop-nc-hospital-automotive-car-care-wilmington.html,https://www.i40breakdown.com/shop-nc-hospital-automotive-car-care-wilmington.html
NC,Wilmington,Howard RV Center - Service Dept.,shop-nc-howard-rv-center-service-dept-wilmington.html,https://www.i40breakdown.com/shop-nc-howard-rv-center-service-dept-wilmington.html
NC,Oxford,Huff Auto & Diesel Repair Services,shop-nc-huff-auto-diesel-repair-services-oxford.html,https://www.i40breakdown.com/shop-nc-huff-auto-diesel-repair-services-oxford.html
NC,Waynesville,I-40 Truck & Trailer Repair,shop-nc-i-40-truck-trailer-repair-waynesville.html,https://www.i40breakdown.com/shop-nc-i-40-truck-trailer-repair-waynesville.html
NC,Durham,J&J DIESEL MECHANIC TOWING & BODY REPAIR LLC,shop-nc-j-j-diesel-mechanic-towing-body-repair-llc-durham.html,https://www.i40breakdown.com/shop-nc-j-j-diesel-mechanic-towing-body-repair-llc-durham.html
NC,Fairview,Jack's Truck & Trailer Repair. (tractor trailer repair),shop-nc-jack-s-truck-trailer-repair-tractor-trailer-repair-fairview.html,https://www.i40breakdown.com/shop-nc-jack-s-truck-trailer-repair-tractor-trailer-repair-fairview.html
NC,Winston-Salem,Jae's Mobile Auto llc,shop-nc-jae-s-mobile-auto-llc-winston-salem.html,https://www.i40breakdown.com/shop-nc-jae-s-mobile-auto-llc-winston-salem.html
NC,Wilmington,Jake The Mobile Mechanic,shop-nc-jake-the-mobile-mechanic-wilmington.html,https://www.i40breakdown.com/shop-nc-jake-the-mobile-mechanic-wilmington.html
NC,Greensboro,Jamie's Automotive Machine Shp,shop-nc-jamie-s-automotive-machine-shp-greensboro.html,https://www.i40breakdown.com/shop-nc-jamie-s-automotive-machine-shp-greensboro.html
NC,Raleigh,Jay's Heavy Duty Repair and Towing,shop-nc-jay-s-heavy-duty-repair-and-towing-raleigh.html,https://www.i40breakdown.com/shop-nc-jay-s-heavy-duty-repair-and-towing-raleigh.html
NC,Climax,JC's Heavy Diesel and Automotive,shop-nc-jc-s-heavy-diesel-and-automotive-climax.html,https://www.i40breakdown.com/shop-nc-jc-s-heavy-diesel-and-automotive-climax.html
NC,Hendersonville,Jim Campen Trailer Sales,shop-nc-jim-campen-trailer-sales-hendersonville.html,https://www.i40breakdown.com/shop-nc-jim-campen-trailer-sales-hendersonville.html
NC,Winston-Salem,Jimmy's mobile mechanic services,shop-nc-jimmy-s-mobile-mechanic-services-winston-salem.html,https://www.i40breakdown.com/shop-nc-jimmy-s-mobile-mechanic-services-winston-salem.html
NC,Statesville,"John Woodie Enterprises, Inc.",shop-nc-john-woodie-enterprises-inc-statesville.html,https://www.i40breakdown.com/shop-nc-john-woodie-enterprises-inc-statesville.html
NC,Garner,Johnson & Johnson Import & Domestic Specialists,shop-nc-johnson-johnson-import-domestic-specialists-garner.html,https://www.i40breakdown.com/shop-nc-johnson-johnson-import-domestic-specialists-garner.html
NC,Henderson,Jordans diesel and automotive truck shop,shop-nc-jordans-diesel-and-automotive-truck-shop-henderson.html,https://www.i40breakdown.com/shop-nc-jordans-diesel-and-automotive-truck-shop-henderson.html
NC,North Wilkesboro,JR’s Truck & Trailer Repair,shop-nc-jr-s-truck-trailer-repair-north-wilkesboro.html,https://www.i40breakdown.com/shop-nc-jr-s-truck-trailer-repair-north-wilkesboro.html
NC,Winston-Salem,Justin’s Mobile Mechanic service,shop-nc-justin-s-mobile-mechanic-service-winston-salem.html,https://www.i40breakdown.com/shop-nc-justin-s-mobile-mechanic-service-winston-salem.html
NC,Durham,JWM Truck And Trailer Repair,shop-nc-jwm-truck-and-trailer-repair-durham.html,https://www.i40breakdown.com/shop-nc-jwm-truck-and-trailer-repair-durham.html
NC,Mebane,JWM Truck and Trailer Repair,shop-nc-jwm-truck-and-trailer-repair-mebane.html,https://www.i40breakdown.com/shop-nc-jwm-truck-and-trailer-repair-mebane.html
NC,Wilmington,Kennedy Automotive Services,shop-nc-kennedy-automotive-services-wilmington.html,https://www.i40breakdown.com/shop-nc-kennedy-automotive-services-wilmington.html
NC,Roanoke Rapids,Lake Valley Customs RV/Camper,shop-nc-lake-valley-customs-rv-camper-roanoke-rapids.html,https://www.i40breakdown.com/shop-nc-lake-valley-customs-rv-camper-roanoke-rapids.html
NC,Greensboro,Leonard Truck Outfitters,shop-nc-leonard-truck-outfitters-greensboro.html,https://www.i40breakdown.com/shop-nc-leonard-truck-outfitters-greensboro.html
NC,Statesville,Leonard Truck Outfitters,shop-nc-leonard-truck-outfitters-statesville.html,https://www.i40breakdown.com/shop-nc-leonard-truck-outfitters-statesville.html
NC,Wilmington,Leonard Truck Outfitters,shop-nc-leonard-truck-outfitters-wilmington.html,https://www.i40breakdown.com/shop-nc-leonard-truck-outfitters-wilmington.html
NC,Winston-Salem,Leonard Truck Outfitters,shop-nc-leonard-truck-outfitters-winston-salem.html,https://www.i40breakdown.com/shop-nc-leonard-truck-outfitters-winston-salem.html
NC,Wilmington,Lighthouse Marine & Trailer Supply,shop-nc-lighthouse-marine-trailer-supply-wilmington.html,https://www.i40breakdown.com/shop-nc-lighthouse-marine-trailer-supply-wilmington.html
NC,Raleigh,Lilley International Service Center,shop-nc-lilley-international-service-center-raleigh.html,https://www.i40breakdown.com/shop-nc-lilley-international-service-center-raleigh.html
NC,Raleigh,Maaco Auto Body Shop & Painting,shop-nc-maaco-auto-body-shop-painting-raleigh.html,https://www.i40breakdown.com/shop-nc-maaco-auto-body-shop-painting-raleigh.html
NC,Wilmington,Matthews Motors Truck Center of Wilmington,shop-nc-matthews-motors-truck-center-of-wilmington-wilmington.html,https://www.i40breakdown.com/shop-nc-matthews-motors-truck-center-of-wilmington-wilmington.html
NC,Marion,McCurry's Diesel Roadside Repair LLC,shop-nc-mccurry-s-diesel-roadside-repair-llc-marion.html,https://www.i40breakdown.com/shop-nc-mccurry-s-diesel-roadside-repair-llc-marion.html
NC,Raleigh,Melex Fuel Injection Systems,shop-nc-melex-fuel-injection-systems-raleigh.html,https://www.i40breakdown.com/shop-nc-melex-fuel-injection-systems-raleigh.html
NC,Raleigh,Mission Valley Service Station,shop-nc-mission-valley-service-station-raleigh.html,https://www.i40breakdown.com/shop-nc-mission-valley-service-station-raleigh.html
NC,Raleigh,MJ Brothers Auto & Truck Repair,shop-nc-mj-brothers-auto-truck-repair-raleigh.html,https://www.i40breakdown.com/shop-nc-mj-brothers-auto-truck-repair-raleigh.html
NC,Youngsville,MJ Truck and Trailer Repair,shop-nc-mj-truck-and-trailer-repair-youngsville.html,https://www.i40breakdown.com/shop-nc-mj-truck-and-trailer-repair-youngsville.html
NC,Rocky Point,Mobile Automotive Repairs,shop-nc-mobile-automotive-repairs-rocky-point.html,https://www.i40breakdown.com/shop-nc-mobile-automotive-repairs-rocky-point.html
NC,Wilmington,Mobile Boat Trailer Repair,shop-nc-mobile-boat-trailer-repair-wilmington.html,https://www.i40breakdown.com/shop-nc-mobile-boat-trailer-repair-wilmington.html
NC,Greensboro,Mobile Mechanic of Greensboro,shop-nc-mobile-mechanic-of-greensboro-greensboro.html,https://www.i40breakdown.com/shop-nc-mobile-mechanic-of-greensboro-greensboro.html
NC,Statesville,Mobile Mechanic of Statesville,shop-nc-mobile-mechanic-of-statesville-statesville.html,https://www.i40breakdown.com/shop-nc-mobile-mechanic-of-statesville-statesville.html
NC,Winston-Salem,Mobile Mechanic Winston Salem,shop-nc-mobile-mechanic-winston-salem-winston-salem.html,https://www.i40breakdown.com/shop-nc-mobile-mechanic-winston-salem-winston-salem.html
NC,Greensboro,mobile mechanical service,shop-nc-mobile-mechanical-service-greensboro.html,https://www.i40breakdown.com/shop-nc-mobile-mechanical-service-greensboro.html
NC,Winston-Salem,Modern Mobile Mechanic and bodywork,shop-nc-modern-mobile-mechanic-and-bodywork-winston-salem.html,https://www.i40breakdown.com/shop-nc-modern-mobile-mechanic-and-bodywork-winston-salem.html
NC,Wilmington,"Monkey Junction Marine, *now Watson's Welding",shop-nc-monkey-junction-marine-now-watson-s-welding-wilmington.html,https://www.i40breakdown.com/shop-nc-monkey-junction-marine-now-watson-s-welding-wilmington.html
NC,Winston-Salem,Morningside Garage LLC,shop-nc-morningside-garage-llc-winston-salem.html,https://www.i40breakdown.com/shop-nc-morningside-garage-llc-winston-salem.html
NC,Greensboro,Motion Trailer Worx - Sales/Service/Repair and Parts (Greensboro),shop-nc-motion-trailer-worx-sales-service-repair-and-parts-greensboro-greensboro.html,https://www.i40breakdown.com/shop-nc-motion-trailer-worx-sales-service-repair-and-parts-greensboro-greensboro.html
NC,Hendersonville,Mountain Diesel & Heavy Equipment Repair,shop-nc-mountain-diesel-heavy-equipment-repair-hendersonville.html,https://www.i40breakdown.com/shop-nc-mountain-diesel-heavy-equipment-repair-hendersonville.html
NC,Asheville,Mountain Trailer Ventures,shop-nc-mountain-trailer-ventures-asheville.html,https://www.i40breakdown.com/shop-nc-mountain-trailer-ventures-asheville.html
NC,Asheville,Mountain View Tire & Service,shop-nc-mountain-view-tire-service-asheville.html,https://www.i40breakdown.com/shop-nc-mountain-view-tire-service-asheville.html
NC,Wilmington,Mr.Wilmington Mobile Mechanic,shop-nc-mr-wilmington-mobile-mechanic-wilmington.html,https://www.i40breakdown.com/shop-nc-mr-wilmington-mobile-mechanic-wilmington.html
NC,Durham,"National Fleet Management, Inc.",shop-nc-national-fleet-management-inc-durham.html,https://www.i40breakdown.com/shop-nc-national-fleet-management-inc-durham.html
NC,Greensboro,"National Fleet Management, Inc.",shop-nc-national-fleet-management-inc-greensboro.html,https://www.i40breakdown.com/shop-nc-national-fleet-management-inc-greensboro.html
NC,Statesville,"National Fleet Management, Inc.",shop-nc-national-fleet-management-inc-statesville.html,https://www.i40breakdown.com/shop-nc-national-fleet-management-inc-statesville.html
NC,Lincolnton,NC Diesel Performance Truck Repair,shop-nc-nc-diesel-performance-truck-repair-lincolnton.html,https://www.i40breakdown.com/shop-nc-nc-diesel-performance-truck-repair-lincolnton.html
NC,Winston-Salem,NC Trailers of Winston-Salem,shop-nc-nc-trailers-of-winston-salem-winston-salem.html,https://www.i40breakdown.com/shop-nc-nc-trailers-of-winston-salem-winston-salem.html
NC,Raleigh,Nick's Towing & roadside (( we buy cars running or not )),shop-nc-nick-s-towing-roadside-we-buy-cars-running-or-not-raleigh.html,https://www.i40breakdown.com/shop-nc-nick-s-towing-roadside-we-buy-cars-running-or-not-raleigh.html
NC,Lexington,North Davidson Automotive,shop-nc-north-davidson-automotive-lexington.html,https://www.i40breakdown.com/shop-nc-north-davidson-automotive-lexington.html
NC,Winston-Salem,"North Point Motors, Inc.",shop-nc-north-point-motors-inc-winston-salem.html,https://www.i40breakdown.com/shop-nc-north-point-motors-inc-winston-salem.html
NC,Wilmington,North State Street Management,shop-nc-north-state-street-management-wilmington.html,https://www.i40breakdown.com/shop-nc-north-state-street-management-wilmington.html
NC,Dobson,Northwest Carolina Truck & Trailer Repair,shop-nc-northwest-carolina-truck-trailer-repair-dobson.html,https://www.i40breakdown.com/shop-nc-northwest-carolina-truck-trailer-repair-dobson.html
NC,Asheville,Olen Hensley Automotive Inc.,shop-nc-olen-hensley-automotive-inc-asheville.html,https://www.i40breakdown.com/shop-nc-olen-hensley-automotive-inc-asheville.html
NC,Stokesdale,Oliver Diesel & Auto Repair,shop-nc-oliver-diesel-auto-repair-stokesdale.html,https://www.i40breakdown.com/shop-nc-oliver-diesel-auto-repair-stokesdale.html
NC,Winston-Salem,Omer Mechanic and Bodywork,shop-nc-omer-mechanic-and-bodywork-winston-salem.html,https://www.i40breakdown.com/shop-nc-omer-mechanic-and-bodywork-winston-salem.html
NC,Raleigh,Onsite Raleigh Mobile Mechanic,shop-nc-onsite-raleigh-mobile-mechanic-raleigh.html,https://www.i40breakdown.com/shop-nc-onsite-raleigh-mobile-mechanic-raleigh.html
NC,King,Overby's Truck and Trailer Repair - Mobile Mechanic,shop-nc-overby-s-truck-and-trailer-repair-mobile-mechanic-king.html,https://www.i40breakdown.com/shop-nc-overby-s-truck-and-trailer-repair-mobile-mechanic-king.html
NC,Greensboro,Owensby (Trailer-Hitch-Center),shop-nc-owensby-trailer-hitch-center-greensboro.html,https://www.i40breakdown.com/shop-nc-owensby-trailer-hitch-center-greensboro.html
NC,Greensboro,Parrish Automotive Repair & Maintenance,shop-nc-parrish-automotive-repair-maintenance-greensboro.html,https://www.i40breakdown.com/shop-nc-parrish-automotive-repair-maintenance-greensboro.html
NC,Statesville,Parrish Truck Tire Center,shop-nc-parrish-truck-tire-center-statesville.html,https://www.i40breakdown.com/shop-nc-parrish-truck-tire-center-statesville.html
NC,Winston-Salem,Parrish Truck Tire Center,shop-nc-parrish-truck-tire-center-winston-salem.html,https://www.i40breakdown.com/shop-nc-parrish-truck-tire-center-winston-salem.html
NC,Winston-Salem,Pat's Body Shop & Towing,shop-nc-pat-s-body-shop-towing-winston-salem.html,https://www.i40breakdown.com/shop-nc-pat-s-body-shop-towing-winston-salem.html
NC,Fuquay-Varina,Patriot Mobile RV Repair LLC,shop-nc-patriot-mobile-rv-repair-llc-fuquay-varina.html,https://www.i40breakdown.com/shop-nc-patriot-mobile-rv-repair-llc-fuquay-varina.html
NC,Raleigh,Pep Boys Auto Service & Tires,shop-nc-pep-boys-auto-service-tires-raleigh.html,https://www.i40breakdown.com/shop-nc-pep-boys-auto-service-tires-raleigh.html
NC,Browns Summit,Piedmont Performance Diesel & Off-Road,shop-nc-piedmont-performance-diesel-off-road-browns-summit.html,https://www.i40breakdown.com/shop-nc-piedmont-performance-diesel-off-road-browns-summit.html
NC,Wilmington,Pinnacle Trailer Sales Inc,shop-nc-pinnacle-trailer-sales-inc-wilmington.html,https://www.i40breakdown.com/shop-nc-pinnacle-trailer-sales-inc-wilmington.html
NC,Hendersonville,Pisgah Truck and Trailer Repair,shop-nc-pisgah-truck-and-trailer-repair-hendersonville.html,https://www.i40breakdown.com/shop-nc-pisgah-truck-and-trailer-repair-hendersonville.html
NC,Greensboro,Powerhouse Diesel and Automotive,shop-nc-powerhouse-diesel-and-automotive-greensboro.html,https://www.i40breakdown.com/shop-nc-powerhouse-diesel-and-automotive-greensboro.html
NC,Winston-Salem,"Premier RV Services and Inspections, LLC",shop-nc-premier-rv-services-and-inspections-llc-winston-salem.html,https://www.i40breakdown.com/shop-nc-premier-rv-services-and-inspections-llc-winston-salem.html
NC,Raleigh,Prime Time Mobile Detailing,shop-nc-prime-time-mobile-detailing-raleigh.html,https://www.i40breakdown.com/shop-nc-prime-time-mobile-detailing-raleigh.html
NC,Winston-Salem,Professional Trailer Repair,shop-nc-professional-trailer-repair-winston-salem.html,https://www.i40breakdown.com/shop-nc-professional-trailer-repair-winston-salem.html
NC,Raleigh,Proficient A+ Mobile Mechanics,shop-nc-proficient-a-mobile-mechanics-raleigh.html,https://www.i40breakdown.com/shop-nc-proficient-a-mobile-mechanics-raleigh.html
NC,Kernersville,Pryor's Diesel Service,shop-nc-pryor-s-diesel-service-kernersville.html,https://www.i40breakdown.com/shop-nc-pryor-s-diesel-service-kernersville.html
NC,Zebulon,"Quality Mobile Auto Repair, LLC",shop-nc-quality-mobile-auto-repair-llc-zebulon.html,https://www.i40breakdown.com/shop-nc-quality-mobile-auto-repair-llc-zebulon.html
NC,Belville,Quick Fix Of North Carolina,shop-nc-quick-fix-of-north-carolina-belville.html,https://www.i40breakdown.com/shop-nc-quick-fix-of-north-carolina-belville.html
NC,High Point,R&S auto diesel truck repair.,shop-nc-r-s-auto-diesel-truck-repair-high-point.html,https://www.i40breakdown.com/shop-nc-r-s-auto-diesel-truck-repair-high-point.html
NC,Lewisville,R V Performance Specialist,shop-nc-r-v-performance-specialist-lewisville.html,https://www.i40breakdown.com/shop-nc-r-v-performance-specialist-lewisville.html
NC,Wake Forest,Raleigh Auto Electrical & Diagnostics,shop-nc-raleigh-auto-electrical-diagnostics-wake-forest.html,https://www.i40breakdown.com/shop-nc-raleigh-auto-electrical-diagnostics-wake-forest.html
NC,Raleigh,Raleigh On-Site Truck Repair,shop-nc-raleigh-on-site-truck-repair-raleigh.html,https://www.i40breakdown.com/shop-nc-raleigh-on-site-truck-repair-raleigh.html
NC,Raleigh,Raleigh Super Mobile Truck Repair,shop-nc-raleigh-super-mobile-truck-repair-raleigh.html,https://www.i40breakdown.com/shop-nc-raleigh-super-mobile-truck-repair-raleigh.html
NC,Statesville,Ramsey Mobile Affordable Services LLC,shop-nc-ramsey-mobile-affordable-services-llc-statesville.html,https://www.i40breakdown.com/shop-nc-ramsey-mobile-affordable-services-llc-statesville.html
NC,Statesville,"Randy Marion Ford Lincoln, LLC Lincoln Service",shop-nc-randy-marion-ford-lincoln-llc-lincoln-service-statesville.html,https://www.i40breakdown.com/shop-nc-randy-marion-ford-lincoln-llc-lincoln-service-statesville.html
NC,Winston-Salem,Rattle & Hum Automotive,shop-nc-rattle-hum-automotive-winston-salem.html,https://www.i40breakdown.com/shop-nc-rattle-hum-automotive-winston-salem.html
NC,Asheville,Reese Wheel And Tire /Reece Tire Deals,shop-nc-reese-wheel-and-tire-reece-tire-deals-asheville.html,https://www.i40breakdown.com/shop-nc-reese-wheel-and-tire-reece-tire-deals-asheville.html
NC,Raleigh,Reggie's Mobile Jumpstart Services,shop-nc-reggie-s-mobile-jumpstart-services-raleigh.html,https://www.i40breakdown.com/shop-nc-reggie-s-mobile-jumpstart-services-raleigh.html
NC,Asheville,Rice's Towing & Recovery Inc,shop-nc-rice-s-towing-recovery-inc-asheville.html,https://www.i40breakdown.com/shop-nc-rice-s-towing-recovery-inc-asheville.html
NC,Raleigh,Rockside Tire Sales & Services,shop-nc-rockside-tire-sales-services-raleigh.html,https://www.i40breakdown.com/shop-nc-rockside-tire-sales-services-raleigh.html
NC,Burlington,Rudy's Performance Parts,shop-nc-rudy-s-performance-parts-burlington.html,https://www.i40breakdown.com/shop-nc-rudy-s-performance-parts-burlington.html
NC,Raleigh,Russ’ Trailer Repair -Raleigh,shop-nc-russ-trailer-repair-raleigh-raleigh.html,https://www.i40breakdown.com/shop-nc-russ-trailer-repair-raleigh-raleigh.html
NC,Greensboro,RV Glass Repair Services,shop-nc-rv-glass-repair-services-greensboro.html,https://www.i40breakdown.com/shop-nc-rv-glass-repair-services-greensboro.html
NC,Selma,RV Repair and Service Center at Campers Inn RV of Raleigh,shop-nc-rv-repair-and-service-center-at-campers-inn-rv-of-raleigh-selma.html,https://www.i40breakdown.com/shop-nc-rv-repair-and-service-center-at-campers-inn-rv-of-raleigh-selma.html
NC,Kernersville,RV Specialist of the Triad LLC,shop-nc-rv-specialist-of-the-triad-llc-kernersville.html,https://www.i40breakdown.com/shop-nc-rv-specialist-of-the-triad-llc-kernersville.html
NC,Rural Hall,RVRX Mobile RV Repair LLC,shop-nc-rvrx-mobile-rv-repair-llc-rural-hall.html,https://www.i40breakdown.com/shop-nc-rvrx-mobile-rv-repair-llc-rural-hall.html
NC,Salisbury,Salisbury Truck & Trailer Repair,shop-nc-salisbury-truck-trailer-repair-salisbury.html,https://www.i40breakdown.com/shop-nc-salisbury-truck-trailer-repair-salisbury.html
NC,Burlington,Shotwell's Mobile Trailer Rpr,shop-nc-shotwell-s-mobile-trailer-rpr-burlington.html,https://www.i40breakdown.com/shop-nc-shotwell-s-mobile-trailer-rpr-burlington.html
NC,Colfax,SMR Diesel Repair & Transmissions,shop-nc-smr-diesel-repair-transmissions-colfax.html,https://www.i40breakdown.com/shop-nc-smr-diesel-repair-transmissions-colfax.html
NC,Winston-Salem,Snider Fleet Solutions,shop-nc-snider-fleet-solutions-winston-salem.html,https://www.i40breakdown.com/shop-nc-snider-fleet-solutions-winston-salem.html
NC,Garner,"Southeast Utility Trailer, LLC",shop-nc-southeast-utility-trailer-llc-garner.html,https://www.i40breakdown.com/shop-nc-southeast-utility-trailer-llc-garner.html
NC,Statesville,"Southeast Utility Trailer, LLC",shop-nc-southeast-utility-trailer-llc-statesville.html,https://www.i40breakdown.com/shop-nc-southeast-utility-trailer-llc-statesville.html
NC,Winston-Salem,Southern Raines Customs Welding & Metal Fabrication,shop-nc-southern-raines-customs-welding-metal-fabrication-winston-salem.html,https://www.i40breakdown.com/shop-nc-southern-raines-customs-welding-metal-fabrication-winston-salem.html
NC,Wilmington,"Specialized Mechanical Services, Inc",shop-nc-specialized-mechanical-services-inc-wilmington.html,https://www.i40breakdown.com/shop-nc-specialized-mechanical-services-inc-wilmington.html
NC,Raleigh,Spiffy Brothers Trailer Rentals,shop-nc-spiffy-brothers-trailer-rentals-raleigh.html,https://www.i40breakdown.com/shop-nc-spiffy-brothers-trailer-rentals-raleigh.html
NC,Statesville,Statesville Truck Trailer,shop-nc-statesville-truck-trailer-statesville.html,https://www.i40breakdown.com/shop-nc-statesville-truck-trailer-statesville.html
NC,Greensboro,Statewide Trailer Alignment Frame,shop-nc-statewide-trailer-alignment-frame-greensboro.html,https://www.i40breakdown.com/shop-nc-statewide-trailer-alignment-frame-greensboro.html
NC,Greensboro,Strickland Brothers 10 Minute Oil Change,shop-nc-strickland-brothers-10-minute-oil-change-greensboro.html,https://www.i40breakdown.com/shop-nc-strickland-brothers-10-minute-oil-change-greensboro.html
NC,Winston-Salem,Strickland Brothers 10 Minute Oil Change,shop-nc-strickland-brothers-10-minute-oil-change-winston-salem-2.html,https://www.i40breakdown.com/shop-nc-strickland-brothers-10-minute-oil-change-winston-salem-2.html
NC,Winston-Salem,Strickland Brothers 10 Minute Oil Change,shop-nc-strickland-brothers-10-minute-oil-change-winston-salem.html,https://www.i40breakdown.com/shop-nc-strickland-brothers-10-minute-oil-change-winston-salem.html
NC,Wilson,Strickland's Diesel Services,shop-nc-strickland-s-diesel-services-wilson.html,https://www.i40breakdown.com/shop-nc-strickland-s-diesel-services-wilson.html
NC,High Point,Styline Diesel Service Center,shop-nc-styline-diesel-service-center-high-point.html,https://www.i40breakdown.com/shop-nc-styline-diesel-service-center-high-point.html
NC,Lexington,"Superior Trailer Solutions, Inc.",shop-nc-superior-trailer-solutions-inc-lexington.html,https://www.i40breakdown.com/shop-nc-superior-trailer-solutions-inc-lexington.html
NC,Durham,Tactical Truck Repair & Towing,shop-nc-tactical-truck-repair-towing-durham.html,https://www.i40breakdown.com/shop-nc-tactical-truck-repair-towing-durham.html
NC,Pilot Mountain,"Tar Heel Mobile RV Service ,LLC",shop-nc-tar-heel-mobile-rv-service-llc-pilot-mountain.html,https://www.i40breakdown.com/shop-nc-tar-heel-mobile-rv-service-llc-pilot-mountain.html
NC,Raleigh,TCA Automotive Mobile Mechanic,shop-nc-tca-automotive-mobile-mechanic-raleigh.html,https://www.i40breakdown.com/shop-nc-tca-automotive-mobile-mechanic-raleigh.html
NC,Greensboro,Terry Labonte RV Service,shop-nc-terry-labonte-rv-service-greensboro.html,https://www.i40breakdown.com/shop-nc-terry-labonte-rv-service-greensboro.html
NC,Lexington,Tesh & Sons Trailer Manufacturing,shop-nc-tesh-sons-trailer-manufacturing-lexington.html,https://www.i40breakdown.com/shop-nc-tesh-sons-trailer-manufacturing-lexington.html
NC,Greensboro,THE BRAKEMASTER MOBILE AUTO REPAIR,shop-nc-the-brakemaster-mobile-auto-repair-greensboro.html,https://www.i40breakdown.com/shop-nc-the-brakemaster-mobile-auto-repair-greensboro.html
NC,Wilmington,"The Car Guys - Wilmington, NC - Auto Repair",shop-nc-the-car-guys-wilmington-nc-auto-repair-wilmington.html,https://www.i40breakdown.com/shop-nc-the-car-guys-wilmington-nc-auto-repair-wilmington.html
NC,Asheville,The Peterbilt Store - Asheville,shop-nc-the-peterbilt-store-asheville-asheville.html,https://www.i40breakdown.com/shop-nc-the-peterbilt-store-asheville-asheville.html
NC,Winston-Salem,"The Trailer Source, Inc.",shop-nc-the-trailer-source-inc-winston-salem.html,https://www.i40breakdown.com/shop-nc-the-trailer-source-inc-winston-salem.html
NC,Thomasville,Thomasville Diesel Truck Service,shop-nc-thomasville-diesel-truck-service-thomasville.html,https://www.i40breakdown.com/shop-nc-thomasville-diesel-truck-service-thomasville.html
NC,Greensboro,Thompson Diesel Truck Repair and Towing,shop-nc-thompson-diesel-truck-repair-and-towing-greensboro.html,https://www.i40breakdown.com/shop-nc-thompson-diesel-truck-repair-and-towing-greensboro.html
NC,Castle Hayne,Tidewater Fleet Maintenance LLC,shop-nc-tidewater-fleet-maintenance-llc-castle-hayne.html,https://www.i40breakdown.com/shop-nc-tidewater-fleet-maintenance-llc-castle-hayne.html
NC,Durham,Tidewater Marine and Truck 24hour mobile,shop-nc-tidewater-marine-and-truck-24hour-mobile-durham.html,https://www.i40breakdown.com/shop-nc-tidewater-marine-and-truck-24hour-mobile-durham.html
NC,Wilmington,Tim's Mobile Mechanic Service,shop-nc-tim-s-mobile-mechanic-service-wilmington.html,https://www.i40breakdown.com/shop-nc-tim-s-mobile-mechanic-service-wilmington.html
NC,High Point,Tire Service By JLM Diesel Truck LLC,shop-nc-tire-service-by-jlm-diesel-truck-llc-high-point.html,https://www.i40breakdown.com/shop-nc-tire-service-by-jlm-diesel-truck-llc-high-point.html
NC,Durham,Tire Solutions | Durham Commercial Tire Shop,shop-nc-tire-solutions-durham-commercial-tire-shop-durham.html,https://www.i40breakdown.com/shop-nc-tire-solutions-durham-commercial-tire-shop-durham.html
NC,Winston-Salem,Tito’s Car Care Center,shop-nc-tito-s-car-care-center-winston-salem.html,https://www.i40breakdown.com/shop-nc-tito-s-car-care-center-winston-salem.html
NC,Lincolnton,TRAILER AND DIESEL REPAIR,shop-nc-trailer-and-diesel-repair-lincolnton.html,https://www.i40breakdown.com/shop-nc-trailer-and-diesel-repair-lincolnton.html
NC,Winston-Salem,Trailer Rental at U-Haul,shop-nc-trailer-rental-at-u-haul-winston-salem.html,https://www.i40breakdown.com/shop-nc-trailer-rental-at-u-haul-winston-salem.html
NC,Winston-Salem,"Trailer Source Repair, Inc.",shop-nc-trailer-source-repair-inc-winston-salem.html,https://www.i40breakdown.com/shop-nc-trailer-source-repair-inc-winston-salem.html
NC,Colfax,TranSource Truck & Trailer Centers: NC,shop-nc-transource-truck-trailer-centers-nc-colfax.html,https://www.i40breakdown.com/shop-nc-transource-truck-trailer-centers-nc-colfax.html
NC,Raleigh,TranSource Truck & Trailer Centers,shop-nc-transource-truck-trailer-centers-raleigh.html,https://www.i40breakdown.com/shop-nc-transource-truck-trailer-centers-raleigh.html
NC,Rocky Point,TranSource Trucks- Wilmington,shop-nc-transource-trucks-wilmington-rocky-point.html,https://www.i40breakdown.com/shop-nc-transource-trucks-wilmington-rocky-point.html
NC,Winston-Salem,Triangle Body Works of the Piedmont LLC,shop-nc-triangle-body-works-of-the-piedmont-llc-winston-salem.html,https://www.i40breakdown.com/shop-nc-triangle-body-works-of-the-piedmont-llc-winston-salem.html
NC,Fuquay-Varina,Triangle RV Repair LLC,shop-nc-triangle-rv-repair-llc-fuquay-varina.html,https://www.i40breakdown.com/shop-nc-triangle-rv-repair-llc-fuquay-varina.html
NC,Candler,Truck to Trailer | Truck Sales & Parts,shop-nc-truck-to-trailer-truck-sales-parts-candler.html,https://www.i40breakdown.com/shop-nc-truck-to-trailer-truck-sales-parts-candler.html
NC,Candler,TRUCK&TRAILER ROADSIDE ASSISTENCE,shop-nc-truck-trailer-roadside-assistence-candler.html,https://www.i40breakdown.com/shop-nc-truck-trailer-roadside-assistence-candler.html
NC,Greensboro,"TruckPro, a FleetPride Company",shop-nc-truckpro-a-fleetpride-company-greensboro.html,https://www.i40breakdown.com/shop-nc-truckpro-a-fleetpride-company-greensboro.html
NC,Wilmington,Trucks of Wilmington Service Department,shop-nc-trucks-of-wilmington-service-department-wilmington.html,https://www.i40breakdown.com/shop-nc-trucks-of-wilmington-service-department-wilmington.html
NC,Wilmington,Twisted Metal Towing Service Inc.,shop-nc-twisted-metal-towing-service-inc-wilmington.html,https://www.i40breakdown.com/shop-nc-twisted-metal-towing-service-inc-wilmington.html
NC,Asheville,U-Haul Moving & Storage of E Asheville,shop-nc-u-haul-moving-storage-of-e-asheville-asheville.html,https://www.i40breakdown.com/shop-nc-u-haul-moving-storage-of-e-asheville-asheville.html
NC,Asheville,U-Haul Moving & Storage of South Asheville,shop-nc-u-haul-moving-storage-of-south-asheville-asheville.html,https://www.i40breakdown.com/shop-nc-u-haul-moving-storage-of-south-asheville-asheville.html
NC,Statesville,Ultimate Towing & Recovery,shop-nc-ultimate-towing-recovery-statesville.html,https://www.i40breakdown.com/shop-nc-ultimate-towing-recovery-statesville.html
NC,Greensboro,US Truck & Trailer Sales Inc,shop-nc-us-truck-trailer-sales-inc-greensboro.html,https://www.i40breakdown.com/shop-nc-us-truck-trailer-sales-inc-greensboro.html
NC,Winston-Salem,Warren Transmissions & Auto,shop-nc-warren-transmissions-auto-winston-salem.html,https://www.i40breakdown.com/shop-nc-warren-transmissions-auto-winston-salem.html
NC,Winston-Salem,Webber Off-Road & Diesel Performance,shop-nc-webber-off-road-diesel-performance-winston-salem.html,https://www.i40breakdown.com/shop-nc-webber-off-road-diesel-performance-winston-salem.html
NC,Winston-Salem,WELCOME TO GOLDEN DREAMS HORSE TRAILER SALES,shop-nc-welcome-to-golden-dreams-horse-trailer-sales-winston-salem.html,https://www.i40breakdown.com/shop-nc-welcome-to-golden-dreams-horse-trailer-sales-winston-salem.html
NC,Wendell,Wheel Works (Mobile Trailer Repair Shop),shop-nc-wheel-works-mobile-trailer-repair-shop-wendell.html,https://www.i40breakdown.com/shop-nc-wheel-works-mobile-trailer-repair-shop-wendell.html
NC,Winston-Salem,Whiteheart and Sons Towing & Recovery,shop-nc-whiteheart-and-sons-towing-recovery-winston-salem.html,https://www.i40breakdown.com/shop-nc-whiteheart-and-sons-towing-recovery-winston-salem.html
NC,Winston-Salem,Whiteheart & Sons Co. Auto Service Center LLC,shop-nc-whiteheart-sons-co-auto-service-center-llc-winston-salem.html,https://www.i40breakdown.com/shop-nc-whiteheart-sons-co-auto-service-center-llc-winston-salem.html
NC,Franklinton,Will Jrs mobile truck repair,shop-nc-will-jrs-mobile-truck-repair-franklinton.html,https://www.i40breakdown.com/shop-nc-will-jrs-mobile-truck-repair-franklinton.html
NC,Wilmington,Wilmington Mobile Truck Repair Services,shop-nc-wilmington-mobile-truck-repair-services-wilmington.html,https://www.i40breakdown.com/shop-nc-wilmington-mobile-truck-repair-services-wilmington.html
NC,Wilmington,Wilmington On-Site Truck Mechanic,shop-nc-wilmington-on-site-truck-mechanic-wilmington.html,https://www.i40breakdown.com/shop-nc-wilmington-on-site-truck-mechanic-wilmington.html
NC,Winston-Salem,Winston-Salem Mobile Auto Repair,shop-nc-winston-salem-mobile-auto-repair-winston-salem.html,https://www.i40breakdown.com/shop-nc-winston-salem-mobile-auto-repair-winston-salem.html
NC,Winston-Salem,Winston-Salem Mobile Truck Repair,shop-nc-winston-salem-mobile-truck-repair-winston-salem.html,https://www.i40breakdown.com/shop-nc-winston-salem-mobile-truck-repair-winston-salem.html
NC,Winston-Salem,Winston-Salem OnSite Truck Repair,shop-nc-winston-salem-onsite-truck-repair-winston-salem.html,https://www.i40breakdown.com/shop-nc-winston-salem-onsite-truck-repair-winston-salem.html
NC,Statesville,Wompn Diesel Mobile Diesel Service,shop-nc-wompn-diesel-mobile-diesel-service-statesville.html,https://www.i40breakdown.com/shop-nc-wompn-diesel-mobile-diesel-service-statesville.html
NC,Winston-Salem,"Worldwide Auto Body 2 Marine, RV and Heavy Commercial",shop-nc-worldwide-auto-body-2-marine-rv-and-heavy-commercial-winston-salem.html,https://www.i40breakdown.com/shop-nc-worldwide-auto-body-2-marine-rv-and-heavy-commercial-winston-salem.html
NC,Raleigh,Youngblood's Performance Auto,shop-nc-youngblood-s-performance-auto-raleigh.html,https://www.i40breakdown.com/shop-nc-youngblood-s-performance-auto-raleigh.html
NC,Burlington,Youngs discount auto mobile mechanics,shop-nc-youngs-discount-auto-mobile-mechanics-burlington.html,https://www.i40breakdown.com/shop-nc-youngs-discount-auto-mobile-mechanics-burlington.html
?,?,(no state-page data),shop-nj-atlantic-mobile-rv-repair-services-lincroft.html,https://www.i40breakdown.com/shop-nj-atlantic-mobile-rv-repair-services-lincroft.html
?,?,(no state-page data),shop-nj-fix-it-all-trailer-repair-north-brunswick-township.html,https://www.i40breakdown.com/shop-nj-fix-it-all-trailer-repair-north-brunswick-township.html
NM,Albuquerque,2 Men & A Wrench Complete Auto Service & Emissions Testing,shop-nm-2-men-a-wrench-complete-auto-service-emissions-testing-albuquerque.html,https://www.i40breakdown.com/shop-nm-2-men-a-wrench-complete-auto-service-emissions-testing-albuquerque.html
NM,Clovis,24/7 mobile mechanic service,shop-nm-24-7-mobile-mechanic-service-clovis.html,https://www.i40breakdown.com/shop-nm-24-7-mobile-mechanic-service-clovis.html
NM,Albuquerque,360 Mobile Tire services of New Mexico,shop-nm-360-mobile-tire-services-of-new-mexico-albuquerque.html,https://www.i40breakdown.com/shop-nm-360-mobile-tire-services-of-new-mexico-albuquerque.html
NM,Tucumcari,"4 J's Towing & Recovery Services, LLC",shop-nm-4-j-s-towing-recovery-services-llc-tucumcari.html,https://www.i40breakdown.com/shop-nm-4-j-s-towing-recovery-services-llc-tucumcari.html
NM,Gallup,505 TRUCK SERVICE LLC AND ROAD SERVICE,shop-nm-505-truck-service-llc-and-road-service-gallup.html,https://www.i40breakdown.com/shop-nm-505-truck-service-llc-and-road-service-gallup.html
NM,Milan,505 TRUCK SERVICE LLC AND ROAD SERVICE,shop-nm-505-truck-service-llc-and-road-service-milan.html,https://www.i40breakdown.com/shop-nm-505-truck-service-llc-and-road-service-milan.html
NM,Albuquerque,A&F mobile heavy duty repair & Heavy Duty Towing,shop-nm-a-f-mobile-heavy-duty-repair-heavy-duty-towing-albuquerque.html,https://www.i40breakdown.com/shop-nm-a-f-mobile-heavy-duty-repair-heavy-duty-towing-albuquerque.html
NM,Gallup,A-J Tires & Auto Center Tire Pros,shop-nm-a-j-tires-auto-center-tire-pros-gallup.html,https://www.i40breakdown.com/shop-nm-a-j-tires-auto-center-tire-pros-gallup.html
NM,Albuquerque,A1 Mobile Tire Service LLC,shop-nm-a1-mobile-tire-service-llc-albuquerque.html,https://www.i40breakdown.com/shop-nm-a1-mobile-tire-service-llc-albuquerque.html
NM,Albuquerque,AAASAP Auto & Truck Repair,shop-nm-aaasap-auto-truck-repair-albuquerque.html,https://www.i40breakdown.com/shop-nm-aaasap-auto-truck-repair-albuquerque.html
NM,Albuquerque,ABQ Fleet Auto Services,shop-nm-abq-fleet-auto-services-albuquerque.html,https://www.i40breakdown.com/shop-nm-abq-fleet-auto-services-albuquerque.html
NM,Albuquerque,ABQ Mobile Truck and Trailer Repair,shop-nm-abq-mobile-truck-and-trailer-repair-albuquerque-2.html,https://www.i40breakdown.com/shop-nm-abq-mobile-truck-and-trailer-repair-albuquerque-2.html
NM,Albuquerque,ABQ Mobile Truck and Trailer Repair,shop-nm-abq-mobile-truck-and-trailer-repair-albuquerque.html,https://www.i40breakdown.com/shop-nm-abq-mobile-truck-and-trailer-repair-albuquerque.html
NM,Gallup,"Ace Truck Service, Inc.; Diesel, Truck, Trailer, RV, Mobile Repairs",shop-nm-ace-truck-service-inc-diesel-truck-trailer-rv-mobile-repairs-gallup.html,https://www.i40breakdown.com/shop-nm-ace-truck-service-inc-diesel-truck-trailer-rv-mobile-repairs-gallup.html
NM,Bosque Farms,Action RV Specialist Inc,shop-nm-action-rv-specialist-inc-bosque-farms.html,https://www.i40breakdown.com/shop-nm-action-rv-specialist-inc-bosque-farms.html
NM,Albuquerque,Advanced Diesel Performance,shop-nm-advanced-diesel-performance-albuquerque.html,https://www.i40breakdown.com/shop-nm-advanced-diesel-performance-albuquerque.html
NM,Albuquerque,Aiden's Diesel & Auto Repair,shop-nm-aiden-s-diesel-auto-repair-albuquerque.html,https://www.i40breakdown.com/shop-nm-aiden-s-diesel-auto-repair-albuquerque.html
NM,Albuquerque,ALBQ Mobile Truck Repair,shop-nm-albq-mobile-truck-repair-albuquerque.html,https://www.i40breakdown.com/shop-nm-albq-mobile-truck-repair-albuquerque.html
NM,Sandia Park,Albuquerque Axle Surgeons,shop-nm-albuquerque-axle-surgeons-sandia-park.html,https://www.i40breakdown.com/shop-nm-albuquerque-axle-surgeons-sandia-park.html
NM,Albuquerque,Albuquerque Mobile Truck Repair,shop-nm-albuquerque-mobile-truck-repair-albuquerque.html,https://www.i40breakdown.com/shop-nm-albuquerque-mobile-truck-repair-albuquerque.html
NM,Albuquerque,Albuquerque's Best Mobile Mechanic,shop-nm-albuquerque-s-best-mobile-mechanic-albuquerque.html,https://www.i40breakdown.com/shop-nm-albuquerque-s-best-mobile-mechanic-albuquerque.html
NM,Albuquerque,Albuquerque Truck Equipment,shop-nm-albuquerque-truck-equipment-albuquerque.html,https://www.i40breakdown.com/shop-nm-albuquerque-truck-equipment-albuquerque.html
NM,Albuquerque,All H.E.A.R.T Fleet Services LLC - Mobile Diesel Semi Truck/Trailer Repair,shop-nm-all-h-e-a-r-t-fleet-services-llc-mobile-diesel-semi-truck-trailer-repair.html,https://www.i40breakdown.com/shop-nm-all-h-e-a-r-t-fleet-services-llc-mobile-diesel-semi-truck-trailer-repair.html
NM,Tucumcari,All-Rite Towing & Repair Inc,shop-nm-all-rite-towing-repair-inc-tucumcari.html,https://www.i40breakdown.com/shop-nm-all-rite-towing-repair-inc-tucumcari.html
NM,Milan,Alpha Mobile Mechanic Service,shop-nm-alpha-mobile-mechanic-service-milan.html,https://www.i40breakdown.com/shop-nm-alpha-mobile-mechanic-service-milan.html
NM,Gallup,Automotive & Industrial Engine Services,shop-nm-automotive-industrial-engine-services-gallup.html,https://www.i40breakdown.com/shop-nm-automotive-industrial-engine-services-gallup.html
NM,Santa Rosa,Big Rig Truck Service Inc.,shop-nm-big-rig-truck-service-inc-santa-rosa.html,https://www.i40breakdown.com/shop-nm-big-rig-truck-service-inc-santa-rosa.html
NM,Albuquerque,Blue Compass RV Albuquerque Parts & Service Center,shop-nm-blue-compass-rv-albuquerque-parts-service-center-albuquerque.html,https://www.i40breakdown.com/shop-nm-blue-compass-rv-albuquerque-parts-service-center-albuquerque.html
NM,Albuquerque,Brothers Roadside Service,shop-nm-brothers-roadside-service-albuquerque.html,https://www.i40breakdown.com/shop-nm-brothers-roadside-service-albuquerque.html
NM,Gallup,Burloy's Complete Automotive Repair,shop-nm-burloy-s-complete-automotive-repair-gallup.html,https://www.i40breakdown.com/shop-nm-burloy-s-complete-automotive-repair-gallup.html
NM,Albuquerque,By The Book Diesel & Auto Repair,shop-nm-by-the-book-diesel-auto-repair-albuquerque.html,https://www.i40breakdown.com/shop-nm-by-the-book-diesel-auto-repair-albuquerque.html
NM,Albuquerque,Camping World RV Service - Albuquerque,shop-nm-camping-world-rv-service-albuquerque-albuquerque.html,https://www.i40breakdown.com/shop-nm-camping-world-rv-service-albuquerque-albuquerque.html
NM,Albuquerque,Cary's RV Services in Albuquerque,shop-nm-cary-s-rv-services-in-albuquerque-albuquerque.html,https://www.i40breakdown.com/shop-nm-cary-s-rv-services-in-albuquerque-albuquerque.html
NM,Albuquerque,Castillo’s Auto & Diesel Repair LLC,shop-nm-castillo-s-auto-diesel-repair-llc-albuquerque.html,https://www.i40breakdown.com/shop-nm-castillo-s-auto-diesel-repair-llc-albuquerque.html
NM,Albuquerque,Clark Truck Equipment Company Inc.,shop-nm-clark-truck-equipment-company-inc-albuquerque.html,https://www.i40breakdown.com/shop-nm-clark-truck-equipment-company-inc-albuquerque.html
NM,Albuquerque,"Construction Truck Equipment,LLC",shop-nm-construction-truck-equipment-llc-albuquerque.html,https://www.i40breakdown.com/shop-nm-construction-truck-equipment-llc-albuquerque.html
NM,Albuquerque,COSS TRUCK AND TRAILER REPAIR,shop-nm-coss-truck-and-trailer-repair-albuquerque.html,https://www.i40breakdown.com/shop-nm-coss-truck-and-trailer-repair-albuquerque.html
NM,Albuquerque,Cummins Sales and Service,shop-nm-cummins-sales-and-service-albuquerque.html,https://www.i40breakdown.com/shop-nm-cummins-sales-and-service-albuquerque.html
NM,Albuquerque,Dave’s Heavy Duty Collision & Alignment Center,shop-nm-dave-s-heavy-duty-collision-alignment-center-albuquerque.html,https://www.i40breakdown.com/shop-nm-dave-s-heavy-duty-collision-alignment-center-albuquerque.html
NM,Tucumcari,Dhillon & Son Truck/Trailer/Tire Repair + Road Service,shop-nm-dhillon-son-truck-trailer-tire-repair-road-service-tucumcari.html,https://www.i40breakdown.com/shop-nm-dhillon-son-truck-trailer-tire-repair-road-service-tucumcari.html
NM,Albuquerque,Diesel Mobile Repair Services ABQ,shop-nm-diesel-mobile-repair-services-abq-albuquerque.html,https://www.i40breakdown.com/shop-nm-diesel-mobile-repair-services-abq-albuquerque.html
NM,Albuquerque,Duke City Truck and Trailer Repair,shop-nm-duke-city-truck-and-trailer-repair-albuquerque.html,https://www.i40breakdown.com/shop-nm-duke-city-truck-and-trailer-repair-albuquerque.html
NM,Albuquerque,Dylan's Precision Diesel,shop-nm-dylan-s-precision-diesel-albuquerque.html,https://www.i40breakdown.com/shop-nm-dylan-s-precision-diesel-albuquerque.html
NM,Moriarty,Farmboys Diesel and Welding,shop-nm-farmboys-diesel-and-welding-moriarty.html,https://www.i40breakdown.com/shop-nm-farmboys-diesel-and-welding-moriarty.html
NM,Albuquerque,Foreign Aide Parts & Services,shop-nm-foreign-aide-parts-services-albuquerque.html,https://www.i40breakdown.com/shop-nm-foreign-aide-parts-services-albuquerque.html
NM,Gallup,Foreign Automotive Specialty Service Co.,shop-nm-foreign-automotive-specialty-service-co-gallup.html,https://www.i40breakdown.com/shop-nm-foreign-automotive-specialty-service-co-gallup.html
NM,Albuquerque,Gabe's mobile RV repair,shop-nm-gabe-s-mobile-rv-repair-albuquerque.html,https://www.i40breakdown.com/shop-nm-gabe-s-mobile-rv-repair-albuquerque.html
NM,Santa Fe,"Hal Burns Truck, RV & Equipment Service",shop-nm-hal-burns-truck-rv-equipment-service-santa-fe.html,https://www.i40breakdown.com/shop-nm-hal-burns-truck-rv-equipment-service-santa-fe.html
NM,Albuquerque,Heavy Hitters Performance,shop-nm-heavy-hitters-performance-albuquerque.html,https://www.i40breakdown.com/shop-nm-heavy-hitters-performance-albuquerque.html
NM,Tucumcari,I-40 TJ TRUCK TRAILER AUTO RV REPAIR,shop-nm-i-40-tj-truck-trailer-auto-rv-repair-tucumcari.html,https://www.i40breakdown.com/shop-nm-i-40-tj-truck-trailer-auto-rv-repair-tucumcari.html
NM,Albuquerque,"I & A AUTO , DIESEL MOBILE MECHANIC",shop-nm-i-a-auto-diesel-mobile-mechanic-albuquerque.html,https://www.i40breakdown.com/shop-nm-i-a-auto-diesel-mobile-mechanic-albuquerque.html
NM,Albuquerque,Intercity Truck & Trailer Repair Inc,shop-nm-intercity-truck-trailer-repair-inc-albuquerque.html,https://www.i40breakdown.com/shop-nm-intercity-truck-trailer-repair-inc-albuquerque.html
NM,Albuquerque,J And E Roadside Service And Truck Repair,shop-nm-j-and-e-roadside-service-and-truck-repair-albuquerque.html,https://www.i40breakdown.com/shop-nm-j-and-e-roadside-service-and-truck-repair-albuquerque.html
NM,Albuquerque,JJJ roadside assistance Mobile Diesel Mechanic semi truck and mobile Tire service,shop-nm-jjj-roadside-assistance-mobile-diesel-mechanic-semi-truck-and-mobile-tir.html,https://www.i40breakdown.com/shop-nm-jjj-roadside-assistance-mobile-diesel-mechanic-semi-truck-and-mobile-tir.html
NM,Santa Rosa,Johnson Enterprises & Towing,shop-nm-johnson-enterprises-towing-santa-rosa.html,https://www.i40breakdown.com/shop-nm-johnson-enterprises-towing-santa-rosa.html
NM,Tucumcari,JONESIE'S MOBILE TIRE SERVICE,shop-nm-jonesie-s-mobile-tire-service-tucumcari.html,https://www.i40breakdown.com/shop-nm-jonesie-s-mobile-tire-service-tucumcari.html
NM,Albuquerque,La Mesa | RecVan – Albuquerque RV & Motorhome Service,shop-nm-la-mesa-recvan-albuquerque-rv-motorhome-service-albuquerque.html,https://www.i40breakdown.com/shop-nm-la-mesa-recvan-albuquerque-rv-motorhome-service-albuquerque.html
NM,Gallup,Larrys automotive/66Auto Plus,shop-nm-larrys-automotive-66auto-plus-gallup.html,https://www.i40breakdown.com/shop-nm-larrys-automotive-66auto-plus-gallup.html
NM,Albuquerque,Max Mobile Autobody Repair,shop-nm-max-mobile-autobody-repair-albuquerque.html,https://www.i40breakdown.com/shop-nm-max-mobile-autobody-repair-albuquerque.html
NM,Albuquerque,Mc Bride's Spring & Welding,shop-nm-mc-bride-s-spring-welding-albuquerque.html,https://www.i40breakdown.com/shop-nm-mc-bride-s-spring-welding-albuquerque.html
NM,Albuquerque,Mobile Heavy Duty Repairs LLC,shop-nm-mobile-heavy-duty-repairs-llc-albuquerque.html,https://www.i40breakdown.com/shop-nm-mobile-heavy-duty-repairs-llc-albuquerque.html
NM,Albuquerque,Mobile Mechanic Albuquerque,shop-nm-mobile-mechanic-albuquerque-albuquerque.html,https://www.i40breakdown.com/shop-nm-mobile-mechanic-albuquerque-albuquerque.html
NM,Albuquerque,Mr Mobile Mechanic of Albuquerque,shop-nm-mr-mobile-mechanic-of-albuquerque-albuquerque.html,https://www.i40breakdown.com/shop-nm-mr-mobile-mechanic-of-albuquerque-albuquerque.html
NM,Albuquerque,New Mexico Diesel Power Inc.,shop-nm-new-mexico-diesel-power-inc-albuquerque.html,https://www.i40breakdown.com/shop-nm-new-mexico-diesel-power-inc-albuquerque.html
NM,Albuquerque,"NW Fleet Truck/Trailer Repair, Inc.",shop-nm-nw-fleet-truck-trailer-repair-inc-albuquerque.html,https://www.i40breakdown.com/shop-nm-nw-fleet-truck-trailer-repair-inc-albuquerque.html
NM,Albuquerque,Old Town Tire & Automotive,shop-nm-old-town-tire-automotive-albuquerque.html,https://www.i40breakdown.com/shop-nm-old-town-tire-automotive-albuquerque.html
NM,Albuquerque,On-Site Diesel Truck & Trailer Repair,shop-nm-on-site-diesel-truck-trailer-repair-albuquerque.html,https://www.i40breakdown.com/shop-nm-on-site-diesel-truck-trailer-repair-albuquerque.html
NM,Albuquerque,Onsite Axle Spindle Repair,shop-nm-onsite-axle-spindle-repair-albuquerque.html,https://www.i40breakdown.com/shop-nm-onsite-axle-spindle-repair-albuquerque.html
NM,Santa Rosa,Ortega's Wrecker Service & Auto Repair,shop-nm-ortega-s-wrecker-service-auto-repair-santa-rosa.html,https://www.i40breakdown.com/shop-nm-ortega-s-wrecker-service-auto-repair-santa-rosa.html
NM,Albuquerque,Oxidation RV Repair Service,shop-nm-oxidation-rv-repair-service-albuquerque.html,https://www.i40breakdown.com/shop-nm-oxidation-rv-repair-service-albuquerque.html
NM,Albuquerque,Pilot Flying J Truck Care Center,shop-nm-pilot-flying-j-truck-care-center-albuquerque.html,https://www.i40breakdown.com/shop-nm-pilot-flying-j-truck-care-center-albuquerque.html
NM,Albuquerque,Portillo’s Road Service On The Go LLC,shop-nm-portillo-s-road-service-on-the-go-llc-albuquerque.html,https://www.i40breakdown.com/shop-nm-portillo-s-road-service-on-the-go-llc-albuquerque.html
NM,Gallup,Professional Truck & Auto Center,shop-nm-professional-truck-auto-center-gallup.html,https://www.i40breakdown.com/shop-nm-professional-truck-auto-center-gallup.html
NM,Albuquerque,R&B Automotive Mobile Mechanic's Albuquerque,shop-nm-r-b-automotive-mobile-mechanic-s-albuquerque-albuquerque.html,https://www.i40breakdown.com/shop-nm-r-b-automotive-mobile-mechanic-s-albuquerque-albuquerque.html
NM,Rio Communities,R&R Fleet Services LLC,shop-nm-r-r-fleet-services-llc-rio-communities.html,https://www.i40breakdown.com/shop-nm-r-r-fleet-services-llc-rio-communities.html
NM,Albuquerque,Red's Diesel and Automotive Service LLC.,shop-nm-red-s-diesel-and-automotive-service-llc-albuquerque.html,https://www.i40breakdown.com/shop-nm-red-s-diesel-and-automotive-service-llc-albuquerque.html
NM,Albuquerque,Redline Services Diesel Inc,shop-nm-redline-services-diesel-inc-albuquerque.html,https://www.i40breakdown.com/shop-nm-redline-services-diesel-inc-albuquerque.html
NM,Albuquerque,Rocky Mountain RV & Marine,shop-nm-rocky-mountain-rv-marine-albuquerque.html,https://www.i40breakdown.com/shop-nm-rocky-mountain-rv-marine-albuquerque.html
NM,Albuquerque,Route 66 Auto And Truck,shop-nm-route-66-auto-and-truck-albuquerque.html,https://www.i40breakdown.com/shop-nm-route-66-auto-and-truck-albuquerque.html
NM,Albuquerque,Route 66 Auto RV Mobile Repair,shop-nm-route-66-auto-rv-mobile-repair-albuquerque.html,https://www.i40breakdown.com/shop-nm-route-66-auto-rv-mobile-repair-albuquerque.html
NM,Albuquerque,Rush Truck Centers - Albuquerque Mobile Service,shop-nm-rush-truck-centers-albuquerque-mobile-service-albuquerque.html,https://www.i40breakdown.com/shop-nm-rush-truck-centers-albuquerque-mobile-service-albuquerque.html
NM,Albuquerque,Rush Truck Centers - Albuquerque Service,shop-nm-rush-truck-centers-albuquerque-service-albuquerque.html,https://www.i40breakdown.com/shop-nm-rush-truck-centers-albuquerque-service-albuquerque.html
NM,Bernalillo,"Sean's RV Service and Repair, LLC.",shop-nm-sean-s-rv-service-and-repair-llc-bernalillo.html,https://www.i40breakdown.com/shop-nm-sean-s-rv-service-and-repair-llc-bernalillo.html
NM,Albuquerque,Statkus Engines RV Service center,shop-nm-statkus-engines-rv-service-center-albuquerque.html,https://www.i40breakdown.com/shop-nm-statkus-engines-rv-service-center-albuquerque.html
NM,Albuquerque,"Stewart & Stevenson | Albuquerque, NM",shop-nm-stewart-stevenson-albuquerque-nm-albuquerque.html,https://www.i40breakdown.com/shop-nm-stewart-stevenson-albuquerque-nm-albuquerque.html
NM,Albuquerque,Tally Ho Services RV Repair,shop-nm-tally-ho-services-rv-repair-albuquerque.html,https://www.i40breakdown.com/shop-nm-tally-ho-services-rv-repair-albuquerque.html
NM,San Jon,"TERRY'S SERVICE CENTER - TIRES, AUTO & TRUCK REPAIR",shop-nm-terry-s-service-center-tires-auto-truck-repair-san-jon.html,https://www.i40breakdown.com/shop-nm-terry-s-service-center-tires-auto-truck-repair-san-jon.html
NM,Albuquerque,Truck and trailer repair LLC - Roadside Mobile Mechanic Service Assistance,shop-nm-truck-and-trailer-repair-llc-roadside-mobile-mechanic-service-assistance.html,https://www.i40breakdown.com/shop-nm-truck-and-trailer-repair-llc-roadside-mobile-mechanic-service-assistance.html
NM,Albuquerque,"TruckPro, a FleetPride Company",shop-nm-truckpro-a-fleetpride-company-albuquerque.html,https://www.i40breakdown.com/shop-nm-truckpro-a-fleetpride-company-albuquerque.html
NM,Albuquerque,Vasquez Mobile Auto Repair,shop-nm-vasquez-mobile-auto-repair-albuquerque.html,https://www.i40breakdown.com/shop-nm-vasquez-mobile-auto-repair-albuquerque.html
NM,Moriarty,West Truck Services Center,shop-nm-west-truck-services-center-moriarty.html,https://www.i40breakdown.com/shop-nm-west-truck-services-center-moriarty.html
NM,Albuquerque,Your Mobile Car Doctor LLC,shop-nm-your-mobile-car-doctor-llc-albuquerque.html,https://www.i40breakdown.com/shop-nm-your-mobile-car-doctor-llc-albuquerque.html
OK,Oklahoma City,2Dope Customs Mobile Mechanics,shop-ok-2dope-customs-mobile-mechanics-oklahoma-city.html,https://www.i40breakdown.com/shop-ok-2dope-customs-mobile-mechanics-oklahoma-city.html
OK,Oklahoma City,5 STAR TRUCK AND TRAILER REPAIR SHOP,shop-ok-5-star-truck-and-trailer-repair-shop-oklahoma-city.html,https://www.i40breakdown.com/shop-ok-5-star-truck-and-trailer-repair-shop-oklahoma-city.html
OK,Oklahoma City,A-Z Truck & Trailer Repair,shop-ok-a-z-truck-trailer-repair-oklahoma-city.html,https://www.i40breakdown.com/shop-ok-a-z-truck-trailer-repair-oklahoma-city.html
OK,Oklahoma City,AAA RV Collision and Service,shop-ok-aaa-rv-collision-and-service-oklahoma-city.html,https://www.i40breakdown.com/shop-ok-aaa-rv-collision-and-service-oklahoma-city.html
OK,Ardmore,AFFORDABLE SERVICE OF ARDMORE RV REPAIR,shop-ok-affordable-service-of-ardmore-rv-repair-ardmore.html,https://www.i40breakdown.com/shop-ok-affordable-service-of-ardmore-rv-repair-ardmore.html
OK,Oklahoma City,Airstream Restoration and Repair LLC,shop-ok-airstream-restoration-and-repair-llc-oklahoma-city.html,https://www.i40breakdown.com/shop-ok-airstream-restoration-and-repair-llc-oklahoma-city.html
OK,Oklahoma City,American RV Outfitters,shop-ok-american-rv-outfitters-oklahoma-city.html,https://www.i40breakdown.com/shop-ok-american-rv-outfitters-oklahoma-city.html
OK,Oklahoma City,Anytime Anywhere Truck Repair,shop-ok-anytime-anywhere-truck-repair-oklahoma-city.html,https://www.i40breakdown.com/shop-ok-anytime-anywhere-truck-repair-oklahoma-city.html
OK,Duncan,Archer Mobile RV Technician LLC,shop-ok-archer-mobile-rv-technician-llc-duncan.html,https://www.i40breakdown.com/shop-ok-archer-mobile-rv-technician-llc-duncan.html
OK,Wister,Around The Bend Mobile RV Repair & Services LLC,shop-ok-around-the-bend-mobile-rv-repair-services-llc-wister.html,https://www.i40breakdown.com/shop-ok-around-the-bend-mobile-rv-repair-services-llc-wister.html
OK,Henryetta,Around The Clock Mobile Truck Repair,shop-ok-around-the-clock-mobile-truck-repair-henryetta.html,https://www.i40breakdown.com/shop-ok-around-the-clock-mobile-truck-repair-henryetta.html
OK,Oklahoma City,B & F MOBILE MECHANIC LLC,shop-ok-b-f-mobile-mechanic-llc-oklahoma-city.html,https://www.i40breakdown.com/shop-ok-b-f-mobile-mechanic-llc-oklahoma-city.html
OK,Chickasha,Back Forty RV Service and Repair LLC,shop-ok-back-forty-rv-service-and-repair-llc-chickasha.html,https://www.i40breakdown.com/shop-ok-back-forty-rv-service-and-repair-llc-chickasha.html
OK,Oklahoma City,Bee Clean Fuel injector services,shop-ok-bee-clean-fuel-injector-services-oklahoma-city.html,https://www.i40breakdown.com/shop-ok-bee-clean-fuel-injector-services-oklahoma-city.html
OK,Norman,Bergeron's RV Repair and Mobile Service,shop-ok-bergeron-s-rv-repair-and-mobile-service-norman.html,https://www.i40breakdown.com/shop-ok-bergeron-s-rv-repair-and-mobile-service-norman.html
OK,Oklahoma City,Bi Fuel Power Solutions,shop-ok-bi-fuel-power-solutions-oklahoma-city.html,https://www.i40breakdown.com/shop-ok-bi-fuel-power-solutions-oklahoma-city.html
OK,Oklahoma City,Black Knight Diesel Performance and Repair,shop-ok-black-knight-diesel-performance-and-repair-oklahoma-city.html,https://www.i40breakdown.com/shop-ok-black-knight-diesel-performance-and-repair-oklahoma-city.html
OK,Henryetta,Blades Motors & Tire Service Center,shop-ok-blades-motors-tire-service-center-henryetta.html,https://www.i40breakdown.com/shop-ok-blades-motors-tire-service-center-henryetta.html
OK,Oklahoma City,Bledsoe Truck & Trailer Repair,shop-ok-bledsoe-truck-trailer-repair-oklahoma-city.html,https://www.i40breakdown.com/shop-ok-bledsoe-truck-trailer-repair-oklahoma-city.html
OK,Norman,Blue Compass RV Oklahoma City,shop-ok-blue-compass-rv-oklahoma-city-norman.html,https://www.i40breakdown.com/shop-ok-blue-compass-rv-oklahoma-city-norman.html
OK,Oklahoma City,Blumenthal Automotive (Automatics and Engine Shop),shop-ok-blumenthal-automotive-automatics-and-engine-shop-oklahoma-city.html,https://www.i40breakdown.com/shop-ok-blumenthal-automotive-automatics-and-engine-shop-oklahoma-city.html
OK,Oklahoma City,Bob Hurley RV Oklahoma City,shop-ok-bob-hurley-rv-oklahoma-city-oklahoma-city.html,https://www.i40breakdown.com/shop-ok-bob-hurley-rv-oklahoma-city-oklahoma-city.html
OK,Blanchard,Brandon Mobile RV Repair LLC,shop-ok-brandon-mobile-rv-repair-llc-blanchard.html,https://www.i40breakdown.com/shop-ok-brandon-mobile-rv-repair-llc-blanchard.html
OK,Oklahoma City,Breshears mobile mechanic of Oklahoma,shop-ok-breshears-mobile-mechanic-of-oklahoma-oklahoma-city.html,https://www.i40breakdown.com/shop-ok-breshears-mobile-mechanic-of-oklahoma-oklahoma-city.html
OK,Henryetta,Bruton & Brown Towing & Recovery,shop-ok-bruton-brown-towing-recovery-henryetta.html,https://www.i40breakdown.com/shop-ok-bruton-brown-towing-recovery-henryetta.html
OK,Oklahoma City,Bubba's Mobile truck & trailer repair inc,shop-ok-bubba-s-mobile-truck-trailer-repair-inc-oklahoma-city.html,https://www.i40breakdown.com/shop-ok-bubba-s-mobile-truck-trailer-repair-inc-oklahoma-city.html
OK,Oklahoma City,Bulldog Diesel & Mobile Truck Repair,shop-ok-bulldog-diesel-mobile-truck-repair-oklahoma-city.html,https://www.i40breakdown.com/shop-ok-bulldog-diesel-mobile-truck-repair-oklahoma-city.html
OK,Oklahoma City,Camping World - Oklahoma City East,shop-ok-camping-world-oklahoma-city-east-oklahoma-city.html,https://www.i40breakdown.com/shop-ok-camping-world-oklahoma-city-east-oklahoma-city.html
OK,Oklahoma City,Camping World RV Service - Oklahoma City North,shop-ok-camping-world-rv-service-oklahoma-city-north-oklahoma-city.html,https://www.i40breakdown.com/shop-ok-camping-world-rv-service-oklahoma-city-north-oklahoma-city.html
OK,Poteau,Camping World RV Service - Poteau,shop-ok-camping-world-rv-service-poteau-poteau.html,https://www.i40breakdown.com/shop-ok-camping-world-rv-service-poteau-poteau.html
OK,Tulsa,Camping World RV Service - Tulsa,shop-ok-camping-world-rv-service-tulsa-tulsa.html,https://www.i40breakdown.com/shop-ok-camping-world-rv-service-tulsa-tulsa.html
OK,Oklahoma City,Car Guys Mobile Mechanic OKC,shop-ok-car-guys-mobile-mechanic-okc-oklahoma-city.html,https://www.i40breakdown.com/shop-ok-car-guys-mobile-mechanic-okc-oklahoma-city.html
OK,Sallisaw,Carl Davis Automotive Repair,shop-ok-carl-davis-automotive-repair-sallisaw.html,https://www.i40breakdown.com/shop-ok-carl-davis-automotive-repair-sallisaw.html
OK,Oklahoma City,"City Trailer, a Pronoss Company",shop-ok-city-trailer-a-pronoss-company-oklahoma-city.html,https://www.i40breakdown.com/shop-ok-city-trailer-a-pronoss-company-oklahoma-city.html
OK,Oklahoma City,"Clean Diesel Specialists - Oklahoma City, Oklahoma",shop-ok-clean-diesel-specialists-oklahoma-city-oklahoma-oklahoma-city.html,https://www.i40breakdown.com/shop-ok-clean-diesel-specialists-oklahoma-city-oklahoma-oklahoma-city.html
OK,Oklahoma City,Commercial Truck & Trailer Parts,shop-ok-commercial-truck-trailer-parts-oklahoma-city.html,https://www.i40breakdown.com/shop-ok-commercial-truck-trailer-parts-oklahoma-city.html
OK,Edmond,Cornerstone Mobile RV Services LLC,shop-ok-cornerstone-mobile-rv-services-llc-edmond.html,https://www.i40breakdown.com/shop-ok-cornerstone-mobile-rv-services-llc-edmond.html
OK,Okmulgee,Crappie Creek Mobile Maintenance,shop-ok-crappie-creek-mobile-maintenance-okmulgee.html,https://www.i40breakdown.com/shop-ok-crappie-creek-mobile-maintenance-okmulgee.html
OK,Oklahoma City,D C Transmission Services,shop-ok-d-c-transmission-services-oklahoma-city.html,https://www.i40breakdown.com/shop-ok-d-c-transmission-services-oklahoma-city.html
OK,Oklahoma City,Delco Diesel Services Inc,shop-ok-delco-diesel-services-inc-oklahoma-city.html,https://www.i40breakdown.com/shop-ok-delco-diesel-services-inc-oklahoma-city.html
OK,Oklahoma City,Delco Tools & Equipment,shop-ok-delco-tools-equipment-oklahoma-city.html,https://www.i40breakdown.com/shop-ok-delco-tools-equipment-oklahoma-city.html
OK,Midwest City,Diamond Wrenches Mobile Mechanics,shop-ok-diamond-wrenches-mobile-mechanics-midwest-city.html,https://www.i40breakdown.com/shop-ok-diamond-wrenches-mobile-mechanics-midwest-city.html
OK,Oklahoma City,Diesel Truck Repair LLC,shop-ok-diesel-truck-repair-llc-oklahoma-city.html,https://www.i40breakdown.com/shop-ok-diesel-truck-repair-llc-oklahoma-city.html
OK,Spiro,Dixie Rv Repair and Mobile Rv Repair,shop-ok-dixie-rv-repair-and-mobile-rv-repair-spiro.html,https://www.i40breakdown.com/shop-ok-dixie-rv-repair-and-mobile-rv-repair-spiro.html
OK,Sallisaw,Dodson's Fleet Service & Auto Repair,shop-ok-dodson-s-fleet-service-auto-repair-sallisaw.html,https://www.i40breakdown.com/shop-ok-dodson-s-fleet-service-auto-repair-sallisaw.html
OK,Oklahoma City,Double B Trailers LLC,shop-ok-double-b-trailers-llc-oklahoma-city.html,https://www.i40breakdown.com/shop-ok-double-b-trailers-llc-oklahoma-city.html
OK,Henryetta,Drake's Diesel Service LLC,shop-ok-drake-s-diesel-service-llc-henryetta.html,https://www.i40breakdown.com/shop-ok-drake-s-diesel-service-llc-henryetta.html
OK,Oklahoma City,Ducky D. Mobile RV Repair LLC,shop-ok-ducky-d-mobile-rv-repair-llc-oklahoma-city.html,https://www.i40breakdown.com/shop-ok-ducky-d-mobile-rv-repair-llc-oklahoma-city.html
OK,Edmond,Dyess Truck and Trailer Repair,shop-ok-dyess-truck-and-trailer-repair-edmond.html,https://www.i40breakdown.com/shop-ok-dyess-truck-and-trailer-repair-edmond.html
OK,Fairview,Elite RV Maintenance and Repair,shop-ok-elite-rv-maintenance-and-repair-fairview.html,https://www.i40breakdown.com/shop-ok-elite-rv-maintenance-and-repair-fairview.html
OK,Oklahoma City,"Elite Trailer Parts, Service and Repair",shop-ok-elite-trailer-parts-service-and-repair-oklahoma-city.html,https://www.i40breakdown.com/shop-ok-elite-trailer-parts-service-and-repair-oklahoma-city.html
OK,Elk City,Elk City Automotive & Exhaust,shop-ok-elk-city-automotive-exhaust-elk-city.html,https://www.i40breakdown.com/shop-ok-elk-city-automotive-exhaust-elk-city.html
OK,Oklahoma City,ERS Mobile Truck Repair,shop-ok-ers-mobile-truck-repair-oklahoma-city.html,https://www.i40breakdown.com/shop-ok-ers-mobile-truck-repair-oklahoma-city.html
OK,Oklahoma City,ESTRADAS TIRE REPAIR semi truck tire mobile service,shop-ok-estradas-tire-repair-semi-truck-tire-mobile-service-oklahoma-city.html,https://www.i40breakdown.com/shop-ok-estradas-tire-repair-semi-truck-tire-mobile-service-oklahoma-city.html
OK,Oklahoma City,Finishline Automotive,shop-ok-finishline-automotive-oklahoma-city.html,https://www.i40breakdown.com/shop-ok-finishline-automotive-oklahoma-city.html
OK,Oklahoma City,FleetPride Service Center,shop-ok-fleetpride-service-center-oklahoma-city.html,https://www.i40breakdown.com/shop-ok-fleetpride-service-center-oklahoma-city.html
OK,Yukon,Franklin's Automotive & Diesel Repair,shop-ok-franklin-s-automotive-diesel-repair-yukon.html,https://www.i40breakdown.com/shop-ok-franklin-s-automotive-diesel-repair-yukon.html
OK,Yukon,French's Road Service and 24 hr Mobile Repair,shop-ok-french-s-road-service-and-24-hr-mobile-repair-yukon.html,https://www.i40breakdown.com/shop-ok-french-s-road-service-and-24-hr-mobile-repair-yukon.html
OK,Edmond,Full Pull Diesel Performance LLC,shop-ok-full-pull-diesel-performance-llc-edmond.html,https://www.i40breakdown.com/shop-ok-full-pull-diesel-performance-llc-edmond.html
OK,Sallisaw,Full Throttle Diesel Services,shop-ok-full-throttle-diesel-services-sallisaw.html,https://www.i40breakdown.com/shop-ok-full-throttle-diesel-services-sallisaw.html
OK,Oklahoma City,Fun Town RV Oklahoma City,shop-ok-fun-town-rv-oklahoma-city-oklahoma-city.html,https://www.i40breakdown.com/shop-ok-fun-town-rv-oklahoma-city-oklahoma-city.html
OK,Oklahoma City,Gill Express Truck/Trailer Repair,shop-ok-gill-express-truck-trailer-repair-oklahoma-city.html,https://www.i40breakdown.com/shop-ok-gill-express-truck-trailer-repair-oklahoma-city.html
OK,Oklahoma City,GT Truck & Trailer Repair,shop-ok-gt-truck-trailer-repair-oklahoma-city.html,https://www.i40breakdown.com/shop-ok-gt-truck-trailer-repair-oklahoma-city.html
OK,Norman,Hansmeyer Diesel Performance,shop-ok-hansmeyer-diesel-performance-norman.html,https://www.i40breakdown.com/shop-ok-hansmeyer-diesel-performance-norman.html
OK,Oklahoma City,Hardgrave Better Built Trailer,shop-ok-hardgrave-better-built-trailer-oklahoma-city.html,https://www.i40breakdown.com/shop-ok-hardgrave-better-built-trailer-oklahoma-city.html
OK,Grove,Harper's Mobile RV Repair and Detail,shop-ok-harper-s-mobile-rv-repair-and-detail-grove.html,https://www.i40breakdown.com/shop-ok-harper-s-mobile-rv-repair-and-detail-grove.html
OK,Oklahoma City,HG Conversions Trailer And RV Repair And Service,shop-ok-hg-conversions-trailer-and-rv-repair-and-service-oklahoma-city.html,https://www.i40breakdown.com/shop-ok-hg-conversions-trailer-and-rv-repair-and-service-oklahoma-city.html
OK,Sallisaw,Huffs 66 - Auto Repair Service in Sallisaw OK,shop-ok-huffs-66-auto-repair-service-in-sallisaw-ok-sallisaw.html,https://www.i40breakdown.com/shop-ok-huffs-66-auto-repair-service-in-sallisaw-ok-sallisaw.html
OK,Coyle,In His Service Mobile RV Repair,shop-ok-in-his-service-mobile-rv-repair-coyle.html,https://www.i40breakdown.com/shop-ok-in-his-service-mobile-rv-repair-coyle.html
OK,Monroe,Independent Mobile RV Service & Repair,shop-ok-independent-mobile-rv-service-repair-monroe.html,https://www.i40breakdown.com/shop-ok-independent-mobile-rv-service-repair-monroe.html
OK,Oklahoma City,Inland Truck Parts & Service,shop-ok-inland-truck-parts-service-oklahoma-city-2.html,https://www.i40breakdown.com/shop-ok-inland-truck-parts-service-oklahoma-city-2.html
OK,Oklahoma City,Inland Truck Parts & Service,shop-ok-inland-truck-parts-service-oklahoma-city.html,https://www.i40breakdown.com/shop-ok-inland-truck-parts-service-oklahoma-city.html
OK,Oklahoma City,J&B Mobile RV & Trailer Repair LLC,shop-ok-j-b-mobile-rv-trailer-repair-llc-oklahoma-city.html,https://www.i40breakdown.com/shop-ok-j-b-mobile-rv-trailer-repair-llc-oklahoma-city.html
OK,Oklahoma City,J & R Commercial Radiator Co,shop-ok-j-r-commercial-radiator-co-oklahoma-city.html,https://www.i40breakdown.com/shop-ok-j-r-commercial-radiator-co-oklahoma-city.html
OK,Moore,J & R Industrial Engine Services,shop-ok-j-r-industrial-engine-services-moore.html,https://www.i40breakdown.com/shop-ok-j-r-industrial-engine-services-moore.html
OK,Oklahoma City,Jackport Express Auto Repair LLC,shop-ok-jackport-express-auto-repair-llc-oklahoma-city.html,https://www.i40breakdown.com/shop-ok-jackport-express-auto-repair-llc-oklahoma-city.html
OK,Oklahoma City,Jess' Diesel Repair Services,shop-ok-jess-diesel-repair-services-oklahoma-city.html,https://www.i40breakdown.com/shop-ok-jess-diesel-repair-services-oklahoma-city.html
OK,Elk City,JG Diesel Repairs and Towing,shop-ok-jg-diesel-repairs-and-towing-elk-city.html,https://www.i40breakdown.com/shop-ok-jg-diesel-repairs-and-towing-elk-city.html
OK,Oklahoma City,KC Auto And Truck Repair LLC,shop-ok-kc-auto-and-truck-repair-llc-oklahoma-city.html,https://www.i40breakdown.com/shop-ok-kc-auto-and-truck-repair-llc-oklahoma-city.html
OK,Oklahoma City,Kevins Mobile RV Repair LLC,shop-ok-kevins-mobile-rv-repair-llc-oklahoma-city.html,https://www.i40breakdown.com/shop-ok-kevins-mobile-rv-repair-llc-oklahoma-city.html
OK,Oklahoma City,Krishna Truck & Trailer Service Center,shop-ok-krishna-truck-trailer-service-center-oklahoma-city.html,https://www.i40breakdown.com/shop-ok-krishna-truck-trailer-service-center-oklahoma-city.html
OK,Oklahoma City,Kwl diesel & equipment repair,shop-ok-kwl-diesel-equipment-repair-oklahoma-city.html,https://www.i40breakdown.com/shop-ok-kwl-diesel-equipment-repair-oklahoma-city.html
OK,Oklahoma City,M&D - Oklahoma City Turbo Shop,shop-ok-m-d-oklahoma-city-turbo-shop-oklahoma-city.html,https://www.i40breakdown.com/shop-ok-m-d-oklahoma-city-turbo-shop-oklahoma-city.html
OK,Sapulpa,Marshall’s Mobile RV Repair,shop-ok-marshall-s-mobile-rv-repair-sapulpa.html,https://www.i40breakdown.com/shop-ok-marshall-s-mobile-rv-repair-sapulpa.html
OK,Oklahoma City,Martin diesel Mechanic,shop-ok-martin-diesel-mechanic-oklahoma-city.html,https://www.i40breakdown.com/shop-ok-martin-diesel-mechanic-oklahoma-city.html
OK,Heavener,Martinez rv repair/mobile service,shop-ok-martinez-rv-repair-mobile-service-heavener.html,https://www.i40breakdown.com/shop-ok-martinez-rv-repair-mobile-service-heavener.html
OK,Poteau,Master tech mobile Rv Repair,shop-ok-master-tech-mobile-rv-repair-poteau.html,https://www.i40breakdown.com/shop-ok-master-tech-mobile-rv-repair-poteau.html
OK,Mustang,Maverick Mobile RV services,shop-ok-maverick-mobile-rv-services-mustang.html,https://www.i40breakdown.com/shop-ok-maverick-mobile-rv-services-mustang.html
OK,Oklahoma City,McClain’s RV Superstore,shop-ok-mcclain-s-rv-superstore-oklahoma-city.html,https://www.i40breakdown.com/shop-ok-mcclain-s-rv-superstore-oklahoma-city.html
OK,Oklahoma City,McClain’s RV Superstore Service and Parts,shop-ok-mcclain-s-rv-superstore-service-and-parts-oklahoma-city.html,https://www.i40breakdown.com/shop-ok-mcclain-s-rv-superstore-service-and-parts-oklahoma-city.html
OK,El Reno,MEGA TRUCK TRAILER REPAIR SHOP,shop-ok-mega-truck-trailer-repair-shop-el-reno.html,https://www.i40breakdown.com/shop-ok-mega-truck-trailer-repair-shop-el-reno.html
OK,Oklahoma City,Mob Oil - Mobile Automotive in OKC,shop-ok-mob-oil-mobile-automotive-in-okc-oklahoma-city.html,https://www.i40breakdown.com/shop-ok-mob-oil-mobile-automotive-in-okc-oklahoma-city.html
OK,Oklahoma City,Mobile Auto Repair Pros of Oklahoma City,shop-ok-mobile-auto-repair-pros-of-oklahoma-city-oklahoma-city.html,https://www.i40breakdown.com/shop-ok-mobile-auto-repair-pros-of-oklahoma-city-oklahoma-city.html
OK,Oklahoma City,Mobile RV Repair of OKC,shop-ok-mobile-rv-repair-of-okc-oklahoma-city.html,https://www.i40breakdown.com/shop-ok-mobile-rv-repair-of-okc-oklahoma-city.html
OK,Oklahoma City,Mobilemart - Oklahoma City,shop-ok-mobilemart-oklahoma-city-oklahoma-city.html,https://www.i40breakdown.com/shop-ok-mobilemart-oklahoma-city-oklahoma-city.html
OK,Oklahoma City,MTS Mobile Truck Repair Services OK,shop-ok-mts-mobile-truck-repair-services-ok-oklahoma-city.html,https://www.i40breakdown.com/shop-ok-mts-mobile-truck-repair-services-ok-oklahoma-city.html
OK,Oklahoma City,Nationwide Trailers - Oklahoma City,shop-ok-nationwide-trailers-oklahoma-city-oklahoma-city.html,https://www.i40breakdown.com/shop-ok-nationwide-trailers-oklahoma-city-oklahoma-city.html
OK,McAlester,New Song Mobile RV Services,shop-ok-new-song-mobile-rv-services-mcalester.html,https://www.i40breakdown.com/shop-ok-new-song-mobile-rv-services-mcalester.html
OK,Elk City,"O-TEX Trailer & Truck Services, LLC.",shop-ok-o-tex-trailer-truck-services-llc-elk-city.html,https://www.i40breakdown.com/shop-ok-o-tex-trailer-truck-services-llc-elk-city.html
OK,Oklahoma City,Oil Field Ignition Parts Co,shop-ok-oil-field-ignition-parts-co-oklahoma-city.html,https://www.i40breakdown.com/shop-ok-oil-field-ignition-parts-co-oklahoma-city.html
OK,Oklahoma City,OKC SEMI TRUCK REPAIR LLC,shop-ok-okc-semi-truck-repair-llc-oklahoma-city.html,https://www.i40breakdown.com/shop-ok-okc-semi-truck-repair-llc-oklahoma-city.html
OK,Oklahoma City,Oklahoma Mobile Semi Repair,shop-ok-oklahoma-mobile-semi-repair-oklahoma-city.html,https://www.i40breakdown.com/shop-ok-oklahoma-mobile-semi-repair-oklahoma-city.html
OK,Oklahoma City,Oklahoma Truck N Trailer,shop-ok-oklahoma-truck-n-trailer-oklahoma-city.html,https://www.i40breakdown.com/shop-ok-oklahoma-truck-n-trailer-oklahoma-city.html
OK,Oklahoma City,"On The Spot: RV Roof Repair, Leaks, & More",shop-ok-on-the-spot-rv-roof-repair-leaks-more-oklahoma-city.html,https://www.i40breakdown.com/shop-ok-on-the-spot-rv-roof-repair-leaks-more-oklahoma-city.html
OK,Oklahoma City,P&M Truck Repair and Wash,shop-ok-p-m-truck-repair-and-wash-oklahoma-city.html,https://www.i40breakdown.com/shop-ok-p-m-truck-repair-and-wash-oklahoma-city.html
OK,Sallisaw,Patriot's Mobile Auto Repair,shop-ok-patriot-s-mobile-auto-repair-sallisaw.html,https://www.i40breakdown.com/shop-ok-patriot-s-mobile-auto-repair-sallisaw.html
OK,Oklahoma City,Perfection Truck Parts & Equipment,shop-ok-perfection-truck-parts-equipment-oklahoma-city.html,https://www.i40breakdown.com/shop-ok-perfection-truck-parts-equipment-oklahoma-city.html
OK,Sallisaw,Performance Automotive & Diesel Repair LLC,shop-ok-performance-automotive-diesel-repair-llc-sallisaw.html,https://www.i40breakdown.com/shop-ok-performance-automotive-diesel-repair-llc-sallisaw.html
OK,Yukon,Powerstroke Diesel Specialties,shop-ok-powerstroke-diesel-specialties-yukon.html,https://www.i40breakdown.com/shop-ok-powerstroke-diesel-specialties-yukon.html
OK,Oklahoma City,Price Mobile RV Services,shop-ok-price-mobile-rv-services-oklahoma-city.html,https://www.i40breakdown.com/shop-ok-price-mobile-rv-services-oklahoma-city.html
OK,Oklahoma City,Punjabi truck repair shop,shop-ok-punjabi-truck-repair-shop-oklahoma-city.html,https://www.i40breakdown.com/shop-ok-punjabi-truck-repair-shop-oklahoma-city.html
OK,Oklahoma City,R&D Truck And Trailer Repair Inc,shop-ok-r-d-truck-and-trailer-repair-inc-oklahoma-city.html,https://www.i40breakdown.com/shop-ok-r-d-truck-and-trailer-repair-inc-oklahoma-city.html
OK,Prague,R&S Equipment and Diesel Repair,shop-ok-r-s-equipment-and-diesel-repair-prague.html,https://www.i40breakdown.com/shop-ok-r-s-equipment-and-diesel-repair-prague.html
OK,Oklahoma City,RAPID TRUCK & TRAILER MOBILE REPAIR LLC,shop-ok-rapid-truck-trailer-mobile-repair-llc-oklahoma-city.html,https://www.i40breakdown.com/shop-ok-rapid-truck-trailer-mobile-repair-llc-oklahoma-city.html
OK,Oklahoma City,Ready Motors Auto Repair,shop-ok-ready-motors-auto-repair-oklahoma-city.html,https://www.i40breakdown.com/shop-ok-ready-motors-auto-repair-oklahoma-city.html
OK,Calera,Red Dirt Mobile RV Repair LLC,shop-ok-red-dirt-mobile-rv-repair-llc-calera.html,https://www.i40breakdown.com/shop-ok-red-dirt-mobile-rv-repair-llc-calera.html
OK,Oklahoma City,Roadrunner Mobile Mechanic,shop-ok-roadrunner-mobile-mechanic-oklahoma-city.html,https://www.i40breakdown.com/shop-ok-roadrunner-mobile-mechanic-oklahoma-city.html
OK,McAlester,Rob Roy RV Services - Eufaula Region,shop-ok-rob-roy-rv-services-eufaula-region-mcalester.html,https://www.i40breakdown.com/shop-ok-rob-roy-rv-services-eufaula-region-mcalester.html
OK,Oklahoma City,Ron Hoover RV & Marine of Oklahoma City,shop-ok-ron-hoover-rv-marine-of-oklahoma-city-oklahoma-city.html,https://www.i40breakdown.com/shop-ok-ron-hoover-rv-marine-of-oklahoma-city-oklahoma-city.html
OK,Oklahoma City,Rush Truck Centers - Oklahoma City Service,shop-ok-rush-truck-centers-oklahoma-city-service-oklahoma-city.html,https://www.i40breakdown.com/shop-ok-rush-truck-centers-oklahoma-city-service-oklahoma-city.html
OK,Oklahoma City,RV Roof & Repair Oklahoma,shop-ok-rv-roof-repair-oklahoma-oklahoma-city.html,https://www.i40breakdown.com/shop-ok-rv-roof-repair-oklahoma-oklahoma-city.html
OK,Sallisaw,Sallisaw Car Audio and More LLC,shop-ok-sallisaw-car-audio-and-more-llc-sallisaw.html,https://www.i40breakdown.com/shop-ok-sallisaw-car-audio-and-more-llc-sallisaw.html
OK,Arkoma,Scott Mobile truck and trailer repair service,shop-ok-scott-mobile-truck-and-trailer-repair-service-arkoma.html,https://www.i40breakdown.com/shop-ok-scott-mobile-truck-and-trailer-repair-service-arkoma.html
OK,Oklahoma City,Silverado Road Service Diesel & RV Repair Shop,shop-ok-silverado-road-service-diesel-rv-repair-shop-oklahoma-city.html,https://www.i40breakdown.com/shop-ok-silverado-road-service-diesel-rv-repair-shop-oklahoma-city.html
OK,Oklahoma City,Singh Truck & Trailer repair,shop-ok-singh-truck-trailer-repair-oklahoma-city.html,https://www.i40breakdown.com/shop-ok-singh-truck-trailer-repair-oklahoma-city.html
OK,Oklahoma City,Southwest Trailers & Equip LLC,shop-ok-southwest-trailers-equip-llc-oklahoma-city.html,https://www.i40breakdown.com/shop-ok-southwest-trailers-equip-llc-oklahoma-city.html
OK,Elk City,Steve's Diesel & Truck Services,shop-ok-steve-s-diesel-truck-services-elk-city.html,https://www.i40breakdown.com/shop-ok-steve-s-diesel-truck-services-elk-city.html
OK,Shady Point,Steve's Rv Repair Shop and Mobile Service,shop-ok-steve-s-rv-repair-shop-and-mobile-service-shady-point.html,https://www.i40breakdown.com/shop-ok-steve-s-rv-repair-shop-and-mobile-service-shady-point.html
OK,Geronimo,"Steven's Mobile RV Repair, LLC",shop-ok-steven-s-mobile-rv-repair-llc-geronimo.html,https://www.i40breakdown.com/shop-ok-steven-s-mobile-rv-repair-llc-geronimo.html
OK,Vinita,Stones Rock Solid Mobile RV Repair,shop-ok-stones-rock-solid-mobile-rv-repair-vinita.html,https://www.i40breakdown.com/shop-ok-stones-rock-solid-mobile-rv-repair-vinita.html
OK,Oklahoma City,Superior Trailer Sales Body,shop-ok-superior-trailer-sales-body-oklahoma-city.html,https://www.i40breakdown.com/shop-ok-superior-trailer-sales-body-oklahoma-city.html
OK,Tulsa,Switzer & Son RV Repair and Maintenance Service,shop-ok-switzer-son-rv-repair-and-maintenance-service-tulsa.html,https://www.i40breakdown.com/shop-ok-switzer-son-rv-repair-and-maintenance-service-tulsa.html
OK,Oklahoma City,T6 South Mobile RV Repair,shop-ok-t6-south-mobile-rv-repair-oklahoma-city.html,https://www.i40breakdown.com/shop-ok-t6-south-mobile-rv-repair-oklahoma-city.html
OK,Oklahoma City,Total Equipment Repair,shop-ok-total-equipment-repair-oklahoma-city.html,https://www.i40breakdown.com/shop-ok-total-equipment-repair-oklahoma-city.html
OK,Oklahoma City,TRC Truck Repair Center - Oklahoma City,shop-ok-trc-truck-repair-center-oklahoma-city-oklahoma-city.html,https://www.i40breakdown.com/shop-ok-trc-truck-repair-center-oklahoma-city-oklahoma-city.html
OK,Oklahoma City,"Truck Doctor, Inc Mobile Truck Repair",shop-ok-truck-doctor-inc-mobile-truck-repair-oklahoma-city.html,https://www.i40breakdown.com/shop-ok-truck-doctor-inc-mobile-truck-repair-oklahoma-city.html
OK,Oklahoma City,Truck-N-Trailer Truck Repair Shop,shop-ok-truck-n-trailer-truck-repair-shop-oklahoma-city.html,https://www.i40breakdown.com/shop-ok-truck-n-trailer-truck-repair-shop-oklahoma-city.html
OK,Oklahoma City,Turbo Diesel of Oklahoma,shop-ok-turbo-diesel-of-oklahoma-oklahoma-city.html,https://www.i40breakdown.com/shop-ok-turbo-diesel-of-oklahoma-oklahoma-city.html
OK,Oklahoma City,"United Engines | Oklahoma City, OK",shop-ok-united-engines-oklahoma-city-ok-oklahoma-city.html,https://www.i40breakdown.com/shop-ok-united-engines-oklahoma-city-ok-oklahoma-city.html
OK,Oklahoma City,Warren CAT Power Systems,shop-ok-warren-cat-power-systems-oklahoma-city.html,https://www.i40breakdown.com/shop-ok-warren-cat-power-systems-oklahoma-city.html
OK,Warr Acres,ZN Diesel and Automotive Service,shop-ok-zn-diesel-and-automotive-service-warr-acres.html,https://www.i40breakdown.com/shop-ok-zn-diesel-and-automotive-service-warr-acres.html
?,?,(no state-page data),shop-pa-shane-s-diesel-service-llc-boyertown.html,https://www.i40breakdown.com/shop-pa-shane-s-diesel-service-llc-boyertown.html
?,?,(no state-page data),shop-sc-mobile-mechanic-843-and-towing-conway.html,https://www.i40breakdown.com/shop-sc-mobile-mechanic-843-and-towing-conway.html
?,?,(no state-page data),shop-sc-myrtle-beach-mobile-mechanics-llc-conway.html,https://www.i40breakdown.com/shop-sc-myrtle-beach-mobile-mechanics-llc-conway.html
TN,Memphis,2453 Mobile semi truck repair road service,shop-tn-2453-mobile-semi-truck-repair-road-service-memphis.html,https://www.i40breakdown.com/shop-tn-2453-mobile-semi-truck-repair-road-service-memphis.html
TN,Cookeville,"288 Tire, Truck & Trailer Repair",shop-tn-288-tire-truck-trailer-repair-cookeville.html,https://www.i40breakdown.com/shop-tn-288-tire-truck-trailer-repair-cookeville.html
TN,Memphis,901MobileRepairs - 24HR Automotive Services,shop-tn-901mobilerepairs-24hr-automotive-services-memphis.html,https://www.i40breakdown.com/shop-tn-901mobilerepairs-24hr-automotive-services-memphis.html
TN,Memphis,901PRECISION Truck and Trailer Repair LLC,shop-tn-901precision-truck-and-trailer-repair-llc-memphis.html,https://www.i40breakdown.com/shop-tn-901precision-truck-and-trailer-repair-llc-memphis.html
TN,Nashville,A & B Auto & Truck Repair Inc,shop-tn-a-b-auto-truck-repair-inc-nashville.html,https://www.i40breakdown.com/shop-tn-a-b-auto-truck-repair-inc-nashville.html
TN,Jackson,A+ Towing & Recovery Service LLC,shop-tn-a-towing-recovery-service-llc-jackson.html,https://www.i40breakdown.com/shop-tn-a-towing-recovery-service-llc-jackson.html
TN,Maryville,Aaron's Mobile Diesel Repair,shop-tn-aaron-s-mobile-diesel-repair-maryville.html,https://www.i40breakdown.com/shop-tn-aaron-s-mobile-diesel-repair-maryville.html
TN,Sparta,Above and Beyond RV Repair LLC,shop-tn-above-and-beyond-rv-repair-llc-sparta.html,https://www.i40breakdown.com/shop-tn-above-and-beyond-rv-repair-llc-sparta.html
TN,Nashville,ACTS Fleet Maintenance Service,shop-tn-acts-fleet-maintenance-service-nashville.html,https://www.i40breakdown.com/shop-tn-acts-fleet-maintenance-service-nashville.html
TN,Jackson,Adam Truck Trailer and Tire Repair,shop-tn-adam-truck-trailer-and-tire-repair-jackson.html,https://www.i40breakdown.com/shop-tn-adam-truck-trailer-and-tire-repair-jackson.html
TN,Strawberry Plains,Adams Mobile RV Repair,shop-tn-adams-mobile-rv-repair-strawberry-plains.html,https://www.i40breakdown.com/shop-tn-adams-mobile-rv-repair-strawberry-plains.html
TN,Memphis,Advanced mobile mechanic service,shop-tn-advanced-mobile-mechanic-service-memphis.html,https://www.i40breakdown.com/shop-tn-advanced-mobile-mechanic-service-memphis.html
TN,Cookeville,Adventure Support Mobile RV services,shop-tn-adventure-support-mobile-rv-services-cookeville.html,https://www.i40breakdown.com/shop-tn-adventure-support-mobile-rv-services-cookeville.html
TN,Jackson,Affordable 24 hour truck & tire,shop-tn-affordable-24-hour-truck-tire-jackson.html,https://www.i40breakdown.com/shop-tn-affordable-24-hour-truck-tire-jackson.html
TN,Kodak,Airstream of Knoxville Service Center,shop-tn-airstream-of-knoxville-service-center-kodak.html,https://www.i40breakdown.com/shop-tn-airstream-of-knoxville-service-center-kodak.html
TN,Sparta,All American Truck and Trailer Repair,shop-tn-all-american-truck-and-trailer-repair-sparta.html,https://www.i40breakdown.com/shop-tn-all-american-truck-and-trailer-repair-sparta.html
TN,Nashville,All Brothers TRUCK and Equipment Repair,shop-tn-all-brothers-truck-and-equipment-repair-nashville.html,https://www.i40breakdown.com/shop-tn-all-brothers-truck-and-equipment-repair-nashville.html
TN,Antioch,All Star fleet Llc - Mobile truck repair,shop-tn-all-star-fleet-llc-mobile-truck-repair-antioch.html,https://www.i40breakdown.com/shop-tn-all-star-fleet-llc-mobile-truck-repair-antioch.html
TN,Jackson,America's All Mobile RV Repair,shop-tn-america-s-all-mobile-rv-repair-jackson.html,https://www.i40breakdown.com/shop-tn-america-s-all-mobile-rv-repair-jackson.html
TN,Knoxville,"American Trailer Parts, LLC",shop-tn-american-trailer-parts-llc-knoxville.html,https://www.i40breakdown.com/shop-tn-american-trailer-parts-llc-knoxville.html
TN,Eads,Arlington Truck and Trailer Repair,shop-tn-arlington-truck-and-trailer-repair-eads.html,https://www.i40breakdown.com/shop-tn-arlington-truck-and-trailer-repair-eads.html
TN,Cookeville,Auto Plus Repair and Service,shop-tn-auto-plus-repair-and-service-cookeville.html,https://www.i40breakdown.com/shop-tn-auto-plus-repair-and-service-cookeville.html
TN,Knoxville,B & M Automotive & Diesel Service,shop-tn-b-m-automotive-diesel-service-knoxville.html,https://www.i40breakdown.com/shop-tn-b-m-automotive-diesel-service-knoxville.html
TN,Bolivar,B & P Diesel Service and Repair,shop-tn-b-p-diesel-service-and-repair-bolivar.html,https://www.i40breakdown.com/shop-tn-b-p-diesel-service-and-repair-bolivar.html
TN,Knoxville,B & R Automotive & Diesel Mach,shop-tn-b-r-automotive-diesel-mach-knoxville.html,https://www.i40breakdown.com/shop-tn-b-r-automotive-diesel-mach-knoxville.html
TN,Nashville,Bass Ewing Garage & Transmission,shop-tn-bass-ewing-garage-transmission-nashville.html,https://www.i40breakdown.com/shop-tn-bass-ewing-garage-transmission-nashville.html
TN,Smyrna,Beau RV Mobile Repair Technician,shop-tn-beau-rv-mobile-repair-technician-smyrna.html,https://www.i40breakdown.com/shop-tn-beau-rv-mobile-repair-technician-smyrna.html
TN,Jackson,Ben Jessie and the Mechanix,shop-tn-ben-jessie-and-the-mechanix-jackson.html,https://www.i40breakdown.com/shop-tn-ben-jessie-and-the-mechanix-jackson.html
TN,Ashland City,Best 1 Diesel Coach and Diesel Workz,shop-tn-best-1-diesel-coach-and-diesel-workz-ashland-city.html,https://www.i40breakdown.com/shop-tn-best-1-diesel-coach-and-diesel-workz-ashland-city.html
TN,Jackson,Best Rate Truck & Trailer Repair,shop-tn-best-rate-truck-trailer-repair-jackson.html,https://www.i40breakdown.com/shop-tn-best-rate-truck-trailer-repair-jackson.html
TN,Knoxville,Best Truck -N- Trailer Repair,shop-tn-best-truck-n-trailer-repair-knoxville.html,https://www.i40breakdown.com/shop-tn-best-truck-n-trailer-repair-knoxville.html
TN,Louisville,Blue Compass RV Knoxville,shop-tn-blue-compass-rv-knoxville-louisville.html,https://www.i40breakdown.com/shop-tn-blue-compass-rv-knoxville-louisville.html
TN,Memphis,Brothers 24/7 Mobile Automotive Repair,shop-tn-brothers-24-7-mobile-automotive-repair-memphis.html,https://www.i40breakdown.com/shop-tn-brothers-24-7-mobile-automotive-repair-memphis.html
TN,Memphis,Brothers Mobile tire service & tire shop,shop-tn-brothers-mobile-tire-service-tire-shop-memphis.html,https://www.i40breakdown.com/shop-tn-brothers-mobile-tire-service-tire-shop-memphis.html
TN,Kodak,Campers Inn RV of Knoxville RV Collision Center,shop-tn-campers-inn-rv-of-knoxville-rv-collision-center-kodak.html,https://www.i40breakdown.com/shop-tn-campers-inn-rv-of-knoxville-rv-collision-center-kodak.html
TN,Knoxville,Campers Inn RV of Knoxville Service Center,shop-tn-campers-inn-rv-of-knoxville-service-center-knoxville.html,https://www.i40breakdown.com/shop-tn-campers-inn-rv-of-knoxville-service-center-knoxville.html
TN,Jackson,Camping World RV Service Center,shop-tn-camping-world-rv-service-center-jackson.html,https://www.i40breakdown.com/shop-tn-camping-world-rv-service-center-jackson.html
TN,Kodak,Camping World RV Service - Kodak,shop-tn-camping-world-rv-service-kodak-kodak.html,https://www.i40breakdown.com/shop-tn-camping-world-rv-service-kodak-kodak.html
TN,Nashville,Camping World RV Service - Nashville,shop-tn-camping-world-rv-service-nashville-nashville.html,https://www.i40breakdown.com/shop-tn-camping-world-rv-service-nashville-nashville.html
TN,Memphis,CeCe 24/7 Mobile Tire Repair,shop-tn-cece-24-7-mobile-tire-repair-memphis.html,https://www.i40breakdown.com/shop-tn-cece-24-7-mobile-tire-repair-memphis.html
TN,Knoxville,Certified Diesel Solutions,shop-tn-certified-diesel-solutions-knoxville.html,https://www.i40breakdown.com/shop-tn-certified-diesel-solutions-knoxville.html
TN,Bolivar,"Choate Diesel Solutions - Service, Repair, Accessories",shop-tn-choate-diesel-solutions-service-repair-accessories-bolivar.html,https://www.i40breakdown.com/shop-tn-choate-diesel-solutions-service-repair-accessories-bolivar.html
TN,Jackson,Christian Brothers Automotive Jackson,shop-tn-christian-brothers-automotive-jackson-jackson.html,https://www.i40breakdown.com/shop-tn-christian-brothers-automotive-jackson-jackson.html
TN,Knoxville,"Clarke Power Services, Inc.",shop-tn-clarke-power-services-inc-knoxville.html,https://www.i40breakdown.com/shop-tn-clarke-power-services-inc-knoxville.html
TN,Jackson,Class 8 Truck & Trailer Repair,shop-tn-class-8-truck-trailer-repair-jackson.html,https://www.i40breakdown.com/shop-tn-class-8-truck-trailer-repair-jackson.html
TN,Jacksboro,"Clean Diesel Specialists - Knoxville, Tennessee",shop-tn-clean-diesel-specialists-knoxville-tennessee-jacksboro.html,https://www.i40breakdown.com/shop-tn-clean-diesel-specialists-knoxville-tennessee-jacksboro.html
TN,Nashville,CML Truck and Trailer Repair,shop-tn-cml-truck-and-trailer-repair-nashville-2.html,https://www.i40breakdown.com/shop-tn-cml-truck-and-trailer-repair-nashville-2.html
TN,Nashville,CML Truck and Trailer Repair,shop-tn-cml-truck-and-trailer-repair-nashville.html,https://www.i40breakdown.com/shop-tn-cml-truck-and-trailer-repair-nashville.html
TN,Jackson,Coleman Taylor Transmissions,shop-tn-coleman-taylor-transmissions-jackson.html,https://www.i40breakdown.com/shop-tn-coleman-taylor-transmissions-jackson.html
TN,Cookeville,Cookeville RV and Marine,shop-tn-cookeville-rv-and-marine-cookeville.html,https://www.i40breakdown.com/shop-tn-cookeville-rv-and-marine-cookeville.html
TN,Cookeville,Cookeville Trailer Repair,shop-tn-cookeville-trailer-repair-cookeville.html,https://www.i40breakdown.com/shop-tn-cookeville-trailer-repair-cookeville.html
TN,Cookeville,Cookeville Truck Repair & Parts,shop-tn-cookeville-truck-repair-parts-cookeville.html,https://www.i40breakdown.com/shop-tn-cookeville-truck-repair-parts-cookeville.html
TN,Lenoir City,Crowder’s Diesel and Performance,shop-tn-crowder-s-diesel-and-performance-lenoir-city.html,https://www.i40breakdown.com/shop-tn-crowder-s-diesel-and-performance-lenoir-city.html
TN,Cookeville,Cumberland Chrysler Dodge Jeep Ram Service Center,shop-tn-cumberland-chrysler-dodge-jeep-ram-service-center-cookeville.html,https://www.i40breakdown.com/shop-tn-cumberland-chrysler-dodge-jeep-ram-service-center-cookeville.html
TN,Knoxville,Cummins Sales and Service,shop-tn-cummins-sales-and-service-knoxville.html,https://www.i40breakdown.com/shop-tn-cummins-sales-and-service-knoxville.html
TN,Nashville,Cummins Sales and Service,shop-tn-cummins-sales-and-service-nashville.html,https://www.i40breakdown.com/shop-tn-cummins-sales-and-service-nashville.html
TN,Memphis,Custom Springs & Trailer Repair,shop-tn-custom-springs-trailer-repair-memphis.html,https://www.i40breakdown.com/shop-tn-custom-springs-trailer-repair-memphis.html
TN,Knoxville,Dave's mobile mechanic llc,shop-tn-dave-s-mobile-mechanic-llc-knoxville.html,https://www.i40breakdown.com/shop-tn-dave-s-mobile-mechanic-llc-knoxville.html
TN,Troy,David's Diesel and Equipment Repair,shop-tn-david-s-diesel-and-equipment-repair-troy.html,https://www.i40breakdown.com/shop-tn-david-s-diesel-and-equipment-repair-troy.html
TN,Memphis,Depot Connect International (PSC),shop-tn-depot-connect-international-psc-memphis.html,https://www.i40breakdown.com/shop-tn-depot-connect-international-psc-memphis.html
TN,Nashville,Dunns Fleet & Trailer Services,shop-tn-dunns-fleet-trailer-services-nashville.html,https://www.i40breakdown.com/shop-tn-dunns-fleet-trailer-services-nashville.html
TN,Knoxville,East Tennessee Truck & Trailer Repair,shop-tn-east-tennessee-truck-trailer-repair-knoxville.html,https://www.i40breakdown.com/shop-tn-east-tennessee-truck-trailer-repair-knoxville.html
TN,Strawberry Plains,Elite Diesel and Fleet Roadside Truck Trailer and Bus,shop-tn-elite-diesel-and-fleet-roadside-truck-trailer-and-bus-strawberry-plains.html,https://www.i40breakdown.com/shop-tn-elite-diesel-and-fleet-roadside-truck-trailer-and-bus-strawberry-plains.html
TN,Nashville,Elite Trailer Sales & Services,shop-tn-elite-trailer-sales-services-nashville.html,https://www.i40breakdown.com/shop-tn-elite-trailer-sales-services-nashville.html
TN,Madison,Elite truck and trailer repair LLc,shop-tn-elite-truck-and-trailer-repair-llc-madison.html,https://www.i40breakdown.com/shop-tn-elite-truck-and-trailer-repair-llc-madison.html
TN,Memphis,Emergency Mobile Tire Service,shop-tn-emergency-mobile-tire-service-memphis.html,https://www.i40breakdown.com/shop-tn-emergency-mobile-tire-service-memphis.html
TN,Nashville,Emission & Cooling Solutions,shop-tn-emission-cooling-solutions-nashville.html,https://www.i40breakdown.com/shop-tn-emission-cooling-solutions-nashville.html
TN,Medina,Fahlbeck's Mobile Rv Service,shop-tn-fahlbeck-s-mobile-rv-service-medina.html,https://www.i40breakdown.com/shop-tn-fahlbeck-s-mobile-rv-service-medina.html
TN,Nashville,FAST AND EASY MOBILE MECHANIC LLC,shop-tn-fast-and-easy-mobile-mechanic-llc-nashville.html,https://www.i40breakdown.com/shop-tn-fast-and-easy-mobile-mechanic-llc-nashville.html
TN,Jackson,Fast & cheap 24hr tire & truck repair,shop-tn-fast-cheap-24hr-tire-truck-repair-jackson.html,https://www.i40breakdown.com/shop-tn-fast-cheap-24hr-tire-truck-repair-jackson.html
TN,Henderson,Fegett & Acuff automotive services LLC mobile mechanic,shop-tn-fegett-acuff-automotive-services-llc-mobile-mechanic-henderson.html,https://www.i40breakdown.com/shop-tn-fegett-acuff-automotive-services-llc-mobile-mechanic-henderson.html
TN,Murfreesboro,Finley's Diesel & Truck & Trailer Repair,shop-tn-finley-s-diesel-truck-trailer-repair-murfreesboro.html,https://www.i40breakdown.com/shop-tn-finley-s-diesel-truck-trailer-repair-murfreesboro.html
TN,Knoxville,Flacks Automotive Mobile Mechanic Services we have a $100.00 service charge fee all prices have increased,shop-tn-flacks-automotive-mobile-mechanic-services-we-have-a-100-00-service-char.html,https://www.i40breakdown.com/shop-tn-flacks-automotive-mobile-mechanic-services-we-have-a-100-00-service-char.html
TN,Nashville,Fleet Fix - Fleet Maintenance and Auto Repair,shop-tn-fleet-fix-fleet-maintenance-and-auto-repair-nashville.html,https://www.i40breakdown.com/shop-tn-fleet-fix-fleet-maintenance-and-auto-repair-nashville.html
TN,Knoxville,Fleet Services of Knoxville,shop-tn-fleet-services-of-knoxville-knoxville.html,https://www.i40breakdown.com/shop-tn-fleet-services-of-knoxville-knoxville.html
TN,Memphis,FN Truck Mobile Mechanics & Road Service,shop-tn-fn-truck-mobile-mechanics-road-service-memphis.html,https://www.i40breakdown.com/shop-tn-fn-truck-mobile-mechanics-road-service-memphis.html
TN,Memphis,Freight Five truck repair and 24/7 roadside,shop-tn-freight-five-truck-repair-and-24-7-roadside-memphis.html,https://www.i40breakdown.com/shop-tn-freight-five-truck-repair-and-24-7-roadside-memphis.html
TN,Lenoir City,G & A Equipment Inc. / G & A Truck & Auto Service,shop-tn-g-a-equipment-inc-g-a-truck-auto-service-lenoir-city.html,https://www.i40breakdown.com/shop-tn-g-a-equipment-inc-g-a-truck-auto-service-lenoir-city.html
TN,Nashville,Gateway Truck & Refrigeration,shop-tn-gateway-truck-refrigeration-nashville.html,https://www.i40breakdown.com/shop-tn-gateway-truck-refrigeration-nashville.html
TN,Memphis,General Truck Sales & Service Inc. Volvo.,shop-tn-general-truck-sales-service-inc-volvo-memphis.html,https://www.i40breakdown.com/shop-tn-general-truck-sales-service-inc-volvo-memphis.html
TN,Memphis,Getwell best tire &auto service road and mobile tire,shop-tn-getwell-best-tire-auto-service-road-and-mobile-tire-memphis.html,https://www.i40breakdown.com/shop-tn-getwell-best-tire-auto-service-road-and-mobile-tire-memphis.html
TN,La Vergne,Global Truck and Trailer Repair LLC,shop-tn-global-truck-and-trailer-repair-llc-la-vergne.html,https://www.i40breakdown.com/shop-tn-global-truck-and-trailer-repair-llc-la-vergne.html
TN,Jackson,Golden Circle Tire and Service - Jackson,shop-tn-golden-circle-tire-and-service-jackson-jackson.html,https://www.i40breakdown.com/shop-tn-golden-circle-tire-and-service-jackson-jackson.html
TN,Knoxville,Greater Tennessee Truck Repair,shop-tn-greater-tennessee-truck-repair-knoxville.html,https://www.i40breakdown.com/shop-tn-greater-tennessee-truck-repair-knoxville.html
TN,White Bluff,Griffin's Truck and Trailer Garage,shop-tn-griffin-s-truck-and-trailer-garage-white-bluff.html,https://www.i40breakdown.com/shop-tn-griffin-s-truck-and-trailer-garage-white-bluff.html
TN,Jackson,"Guardian Auto Repair - Jackson, TN",shop-tn-guardian-auto-repair-jackson-tn-jackson.html,https://www.i40breakdown.com/shop-tn-guardian-auto-repair-jackson-tn-jackson.html
TN,Knoxville,Hofker Automotive Diagnostic,shop-tn-hofker-automotive-diagnostic-knoxville.html,https://www.i40breakdown.com/shop-tn-hofker-automotive-diagnostic-knoxville.html
TN,Dandridge,I 40 truck and trailer repair,shop-tn-i-40-truck-and-trailer-repair-dandridge.html,https://www.i40breakdown.com/shop-tn-i-40-truck-and-trailer-repair-dandridge.html
TN,Sweetwater,"I-75 Tire, Truck, and Trailer Repair",shop-tn-i-75-tire-truck-and-trailer-repair-sweetwater.html,https://www.i40breakdown.com/shop-tn-i-75-tire-truck-and-trailer-repair-sweetwater.html
TN,Cookeville,Impact Truck and Trailer,shop-tn-impact-truck-and-trailer-cookeville.html,https://www.i40breakdown.com/shop-tn-impact-truck-and-trailer-cookeville.html
TN,Jackson,Integrity Auto & Diesel Repair,shop-tn-integrity-auto-diesel-repair-jackson.html,https://www.i40breakdown.com/shop-tn-integrity-auto-diesel-repair-jackson.html
TN,Memphis,Intercon Mobile Diesel Mechanic Tire and Truck Repair Services,shop-tn-intercon-mobile-diesel-mechanic-tire-and-truck-repair-services-memphis.html,https://www.i40breakdown.com/shop-tn-intercon-mobile-diesel-mechanic-tire-and-truck-repair-services-memphis.html
TN,Knoxville,Interstate Repair Services,shop-tn-interstate-repair-services-knoxville.html,https://www.i40breakdown.com/shop-tn-interstate-repair-services-knoxville.html
TN,Nashville,Interstate Truck And Trailer Repair,shop-tn-interstate-truck-and-trailer-repair-nashville.html,https://www.i40breakdown.com/shop-tn-interstate-truck-and-trailer-repair-nashville.html
TN,Cookeville,J and G auto diesel repair,shop-tn-j-and-g-auto-diesel-repair-cookeville.html,https://www.i40breakdown.com/shop-tn-j-and-g-auto-diesel-repair-cookeville.html
TN,Jackson,Jackson Super Mobile Truck & Trailer,shop-tn-jackson-super-mobile-truck-trailer-jackson.html,https://www.i40breakdown.com/shop-tn-jackson-super-mobile-truck-trailer-jackson.html
TN,Jackson,Jackson Trailer Service Inc,shop-tn-jackson-trailer-service-inc-jackson.html,https://www.i40breakdown.com/shop-tn-jackson-trailer-service-inc-jackson.html
TN,Nashville,Jasper Engines & Transmissions,shop-tn-jasper-engines-transmissions-nashville.html,https://www.i40breakdown.com/shop-tn-jasper-engines-transmissions-nashville.html
TN,Nashville,Jay's Towing & Mobile auto repair,shop-tn-jay-s-towing-mobile-auto-repair-nashville.html,https://www.i40breakdown.com/shop-tn-jay-s-towing-mobile-auto-repair-nashville.html
TN,Cookeville,Jazzy's Auto and Diesel Repair,shop-tn-jazzy-s-auto-and-diesel-repair-cookeville.html,https://www.i40breakdown.com/shop-tn-jazzy-s-auto-and-diesel-repair-cookeville.html
TN,Henderson,Jeff's Mobile Mechanic & Home Repair,shop-tn-jeff-s-mobile-mechanic-home-repair-henderson.html,https://www.i40breakdown.com/shop-tn-jeff-s-mobile-mechanic-home-repair-henderson.html
TN,Goodlettsville,Johnston Diesel & Automotive,shop-tn-johnston-diesel-automotive-goodlettsville.html,https://www.i40breakdown.com/shop-tn-johnston-diesel-automotive-goodlettsville.html
TN,Nashville,Joker Diesel / Joker Express,shop-tn-joker-diesel-joker-express-nashville.html,https://www.i40breakdown.com/shop-tn-joker-diesel-joker-express-nashville.html
TN,La Vergne,"Junior's Diesel Repair, LLC",shop-tn-junior-s-diesel-repair-llc-la-vergne.html,https://www.i40breakdown.com/shop-tn-junior-s-diesel-repair-llc-la-vergne.html
TN,Dandridge,Kent's On-site Truck and Trailer Repair,shop-tn-kent-s-on-site-truck-and-trailer-repair-dandridge.html,https://www.i40breakdown.com/shop-tn-kent-s-on-site-truck-and-trailer-repair-dandridge.html
TN,Knoxville,Knox Precision Auto& Diesel Repair,shop-tn-knox-precision-auto-diesel-repair-knoxville.html,https://www.i40breakdown.com/shop-tn-knox-precision-auto-diesel-repair-knoxville.html
TN,Lenoir City,Knoxville Diesel Truck & Trailer Specialists,shop-tn-knoxville-diesel-truck-trailer-specialists-lenoir-city.html,https://www.i40breakdown.com/shop-tn-knoxville-diesel-truck-trailer-specialists-lenoir-city.html
TN,Seymour,Knoxville Fleet Truck and Trailer Repair,shop-tn-knoxville-fleet-truck-and-trailer-repair-seymour.html,https://www.i40breakdown.com/shop-tn-knoxville-fleet-truck-and-trailer-repair-seymour.html
TN,Knoxville,Knoxville On-Site Truck Repair,shop-tn-knoxville-on-site-truck-repair-knoxville.html,https://www.i40breakdown.com/shop-tn-knoxville-on-site-truck-repair-knoxville.html
TN,Knoxville,Knoxville Spring Services,shop-tn-knoxville-spring-services-knoxville.html,https://www.i40breakdown.com/shop-tn-knoxville-spring-services-knoxville.html
TN,Jackson,KPS Truck and Trailer Repair,shop-tn-kps-truck-and-trailer-repair-jackson.html,https://www.i40breakdown.com/shop-tn-kps-truck-and-trailer-repair-jackson.html
TN,Lenoir City,Lenoir City TN - Mobile Truck Repair,shop-tn-lenoir-city-tn-mobile-truck-repair-lenoir-city.html,https://www.i40breakdown.com/shop-tn-lenoir-city-tn-mobile-truck-repair-lenoir-city.html
TN,Nashville,M&D - Nashville (formerly Taylor Diesel of Nashville),shop-tn-m-d-nashville-formerly-taylor-diesel-of-nashville-nashville.html,https://www.i40breakdown.com/shop-tn-m-d-nashville-formerly-taylor-diesel-of-nashville-nashville.html
TN,Nashville,M&D of Nashville (Formerly DSS Pro Diesel & Taylor Diesel),shop-tn-m-d-of-nashville-formerly-dss-pro-diesel-taylor-diesel-nashville.html,https://www.i40breakdown.com/shop-tn-m-d-of-nashville-formerly-dss-pro-diesel-taylor-diesel-nashville.html
TN,Memphis,Marcus mobile mechanic and welding,shop-tn-marcus-mobile-mechanic-and-welding-memphis.html,https://www.i40breakdown.com/shop-tn-marcus-mobile-mechanic-and-welding-memphis.html
TN,Mt. Juliet,Meller truck and trailer repair,shop-tn-meller-truck-and-trailer-repair-mt-juliet.html,https://www.i40breakdown.com/shop-tn-meller-truck-and-trailer-repair-mt-juliet.html
TN,Memphis,Memphis 24/7 diesel & Auto Repair LLC,shop-tn-memphis-24-7-diesel-auto-repair-llc-memphis.html,https://www.i40breakdown.com/shop-tn-memphis-24-7-diesel-auto-repair-llc-memphis.html
TN,Memphis,Memphis Auto Repair Service Inc,shop-tn-memphis-auto-repair-service-inc-memphis.html,https://www.i40breakdown.com/shop-tn-memphis-auto-repair-service-inc-memphis.html
TN,Memphis,Memphis Diesel Truck & Tire Repair,shop-tn-memphis-diesel-truck-tire-repair-memphis.html,https://www.i40breakdown.com/shop-tn-memphis-diesel-truck-tire-repair-memphis.html
TN,Memphis,Memphis On-Site Truck Repair,shop-tn-memphis-on-site-truck-repair-memphis.html,https://www.i40breakdown.com/shop-tn-memphis-on-site-truck-repair-memphis.html
TN,Knoxville,MHC Carrier Transicold - Knoxville,shop-tn-mhc-carrier-transicold-knoxville-knoxville.html,https://www.i40breakdown.com/shop-tn-mhc-carrier-transicold-knoxville-knoxville.html
TN,Memphis,Mid South Mobile Auto Repair,shop-tn-mid-south-mobile-auto-repair-memphis.html,https://www.i40breakdown.com/shop-tn-mid-south-mobile-auto-repair-memphis.html
TN,Monteagle,Middle Tennessee Roadside Repair,shop-tn-middle-tennessee-roadside-repair-monteagle.html,https://www.i40breakdown.com/shop-tn-middle-tennessee-roadside-repair-monteagle.html
TN,Cookeville,Mike Flatt's Auto & Truck Services,shop-tn-mike-flatt-s-auto-truck-services-cookeville.html,https://www.i40breakdown.com/shop-tn-mike-flatt-s-auto-truck-services-cookeville.html
TN,Memphis,Mobile Auto Repair Pros of Memphis,shop-tn-mobile-auto-repair-pros-of-memphis-memphis.html,https://www.i40breakdown.com/shop-tn-mobile-auto-repair-pros-of-memphis-memphis.html
TN,Memphis,Mobile Mechanic Memphis LLC Always Imitated Never Duplicated,shop-tn-mobile-mechanic-memphis-llc-always-imitated-never-duplicated-memphis.html,https://www.i40breakdown.com/shop-tn-mobile-mechanic-memphis-llc-always-imitated-never-duplicated-memphis.html
TN,Antioch,Mobile Mechanic Muscle Music-City,shop-tn-mobile-mechanic-muscle-music-city-antioch.html,https://www.i40breakdown.com/shop-tn-mobile-mechanic-muscle-music-city-antioch.html
TN,Pinson,"Mobile Mechs - Mobile Mechanic Jackson, Tn",shop-tn-mobile-mechs-mobile-mechanic-jackson-tn-pinson.html,https://www.i40breakdown.com/shop-tn-mobile-mechs-mobile-mechanic-jackson-tn-pinson.html
TN,Memphis,mobile trailer Repair and welding,shop-tn-mobile-trailer-repair-and-welding-memphis.html,https://www.i40breakdown.com/shop-tn-mobile-trailer-repair-and-welding-memphis.html
TN,Knoxville,Mobile Truck Repair Knoxville,shop-tn-mobile-truck-repair-knoxville-knoxville-2.html,https://www.i40breakdown.com/shop-tn-mobile-truck-repair-knoxville-knoxville-2.html
TN,Knoxville,Mobile Truck Repair Knoxville,shop-tn-mobile-truck-repair-knoxville-knoxville.html,https://www.i40breakdown.com/shop-tn-mobile-truck-repair-knoxville-knoxville.html
TN,Memphis,Mobile Truck Repair Memphis,shop-tn-mobile-truck-repair-memphis-memphis.html,https://www.i40breakdown.com/shop-tn-mobile-truck-repair-memphis-memphis.html
TN,Memphis,Mobile Truck Repair of Memphis,shop-tn-mobile-truck-repair-of-memphis-memphis.html,https://www.i40breakdown.com/shop-tn-mobile-truck-repair-of-memphis-memphis.html
TN,Knoxville,Mobile Truck Services Knoxville,shop-tn-mobile-truck-services-knoxville-knoxville.html,https://www.i40breakdown.com/shop-tn-mobile-truck-services-knoxville-knoxville.html
TN,Knoxville,Mobile Truck & Trailer Repair of Knoxville,shop-tn-mobile-truck-trailer-repair-of-knoxville-knoxville.html,https://www.i40breakdown.com/shop-tn-mobile-truck-trailer-repair-of-knoxville-knoxville.html
TN,Memphis,Moore Mobile Maintenance [Mobile truck and trailer repair],shop-tn-moore-mobile-maintenance-mobile-truck-and-trailer-repair-memphis.html,https://www.i40breakdown.com/shop-tn-moore-mobile-maintenance-mobile-truck-and-trailer-repair-memphis.html
TN,Nashville,Music City Trailer Repair,shop-tn-music-city-trailer-repair-nashville.html,https://www.i40breakdown.com/shop-tn-music-city-trailer-repair-nashville.html
TN,Memphis,My Mobile Mechanic of Memphis,shop-tn-my-mobile-mechanic-of-memphis-memphis.html,https://www.i40breakdown.com/shop-tn-my-mobile-mechanic-of-memphis-memphis.html
TN,Nashville,Nashville Auto-Diesel College,shop-tn-nashville-auto-diesel-college-nashville.html,https://www.i40breakdown.com/shop-tn-nashville-auto-diesel-college-nashville.html
TN,Lebanon,Nashville Heavy duty diesel truck & trailer repair,shop-tn-nashville-heavy-duty-diesel-truck-trailer-repair-lebanon.html,https://www.i40breakdown.com/shop-tn-nashville-heavy-duty-diesel-truck-trailer-repair-lebanon.html
TN,Nashville,Nashville Mobile Mechanic Pros,shop-tn-nashville-mobile-mechanic-pros-nashville.html,https://www.i40breakdown.com/shop-tn-nashville-mobile-mechanic-pros-nashville.html
TN,Nashville,Nashville Mobile Truck And Trailer Repair,shop-tn-nashville-mobile-truck-and-trailer-repair-nashville.html,https://www.i40breakdown.com/shop-tn-nashville-mobile-truck-and-trailer-repair-nashville.html
TN,Nashville,Nashville Mobile Truck Repair,shop-tn-nashville-mobile-truck-repair-nashville.html,https://www.i40breakdown.com/shop-tn-nashville-mobile-truck-repair-nashville.html
TN,Nashville,"Nashville Spring Service, Inc.",shop-tn-nashville-spring-service-inc-nashville.html,https://www.i40breakdown.com/shop-tn-nashville-spring-service-inc-nashville.html
TN,Nashville,Nashville Truck and Trailer Road Assistance,shop-tn-nashville-truck-and-trailer-road-assistance-nashville.html,https://www.i40breakdown.com/shop-tn-nashville-truck-and-trailer-road-assistance-nashville.html
TN,Memphis,"Norf Memphis Mobile Tire Service (Truck, Trailer, and Automobile)",shop-tn-norf-memphis-mobile-tire-service-truck-trailer-and-automobile-memphis.html,https://www.i40breakdown.com/shop-tn-norf-memphis-mobile-tire-service-truck-trailer-and-automobile-memphis.html
TN,Memphis,OTW Truck and trailer repairs,shop-tn-otw-truck-and-trailer-repairs-memphis.html,https://www.i40breakdown.com/shop-tn-otw-truck-and-trailer-repairs-memphis.html
TN,Cookeville,Patriot Mobile Auto Repair,shop-tn-patriot-mobile-auto-repair-cookeville.html,https://www.i40breakdown.com/shop-tn-patriot-mobile-auto-repair-cookeville.html
TN,Memphis,Performance Trailer Repair Inc.,shop-tn-performance-trailer-repair-inc-memphis.html,https://www.i40breakdown.com/shop-tn-performance-trailer-repair-inc-memphis.html
TN,Memphis,Pinkston Beard Diesel Truck Repair,shop-tn-pinkston-beard-diesel-truck-repair-memphis.html,https://www.i40breakdown.com/shop-tn-pinkston-beard-diesel-truck-repair-memphis.html
TN,Knoxville,Post Onsite Tank Testing & Repair,shop-tn-post-onsite-tank-testing-repair-knoxville.html,https://www.i40breakdown.com/shop-tn-post-onsite-tank-testing-repair-knoxville.html
TN,Nashville,Premier Truck & Trailer Services,shop-tn-premier-truck-trailer-services-nashville.html,https://www.i40breakdown.com/shop-tn-premier-truck-trailer-services-nashville.html
TN,Walling,"Professional Mobile RV Service, LLC",shop-tn-professional-mobile-rv-service-llc-walling.html,https://www.i40breakdown.com/shop-tn-professional-mobile-rv-service-llc-walling.html
TN,Memphis,Proficient Same-Day Mobile Brake service,shop-tn-proficient-same-day-mobile-brake-service-memphis.html,https://www.i40breakdown.com/shop-tn-proficient-same-day-mobile-brake-service-memphis.html
TN,Nashville,Quality Mobile Tire Service Nashville – 24/7,shop-tn-quality-mobile-tire-service-nashville-24-7-nashville.html,https://www.i40breakdown.com/shop-tn-quality-mobile-tire-service-nashville-24-7-nashville.html
TN,Jackson,Ralphs Mobile RV repair service,shop-tn-ralphs-mobile-rv-repair-service-jackson.html,https://www.i40breakdown.com/shop-tn-ralphs-mobile-rv-repair-service-jackson.html
TN,Memphis,RayJ's Commercial Tire Service & Trailer Repair,shop-tn-rayj-s-commercial-tire-service-trailer-repair-memphis.html,https://www.i40breakdown.com/shop-tn-rayj-s-commercial-tire-service-trailer-repair-memphis.html
TN,Knoxville,Reeder Truck and RV Center,shop-tn-reeder-truck-and-rv-center-knoxville.html,https://www.i40breakdown.com/shop-tn-reeder-truck-and-rv-center-knoxville.html
TN,Clarksville,Renegade Truck Repair & Refrigeration,shop-tn-renegade-truck-repair-refrigeration-clarksville.html,https://www.i40breakdown.com/shop-tn-renegade-truck-repair-refrigeration-clarksville.html
TN,Memphis,Reyes mobile mechanic service,shop-tn-reyes-mobile-mechanic-service-memphis.html,https://www.i40breakdown.com/shop-tn-reyes-mobile-mechanic-service-memphis.html
TN,Livingston,Rick's Mobile Trailer & RV Service,shop-tn-rick-s-mobile-trailer-rv-service-livingston.html,https://www.i40breakdown.com/shop-tn-rick-s-mobile-trailer-rv-service-livingston.html
TN,Memphis,robert cole truck and trailer repair,shop-tn-robert-cole-truck-and-trailer-repair-memphis.html,https://www.i40breakdown.com/shop-tn-robert-cole-truck-and-trailer-repair-memphis.html
TN,Nashville,"Roberts Mobile Mechanics | Mobile Auto Repair and Mobile Mechanic in Nashville, TN",shop-tn-roberts-mobile-mechanics-mobile-auto-repair-and-mobile-mechanic-in-nashv.html,https://www.i40breakdown.com/shop-tn-roberts-mobile-mechanics-mobile-auto-repair-and-mobile-mechanic-in-nashv.html
TN,Knoxville,"Rocky Top Mobile RV Service, LLC",shop-tn-rocky-top-mobile-rv-service-llc-knoxville.html,https://www.i40breakdown.com/shop-tn-rocky-top-mobile-rv-service-llc-knoxville.html
TN,Knoxville,RT Clapp Automotive - a Main Street Auto shop,shop-tn-rt-clapp-automotive-a-main-street-auto-shop-knoxville.html,https://www.i40breakdown.com/shop-tn-rt-clapp-automotive-a-main-street-auto-shop-knoxville.html
TN,Nashville,Rush National Tire and Truck Repair,shop-tn-rush-national-tire-and-truck-repair-nashville.html,https://www.i40breakdown.com/shop-tn-rush-national-tire-and-truck-repair-nashville.html
TN,Memphis,Rush Truck Centers - Memphis West Collision Center,shop-tn-rush-truck-centers-memphis-west-collision-center-memphis.html,https://www.i40breakdown.com/shop-tn-rush-truck-centers-memphis-west-collision-center-memphis.html
TN,Nashville,Rush Truck Centers - Nashville Central,shop-tn-rush-truck-centers-nashville-central-nashville.html,https://www.i40breakdown.com/shop-tn-rush-truck-centers-nashville-central-nashville.html
TN,Smyrna,Rush Truck Centers - Nashville Service,shop-tn-rush-truck-centers-nashville-service-smyrna.html,https://www.i40breakdown.com/shop-tn-rush-truck-centers-nashville-service-smyrna.html
TN,Lenoir City,Rv Ambulance Mobile Repair,shop-tn-rv-ambulance-mobile-repair-lenoir-city.html,https://www.i40breakdown.com/shop-tn-rv-ambulance-mobile-repair-lenoir-city.html
TN,Knoxville,Ryder Truck Maintenance Shop,shop-tn-ryder-truck-maintenance-shop-knoxville.html,https://www.i40breakdown.com/shop-tn-ryder-truck-maintenance-shop-knoxville.html
TN,Mt. Juliet,Schmidt's Marine & RV Services,shop-tn-schmidt-s-marine-rv-services-mt-juliet.html,https://www.i40breakdown.com/shop-tn-schmidt-s-marine-rv-services-mt-juliet.html
TN,Knoxville,Service Street Tire & Auto Repair,shop-tn-service-street-tire-auto-repair-knoxville.html,https://www.i40breakdown.com/shop-tn-service-street-tire-auto-repair-knoxville.html
TN,Nashville,Service Tire-Truck Tire & Alignment Experts,shop-tn-service-tire-truck-tire-alignment-experts-nashville.html,https://www.i40breakdown.com/shop-tn-service-tire-truck-tire-alignment-experts-nashville.html
TN,Knoxville,SH Truck Repair MOBILE SERVICE ONLY,shop-tn-sh-truck-repair-mobile-service-only-knoxville.html,https://www.i40breakdown.com/shop-tn-sh-truck-repair-mobile-service-only-knoxville.html
TN,Knoxville,Smoky Mountain Diesel Performance,shop-tn-smoky-mountain-diesel-performance-knoxville.html,https://www.i40breakdown.com/shop-tn-smoky-mountain-diesel-performance-knoxville.html
TN,Nashville,"Southern Fleet Repair & Logistics, LLC",shop-tn-southern-fleet-repair-logistics-llc-nashville.html,https://www.i40breakdown.com/shop-tn-southern-fleet-repair-logistics-llc-nashville.html
TN,Nashville,Specialized Truck Repair - 24/7 Roadside Truck Repair,shop-tn-specialized-truck-repair-24-7-roadside-truck-repair-nashville.html,https://www.i40breakdown.com/shop-tn-specialized-truck-repair-24-7-roadside-truck-repair-nashville.html
TN,Kingston Springs,Specialized Truck Repair,shop-tn-specialized-truck-repair-kingston-springs.html,https://www.i40breakdown.com/shop-tn-specialized-truck-repair-kingston-springs.html
TN,Portland,State Line Inspection and Repair,shop-tn-state-line-inspection-and-repair-portland.html,https://www.i40breakdown.com/shop-tn-state-line-inspection-and-repair-portland.html
TN,Hendersonville,Steadfast RV Inspections and Repair Service,shop-tn-steadfast-rv-inspections-and-repair-service-hendersonville.html,https://www.i40breakdown.com/shop-tn-steadfast-rv-inspections-and-repair-service-hendersonville.html
TN,Mt. Juliet,Stepp's mobile rv service,shop-tn-stepp-s-mobile-rv-service-mt-juliet.html,https://www.i40breakdown.com/shop-tn-stepp-s-mobile-rv-service-mt-juliet.html
TN,Memphis,Steve's mobile mechanic llc,shop-tn-steve-s-mobile-mechanic-llc-memphis.html,https://www.i40breakdown.com/shop-tn-steve-s-mobile-mechanic-llc-memphis.html
TN,Covington,Steve's Truck Repair Shop,shop-tn-steve-s-truck-repair-shop-covington.html,https://www.i40breakdown.com/shop-tn-steve-s-truck-repair-shop-covington.html
TN,Memphis,Surwic Trailer Hitch Co Inc,shop-tn-surwic-trailer-hitch-co-inc-memphis.html,https://www.i40breakdown.com/shop-tn-surwic-trailer-hitch-co-inc-memphis.html
TN,Jackson,"TAG Truck Center Jackson, TN",shop-tn-tag-truck-center-jackson-tn-jackson.html,https://www.i40breakdown.com/shop-tn-tag-truck-center-jackson-tn-jackson.html
TN,Jackson,"Taylor Diesel of Jackson, an M&D Company",shop-tn-taylor-diesel-of-jackson-an-m-d-company-jackson.html,https://www.i40breakdown.com/shop-tn-taylor-diesel-of-jackson-an-m-d-company-jackson.html
TN,Memphis,"Taylor Diesel of Memphis, an M&D Company",shop-tn-taylor-diesel-of-memphis-an-m-d-company-memphis.html,https://www.i40breakdown.com/shop-tn-taylor-diesel-of-memphis-an-m-d-company-memphis.html
TN,Baxter,"TDT Automotive, Diesel, & Towing",shop-tn-tdt-automotive-diesel-towing-baxter.html,https://www.i40breakdown.com/shop-tn-tdt-automotive-diesel-towing-baxter.html
TN,Oliver Springs,Tennessee Diesel Repair LLC,shop-tn-tennessee-diesel-repair-llc-oliver-springs.html,https://www.i40breakdown.com/shop-tn-tennessee-diesel-repair-llc-oliver-springs.html
TN,Murfreesboro,Tennessee Truck & Trailer Repair,shop-tn-tennessee-truck-trailer-repair-murfreesboro.html,https://www.i40breakdown.com/shop-tn-tennessee-truck-trailer-repair-murfreesboro.html
TN,Knoxville,The Peterbilt Store - Knoxville,shop-tn-the-peterbilt-store-knoxville-knoxville.html,https://www.i40breakdown.com/shop-tn-the-peterbilt-store-knoxville-knoxville.html
TN,Knoxville,Thompson Truck Group Trailer Parts & Services,shop-tn-thompson-truck-group-trailer-parts-services-knoxville.html,https://www.i40breakdown.com/shop-tn-thompson-truck-group-trailer-parts-services-knoxville.html
TN,Knoxville,Titan Trailer Repair and Sales,shop-tn-titan-trailer-repair-and-sales-knoxville.html,https://www.i40breakdown.com/shop-tn-titan-trailer-repair-and-sales-knoxville.html
TN,Memphis,TJ Mobile Automotive Repairs,shop-tn-tj-mobile-automotive-repairs-memphis.html,https://www.i40breakdown.com/shop-tn-tj-mobile-automotive-repairs-memphis.html
TN,Knoxville,TNT HEAVY TRUCK AND TRAILER REPAIR . 24hr MOBILE,shop-tn-tnt-heavy-truck-and-trailer-repair-24hr-mobile-knoxville.html,https://www.i40breakdown.com/shop-tn-tnt-heavy-truck-and-trailer-repair-24hr-mobile-knoxville.html
TN,Memphis,Trailer Sales of Memphis Inc,shop-tn-trailer-sales-of-memphis-inc-memphis.html,https://www.i40breakdown.com/shop-tn-trailer-sales-of-memphis-inc-memphis.html
TN,Knoxville,"Trailer Specialists of Knoxville, LLC",shop-tn-trailer-specialists-of-knoxville-llc-knoxville.html,https://www.i40breakdown.com/shop-tn-trailer-specialists-of-knoxville-llc-knoxville.html
TN,Knoxville,Tri County Auto Fleet Services,shop-tn-tri-county-auto-fleet-services-knoxville.html,https://www.i40breakdown.com/shop-tn-tri-county-auto-fleet-services-knoxville.html
TN,Memphis,Tri-State Thermo King - Memphis,shop-tn-tri-state-thermo-king-memphis-memphis.html,https://www.i40breakdown.com/shop-tn-tri-state-thermo-king-memphis-memphis.html
TN,Memphis,Truck & Trailer Repair Memphis,shop-tn-truck-trailer-repair-memphis-memphis.html,https://www.i40breakdown.com/shop-tn-truck-trailer-repair-memphis-memphis.html
TN,Memphis,United Diesel Power - Truck Repair,shop-tn-united-diesel-power-truck-repair-memphis.html,https://www.i40breakdown.com/shop-tn-united-diesel-power-truck-repair-memphis.html
TN,Nashville,United Truck Repair of Nashville,shop-tn-united-truck-repair-of-nashville-nashville.html,https://www.i40breakdown.com/shop-tn-united-truck-repair-of-nashville-nashville.html
TN,Memphis,Utilities Equipment Company,shop-tn-utilities-equipment-company-memphis.html,https://www.i40breakdown.com/shop-tn-utilities-equipment-company-memphis.html
TN,Nashville,Vengeance Automotive & Diesel,shop-tn-vengeance-automotive-diesel-nashville.html,https://www.i40breakdown.com/shop-tn-vengeance-automotive-diesel-nashville.html
TN,Cordova,Vince Truck and Trailer Repair,shop-tn-vince-truck-and-trailer-repair-cordova.html,https://www.i40breakdown.com/shop-tn-vince-truck-and-trailer-repair-cordova.html
TN,Jackson,Volunteer International Truck Dealership,shop-tn-volunteer-international-truck-dealership-jackson.html,https://www.i40breakdown.com/shop-tn-volunteer-international-truck-dealership-jackson.html
TN,Cookeville,Walker's Diesel Services,shop-tn-walker-s-diesel-services-cookeville.html,https://www.i40breakdown.com/shop-tn-walker-s-diesel-services-cookeville.html
TN,Nashville,Welltek Auto Electrical Diagnostics,shop-tn-welltek-auto-electrical-diagnostics-nashville.html,https://www.i40breakdown.com/shop-tn-welltek-auto-electrical-diagnostics-nashville.html
TN,Knoxville,Westside Automotive Center,shop-tn-westside-automotive-center-knoxville.html,https://www.i40breakdown.com/shop-tn-westside-automotive-center-knoxville.html
TN,Hendersonville,Wrights Diesel Repair and Service LLC,shop-tn-wrights-diesel-repair-and-service-llc-hendersonville.html,https://www.i40breakdown.com/shop-tn-wrights-diesel-repair-and-service-llc-hendersonville.html
TN,Nashville,Wyatt Johnson Ford Service,shop-tn-wyatt-johnson-ford-service-nashville.html,https://www.i40breakdown.com/shop-tn-wyatt-johnson-ford-service-nashville.html
TN,Jackson,Yancey's Lift Truck Services,shop-tn-yancey-s-lift-truck-services-jackson.html,https://www.i40breakdown.com/shop-tn-yancey-s-lift-truck-services-jackson.html
TX,Amarillo,A & A Road Service-Truck Repair,shop-tx-a-a-road-service-truck-repair-amarillo.html,https://www.i40breakdown.com/shop-tx-a-a-road-service-truck-repair-amarillo.html
TX,Amarillo,A's Truck & Trailer Repair (24hr road call service),shop-tx-a-s-truck-trailer-repair-24hr-road-call-service-amarillo.html,https://www.i40breakdown.com/shop-tx-a-s-truck-trailer-repair-24hr-road-call-service-amarillo.html
TX,Amarillo,Adelina Truck & Trailer Repair Shop,shop-tx-adelina-truck-trailer-repair-shop-amarillo.html,https://www.i40breakdown.com/shop-tx-adelina-truck-trailer-repair-shop-amarillo.html
TX,Amarillo,Amarillo Super Mobile Truck Repair,shop-tx-amarillo-super-mobile-truck-repair-amarillo.html,https://www.i40breakdown.com/shop-tx-amarillo-super-mobile-truck-repair-amarillo.html
TX,Amarillo,Amarillo Trailer Tech Solutions,shop-tx-amarillo-trailer-tech-solutions-amarillo.html,https://www.i40breakdown.com/shop-tx-amarillo-trailer-tech-solutions-amarillo.html
TX,Amarillo,American Equipment & Trailer,shop-tx-american-equipment-trailer-amarillo.html,https://www.i40breakdown.com/shop-tx-american-equipment-trailer-amarillo.html
TX,Amarillo,Baldwin Truck & Trailer Repair,shop-tx-baldwin-truck-trailer-repair-amarillo.html,https://www.i40breakdown.com/shop-tx-baldwin-truck-trailer-repair-amarillo.html
TX,Amarillo,Big Tex Trailer World - Amarillo,shop-tx-big-tex-trailer-world-amarillo-amarillo.html,https://www.i40breakdown.com/shop-tx-big-tex-trailer-world-amarillo-amarillo.html
TX,Amarillo,Bomb City Performance Engines,shop-tx-bomb-city-performance-engines-amarillo.html,https://www.i40breakdown.com/shop-tx-bomb-city-performance-engines-amarillo.html
TX,Amarillo,Coolhorse Trailer and RV Service and Repair Center,shop-tx-coolhorse-trailer-and-rv-service-and-repair-center-amarillo.html,https://www.i40breakdown.com/shop-tx-coolhorse-trailer-and-rv-service-and-repair-center-amarillo.html
TX,Amarillo,Dan's Mobile Diesel Service,shop-tx-dan-s-mobile-diesel-service-amarillo.html,https://www.i40breakdown.com/shop-tx-dan-s-mobile-diesel-service-amarillo.html
TX,Amarillo,Darrels Garage & Equipment Sales,shop-tx-darrels-garage-equipment-sales-amarillo.html,https://www.i40breakdown.com/shop-tx-darrels-garage-equipment-sales-amarillo.html
TX,Amarillo,Dhillon & Brothers-Tires/Road service,shop-tx-dhillon-brothers-tires-road-service-amarillo.html,https://www.i40breakdown.com/shop-tx-dhillon-brothers-tires-road-service-amarillo.html
TX,Amarillo,EVERGREEN TRUCK & TRAILER REPAIR AMARIllO Punjabi Hindi repair shop,shop-tx-evergreen-truck-trailer-repair-amarillo-punjabi-hindi-repair-shop-amaril.html,https://www.i40breakdown.com/shop-tx-evergreen-truck-trailer-repair-amarillo-punjabi-hindi-repair-shop-amaril.html
TX,Amarillo,Family Camping Service Center Inc,shop-tx-family-camping-service-center-inc-amarillo.html,https://www.i40breakdown.com/shop-tx-family-camping-service-center-inc-amarillo.html
TX,Amarillo,G & M Farnsworth Transmissions,shop-tx-g-m-farnsworth-transmissions-amarillo.html,https://www.i40breakdown.com/shop-tx-g-m-farnsworth-transmissions-amarillo.html
TX,Amarillo,Gossett Garage Truck Accessories & Tires,shop-tx-gossett-garage-truck-accessories-tires-amarillo.html,https://www.i40breakdown.com/shop-tx-gossett-garage-truck-accessories-tires-amarillo.html
TX,Amarillo,Happy Wrench’s Auto & Diesel Mobile Mechanic LLC,shop-tx-happy-wrench-s-auto-diesel-mobile-mechanic-llc-amarillo.html,https://www.i40breakdown.com/shop-tx-happy-wrench-s-auto-diesel-mobile-mechanic-llc-amarillo.html
TX,Amarillo,High Plains Tire & Diesel Service,shop-tx-high-plains-tire-diesel-service-amarillo.html,https://www.i40breakdown.com/shop-tx-high-plains-tire-diesel-service-amarillo.html
TX,Amarillo,Iron's Diesel Truck Repair,shop-tx-iron-s-diesel-truck-repair-amarillo.html,https://www.i40breakdown.com/shop-tx-iron-s-diesel-truck-repair-amarillo.html
TX,Amarillo,J & M Truck & Auto Body Repair,shop-tx-j-m-truck-auto-body-repair-amarillo.html,https://www.i40breakdown.com/shop-tx-j-m-truck-auto-body-repair-amarillo.html
TX,Amarillo,Journey Trucking Mobile Tire and Repair,shop-tx-journey-trucking-mobile-tire-and-repair-amarillo.html,https://www.i40breakdown.com/shop-tx-journey-trucking-mobile-tire-and-repair-amarillo.html
TX,Amarillo,King Country Trailer & Service,shop-tx-king-country-trailer-service-amarillo.html,https://www.i40breakdown.com/shop-tx-king-country-trailer-service-amarillo.html
TX,Amarillo,Mobile Truck Repair Amarillo,shop-tx-mobile-truck-repair-amarillo-amarillo.html,https://www.i40breakdown.com/shop-tx-mobile-truck-repair-amarillo-amarillo.html
TX,Amarillo,Panhandle Diesel Performance,shop-tx-panhandle-diesel-performance-amarillo.html,https://www.i40breakdown.com/shop-tx-panhandle-diesel-performance-amarillo.html
TX,Amarillo,Panhandle Performance Engines,shop-tx-panhandle-performance-engines-amarillo.html,https://www.i40breakdown.com/shop-tx-panhandle-performance-engines-amarillo.html
TX,Amarillo,Pro Tune Auto & Diesel Performance,shop-tx-pro-tune-auto-diesel-performance-amarillo.html,https://www.i40breakdown.com/shop-tx-pro-tune-auto-diesel-performance-amarillo.html
TX,Amarillo,R Taylor & Sons Auto Repair (Formerly Bucks Garage),shop-tx-r-taylor-sons-auto-repair-formerly-bucks-garage-amarillo.html,https://www.i40breakdown.com/shop-tx-r-taylor-sons-auto-repair-formerly-bucks-garage-amarillo.html
TX,Amarillo,Reasonable Auto & Trailer Repair,shop-tx-reasonable-auto-trailer-repair-amarillo.html,https://www.i40breakdown.com/shop-tx-reasonable-auto-trailer-repair-amarillo.html
TX,Amarillo,Reyna's Mobile Mechanic & Tire,shop-tx-reyna-s-mobile-mechanic-tire-amarillo.html,https://www.i40breakdown.com/shop-tx-reyna-s-mobile-mechanic-tire-amarillo.html
TX,Amarillo,Ron Hoover RV & Marine of Amarillo,shop-tx-ron-hoover-rv-marine-of-amarillo-amarillo.html,https://www.i40breakdown.com/shop-tx-ron-hoover-rv-marine-of-amarillo-amarillo.html
TX,Amarillo,Rush Truck Centers - Amarillo Service,shop-tx-rush-truck-centers-amarillo-service-amarillo.html,https://www.i40breakdown.com/shop-tx-rush-truck-centers-amarillo-service-amarillo.html
TX,Amarillo,Sandoval's Roadside Service,shop-tx-sandoval-s-roadside-service-amarillo.html,https://www.i40breakdown.com/shop-tx-sandoval-s-roadside-service-amarillo.html
TX,Amarillo,Shorty's Bear Safety Services Inc,shop-tx-shorty-s-bear-safety-services-inc-amarillo.html,https://www.i40breakdown.com/shop-tx-shorty-s-bear-safety-services-inc-amarillo.html
TX,Amarillo,Speedco Truck Lube and Tires,shop-tx-speedco-truck-lube-and-tires-amarillo.html,https://www.i40breakdown.com/shop-tx-speedco-truck-lube-and-tires-amarillo.html
TX,Amarillo,"Taylor Diesel of Amarillo, an M&D Company",shop-tx-taylor-diesel-of-amarillo-an-m-d-company-amarillo.html,https://www.i40breakdown.com/shop-tx-taylor-diesel-of-amarillo-an-m-d-company-amarillo.html
TX,Amarillo,TRG ENTERPRISES MOBILE MECHANIC,shop-tx-trg-enterprises-mobile-mechanic-amarillo.html,https://www.i40breakdown.com/shop-tx-trg-enterprises-mobile-mechanic-amarillo.html
TX,Amarillo,"TruckPro, a FleetPride Company",shop-tx-truckpro-a-fleetpride-company-amarillo.html,https://www.i40breakdown.com/shop-tx-truckpro-a-fleetpride-company-amarillo.html
TX,Amarillo,"Watson Automotive & Diesel, LLC",shop-tx-watson-automotive-diesel-llc-amarillo.html,https://www.i40breakdown.com/shop-tx-watson-automotive-diesel-llc-amarillo.html
?,?,(no state-page data),shop-va-truck-trailer-repair-llc-weyers-cave.html,https://www.i40breakdown.com/shop-va-truck-trailer-repair-llc-weyers-cave.html
