filename,name,city,state,address,phone,website,lat,lng,rating,reviews,services
shop-ar-3-buddy-s-diesel-repair-north-little-rock.html,3 Buddy’s Diesel Repair,North Little Rock,AR,"2403 AR-161, North Little Rock, AR 72117",+15013532710,,34.775903,-92.20293099999999,5.0,4,
shop-ar-39th-street-truck-repair-russellville.html,39th Street Truck Repair,Russellville,AR,"308 E 39th St, Russellville, AR 72802",,,35.2375106,-93.13688619999999,2.1,7,
shop-ar-a-m-mobile-mechanic-road-service-russellville.html,A & M Mobile Mechanic - Road Service,Russellville,AR,"1900 S Glenwood Ave, Russellville, AR 72802",+14792643605,,35.260307499999996,-93.14063759999999,5.0,8,Roadside|24/7
shop-ar-advance-fleet-management-little-rock.html,Advance Fleet Management,Little Rock,AR,"7820 Zeuber Rd, Little Rock, AR 72206",+15013883340,,34.699858899999995,-92.1951648,5.0,1,
shop-ar-aem-24hr-mobile-truck-and-trailer-repair-van-buren.html,AEM 24HR MOBILE TRUCK AND TRAILER REPAIR,Van Buren,AR,"735 Redwood Dr, Van Buren, AR 72956",+14792595619,http://aem24mobiletruckandtrailer.com/,35.4439419,-94.2482472,5.0,2,Roadside|24/7|Truck specialist|Trailer
shop-ar-all-right-truck-service-little-rock.html,All Right Truck Service,Little Rock,AR,"19323 N Springlake Rd, Little Rock, AR 72206",+15014754490,,34.573761499999996,-92.32627029999999,5.0,2,24/7
shop-ar-americold-logistics-russellville-324-russellville.html,Americold Logistics Russellville 324,Russellville,AR,"500 State Rte 324, Russellville, AR 72802",+18888084877,https://www.americold.com/,35.2717216,-93.09346839999999,4.2,274,Reefer
shop-ar-americold-logistics-russellville-elmira-russellville.html,Americold Logistics Russellville Elmira,Russellville,AR,"300 S Elmira Ave, Russellville, AR 72802",+14799685322,https://www.americold.com/,35.274135799999996,-93.10486379999999,3.3,377,Reefer
shop-ar-arkansas-diesel-engines-little-rock.html,Arkansas Diesel Engines,Little Rock,AR,"7710 Jamison Rd, Little Rock, AR 72209",+15018124300,http://www.ardieselengines.com/,34.6773588,-92.31362449999999,4.2,5,Truck specialist|Engine|Cooling
shop-ar-arkansas-fuel-injection-little-rock.html,Arkansas Fuel Injection,Little Rock,AR,"7101 I-30, Little Rock, AR 72209",+15015653712,http://arkansasfuelinjectioninc.com/,34.680547499999996,-92.3132696,4.5,45,Truck specialist|Engine|Electrical
shop-ar-arkansas-fuel-injection-of-fort-smith-inc-fort-smith.html,Arkansas Fuel Injection Of Fort Smith Inc,Fort Smith,AR,"6300 S 29th St, Fort Smith, AR 72908",+14796467709,https://www.arkansasfuelinjection.com/,35.322737,-94.403853,4.8,30,Roadside|24/7|Truck specialist|Engine
shop-ar-arkansas-mobile-rv-service-sheridan.html,Arkansas Mobile RV Service,Sheridan,AR,"11 Julia Dr, Sheridan, AR 72150",+15018132566,https://m.facebook.com/arkansasmobilervservice,34.3219652,-92.3882467,5.0,54,Roadside|24/7
shop-ar-arkansas-tire-auto-service-russellville.html,Arkansas Tire & Auto Service,Russellville,AR,"2304 E Main St, Russellville, AR 72802",+14799684304,http://www.arkansastireautoservice.com/,35.2779443,-93.10621239999999,4.5,259,Truck specialist|Tire|Trailer
shop-ar-arkansas-valley-diesel-auto-repair-van-buren.html,Arkansas Valley Diesel & Auto Repair,Van Buren,AR,"12 Ada Bell Cir, Van Buren, AR 72956",+14794747467,,35.4528071,-94.3581136,4.8,62,
shop-ar-b-k-auto-trailer-sales-russellville.html,B & K Auto & Trailer Sales,Russellville,AR,"1925 E Gum Log Rd, Russellville, AR 72802",+14799671542,https://critesautosales.com/,35.3220731,-93.038596,3.4,5,
shop-ar-baker-s-truck-repair-north-little-rock.html,Baker's Truck Repair,North Little Rock,AR,"5500 AR-161, North Little Rock, AR 72117",+15013533827,,34.8033804,-92.1871808,4.8,5,
shop-ar-battle-cross-towing-recovery-a-playing-in-traffic-inc-company-russellvil.html,"Battle Cross Towing & Recovery, A ""Playing In Traffic Inc"" Company",Russellville,AR,"6250 Market St, Russellville, AR 72802",+14792231172,,35.3541781,-93.1234496,4.6,44,24/7
shop-ar-big-rock-truck-and-trailer-repair-north-little-rock.html,Big Rock Truck and Trailer Repair,North Little Rock,AR,"330 Mid State Truck Plaza, North Little Rock, AR 72117",+15012561687,,34.7801113,-92.2013358,4.3,33,
shop-ar-black-dog-diesel-performance-llc-alma.html,Black Dog Diesel Performance LLC,Alma,AR,"1238 Hilltop Dr, Alma, AR 72921",+14796516122,,35.4480429,-94.253697,4.5,11,
shop-ar-bob-orin-s-carb-rebuilders-little-rock.html,Bob & Orin's Carb Rebuilders,Little Rock,AR,"519 W 9th St, Little Rock, AR 72201",+15013722387,,34.740878099999996,-92.2776691,5.0,21,
shop-ar-bruckner-s-truck-equipment-pottsville.html,Bruckner's Truck & Equipment,Pottsville,AR,"620 Mountain Base Rd, Pottsville, AR 72858",+18009236474,https://www.brucknertruck.com/locations/%3Flocation%3Dpottsville%26state%3DArkansas,35.2489604,-93.0245606,4.5,98,
shop-ar-caballero-s-mobile-mechanic-24-7-road-service-russellville.html,Caballero's Mobile mechanic & 24/7 Road service,Russellville,AR,"1122 N Boston Ave, Russellville, AR 72801",+14797478056,,35.2892991,-93.13210199999999,4.7,28,Roadside|24/7
shop-ar-camping-world-rv-service-north-little-rock-north-little-rock.html,Camping World RV Service - North Little Rock,North Little Rock,AR,"9801 Diamond Dr, North Little Rock, AR 72117",+18884097366,https://rv.campingworld.com/dealer/north-little-rock-arkansas/rv-service-repair,34.7852319,-92.14021269999999,5.0,1,24/7|RV|Tire|Engine|Electrical
shop-ar-casey-s-diesel-and-auto-repairs-plumerville.html,Casey’s Diesel and Auto Repairs,Plumerville,AR,"258 Bald Knob Rd, Plumerville, AR 72127",+15016555914,,35.2021115,-92.64529979999999,,,
shop-ar-central-arkansas-truck-trailer-north-little-rock.html,Central Arkansas Truck & Trailer,North Little Rock,AR,"1200 Baucum Industrial Dr, North Little Rock, AR 72117",+15015682185,https://cenarktruck.com/,34.736936299999996,-92.1711933,4.6,101,Roadside|Truck specialist|RV|Tire|Engine|Cooling|Trailer|Brakes|Electrical
shop-ar-chalos-automotive-mechanics-and-repair-hablamos-espa-ol-conway.html,Chalos Automotive Mechanics And Repair (Hablamos español),Conway,AR,"207 Skunk Hollow Rd, Conway, AR 72032",+15013397169,,35.0615558,-92.3841628,4.8,107,
shop-ar-christian-brothers-automotive-west-little-rock-little-rock.html,Christian Brothers Automotive West Little Rock,Little Rock,AR,"15516 Chenal Pkwy, Little Rock, AR 72211",+15015185466,https://www.cbac.com/west-little-rock/%3Futm_source%3DGMB%26utm_medium%3Dorganic%26utm_campaign%3Dwest-little-rock%26utm_content%3Dwebsite-cta,34.7577954,-92.4446274,4.5,361,
shop-ar-city-of-little-rock-fleet-services-little-rock.html,City of Little Rock Fleet Services,Little Rock,AR,"10803 Ironton Cut-Off Rd, Little Rock, AR 72206",+15018885943,http://www.littlerock.org/,34.653606499999995,-92.3040558,2.0,3,
shop-ar-cliff-carter-s-wrecker-service-west-memphis.html,Cliff Carter's Wrecker Service,West Memphis,AR,"479 AR-77, West Memphis, AR 72301",+18707354285,https://cliffcarterbodyshopar.com/,35.174599199999996,-90.1849878,4.8,92,24/7|Truck specialist|Tire|Engine|Trailer
shop-ar-cmt-truck-and-trailer-repair-llc-north-little-rock.html,CMT Truck and Trailer Repair LLC,North Little Rock,AR,"5007 E Broadway St, North Little Rock, AR 72117",+15012735325,,34.764139199999995,-92.2068065,4.6,28,
shop-ar-cogswell-towing-wrecker-and-road-service-russellville.html,Cogswell Towing Wrecker and Road Service,Russellville,AR,"3933 E Main St, Russellville, AR 72802",+14799684665,https://cogswelltowing.com/,35.2728204,-93.07573599999999,4.5,90,Roadside|24/7|Truck specialist|Reefer|Engine|Trailer
shop-ar-commercial-truck-and-trailer-repair-marion.html,Commercial Truck and Trailer Repair,Marion,AR,"482 Bob Taylor Dr, Marion, AR 72364",+19016522545,http://www.precisiontruckrepairshop.com/%3Futm_campaign%3Dgmb,35.2367468,-90.2121386,4.1,178,24/7
shop-ar-conway-axle-trailer-parts-llc-conway.html,Conway Axle & Trailer Parts LLC,Conway,AR,"348 US-64, Conway, AR 72032",+15015046026,,35.087192099999996,-92.3607506,5.0,8,
shop-ar-conway-semi-truck-trailer-repair-conway.html,Conway Semi Truck & Trailer Repair,Conway,AR,"1127 Factory St, Conway, AR 72032",,,35.0948284,-92.4352713,,,
shop-ar-david-whitt-truck-repair-fort-smith.html,David Whitt Truck Repair,Fort Smith,AR,"4000 Wheeler Ave, Fort Smith, AR 72901",+14796481551,http://david-repair-fort-smith.jany.io/,35.345555,-94.428236,4.3,42,Truck specialist|Engine
shop-ar-don-s-mobile-rv-service-north-little-rock.html,Don's Mobile RV Service,North Little Rock,AR,"7317 Faulkner Lake Rd, North Little Rock, AR 72117",+15017439297,,34.7525857,-92.18235609999999,4.7,44,Roadside
shop-ar-dpf-alternatives-little-rock-dardanelle.html,DPF Alternatives Little Rock,Dardanelle,AR,"21166 N Hwy 7, Dardanelle, AR 72834",+14792807482,https://dpfalternatives.com/locations/little-rock-arkansas,35.173159,-93.15378799999999,5.0,11,Roadside|24/7|Truck specialist|Engine
shop-ar-dr-underhood-automotive-specialist-fort-smith.html,Dr. Underhood Automotive Specialist,Fort Smith,AR,"5300 Towson Ave Ste 200, Fort Smith, AR 72901",+14794345852,https://drunderhood.com/,35.333397,-94.42325199999999,4.7,178,
shop-ar-dru-s-mobile-auto-repair-little-rock.html,Dru's Mobile Auto Repair,Little Rock,AR,"11518 Ponderosa Dr, Little Rock, AR 72209",+15015631000,http://drus-mobile-auto.lany.io/,34.6449964,-92.35888059999999,3.8,65,Roadside|24/7|Engine|Cooling
shop-ar-electric-motor-center-inc-russellville.html,Electric Motor Center Inc.,Russellville,AR,"3222 Bernice Ave, Russellville, AR 72802",+14799682532,,35.2501217,-93.1236326,4.9,10,
shop-ar-express-tire-auto-repair-russellville.html,Express Tire & Auto Repair,Russellville,AR,"506 E 4th St, Russellville, AR 72801",+14799672212,,35.2747217,-93.12721669999999,4.5,40,
shop-ar-first-call-mobile-mechanic-automotive-services-little-rock.html,First Call Mobile Mechanic Automotive Services,Little Rock,AR,"43 Crape Myrtle Pl, Little Rock, AR 72210",+15019886125,,34.6641603,-92.4380321,4.9,320,Roadside
shop-ar-first-choice-mobile-rv-repair-tucker.html,First Choice Mobile RV Repair,Tucker,AR,"2400 Ray Dean Rd, Tucker, AR 72168",+15014442992,https://www.1stchoicemobilervrepair.com/,34.4190608,-92.1096458,5.0,30,Roadside|RV|Engine|Trailer|Brakes
shop-ar-fleet-management-services-little-rock.html,Fleet Management Services,Little Rock,AR,"901 E 8th St, Little Rock, AR 72202",+15013753672,,34.7402492,-92.2609634,4.8,33,
shop-ar-fleet-masters-truck-trailer-repair-north-little-rock.html,Fleet Masters truck & trailer repair,North Little Rock,AR,"2400 McCain Blvd, North Little Rock, AR 72116",+18662065993,,34.796625899999995,-92.23996679999999,,,
shop-ar-fleet-tire-point-s-tire-and-auto-service-russellville.html,Fleet Tire Point S Tire and Auto Service,Russellville,AR,"300 S Arkansas Ave, Russellville, AR 72801",+14799676209,https://pointstire.com/russellville,35.2761822,-93.1340908,4.7,106,Truck specialist|Tire|Engine|Cooling|Brakes|Electrical
shop-ar-fleetpride-service-center-little-rock.html,FleetPride Service Center,Little Rock,AR,"4614 Thibault Rd, Little Rock, AR 72206",+15013135606,https://branches.fleetpride.com/ar/littlerock/truckparts-ltr-sc.html,34.7041724,-92.19106389999999,5.0,6,Roadside|Truck specialist|Tire|Engine|Cooling|Trailer|Brakes|Electrical
shop-ar-flexarmor-arkansas-north-little-rock.html,FlexArmor Arkansas,North Little Rock,AR,"4617 W Bethany Rd, North Little Rock, AR 72117",+19048305445,https://rvroof.com/,34.7750586,-92.2120429,,,Roadside|Truck specialist|RV|Tire|Trailer|Electrical
shop-ar-forest-river-rv-camping-world-sherwood.html,Forest River RV | Camping World,Sherwood,AR,"6721 Warden Rd, Sherwood, AR 72120",+18667890643,https://rv.campingworld.com/dealer/forestriver-sherwood-arkansas,34.8194267,-92.19989369999999,4.5,1384,Roadside|24/7|Truck specialist|RV|Engine|Trailer|Electrical
shop-ar-g-ray-baker-truck-garage-inc-russellville.html,G Ray Baker Truck & Garage Inc,Russellville,AR,"1602 AR-124, Russellville, AR 72802",+14799682596,,35.299939699999996,-93.1131527,4.5,10,
shop-ar-g-w-diesel-services-evs-mid-south-conway.html,G&W Diesel Services/EVS Mid-South,Conway,AR,"1400 E W Martin Dr, Conway, AR 72032",+15013273200,,35.0613063,-92.40902419999999,4.2,10,
shop-ar-garretteed-diesel-repair-west-memphis.html,Garretteed Diesel Repair,West Memphis,AR,"1511 E Broadway Ave, West Memphis, AR 72301",+18709233238,,35.1461453,-90.16570259999999,1.6,7,24/7
shop-ar-glenn-s-auto-and-truck-repair-atkins.html,Glenn's Auto and Truck Repair,Atkins,AR,"1207 US-64, Atkins, AR 72823",,,35.242293599999996,-92.95153669999999,4.9,15,24/7
shop-ar-glenn-s-mobile-road-service-and-towing-russellville.html,Glenn's Mobile Road Service and Towing,Russellville,AR,"233 Hidden Valley Ln, Russellville, AR 72802",,,35.332400199999995,-93.11638289999999,4.3,19,Roadside|24/7
shop-ar-grace-pro-trailer-sales-russellville.html,Grace Pro Trailer Sales,Russellville,AR,"215 W Tacoma Ave, Russellville, AR 72801",+14792808690,https://graceprotrailers.com/,35.2947485,-93.1693736,4.9,87,24/7|Trailer
shop-ar-grace-trailer-service-inc-north-little-rock.html,Grace Trailer Service Inc,North Little Rock,AR,"2228 Central Airport Rd, North Little Rock, AR 72117",+15019552379,http://www.gracetrailer.com/,34.773387899999996,-92.17657469999999,4.6,49,Truck specialist|Engine|Trailer
shop-ar-grade-a-mobile-truck-trailer-repair-llc-west-memphis.html,Grade A Mobile Truck & Trailer Repair LLC,West Memphis,AR,"610 N Missouri St Ste 5, West Memphis, AR 72301",+19016313808,,35.153614499999996,-90.1851891,5.0,2,Roadside|24/7
shop-ar-greg-s-too-auto-repair-towing-fort-smith.html,Greg's Too Auto Repair & Towing,Fort Smith,AR,"6800 Phoenix Ave, Fort Smith, AR 72903",+14795515400,https://gregstoo.com/,35.3471778,-94.3572293,4.5,314,
shop-ar-gt-auto-repairs-gas-and-diesel-north-little-rock.html,GT Auto Repairs Gas and Diesel,North Little Rock,AR,"3004 E Broadway St, North Little Rock, AR 72114",,,34.755033,-92.2334781,5.0,1,
shop-ar-hale-trailer-brake-wheel-little-rock-north-little-rock.html,Hale Trailer Brake & Wheel - Little Rock,North Little Rock,AR,"8720 Faulkner Lake Rd, North Little Rock, AR 72117",+15016537770,https://haletrailer.com/locations/little-rock-ar/%3Futm_source%3Dgoogle%26utm_medium%3Dorganic%26utm_campaign%3Dmaps,34.747612,-92.1653944,4.8,43,
shop-ar-harness-garage-and-tire-russellville.html,Harness Garage And Tire,Russellville,AR,"8341 US-64, Russellville, AR 72802",+14799684259,,35.3253973,-93.2180522,4.3,4,
shop-ar-high-caliber-diesel-service-van-buren.html,High Caliber Diesel Service,Van Buren,AR,"2290 S 4th St, Van Buren, AR 72956",+14792622600,,35.418067199999996,-94.3351698,4.8,45,24/7
shop-ar-highway-64-truck-and-trailer-repair-van-buren.html,Highway 64 Truck and Trailer Repair,Van Buren,AR,"5200 Alma Hwy, Van Buren, AR 72956",+14796683107,https://www.highway64semitruckservice.com/,35.4576809,-94.2901383,4.7,418,Roadside|24/7|Truck specialist|Tire|Engine|Trailer|Brakes|Electrical
shop-ar-hilliard-enterprises-inc-north-little-rock.html,"Hilliard Enterprises, Inc.",North Little Rock,AR,"25221 AR-365 North, North Little Rock, AR 72113",+15018510510,http://www.locomotiveparts.net/,34.892243,-92.428146,4.3,6,Engine
shop-ar-hodges-heavy-duty-truck-parts-russellville.html,Hodges Heavy Duty Truck Parts,Russellville,AR,"3821 S Arkansas Ave, Russellville, AR 72802",+14799671333,https://www.hodgesheavydutytruckandtowing.com/,35.2386528,-93.13968129999999,3.7,100,Roadside|24/7|Truck specialist|Engine|Trailer|Brakes
shop-ar-hodges-towing-and-recovery-russellville.html,Hodges Towing and Recovery,Russellville,AR,"3821 S Arkansas Ave Ste A, Russellville, AR 72802",+14799685111,http://www.hodgeswrecker.com/,35.2385344,-93.1397357,4.0,95,Roadside|24/7|Truck specialist|RV|Tire
shop-ar-hogan-truck-leasing-rental-russellville-ar-london.html,"Hogan Truck Leasing & Rental: Russellville, AR",London,AR,"8271 US-64, London, AR 72847",+14799673410,http://www.hogan1.com/,35.3250095,-93.21645749999999,4.7,11,Roadside|24/7|Truck specialist
shop-ar-hotshotz-automotive-diesel-repair-danville.html,Hotshotz Automotive & Diesel Repair,Danville,AR,"2009 E 8th St, Danville, AR 72833",+14794953455,,35.054409899999996,-93.3713971,4.3,9,
shop-ar-hq-rv-mobile-services-llc-little-rock.html,"HQ RV Mobile Services, LLC",Little Rock,AR,"157 Pebble Beach Dr, Little Rock, AR 72212",+15019140003,http://hqrvmobiletech.com/,34.7810647,-92.4338598,5.0,15,Roadside|RV|Electrical
shop-ar-hunt-engine-rebuilders-inc-fort-smith.html,Hunt Engine Rebuilders Inc,Fort Smith,AR,"5213 S 33rd St, Fort Smith, AR 72903",+14796466863,,35.3318128,-94.397863,4.4,33,
shop-ar-i-55-truck-and-trailer-repair-crawfordsville.html,I-55 Truck and Trailer Repair,Crawfordsville,AR,"7468 I-55, Crawfordsville, AR 72327",+18706354003,https://i55truckandtrailer.com/,35.2672728,-90.2291012,4.5,346,Roadside|24/7|Truck specialist|Tire|Engine|Cooling|Trailer|Brakes|Electrical
shop-ar-immediate-response-truck-and-trailer-repairs-marion.html,Immediate response truck and trailer repairs,Marion,AR,"#4012, Marion, AR 72364",+18705141090,,35.225949,-90.21089979999999,4.6,13,24/7
shop-ar-in-and-out-diesel-repair-llc-marion.html,In and Out Diesel Repair LLC,Marion,AR,"6208 AR-77, Marion, AR 72364",+19012540241,,35.2519503,-90.21465669999999,5.0,4,
shop-ar-jesse-truck-and-trailer-north-little-rock.html,Jesse truck and trailer,North Little Rock,AR,"5924 McCain Park Pl Building 14 apartment 204, North Little Rock, AR 72117",+15014301012,,34.7885505,-92.1978585,5.0,2,24/7
shop-ar-jet-s-mobile-truck-and-equipment-repair-services-llc-fort-smith.html,Jet’s Mobile Truck and Equipment Repair Services LLC,Fort Smith,AR,"2712 Market Trce, Fort Smith, AR 72908",+14792558244,https://www.facebook.com/profile.php%3Fid%3D100091579537647%26mibextid%3DLQQJ4d,35.3012844,-94.4059657,5.0,20,Roadside|24/7
shop-ar-jhook-towing-recovery-north-little-rock.html,JHook Towing & Recovery,North Little Rock,AR,"7303 US-70, North Little Rock, AR 72117",+15019552400,http://www.jhooktowing.com/,34.7713573,-92.18341269999999,3.0,370,Roadside|24/7|Truck specialist|Tire|Engine|Trailer|Brakes|Electrical
shop-ar-joes-fleet-service-north-little-rock.html,Joes Fleet Service,North Little Rock,AR,"1500 E 4th St, North Little Rock, AR 72114",+15014168611,,34.7563639,-92.2506392,5.0,3,
shop-ar-jones-automotive-diesel-performance-dover.html,Jones Automotive & Diesel Performance,Dover,AR,"40 Library Rd, Dover, AR 72837",+14793312008,,35.3910909,-93.1102736,4.5,40,
shop-ar-l-r-mobile-truck-trailer-repair-north-little-rock.html,L&R Mobile Truck & Trailer Repair,North Little Rock,AR,"3000 E Washington Ave #3, North Little Rock, AR 72114",+15013073309,,34.753212999999995,-92.23391,,,Roadside
shop-ar-l-t-diesel-repair-roadside-assistance-24-7-forrest-city.html,L&T Diesel Repair roadside assistance 24/7,Forrest City,AR,"2024 Campbell Dr, Forrest City, AR 72335",+18703179978,,35.007951299999995,-90.766521,4.0,50,24/7
shop-ar-legget-truck-repair-north-little-rock-2.html,Legget Truck Repair,North Little Rock,AR,"24 E 8th St, North Little Rock, AR 72114",,http://leggettruckrepair.com/,34.7611844,-92.240873,,,Roadside|24/7|Truck specialist|Tire|Engine|Cooling|Trailer|Brakes|Electrical
shop-ar-legget-truck-repair-north-little-rock.html,Legget Truck Repair,North Little Rock,AR,"2341 E 8th St, North Little Rock, AR 72114",+15012846566,https://www.leggettruckrepair.com/,34.760965399999996,-92.2389646,4.3,17,Roadside|24/7|Truck specialist|Tire|Engine|Cooling|Trailer|Brakes|Electrical
shop-ar-levi-s-diesel-and-automotive-fort-smith.html,Levi's Diesel And Automotive,Fort Smith,AR,"6004 US-271, Fort Smith, AR 72908",+14794346107,,35.3258049,-94.42309619999999,4.2,22,
shop-ar-lewis-repair-services-mobile-truck-and-trailer-repair-delaware.html,Lewis Repair Services- Mobile Truck and Trailer Repair,Delaware,AR,"379 Mill Creek Rd, Delaware, AR 72835",+14797476143,https://www.facebook.com/share/18bjoLUXji/%3Fmibextid%3DwwXIfr,35.289660999999995,-93.3855067,5.0,2,Roadside
shop-ar-liberty-trailer-co-north-little-rock.html,Liberty Trailer Co,North Little Rock,AR,"10120 US-70, North Little Rock, AR 72117",+15019457679,,34.7736592,-92.1516293,4.6,215,
shop-ar-lift-truck-service-center-russellville.html,Lift Truck Service Center,Russellville,AR,"2313 E 2nd St, Russellville, AR 72801",+14799673548,https://lifttruckservicecenterinc.com/company/locations/russellville/%3Futm_source%3DGMB%26utm_medium%3Dlocal%26utm_campaign%3Dltsc-russellville,35.277130299999996,-93.1059714,4.4,9,
shop-ar-little-rock-mobile-mechanic-little-rock.html,Little Rock Mobile Mechanic,Little Rock,AR,"811 S Louisiana St, Little Rock, AR 72201",+15012990198,http://littlerockmobilemechanic.com/,34.7408715,-92.27280329999999,3.9,41,Roadside|24/7
shop-ar-little-rock-mobile-truck-repair-north-little-rock.html,Little Rock Mobile Truck Repair,North Little Rock,AR,"7910 Rains Dr, North Little Rock, AR 72117",+15015056645,,34.7718127,-92.1766406,2.0,4,Roadside
shop-ar-little-rock-on-site-truck-repair-little-rock.html,Little Rock On-Site Truck Repair,Little Rock,AR,"6204 Dividend St, Little Rock, AR 72209",+15017374975,https://mobiletruckrepairlittlerock.com/,34.6922541,-92.32023699999999,5.0,3,Roadside|24/7|Truck specialist|Reefer|Engine|Trailer|Brakes|Electrical
shop-ar-little-rock-truck-parts-north-little-rock.html,Little Rock Truck Parts,North Little Rock,AR,"24415 AR-365 N, North Little Rock, AR 72113",+15017341292,http://www.littlerocktruckparts.com/,34.888906899999995,-92.4193152,4.6,16,Truck specialist|Engine
shop-ar-logan-county-marine-inc-russellville.html,Logan County Marine Inc.,Russellville,AR,"1610 E Parkway Dr, Russellville, AR 72802",+14798801551,https://logan-county-marine-inc.myshopify.com/,35.2821406,-93.11328859999999,4.0,28,Cooling
shop-ar-m-s-truck-repair-service-llc-north-little-rock.html,M&S Truck Repair Service LLC,North Little Rock,AR,"1824 Van St, North Little Rock, AR 72117",+15013985793,,34.7706277,-92.2124054,4.8,67,24/7
shop-ar-memphis-truck-and-trailer-repair-service-marion.html,Memphis Truck and Trailer Repair Service,Marion,AR,"4012 I-55, Marion, AR 72364",+18705142213,https://memphistruckandtrailerrepair.com/,35.2205929,-90.2091763,4.6,238,Roadside|24/7|Truck specialist|RV|Tire|Engine|Trailer
shop-ar-meza-international-truck-and-trailer-service-inc-russellville.html,Meza International Truck And Trailer Service Inc,Russellville,AR,"50 Joyce Ln, Russellville, AR 72802",,,35.281110999999996,-93.0879999,5.0,5,
shop-ar-mhc-carrier-transicold-little-rock-little-rock.html,MHC Carrier Transicold - Little Rock,Little Rock,AR,"7015 Scott Hamilton Dr, Little Rock, AR 72209",+15014900985,https://mhc.com/locations/mhc-carrier-transicold-little-rock,34.6845658,-92.3182939,4.2,56,
shop-ar-mhc-kenworth-little-rock-little-rock.html,MHC Kenworth - Little Rock,Little Rock,AR,"8001 E Port Dr, Little Rock, AR 72206",+15014901500,https://mhc.com/locations/mhc-kenworth-little-rock,34.717811499999996,-92.1872558,4.0,678,Roadside|24/7|Truck specialist|Reefer|Engine|Trailer|Electrical
shop-ar-mike-johnson-s-power-sports-of-russellville-russellville.html,Mike Johnson's Power Sports of Russellville,Russellville,AR,"120 E Parkway Dr, Russellville, AR 72801",+14799687110,http://www.mikejohnsonspowersports.com/,35.2808853,-93.13236479999999,4.1,157,Tire|Engine|Cooling|Trailer|Electrical
shop-ar-mobile-diesel-tire-repair-little-rock.html,Mobile Diesel & Tire Repair,Little Rock,AR,"3102 King Rd, Little Rock, AR 72206",+15012932617,,34.6983684,-92.2467952,,,Roadside|24/7
shop-ar-mobile-mechanic-brought-ons-satisfaction-little-rock.html,Mobile Mechanic - Brought Ons Satisfaction,Little Rock,AR,"7000 S University Ave, Little Rock, AR 72209",+19016461390,https://m.facebook.com/profile.php%3Fid%3D2217301818500536%26ref%3Dcontent_filter,34.6863534,-92.35006039999999,4.2,38,Roadside
shop-ar-monticello-diesel-hydraulics-monticello.html,Monticello Diesel & Hydraulics,Monticello,AR,"120 Carpenter Rd, Monticello, AR 71655",+18703675052,,33.632098899999995,-91.74457079999999,3.9,7,
shop-ar-morgan-s-rv-service-repair-russellville.html,Morgan's RV Service & Repair,Russellville,AR,"8409 US-64, Russellville, AR 72802",+14795675860,https://www.morgansrvserviceandrepair.com/,35.3254873,-93.2194019,4.7,27,Roadside|RV|Trailer|Brakes|Electrical
shop-ar-napa-truck-service-center-little-rock.html,Napa Truck Service Center,Little Rock,AR,"1700 E 14th St, Little Rock, AR 72202",,,34.734320499999995,-92.25135139999999,,,
shop-ar-north-little-rock-diesel-service-north-little-rock.html,North Little Rock Diesel Service,North Little Rock,AR,"408 Lake Ln, North Little Rock, AR 72117",+15019452557,,34.750055599999996,-92.1638775,4.4,12,
shop-ar-north-little-rock-truck-repair-north-little-rock.html,North Little Rock Truck Repair,North Little Rock,AR,"4223 E 43rd St, North Little Rock, AR 72117",+15013658237,,34.79441,-92.21897539999999,3.5,4,24/7
shop-ar-onsite-truck-and-trailer-repair-mabelvale.html,Onsite Truck and Trailer Repair,Mabelvale,AR,"10802 Sardis Rd, Mabelvale, AR 72103",+15012517243,https://onsitetruckrepairlr.com/,34.6528752,-92.3894187,,,Roadside|24/7|Truck specialist|Tire|Engine|Trailer|Electrical
shop-ar-ouachita-trailer-sales-memphis-west-memphis.html,Ouachita Trailer Sales - Memphis,West Memphis,AR,"6044 W Broadway Ave, West Memphis, AR 72301",+18703945985,https://www.ouachitatrailers.com/,35.1467226,-90.2308765,5.0,43,Trailer|Brakes|Electrical
shop-ar-outdoor-living-center-rv-park-russellville.html,Outdoor Living Center RV Park,Russellville,AR,"10 Outdoor Pl, Russellville, AR 72802",+14799687705,,35.3106122,-93.1393646,4.4,184,
shop-ar-ozarko-tire-centers-inc-russellville.html,"Ozarko Tire Centers, Inc.",Russellville,AR,"488 Okie Doke Rd, Russellville, AR 72802",+14799683090,,35.231607,-93.1407318,4.7,32,
shop-ar-petro-travel-center-north-little-rock.html,Petro Travel Center,North Little Rock,AR,"3205 Valentine Rd Exit 161, North Little Rock, AR 72117",+15019453206,https://www.ta-petro.com/location/ar/petro-north-little-rock,34.780952,-92.12977219999999,2.7,1142,Roadside|24/7|Truck specialist|Reefer|Tire|Engine|Cooling|Trailer|Brakes|Electrical
shop-ar-petroleum-fuel-terminal-co-north-little-rock.html,Petroleum Fuel & Terminal Co,North Little Rock,AR,"3206 Gribble St, North Little Rock, AR 72114",+15019457497,,34.7493568,-92.2306223,4.3,4,24/7
shop-ar-powers-truck-parts-service-north-little-rock.html,Powers Truck Parts & Service,North Little Rock,AR,"900 Fiber Optic Dr, North Little Rock, AR 72117",+15013724828,https://www.powerstruckparts.com/,34.7331466,-92.14820859999999,4.2,34,Truck specialist|Engine|Brakes|Electrical
shop-ar-precision-tune-auto-care-little-rock-afb.html,Precision Tune Auto Care,Little Rock AFB,AR,"1035 Arnold Dr Bldg. 1035, Little Rock AFB, AR 72099",+15012327205,http://www.precisiontune.com/LittleRockAFBAR,34.8950728,-92.1351383,4.6,172,Truck specialist|Tire|Engine|Cooling|Brakes|Electrical
shop-ar-premier-trailers-of-fort-smith-fort-smith.html,Premier Trailers of Fort Smith,Fort Smith,AR,"11318 US-71 #1, Fort Smith, AR 72916",+14796465043,,35.276549599999996,-94.3748617,4.7,48,
shop-ar-psc-polar-service-center-west-memphis.html,PSC - Polar Service Center,West Memphis,AR,"615 Petro Cove, West Memphis, AR 72301",+18707320404,https://polarservicecenters.com/,35.1524328,-90.1296492,4.2,210,
shop-ar-quality-truck-and-trailer-repair-trumann.html,Quality Truck and Trailer Repair,Trumann,AR,"744 AR-463, Trumann, AR 72472",+18707718602,https://www.qualitytruckfix.com/,35.663804999999996,-90.5072057,4.7,44,Roadside|24/7|Truck specialist|Trailer
shop-ar-quality-truck-repair-services-inc-north-little-rock.html,"Quality Truck Repair Services, Inc.",North Little Rock,AR,"1936 Rodgers Rd, North Little Rock, AR 72117",+15019559356,https://www.qualitytruckrepairar.net/,34.7709313,-92.1744648,4.5,107,
shop-ar-quick-fix-truck-service-llc-mabelvale.html,Quick Fix Truck Service llc,Mabelvale,AR,"2402 McPherson Springs Rd, Mabelvale, AR 72103",+15016021200,,34.5738412,-92.39111079999999,3.6,28,24/7
shop-ar-quick-truck-wash-russellville-ar-exit-84-truck-wash-russellville.html,"Quick Truck Wash Russellville Ar , EXIT 84 TRUCK WASH",Russellville,AR,"Next To Flying J, 43 Interstate Ave, Russellville, AR 72802",+14799689131,http://russellvilletankwash.com/,35.283401399999995,-93.0872461,4.1,658,24/7
shop-ar-ramon-s-mobile-mechanic-24-7-road-service-russellville.html,Ramon’s Mobile Mechanic & 24/7 Road Service,Russellville,AR,"901 N Knoxville Ave, Russellville, AR 72801",+14792198678,,35.285785499999996,-93.1203965,4.8,72,Roadside|24/7
shop-ar-rapid-response-truck-and-trailer-marion.html,Rapid Response Truck and Trailer,Marion,AR,"5986 US-70, Marion, AR 72364",+19014679962,https://www.rapidresponsetrucktrailer.com/,35.1473048,-90.2297983,4.6,92,Roadside|24/7|Truck specialist|Tire|Engine|Trailer|Electrical
shop-ar-red-s-diesel-auto-repair-north-little-rock.html,Red’s Diesel & Auto Repair,North Little Rock,AR,"3021 E Broadway St, North Little Rock, AR 72114",+15012430190,https://www.redsdieselandautorepair.com/,34.7560606,-92.2324702,4.7,23,Truck specialist|Engine|Brakes|Electrical
shop-ar-reed-s-mobile-mechanic-service-conway.html,Reed's mobile mechanic service,Conway,AR,"1405 S Donaghey Ave Apt 73, Conway, AR 72034",+14794354121,,35.0597318,-92.4570605,1.0,1,Roadside|24/7
shop-ar-rhino-linings-of-russellville-russellville.html,RHINO LININGS OF RUSSELLVILLE,Russellville,AR,"304 E 39th St, Russellville, AR 72802",+14799683370,https://rhinolinings.com/find-applicator/ar/russellville/rhino_truckbed_liners_russellville_ar_72802_69197.html,35.2375316,-93.137506,5.0,1,Truck specialist|Trailer
shop-ar-rj-s-custom-upholstrey-embroidery-russellville.html,RJ's custom upholstrey & Embroidery,Russellville,AR,"6368 S Market St, Russellville, AR 72802",+14792195115,https://rjchristopher.wixsite.com/rjscustomupholstery,35.3563729,-93.1228659,5.0,51,
shop-ar-rls-truck-and-tire-diesel-service-24-hour-proctor.html,RLS Truck and Tire Diesel Service 24 Hour,Proctor,AR,"366 Beck Rd, Proctor, AR 72376",+19018253272,,35.1566872,-90.3750561,4.7,65,24/7
shop-ar-rush-truck-centers-russellville-service-russellville.html,Rush Truck Centers - Russellville Service,Russellville,AR,"143 AR-331, Russellville, AR 72802",+14799675800,https://www.rushtruckcenters.com/locations/32050000-russellville%3Futm_source%3Dgoogle%26utm_medium%3Dorganic%26utm_campaign%3Dgmb-russellville-service,35.2798284,-93.0930841,5.0,1,Roadside|24/7|Truck specialist|RV|Tire|Engine|Cooling|Trailer|Brakes
shop-ar-russellville-auto-repair-and-wrecker-russellville.html,Russellville Auto Repair and Wrecker,Russellville,AR,"410 W Parkway Dr, Russellville, AR 72801",+14798860279,http://russellvilleautowrecker.com/,35.2815234,-93.13570349999999,4.8,37,
shop-ar-rv-collision-center-of-arkansas-conway.html,RV Collision Center of Arkansas,Conway,AR,"16 Drillers Dr, Conway, AR 72032",+15013014451,https://rvcollisioncenterar.com/,35.064365099999996,-92.3883615,5.0,1,
shop-ar-rv-service-repair-at-forest-river-rv-little-rock-by-camping-world-little.html,RV Service & Repair at Forest River RV Little Rock by Camping World,Little Rock,AR,"9801 I-30, Little Rock, AR 72209",+18773582481,https://rv.campingworld.com/service,34.6756129,-92.36588499999999,5.0,1,Roadside|24/7|RV|Engine|Brakes
shop-ar-scotty-s-storage-trailer-rentals-inc-russellville.html,"Scotty's Storage Trailer Rentals, Inc.",Russellville,AR,"2720 Bernard Way, Russellville, AR 72802",+14798582550,http://www.scottysstorage.com/,35.273944,-93.10096709999999,4.1,19,Roadside|Trailer
shop-ar-sharma-s-fleet-services-russellville.html,Sharma's Fleet Services,Russellville,AR,"290 Bradley Cove Rd, Russellville, AR 72802",+13073134498,https://sharmasfleetservices.com/,35.2846405,-93.0845427,,,Roadside|24/7|Truck specialist|Trailer
shop-ar-skx-diesel-repair-north-little-rock.html,SKX Diesel Repair,North Little Rock,AR,"2403 AR-161, North Little Rock, AR 72117",+15013508727,,34.775486199999996,-92.2004841,,,
shop-ar-smart-bubble-mobile-auto-body-repair-shop-little-rock.html,Smart Bubble Mobile Auto/Body Repair Shop,Little Rock,AR,"1121 S Bowman Rd c1, Little Rock, AR 72211, Little Rock, AR 72205",+18335017771,https://smartbubbleautorepairshop.simplybook.me/,34.7444051,-92.4067458,4.8,349,Roadside|24/7
shop-ar-smith-truck-trailer-repair-fort-smith.html,Smith Truck & Trailer Repair,Fort Smith,AR,"1209 S 9th St, Fort Smith, AR 72901",+14797836881,,35.372901299999995,-94.4245232,4.1,14,
shop-ar-southern-tire-mart-pilot-russellville.html,Southern Tire Mart @ Pilot,Russellville,AR,"185 Interstate Ave, Russellville, AR 72802",+14798809224,https://stmtires.com/locations/store-STMP-533/,35.282138599999996,-93.08752299999999,5.0,1,Roadside|24/7|Truck specialist|Tire|Brakes|Electrical
shop-ar-southland-breakdown-emergency-roadside-services-little-rock.html,Southland Breakdown Emergency Roadside Services,Little Rock,AR,"7415 Colonel Glenn Rd Unit# Q2, Little Rock, AR 72204",+15012138978,https://www.southlandresponse.org/%3Futm_source%3Dgoogle%26utm_medium%3Dwix_google_business_profile%26utm_campaign%3D11342537614497885593,34.7147493,-92.35828529999999,4.6,53,24/7
shop-ar-speedco-truck-lube-and-tires-north-little-rock.html,Speedco Truck Lube and Tires,North Little Rock,AR,"3112 AR-391, North Little Rock, AR 72117",+15019456047,https://www.loves.com/,34.778672,-92.12795,3.0,650,
shop-ar-speedco-truck-lube-and-tires-west-memphis.html,Speedco Truck Lube and Tires,West Memphis,AR,"4300 Petro Rd, West Memphis, AR 72301",+18707329281,https://www.loves.com/locations/951,35.1540647,-90.1294027,3.5,686,
shop-ar-speedway-tires-truck-trailer-repair-west-memphis.html,Speedway tires. Truck & trailer repair,West Memphis,AR,"1212 Martin Luther King Jr Dr, West Memphis, AR 72301",+18172108750,,35.1600786,-90.1350113,5.0,12,
shop-ar-stacked-commercial-truck-trailer-repair-pine-bluff.html,Stacked Commercial Truck & Trailer Repair,Pine Bluff,AR,"5421 Industrial Dr S, Pine Bluff, AR 71602",+18702477478,https://www.stackedtruckandtrailerrepair.com/,34.261190299999996,-92.0717256,4.9,36,Roadside|Truck specialist|RV|Tire|Engine|Trailer
shop-ar-steve-s-truck-car-repair-inc-conway.html,Steve's Truck & Car Repair Inc,Conway,AR,"341 Sturgis Rd, Conway, AR 72034",+15014700834,,35.0199535,-92.4162983,3.4,8,
shop-ar-strokers-diesel-performance-repair-monticello.html,Strokers Diesel Performance & Repair,Monticello,AR,"101 Doris Lawrence Rd, Monticello, AR 71655",+18702244626,https://www.strokersdiesel.com/,33.6193248,-91.74658989999999,4.3,41,Roadside|Truck specialist|Engine|Brakes|Electrical
shop-ar-swain-s-service-center-russellville.html,Swain's Service Center,Russellville,AR,"3214 Bernice Ave, Russellville, AR 72802",+14799684931,,35.2498907,-93.1241682,4.0,19,
shop-ar-t-a-c-s-mobile-mechanic-and-repair-west-memphis.html,T.A.C'S Mobile Mechanic and Repair,West Memphis,AR,"609 S 3rd St, West Memphis, AR 72301",+19014675051,,35.1387822,-90.1823392,4.5,16,Roadside|24/7
shop-ar-taylor-diesel-of-arkansas-an-m-d-company-north-little-rock.html,"Taylor Diesel of Arkansas, an M&D Company",North Little Rock,AR,"2120 E Broadway St, North Little Rock, AR 72114",+15019452326,http://www.taylordiesellittlerock.com/,34.755214699999996,-92.2431568,4.7,28,
shop-ar-the-truck-shop-and-mobile-truck-repair-west-memphis.html,The Truck shop and Mobile Truck Repair,West Memphis,AR,"400 Mound City Rd, West Memphis, AR 72301",+18705588680,,35.1500769,-90.1277642,,,Roadside
shop-ar-thomas-diesel-service-north-little-rock.html,Thomas Diesel Service,North Little Rock,AR,"6518 Neely Rd, North Little Rock, AR 72117",,,34.777615499999996,-92.18912259999999,5.0,2,
shop-ar-tim-s-mobile-truck-and-trailer-repair-west-memphis.html,Tim's Mobile Truck and Trailer Repair,West Memphis,AR,"1405 Hickory Cir, West Memphis, AR 72301",+18706363720,,35.1550267,-90.21470269999999,3.4,5,Roadside
shop-ar-tj-s-fab-and-mobile-repair-truck-tanker-service-west-memphis.html,TJ's Fab and Mobile Repair Truck & Tanker Service,West Memphis,AR,"803 E Barton Ave, West Memphis, AR 72301",+19016076688,https://www.tjsfabandmobile.com/,35.1567019,-90.1745572,5.0,18,Roadside|24/7|Truck specialist|Tire|Engine|Cooling|Trailer|Brakes|Electrical
shop-ar-trailer-rental-at-u-haul-russellville.html,Trailer Rental at U-Haul,Russellville,AR,"2821 E Main St, Russellville, AR 72802",+14794980933,https://www.uhaul.com/Locations/Trailer-Rentals-near-Russellville-AR-72802/742075/%3Futm_source%3Dgmb%26utm_medium%3Dtrailer%26utm_campaign%3Duhaulsmlm%26utm_content%3D742075,35.2782182,-93.1014805,3.7,3,Roadside|Truck specialist|RV|Trailer|Electrical
shop-ar-tri-state-auto-services-west-memphis.html,Tri State Auto Services,West Memphis,AR,"127 Roosevelt Ave, West Memphis, AR 72301",+15089332587,https://www.facebook.com/profile.php%3Fid%3D61565975578260,35.1529242,-90.18705589999999,5.0,37,24/7
shop-ar-tri-state-thermo-king-little-rock-north-little-rock.html,Tri-State Thermo King - Little Rock,North Little Rock,AR,"10600 Maybelline Rd, North Little Rock, AR 72117",+15014901979,http://www.tstk.com/,34.7823537,-92.1442344,4.6,192,24/7|Truck specialist|Reefer|Engine|Trailer
shop-ar-tri-state-thermo-king-russellville-russellville.html,Tri-State Thermo King - Russellville,Russellville,AR,"38 Furniture Rd, Russellville, AR 72802",+14799681947,http://www.tstk.com/,35.2689942,-93.068584,4.6,67,Roadside|24/7|Truck specialist|Reefer|Engine|Trailer
shop-ar-tri-state-truck-center-inc-north-little-rock.html,Tri-State Truck Center Inc.,North Little Rock,AR,"8901 Diamond Dr, North Little Rock, AR 72117",+15014901122,http://www.tristatetruck.com/,34.784423,-92.1445298,3.8,239,
shop-ar-truck-service-repair-dateland-conway.html,Truck Service Repair Dateland,Conway,AR,"1000 Prairie St, Conway, AR 72032",+15015509391,,35.0890176,-92.4378529,1.0,1,24/7
shop-ar-under-the-hood-auto-repair-llc-russellville.html,Under The Hood Auto Repair LLC,Russellville,AR,"605 Reasoner Ln, Russellville, AR 72802",+14798868632,https://underthehoodauto.co/,35.3005135,-93.1305971,4.7,119,Roadside|24/7|Truck specialist|Engine|Cooling|Brakes|Electrical
shop-ar-united-engines-little-rock-ar-north-little-rock.html,"United Engines | Little Rock, AR",North Little Rock,AR,"11800 Maybelline Rd, North Little Rock, AR 72117",+15015625565,https://unitedholdingscorp.com/,34.7832491,-92.13283539999999,4.3,59,Roadside|Truck specialist|Reefer|Engine
shop-ar-united-rentals-customer-equipment-solutions-mabelvale.html,United Rentals – Customer Equipment Solutions,Mabelvale,AR,"9300 Mabelvale Pike, Mabelvale, AR 72103",+19014641545,https://www.unitedrentals.com/locations/ar/mabelvale/equipment-service-maintenance/dp4%3Futm_source%3Dgoogle%26utm_medium%3Ddistrib%26utm_campaign%3Dyext,34.6668437,-92.38637109999999,,,Roadside|24/7
shop-ar-vernon-s-auto-truck-repair-russellville.html,Vernon's Auto Truck Repair,Russellville,AR,"3230 Bernice Ave, Russellville, AR 72802",+14799671515,,35.2496954,-93.12557199999999,4.4,66,
shop-ar-wayne-s-world-truck-trailer-repair-north-little-rock.html,Wayne's World Truck & Trailer Repair,North Little Rock,AR,"5325 W Bethany Rd, North Little Rock, AR 72117",+15015419574,https://www.facebook.com/pages/category/Truck-Repair-Shop/Waynes-World-Truck-Repairs-107466967500173/,34.7745166,-92.2016546,4.7,46,
shop-az-24x7-truck-and-trailer-repair-kingman.html,24x7 Truck and Trailer repair,Kingman,AZ,"1430 E Andy Devine Ave, Kingman, AZ 86401",+14174139591,,35.1907603,-114.0338525,5.0,4,24/7
shop-az-american-fleet-service-solutions-kingman.html,American Fleet Service Solutions,Kingman,AZ,"2790 Airway Ave, Kingman, AZ 86409",+19282631290,http://www.americanfleetss.com/,35.224467499999996,-114.0152109,4.6,60,Truck specialist
shop-az-american-spring-alignment-flagstaff.html,American Spring & Alignment,Flagstaff,AZ,"3683 N Eagle Mountain Dr, Flagstaff, AZ 86004",+19285273354,https://www.americanspringinc.net/alignmentinflagstaffaz86004.htm,35.2163112,-111.5897696,4.8,258,
shop-az-arizona-automotive-services-holbrook.html,Arizona Automotive Services,Holbrook,AZ,"222 W Hopi Dr, Holbrook, AZ 86025",+19285241965,,34.902294999999995,-110.161625,4.6,34,
shop-az-asap-diesel-repair-roadside-kingman.html,ASAP Diesel Repair & Roadside,Kingman,AZ,"2301 Shinarump Dr, Kingman, AZ 86413",+19285304733,https://asapdieselrepair.com/,35.1403222,-114.1085554,4.1,323,24/7
shop-az-ascot-automotive-transmission-specialists-flagstaff.html,Ascot Automotive & Transmission Specialists,Flagstaff,AZ,"2608 N West St, Flagstaff, AZ 86004",+19282209711,https://ascotautorepair.com/,35.213886599999995,-111.62103429999999,4.7,560,Tire|Engine|Cooling|Brakes|Electrical
shop-az-bellemont-truck-repair-and-towing-bellemont.html,Bellemont Truck Repair and Towing,Bellemont,AZ,"13235 Old Rte 66, Bellemont, AZ 86015",+19282140700,http://www.bellemonttruckrepair.com/,35.2384151,-111.832134,3.9,135,Roadside|24/7|Truck specialist|Reefer|Tire|Cooling|Trailer|Electrical
shop-az-benny-s-tires-and-roadside-repair-kingman.html,Benny's Tires and Roadside Repair,Kingman,AZ,"3251 N Yavapai St, Kingman, AZ 86401",+19282309295,,35.218841499999996,-113.9987403,4.8,50,24/7
shop-az-blue-beacon-truck-wash-of-kingman-az-kingman.html,"Blue Beacon Truck Wash of Kingman, AZ",Kingman,AZ,"Exit 53, 3270 E Andy Devine Ave I-40, Kingman, AZ 86401",+19287579898,https://bluebeacon.com/locations/listing/kingman-az,35.2191092,-114.0076541,4.0,477,24/7|Truck specialist|RV|Reefer|Tire|Engine|Trailer
shop-az-carquest-auto-parts-holbrook-truck-auto-parts-holbrook.html,Carquest Auto Parts - HOLBROOK TRUCK & AUTO PARTS,Holbrook,AZ,"201 E Hopi Dr, Holbrook, AZ 86025",+19285246868,https://www.carquest.com/locations/az/holbrook/6871/,34.901118499999995,-110.1574685,4.6,110,Truck specialist|Engine|Electrical
shop-az-coconino-motors-napa-autocare-center-auto-light-truck-repair-flagstaff.html,Coconino Motors Napa AutoCare Center Auto & Light Truck Repair,Flagstaff,AZ,"1141 W Kaibab Ln, Flagstaff, AZ 86001",+19287744408,http://coconinomotors.com/,35.189820399999995,-111.6678615,4.4,109,Truck specialist|Engine|Cooling|Brakes|Electrical
shop-az-country-club-towing-recovery-flagstaff.html,Country Club Towing & Recovery,Flagstaff,AZ,"5610 Railhead Ave, Flagstaff, AZ 86004",+19285278697,http://cctowinginc.com/,35.226132299999996,-111.5661913,4.4,91,24/7|RV|Tire
shop-az-crazy-country-boys-services-flagstaff.html,Crazy Country Boys Services,Flagstaff,AZ,"5280 E Gibson Ave, Flagstaff, AZ 86004",+19286079753,,35.2292752,-111.5720355,4.6,62,
shop-az-dirty-diesel-welding-repair-kingman.html,Dirty Diesel Welding & Repair,Kingman,AZ,"3891 E Andy Devine Ave, Kingman, AZ 86401",+19287158414,http://dirtydieselwr.com/,35.2365328,-113.9931388,,,Roadside|24/7|Truck specialist|Engine
shop-az-dynamic-diesel-diagnostics-williams.html,Dynamic Diesel Diagnostics,Williams,AZ,"420 S Garland Prairie Rd, Williams, AZ 86046",+19283794806,,35.2443106,-112.11815329999999,5.0,5,24/7
shop-az-elite-diesel-and-fleet-copper-canyon-camp-verde.html,Elite Diesel and Fleet Copper Canyon,Camp Verde,AZ,"3557 Old Hwy 279, Camp Verde, AZ 86322",+19287779777,https://elitedieselandfleet.com/,34.6149363,-111.9150573,3.8,10,Roadside|24/7|Truck specialist|Trailer
shop-az-flag-tool-equipment-repair-flagstaff.html,Flag Tool Equipment Repair,Flagstaff,AZ,"7011 US-89, Flagstaff, AZ 86004",+19287739185,http://flagtoolequipmentrepair.com/,35.240617199999996,-111.57037989999999,4.6,46,Roadside|Truck specialist|RV|Engine|Trailer
shop-az-flagstaff-mobile-mechanic-llc-flagstaff.html,Flagstaff Mobile Mechanic LLC,Flagstaff,AZ,"2109 E 6th Ave, Flagstaff, AZ 86004",+19288569315,https://flagstafftransmission.com/,35.2102968,-111.6172455,4.5,200,Roadside|24/7|Truck specialist|Electrical
shop-az-flagstaff-radiator-dpf-llc-flagstaff.html,"Flagstaff Radiator & DPF, LLC.",Flagstaff,AZ,"5440 E Commerce Ave, Flagstaff, AZ 86004",+19285261713,,35.229514,-111.56642199999999,4.7,31,
shop-az-flagstaff-towing-and-recovery-flagstaff.html,FLAGSTAFF TOWING AND RECOVERY,Flagstaff,AZ,"524 E Brannen Ave, Flagstaff, AZ 86001",+19282268000,http://flagstafftowingandrecovery.com/,35.1934961,-111.642887,3.1,156,24/7
shop-az-flagstaff-transmission-specialist-flagstaff.html,Flagstaff Transmission Specialist,Flagstaff,AZ,"2109 E 6th Ave, Flagstaff, AZ 86004",+19287742220,https://flagstafftransmission.com/,35.2103762,-111.6173231,4.1,133,Roadside|24/7|Truck specialist|Electrical
shop-az-future-tire-and-automotive-holbrook.html,Future Tire and Automotive,Holbrook,AZ,"2416 Navajo Blvd, Holbrook, AZ 86025",+19283653600,https://www.futuretireaz.com/holbrook,34.9313007,-110.1369555,4.5,387,Roadside|24/7|Truck specialist|Tire|Engine|Cooling|Brakes|Electrical
shop-az-heath-s-auto-service-flagstaff-flagstaff.html,Heath's Auto Service - Flagstaff,Flagstaff,AZ,"1840 W Kaibab Ln, Flagstaff, AZ 86001",+19282235755,https://heathsauto.com/locations/flagstaff/,35.189631,-111.6765295,4.8,1011,Truck specialist|Tire|Engine|Cooling|Brakes|Electrical
shop-az-high-mountain-diesel-repair-flagstaff.html,High Mountain Diesel Repair,Flagstaff,AZ,"5381 N Dodge Ave, Flagstaff, AZ 86004",,,35.229039799999995,-111.57065399999999,4.1,19,
shop-az-holt-brothers-mobile-certified-rv-services-surprise.html,Holt Brothers Mobile Certified RV Services,Surprise,AZ,"Surprise, AZ 85388",+16237389771,https://www.azrvtechs.com/,33.6129195,-112.44702749999999,5.0,149,Roadside|24/7|RV|Cooling|Electrical
shop-az-imperial-truck-repair-truck-rv-wash-kingman.html,"Imperial Truck Repair , Truck & RV Wash",Kingman,AZ,"2650 N Roundup Ave, Kingman, AZ 86401",+19287577002,,35.198650799999996,-113.90107599999999,3.9,299,
shop-az-j-e-t-t-towing-heavy-duty-off-road-recovery-semi-truck-repair-flagstaff.html,"J.E.T.T. Towing - Heavy Duty, Off-Road Recovery & Semi-Truck Repair",Flagstaff,AZ,"5600 N Dodge Ave, Flagstaff, AZ 86004",+19287140354,http://www.jetttowing.com/,35.2312606,-111.5686818,4.2,204,Roadside|24/7|Truck specialist
shop-az-johnson-s-heavy-towing-inc-flagstaff.html,Johnson's Heavy Towing Inc,Flagstaff,AZ,"3700 N Eagle Mountain Dr, Flagstaff, AZ 86004",+19285269393,https://johnsonstowing.com/,35.216553999999995,-111.589078,4.7,380,24/7
shop-az-k-p-24-hour-towing-and-automotive-repair-holbrook.html,K & P 24 hour towing and automotive repair,Holbrook,AZ,"W Hopi Dr, Holbrook, AZ 86025",+14808813054,https://www.facebook.com/K-P-Automotive-Repair-109039094957306,34.9037043,-110.1682029,4.3,78,24/7
shop-az-little-america-travel-center-flagstaff.html,Little America Travel Center,Flagstaff,AZ,"2515 E Butler Ave, Flagstaff, AZ 86004",+19287797942,https://flagstaff.littleamerica.com/travel-center/,35.1914952,-111.61903919999999,4.1,1485,Roadside|24/7|Truck specialist|Tire|Engine|Trailer
shop-az-matt-s-equipment-and-diesel-repair-llc-flagstaff.html,Matt's Equipment and Diesel Repair LLC,Flagstaff,AZ,"6988 Leupp Rd, Flagstaff, AZ 86004",+19288149828,https://mattsedr.com/,35.240890199999996,-111.428281,,,
shop-az-munoz-sons-mobile-mechanics-llc-flagstaff.html,Munoz & Sons Mobile Mechanics LLC,Flagstaff,AZ,"2369 Gambel Oak Trail, Flagstaff, AZ 86005",+19282332836,,35.216928599999996,-111.49070859999999,4.9,252,Roadside
shop-az-murphys-heavy-towing-off-road-recovery-semi-truck-repair-flagstaff.html,"Murphys Heavy Towing, Off-Road Recovery & Semi Truck Repair",Flagstaff,AZ,"5385 N Dodge Ave, Flagstaff, AZ 86004",+19288535202,https://mtaz.com/,35.229012,-111.570725,4.8,1061,Roadside|24/7|Truck specialist|RV|Tire|Engine
shop-az-northern-arizona-towing-off-road-recovery-llc-flagstaff.html,"Northern Arizona Towing & Off Road Recovery, LLC",Flagstaff,AZ,"2109 E 6th Ave, Flagstaff, AZ 86004",+19282665420,https://flagstafftransmission.com/services/towing,35.2103524,-111.6173063,4.9,62,Roadside|24/7|Truck specialist|Tire|Engine|Cooling
shop-az-outlaws-diesel-rv-equipment-repair-llc-williams.html,Outlaws Diesel Rv Equipment Repair LLC,Williams,AZ,"441 E Rte 66, Williams, AZ 86046",+19286351198,,35.252501099999996,-112.18328389999999,4.4,94,
shop-az-perkins-auto-and-diesel-repair-williams.html,Perkins Auto and Diesel Repair,Williams,AZ,"665 S Garland Prairie Rd, Williams, AZ 86046",+19288537240,,35.2409544,-112.1213298,5.0,1,
shop-az-plumnasty-diesel-performance-kingman.html,Plumnasty Diesel Performance,Kingman,AZ,"4460 E Hwy 66, Kingman, AZ 86401",+19287574779,,35.2509738,-113.97584359999999,5.0,56,
shop-az-premier-diesel-equipment-and-turbo-camp-verde.html,Premier Diesel Equipment and Turbo,Camp Verde,AZ,"724 W Industrial Dr #6, Camp Verde, AZ 86322",+19285677040,https://www.facebook.com/profile.php%3Fid%3D61553772477345,34.580778699999996,-111.8810819,4.1,67,24/7
shop-az-profab-mobile-welding-l-l-c-az-roc-337171-flagstaff.html,Profab Mobile Welding L.L.C. az roc#337171,Flagstaff,AZ,"5755 Townsend-Winona Rd, Flagstaff, AZ 86004",+19288531980,http://www.profabmobilewelding.com/,35.246392,-111.54619299999999,5.0,19,Roadside|Truck specialist|Trailer
shop-az-rocky-mountain-truck-centers-flagstaff-flagstaff.html,Rocky Mountain Truck Centers - Flagstaff,Flagstaff,AZ,"2515 E Butler Ave, Flagstaff, AZ 86004",+19282757222,https://247breakdown.com/flagstaff-arizona/%3Fstate%3DAZ,35.191760699999996,-111.6179717,3.4,595,24/7
shop-az-route-66-rv-care-and-repair-mobile-kingman.html,Route 66 Rv care and repair (mobile),Kingman,AZ,"3582 Stockton Hill Rd, Kingman, AZ 86409",+19283850185,https://www.route66rvrepair.com/,35.2270126,-114.0367787,4.8,13,Roadside
shop-az-rush-truck-centers-flagstaff-flagstaff.html,Rush Truck Centers - Flagstaff,Flagstaff,AZ,"2620 E Huntington Dr, Flagstaff, AZ 86004",+19286792900,https://www.rushtruckcenters.com/locations/15040000-flagstaff%3Futm_source%3Dgoogle%26utm_medium%3Dorganic%26utm_campaign%3Dgmb-flagstaff-main,35.1993243,-111.61629289999999,4.2,211,Roadside|24/7|Truck specialist|RV|Tire|Engine|Cooling|Trailer|Brakes
shop-az-scotty-and-son-towing-collision-and-auto-repair-holbrook.html,"Scotty and Son Towing, Collision and Auto Repair",Holbrook,AZ,"405 Navajo Blvd Suite B, Holbrook, AZ 86025",+19285242500,,34.9039651,-110.15843129999999,4.7,229,24/7
shop-az-southern-hospitality-mobile-rv-repair-and-services-of-flagstaff-flagstaf.html,Southern Hospitality Mobile Rv Repair and Services of Flagstaff,Flagstaff,AZ,"9745 E Carl Ln, Flagstaff, AZ 86004",+15595786883,,35.251166,-111.476795,4.9,146,Roadside
shop-az-southern-tire-mart-at-pilot-kingman.html,Southern Tire Mart at Pilot,Kingman,AZ,"3300 E Andy Devine Ave, Kingman, AZ 86401",+19286811040,https://stmtires.com/locations/store-STMP-851/,35.219721799999995,-114.00617539999999,4.3,134,Roadside|Truck specialist|Tire|Brakes|Electrical
shop-az-speedco-truck-lube-and-tires-kingman.html,Speedco Truck Lube and Tires,Kingman,AZ,"875 S Ty Rd, Kingman, AZ 86401",+19287572220,https://www.loves.com/locations/931,35.1793073,-113.79326429999999,3.9,545,
shop-az-sukh-truck-repair-road-service-kingman.html,Sukh Truck Repair road service,Kingman,AZ,"1430 E Andy Devine Ave, Kingman, AZ 86401",+14175606918,,35.1907603,-114.0338525,5.0,6,24/7
shop-az-topher-s-mobile-mechanic-service-kingman.html,Topher's Mobile Mechanic Service,Kingman,AZ,"4221 Stockton Hill Rd, Kingman, AZ 86409",,,35.2452884,-114.03883549999999,1.0,1,Roadside
shop-az-toys-for-trucks-kingman-az-car-truck-jeep-and-off-road-accessories-kingm.html,"Toys For Trucks - Kingman, AZ - Car, Truck, Jeep and Off-Road Accessories",Kingman,AZ,"2551 Airway Ave, Kingman, AZ 86409",+19287534101,https://www.toysfortrucks.com/,35.2252438,-114.0188348,4.4,118,Roadside|Truck specialist|Tire|Engine|Cooling|Trailer|Brakes|Electrical
shop-az-trailer-hitches-at-u-haul-flagstaff.html,Trailer Hitches at U-Haul,Flagstaff,AZ,"1982 E Huntington Dr, Flagstaff, AZ 86004",+19287795101,https://www.uhaul.com/Locations/Trailer-Hitches-near-Flagstaff-AZ-86004/937023/%3Futm_source%3Dgmb%26utm_medium%3Dhitch%26utm_campaign%3Duhaulsmlm%26utm_content%3D937023,35.1943639,-111.62626879999999,4.9,7,Roadside|Truck specialist|RV|Trailer|Electrical
shop-az-unisource-energy-services-flagstaff.html,Unisource Energy Services,Flagstaff,AZ,"1459 E Butler Ave, Flagstaff, AZ 86001",+18778374968,https://www.uesaz.com/,35.1909096,-111.6335859,2.1,15,Roadside|Electrical
shop-az-wilkinson-graphics-and-auto-holbrook.html,Wilkinson Graphics and Auto,Holbrook,AZ,"404 W Hopi Dr, Holbrook, AZ 86025",+19285246501,,34.902440999999996,-110.16350899999999,4.7,141,
shop-ca-best-roadside-essentials-truck-trailer-repair-barstow.html,Best Roadside Essentials Truck -Trailer Repair,Barstow,CA,"2955 Lenwood Rd, Barstow, CA 92311",+19094911790,https://bestroadsideessentials.com/,34.8581755,-117.089536,4.2,109,Roadside|24/7|Truck specialist|Tire|Trailer|Brakes
shop-ca-enrique-s-truck-trailer-repair-barstow.html,Enrique's Truck & Trailer Repair,Barstow,CA,"25446 Be Joal St, Barstow, CA 92311",+14428678921,https://enriquestruckandtrailerrepair.com/,34.8763913,-117.10588059999999,4.6,45,24/7
shop-ca-enrique-truck-trailer-repair-daggett.html,Enrique Truck & Trailer Repair,Daggett,CA,"33279 A St, Daggett, CA 92327",+17605779537,,34.8573327,-116.88907379999999,4.7,44,24/7
shop-ca-i40-road-service-truck-and-trailer-repair-barstow-newberry-springs.html,I40 Road Service & Truck and trailer Repair - Barstow,Newberry Springs,CA,"38870 Tami Rd, Newberry Springs, CA 92365",+17607180003,,34.958929999999995,-116.662751,4.8,103,24/7
shop-ca-in-out-truck-and-reefer-repair-barstow.html,In & Out Truck and Reefer Repair,Barstow,CA,"2441 Main St, Barstow, CA 92311",+17607188822,http://www.inotruckrepairs.com/,34.889043699999995,-117.0681975,3.7,469,Roadside|Truck specialist|Reefer|Tire|Cooling|Trailer|Brakes|Electrical
shop-ca-j-s-repair-and-service-l-l-c-barstow.html,J & S Repair and Service L.L.C.,Barstow,CA,"24520 Sweeten Ln, Barstow, CA 92311",+14428671291,https://jsrepairandservice.com/,34.8643971,-117.1263025,5.0,5,24/7
shop-ca-m-t-truck-and-trailer-repair-adelanto.html,M.T. Truck and Trailer Repair,Adelanto,CA,"12200 Hibiscus Rd, Adelanto, CA 92301",+19096008440,https://mttruckandtrailerrepair.com/,34.5668445,-117.39880769999999,4.8,21,Roadside|24/7|Truck specialist|Reefer|Engine|Cooling|Trailer|Brakes|Electrical
shop-ca-mobile-tires-road-service-24hrs-semi-truck-only-barstow.html,Mobile Tires ROAD SERVICE 24HRS (Semi Truck ONLY),Barstow,CA,"108 Cal Ave SPC87, Barstow, CA 92311",+17602673383,https://www.facebook.com/gonzalezmobiletires/,34.8892552,-117.00157879999999,5.0,12,Roadside|24/7
shop-ca-santa-rosa-mobile-mechanics-santa-rosa.html,SANTA ROSA MOBILE MECHANICS,Santa Rosa,CA,"614 Santa Rosa Ave, Santa Rosa, CA 95404",+14158285250,http://www.santarosamobilemechanics.com/,38.432682,-122.71110399999999,1.7,6,Roadside|24/7
shop-ca-the-new-vernon-truck-wash-chrome-shop-of-barstow-barstow.html,The New Vernon Truck Wash & Chrome Shop of Barstow,Barstow,CA,"2351 Main St, Barstow, CA 92311",+17602560306,http://www.thenewvernontruckwash.com/,34.891241199999996,-117.0629506,4.6,336,24/7|Truck specialist|Trailer
shop-ca-thomas-mobile-mechanic-services-baker.html,Thomas mobile mechanic services,Baker,CA,"57234 CA-127, Baker, CA 92309",+13109992711,,35.270331,-116.0754365,4.9,36,Roadside|24/7
shop-nc-a-m-diesel-techs-towing-fleet-services-durham.html,A&M Diesel Techs – Towing & Fleet Services,Durham,NC,"1247 3600 N Duke St #1, Durham, NC 27704",+19198223002,http://www.amdieseltechs.com/,36.049169899999995,-78.90498,5.0,1,Roadside|24/7|Truck specialist|Trailer|Brakes|Electrical
shop-nc-abr-truck-trailer-repair-greensboro.html,ABR Truck & Trailer Repair,Greensboro,NC,"1009 S Elm St, Greensboro, NC 27406",+13363131924,,36.0584523,-79.7909938,4.6,10,
shop-nc-acs-diesel-gasoline-repair-jamestown.html,ACS Diesel & Gasoline Repair,Jamestown,NC,"6527 I-85BL, Jamestown, NC 27282",+13369918865,,35.9664619,-79.92810709999999,4.8,,
shop-nc-affordable-towing-auto-repair-statesville.html,Affordable Towing & Auto Repair,Statesville,NC,"1169 Turnersburg Hwy, Statesville, NC 28625",+17048762135,https://affordabletowingandrepair.com/,35.8609317,-80.845693,4.3,178,Roadside|24/7
shop-nc-aj-s-mobile-mechanics-raleigh-raleigh.html,AJ's Mobile Mechanics Raleigh,Raleigh,NC,"414 Buck Jones Rd, Raleigh, NC 27606",,,35.778814,-78.73296309999999,4.2,6,Roadside
shop-nc-all-knight-service-and-repair-durham.html,All Knight Service and Repair,Durham,NC,"12 Waystone Pl, Durham, NC 27703",+19198366437,,35.993036599999996,-78.8325795,,,24/7
shop-nc-allied-trailers-sales-rental-raleigh.html,Allied Trailers Sales & Rental,Raleigh,NC,"5812 Lease Ln, Raleigh, NC 27617",+19197898203,http://alliedtrailers.com/,35.895634099999995,-78.7435125,5.0,1,
shop-nc-alternative-automotive-services-asheville.html,Alternative Automotive Services,Asheville,NC,"920b New Leicester Hwy, Asheville, NC 28806",+18284125207,,35.617808,-82.65270799999999,5.0,49,
shop-nc-american-auto-solutions-llc-winston-salem.html,American Auto Solutions LLC,Winston-Salem,NC,"5126 N Causeway Rd B, Winston-Salem, NC 27106",+13368304485,,36.1755859,-80.3451888,4.0,32,
shop-nc-american-diesel-and-tire-llc-bolivia.html,American Diesel and Tire LLC,Bolivia,NC,"350 Benton Rd SE, Bolivia, NC 28422",+19107122776,,34.028807,-78.2464354,3.5,6,24/7
shop-nc-appalachian-rv-repair-parts-service-marion.html,Appalachian RV Repair - Parts & Service,Marion,NC,"5606 Nc 226 S, Marion, NC 28752",+18284421578,http://appalachianrvrepair.com/,35.642589799999996,-81.9335536,4.8,160,Roadside|RV
shop-nc-archers-heavy-hauling-and-diesel-repair-wilmington.html,ARCHERS HEAVY HAULING AND DIESEL REPAIR,Wilmington,NC,"2012 Castle Hayne Rd, Wilmington, NC 28401",+19105998896,,34.2759867,-77.9246295,3.6,16,
shop-nc-archie-sons-diesel-repair-goldsboro.html,Archie & Sons Diesel Repair,Goldsboro,NC,"2379 US-13 A, Goldsboro, NC 27534",+19192210008,https://www.archieandsonsdieselrepair.com/,35.401385,-77.901704,5.0,107,Truck specialist|Engine|Brakes|Electrical
shop-nc-asheville-habitat-for-humanity-restore-asheville.html,Asheville Habitat for Humanity ReStore,Asheville,NC,"31 Meadow Rd, Asheville, NC 28803",+18282546706,http://www.ashevillehabitat.org/restore,35.5689561,-82.5470706,4.4,523,
shop-nc-asheville-mobile-mechanic-asheville.html,Asheville Mobile Mechanic,Asheville,NC,"785A New Leicester Hwy, Asheville, NC 28806",+18287074071,http://ashevillemobilemechanic.com/,35.613026999999995,-82.6432559,4.9,201,Roadside|Engine|Electrical
shop-nc-asheville-mobile-truck-repair-asheville.html,Asheville Mobile Truck Repair,Asheville,NC,"119 Thompson St, Asheville, NC 28803",+18288274635,http://ashevillemobiletruckrepair.com/,35.5734967,-82.5265909,4.0,4,Roadside|24/7|Truck specialist|Tire|Engine|Trailer|Brakes|Electrical
shop-nc-asheville-rpm-mobile-mechanic-asheville.html,Asheville RPM Mobile Mechanic,Asheville,NC,"1310 Patton Ave, Asheville, NC 28806",+18283838954,,35.597322,-82.620273,5.0,6,Roadside
shop-nc-atlantic-auto-and-diesel-llc-raleigh.html,Atlantic Auto and Diesel LLC,Raleigh,NC,"3820 Opportunity Ln, Raleigh, NC 27603",+19198150432,https://www.atlanticautodiesel.com/,35.661041399999995,-78.70620939999999,4.9,29,Truck specialist|Tire|Engine|Electrical
shop-nc-barbour-s-towing-truck-repair-raleigh.html,Barbour's Towing & Truck Repair,Raleigh,NC,"300 S Rogers Ln, Raleigh, NC 27610",+19197903827,https://barbourstowing.com/,35.7730536,-78.55402699999999,4.3,1095,Roadside|24/7|Truck specialist|RV|Tire|Engine|Trailer|Electrical
shop-nc-baskerville-mobile-auto-repair-raleigh.html,Baskerville Mobile Auto Repair,Raleigh,NC,"Raleigh, NC 27616",+14343217999,,35.877440899999996,-78.5547283,4.5,13,Roadside
shop-nc-big-rig-truck-and-trailer-repair-llc-hendersonville.html,"Big Rig Truck and Trailer Repair,LLC",Hendersonville,NC,"528 Whispering Hills Dr, Hendersonville, NC 28791",+18287132086,,35.386948,-82.482108,3.5,27,24/7
shop-nc-big-trav-s-mobile-auto-repair-hd-diesel-repair-llc-mcleansville.html,Big Trav's Mobile Auto Repair & HD Diesel Repair LLC,McLeansville,NC,"5305 McLeansville Rd, McLeansville, NC 27301",+13367726268,,36.0982202,-79.6693088,4.6,36,Roadside
shop-nc-bj-s-camper-rv-repair-llc-thomasville.html,BJ’S Camper & RV Repair LLC,Thomasville,NC,"1490 National Hwy, Thomasville, NC 27360",+13365540204,https://m.facebook.com/profile.php/%3Fid%3D100089902931788,35.926301599999995,-80.05656379999999,5.0,129,24/7
shop-nc-blue-compass-rv-south-raleigh-benson.html,Blue Compass RV South Raleigh,Benson,NC,"805 Old Roberts Rd, Benson, NC 27504",+19199344710,https://www.bluecompassrv.com/locations/north-carolina/south-raleigh%3Futm_source%3Dgoogle-gmb%26utm_medium%3Dorganic%26utm_campaign%3Dsouthraleigh,35.522193699999995,-78.5604731,4.3,442,
shop-nc-blue-compass-rv-winston-salem-rural-hall.html,Blue Compass RV Winston-Salem,Rural Hall,NC,"6725 University Pkwy, Rural Hall, NC 27045",+18887462351,https://www.bluecompassrv.com/locations/north-carolina/winston-salem%3Futm_source%3Dgoogle-gmb%26utm_medium%3Dorganic%26utm_campaign%3Dwinstonsalem,36.2142665,-80.2830465,4.4,1156,
shop-nc-blue-ridge-hiking-company-asheville.html,Blue Ridge Hiking Company,Asheville,NC,"70 College St, Asheville, NC 28801",+18287135451,http://blueridgehikingco.com/,35.595444,-82.55269799999999,5.0,329,
shop-nc-bluewater-marine-rv-service-transport-wilmington.html,Bluewater Marine & RV Service & Transport,Wilmington,NC,"2010 Capital Dr, Wilmington, NC 28405",+19102568328,http://www.bluewater-marine-rv.com/,34.2813679,-77.8748742,4.5,8,
shop-nc-brand-new-brakes-mobile-brake-repair-wilmington.html,Brand New Brakes - Mobile Brake Repair,Wilmington,NC,"2509 College Rd Unit C, Wilmington, NC 28412",+19103982716,http://www.brandnewbrakes.com/,34.1988803,-77.8883358,5.0,603,Roadside|Tire|Brakes
shop-nc-brothers-new-and-used-tires-auto-mechanics-and-mobile-services-greensbor.html,Brothers New and Used Tires Auto mechanics and mobile services,Greensboro,NC,"4626 W Gate City Blvd, Greensboro, NC 27407",+12406724162,,36.031344,-79.86881609999999,4.9,116,Roadside|24/7
shop-nc-bryant-s-truck-trailer-rpr-winston-salem.html,Bryant's Truck & Trailer Rpr,Winston-Salem,NC,"310 Kapp St, Winston-Salem, NC 27105",+13366610702,http://bryants-rpr.jany.io/,36.150477599999995,-80.2378487,4.7,63,Truck specialist|Engine|Trailer|Brakes
shop-nc-bryant-sons-unlimited-inc-wilmington.html,Bryant & Sons Unlimited Inc.,Wilmington,NC,"351 Shipyard Blvd, Wilmington, NC 28412",+19103620320,https://www.bryantsons.com/%3Futm_source%3Domg-gbp%26utm_medium%3Dwebclick,34.1919529,-77.9385326,4.2,59,24/7
shop-nc-bulldog-rv-solutions-llc-wilmington.html,Bulldog RV Solutions LLC,Wilmington,NC,"4914 Carol St, Wilmington, NC 28412",+19102326890,https://bulldogrvsolutions.com/,34.1464523,-77.9116025,4.9,88,Roadside|RV
shop-nc-burt-ernie-s-diesel-service-llc-bolivia.html,"Burt & Ernie's Diesel Service, LLC",Bolivia,NC,"4370 Reynolds Ln SE, Bolivia, NC 28422",+19107421594,,34.079129099999996,-78.1389054,5.0,4,
shop-nc-byrd-automotive-and-towing-winston-salem.html,Byrd Automotive and towing,Winston-Salem,NC,"1204 Waughtown St, Winston-Salem, NC 27107",+13364862193,,36.068609099999996,-80.2136361,3.7,20,
shop-nc-c-e-truck-auto-services-llc-statesville.html,C&E Truck & Auto Services LLC,Statesville,NC,"3906 Wilkesboro Hwy, Statesville, NC 28625",+17043803595,https://www.facebook.com/pages/CE-Truck-Auto-Services/237497336456037,35.9197221,-80.95404409999999,4.6,58,
shop-nc-callahan-s-auto-service-center-greensboro.html,Callahan's Auto Service Center,Greensboro,NC,"2926 Battleground Ave, Greensboro, NC 27408",+13362862020,http://callahansautomotive.com/,36.114131199999996,-79.83388459999999,4.8,,Tire|Engine|Cooling|Brakes|Electrical
shop-nc-campfire-rv-service-repair-llc-timberlake.html,Campfire RV Service & Repair LLC,Timberlake,NC,"83 Rocky Bluff Ln, Timberlake, NC 27583",+19196983507,http://www.campfirervservicerepair.com/,36.2747643,-78.9279042,5.0,17,RV
shop-nc-camping-world-hendersonville-hendersonville.html,Camping World - Hendersonville,Hendersonville,NC,"2918 N Rugby Rd, Hendersonville, NC 28791",+18887624539,https://rv.campingworld.com/dealer/hendersonville-north-carolina,35.4027034,-82.5152016,4.2,4230,Roadside|24/7|Truck specialist|RV|Tire|Engine|Trailer|Electrical
shop-nc-camping-world-rv-collision-center-greensboro.html,Camping World RV Collision Center,Greensboro,NC,"1069 Boulder Rd, Greensboro, NC 27409",+18882488159,https://rv.campingworld.com/dealer/colfax-north-carolina/rv-collision,36.05766,-79.93466,3.3,21,Roadside|24/7|RV|Tire|Engine|Trailer|Electrical
shop-nc-camping-world-rv-service-statesville-statesville.html,Camping World RV Service - Statesville,Statesville,NC,"1220 Morland Dr, Statesville, NC 28677",+18778744502,https://rv.campingworld.com/dealer/statesville-north-carolina/rv-service-repair,35.7660832,-80.8611492,5.0,1,24/7|RV|Tire|Engine|Electrical
shop-nc-cape-fear-auto-clinic-tires-wilmington.html,Cape Fear Auto Clinic & Tires,Wilmington,NC,"120 Bryan Rd, Wilmington, NC 28412",+19107890450,http://capefearautoclinic.com/,34.170488899999995,-77.94452419999999,4.8,110,Roadside|RV|Tire|Engine|Trailer|Brakes|Electrical
shop-nc-cape-fear-services-center-inc-wilmington.html,Cape Fear Services Center Inc,Wilmington,NC,"2102 US-421, Wilmington, NC 28401",+19103438668,,34.203323999999995,-77.94083169999999,5.0,1,
shop-nc-carolina-auto-service-winston-salem.html,Carolina Auto Service,Winston-Salem,NC,"160 Hanes Mall Cir, Winston-Salem, NC 27103",+13367658599,https://carolinamobileautoservice.com/,36.0656043,-80.3035084,4.6,257,Roadside|24/7|Truck specialist|Engine|Cooling|Brakes
shop-nc-carolina-camper-works-service-knightdale.html,Carolina Camper Works Service,Knightdale,NC,"8820 Knightdale Blvd, Knightdale, NC 27545",+19192660667,http://carolinacamperworks.com/,35.8033146,-78.437255,4.6,61,RV|Trailer
shop-nc-carolina-cat-asheville-nc-asheville.html,"Carolina Cat - Asheville, NC",Asheville,NC,"40 Interstate Blvd, Asheville, NC 28806",+18282512500,https://carolinacat.com/construction/company/locations/asheville-nc-2/%3Futm_source%3Dgoogle%26utm_medium%3Dorganic%26utm_campaign%3Dgbp%26utm_content%3Dasheville,35.550255199999995,-82.6057103,4.3,44,
shop-nc-carolina-diesel-performance-hamptonville.html,Carolina Diesel Performance,Hamptonville,NC,"1601 US-21, Hamptonville, NC 27020",+13365235118,https://carolinadieselperf.com/,36.0702266,-80.7469213,5.0,10,Truck specialist
shop-nc-carolina-diesel-repair-pleasant-garden.html,Carolina Diesel Repair,Pleasant Garden,NC,"4620 Pleasant Garden Rd, Pleasant Garden, NC 27313",+13366742444,,35.969583199999995,-79.7653382,4.7,10,
shop-nc-carolina-diesel-services-llc-statesville.html,Carolina Diesel Services LLC,Statesville,NC,"1455 Winston Ave, Statesville, NC 28677",+17048711979,,35.7688217,-80.9038406,4.3,21,
shop-nc-carolina-industrial-trucks-statesville-nc-statesville.html,"Carolina Industrial Trucks - Statesville, NC",Statesville,NC,"2600 Salisbury Hwy, Statesville, NC 28677",+17049248523,https://www.citrucks.com/,35.7579172,-80.7902045,3.0,4,Truck specialist|Tire
shop-nc-carolina-on-site-mobile-service-winston-salem.html,Carolina On Site Mobile Service,Winston-Salem,NC,"3150 University Pkwy, Winston-Salem, NC 27105",+13368002634,https://www.carolinaonsite.com/%3Futm_source%3Dgmb%26utm_medium%3Dorganic%26utm_campaign%3Dwebsite-button,36.1312983,-80.2642347,4.9,7,Roadside
shop-nc-carolina-rv-sales-service-inc-asheville.html,Carolina RV Sales & Service Inc,Asheville,NC,"1431 Brevard Rd, Asheville, NC 28806",+18287780000,http://www.carolinarvnc.com/,35.512869699999996,-82.6017751,4.9,81,RV|Tire|Engine|Trailer|Electrical
shop-nc-carolina-trailer-equipment-greensboro.html,Carolina Trailer & Equipment,Greensboro,NC,"4519 S Holden Rd, Greensboro, NC 27406",+13362920722,https://www.carolinatrailerandequipment.com/,35.9962758,-79.8293303,4.9,,Truck specialist|Tire|Engine|Trailer|Brakes|Electrical
shop-nc-carolina-trailer-repair-fabrications-llc-charlotte.html,"Carolina Trailer Repair & Fabrications, LLC",Charlotte,NC,"11701 Mt Holly Rd Building 28, Charlotte, NC 28214",+17049517756,http://www.carolinatrailerrepair.com/,35.2960367,-80.9970726,4.8,22,Roadside|24/7|Truck specialist|Tire|Trailer|Brakes|Electrical
shop-nc-central-carolina-diesel-repair-burlington.html,Central Carolina Diesel Repair,Burlington,NC,"2250 Hatchery Rd, Burlington, NC 27215",+13369070129,https://ccdieselrepair.com/,36.061709199999996,-79.4662232,4.7,,Roadside|24/7|Truck specialist|Tire|Engine|Cooling|Trailer|Brakes|Electrical
shop-nc-chapel-hill-tire-hillsborough-rd-durham.html,Chapel Hill Tire - Hillsborough Rd,Durham,NC,"2504 Hillsborough Rd, Durham, NC 27705",+19192515506,https://www.chapelhilltire.com/locations/durham-hillsborough-rd,36.0109706,-78.9277563,4.7,1154,Truck specialist|Tire|Engine|Cooling|Trailer|Brakes|Electrical
shop-nc-chapman-s-travelers-service-statesville.html,Chapman's Travelers Service,Statesville,NC,"103 C St, Statesville, NC 28677",+17048734121,,35.7928681,-80.934395,4.5,130,
shop-nc-chris-s-mobile-mechanic-hauling-service-winston-salem.html,Chris's Mobile Mechanic & Hauling Service,Winston-Salem,NC,"Asherton Ct, Winston-Salem, NC 27127",+13369862614,http://servicesatyourdoor.net/,36.0481279,-80.2759682,4.7,74,Roadside|Cooling|Brakes|Electrical
shop-nc-chucks-diesel-and-auto-repair-greensboro.html,Chucks Diesel and Auto Repair,Greensboro,NC,"7206 Cessna Dr, Greensboro, NC 27409",+13369654353,,36.085252499999996,-79.9473166,4.7,,
shop-nc-cisco-s-trailer-repair-winston-salem.html,Cisco's Trailer Repair,Winston-Salem,NC,"3640 Reed St, Winston-Salem, NC 27107",+13364734588,https://www.facebook.com/profile.php%3Fid%3D61555397193768,36.0524826,-80.2098654,5.0,47,
shop-nc-city-of-raleigh-vehicle-fleet-services-heavy-equipment-shop-parts-dept-r.html,"City of Raleigh: Vehicle Fleet Services, Heavy Equipment Shop - Parts Dept.",Raleigh,NC,"4120 New Bern Ave Office# 121, Raleigh, NC 27610",+19199965633,https://raleighnc.gov/vehicle-fleet-services,35.7953215,-78.56597699999999,,,
shop-nc-clarke-power-services-inc-wilmington.html,"Clarke Power Services, Inc.",Wilmington,NC,"6725 Netherlands Dr, Wilmington, NC 28405",+19103927220,https://www.clarkepowerservices.com/locations/wilmington-nc,34.263142,-77.836947,4.7,26,24/7|Truck specialist|Engine
shop-nc-coastal-carrier-moving-storage-company-wilmington.html,Coastal Carrier Moving & Storage Company,Wilmington,NC,"3121 Wrightsville Ave, Wilmington, NC 28403",+19109963361,https://coastalcarrier.com/nc/wilmington-movers/%3Futm_source%3Dgmb%26utm_medium%3Dorganic%26utm_campaign%3Dlisting%26utm_content%3Dwilmington,34.225328999999995,-77.9040905,4.9,1006,24/7
shop-nc-come-to-you-automotive-repair-mobile-mechanic-asheville.html,Come to You Automotive Repair (mobile mechanic),Asheville,NC,"2 US-74 ALT, Asheville, NC 28801",+18284240287,https://sites.google.com/view/cometoyouautomotiverepair/about-us,35.5948895,-82.5520116,4.7,329,Roadside|24/7
shop-nc-compass-rose-mobile-rv-service-chapel-hill.html,Compass Rose Mobile RV Service,Chapel Hill,NC,"Old Greensboro Rd, Chapel Hill, NC 27516",+19193917836,https://www.compassrosemobilervservice.com/,35.8960772,-79.1788576,5.0,13,Roadside|Truck specialist|RV|Engine|Electrical
shop-nc-competition-truck-repair-kernersville.html,Competition Truck Repair,Kernersville,NC,"171 Fulp Rd, Kernersville, NC 27284",+13362578124,https://www.ctrkville.com/,36.138045999999996,-80.11442699999999,4.9,266,Roadside|24/7|Truck specialist|RV|Tire|Engine|Cooling|Trailer|Brakes|Electrical
shop-nc-contreras-mobile-mechanic-llc-winston-salem.html,CONTRERAS MOBILE MECHANIC LLC,Winston-Salem,NC,"3126 S Main St, Winston-Salem, NC 27127",+13365213075,,36.0552511,-80.2400397,5.0,6,Roadside|24/7
shop-nc-corey-s-mobile-truck-trailer-repair-llc-garner.html,Corey’s Mobile Truck & Trailer Repair LLC,Garner,NC,"Jones Sausage Rd, Garner, NC 27529",+12523736107,,35.7187649,-78.58889649999999,4.1,30,Roadside|24/7
shop-nc-cottman-transmission-and-total-auto-care-greensboro.html,Cottman Transmission and Total Auto Care,Greensboro,NC,"3724 Spring Garden St, Greensboro, NC 27407",+13367423251,https://triadtransmission.com/greensboro/,36.061391,-79.8565098,4.5,522,
shop-nc-cottman-transmission-and-total-auto-care-winston-salem.html,Cottman Transmission and Total Auto Care,Winston-Salem,NC,"5350 University Pkwy C, Winston-Salem, NC 27106",+13369019060,https://triadtransmission.com/winston-salem/,36.166379899999995,-80.27753,4.3,377,Truck specialist|Engine|Cooling|Brakes
shop-nc-cox-diesel-repair-paint-llc-madison.html,Cox Diesel Repair & Paint LLC,Madison,NC,"101 N Franklin St, Madison, NC 27025",+13366139032,https://m.facebook.com/Coxautomotive/,36.3876383,-79.96206719999999,5.0,7,
shop-nc-creedmoor-diesel-welding-repair-creedmoor.html,Creedmoor Diesel & Welding Repair,Creedmoor,NC,"401 N Durham Ave, Creedmoor, NC 27522",+19195282977,,36.1206221,-78.6941549,4.7,59,
shop-nc-cummins-sales-and-service-greensboro.html,Cummins Sales and Service,Greensboro,NC,"512 Teague St, Greensboro, NC 27406",+13362754531,https://www.cummins.com/sales-and-service%3Futm_source%3DGMB%26utm_medium%3Dyext,36.031593099999995,-79.8043563,3.8,,
shop-nc-d-g-express-mobile-mechanic-wilmington.html,D&G Express Mobile Mechanic,Wilmington,NC,"1705 S 41st St, Wilmington, NC 28403",+13179542195,https://dgexpressauto.com/,34.2064137,-77.8954852,4.9,40,Roadside|Brakes
shop-nc-danny-s-transmission-repair-greensboro.html,Danny's Transmission Repair,Greensboro,NC,"3616 Miller Dr #3020, Greensboro, NC 27405",+13363172270,,36.1295879,-79.7355608,4.8,51,
shop-nc-davidson-trailer-repair-inc-lexington.html,Davidson Trailer Repair Inc,Lexington,NC,"1716 Jr Order Home Rd, Lexington, NC 27292",+13363570347,http://www.davidsontrailerrepair.com/,35.760565299999996,-80.28990189999999,4.6,40,
shop-nc-davis-towing-and-recovery-winston-salem.html,Davis Towing and Recovery,Winston-Salem,NC,"3050 Old Lexington Rd, Winston-Salem, NC 27107",+13367251341,http://www.davistowingws.com/,36.058928,-80.2259093,4.4,148,Roadside|24/7
shop-nc-deaton-truck-tire-service-inc-statesville.html,"Deaton Truck & Tire Service, Inc",Statesville,NC,"711 Tomlin Mill Rd #960, Statesville, NC 28625",+18773328660,https://deatonfleetsolutions.com/,35.908767499999996,-80.8388532,4.3,3,Roadside|Truck specialist|Trailer
shop-nc-devil-dog-diesel-and-automotive-repair-winston-salem.html,Devil Dog Diesel and Automotive Repair,Winston-Salem,NC,"124 Little Stream Ln, Winston-Salem, NC 27101",+13369955711,https://www.devildogdieselandautomotiverepair.com/,36.1065587,-80.1700631,5.0,1,Roadside|Truck specialist|Engine|Cooling|Brakes|Electrical
shop-nc-diamond-automotive-of-the-triad-kernersville.html,Diamond Automotive of the Triad,Kernersville,NC,"210 Industrial Way Dr, Kernersville, NC 27284",+13369920444,http://www.diamondautomotiveofthetriad.com/,36.1158333,-80.05633329999999,4.5,99,Truck specialist|Tire|Engine|Cooling|Brakes|Electrical
shop-nc-diesel-engine-heavy-equipment-repair-burlington.html,Diesel Engine & Heavy Equipment Repair,Burlington,NC,"1547 N Graham Hopedale Rd, Burlington, NC 27217",+13362278782,https://www.derequipment.com/,36.120667999999995,-79.408542,4.5,,Roadside|24/7|Truck specialist|Engine|Trailer|Brakes|Electrical
shop-nc-diesel-gasoline-performance-high-point.html,Diesel & Gasoline Performance,High Point,NC,"2600 Westchester Dr, High Point, NC 27262",+13368661439,,35.935162,-80.0355793,5.0,10,
shop-nc-diesel-parts-of-carolina-wilmington.html,Diesel Parts of Carolina,Wilmington,NC,"5220 US-421, Wilmington, NC 28401",+19102518202,,34.3228168,-77.99311929999999,4.6,41,
shop-nc-double-c-trailer-repair-llc-statesville.html,Double C Trailer Repair LLC,Statesville,NC,"106 Grace Lynn Dr, Statesville, NC 28677",+18285783112,,35.7492847,-80.9898795,5.0,4,
shop-nc-double-d-trailers-horse-trailers-wilmington.html,Double D Trailers (Horse Trailers),Wilmington,NC,"7719 Market St, Wilmington, NC 28404",+19104442880,https://www.doubledtrailers.com/about-us/,34.285464,-77.806995,4.7,61,Trailer
shop-nc-east-coast-autos-and-trailers-wilmington.html,East Coast Autos and Trailers,Wilmington,NC,"2535 Blue Clay Rd, Wilmington, NC 28405",+19107624555,http://www.eastcoastautosandtrailers.com/,34.2846721,-77.9142857,4.5,184,Truck specialist|Reefer|Trailer
shop-nc-eco-diesel-dynamics-by-appt-only-mocksville.html,ECO Diesel Dynamics (By Appt. Only),Mocksville,NC,"482 Cana Rd, Mocksville, NC 27028",+17049995509,https://ecodieseldynamics.com/,35.9499609,-80.5869008,5.0,19,Truck specialist|RV|Engine
shop-nc-elite-fleet-services-llc-winston-salem.html,"Elite Fleet Services, LLC",Winston-Salem,NC,"3935 W Pt Blvd #105, Winston-Salem, NC 27103",+13369343030,https://www.elitefleetservices.org/,36.038969,-80.3193398,5.0,4,Roadside|24/7|Truck specialist|Tire|Engine|Trailer|Brakes|Electrical
shop-nc-everyday-performance-auto-greensboro.html,Everyday Performance Auto,Greensboro,NC,"3500 McKnight Mill Rd, Greensboro, NC 27405",+13366863220,http://everydayperformanceauto.com/,36.128925599999995,-79.7308166,4.8,56,Tire|Engine|Brakes|Electrical
shop-nc-excel-truck-group-statesville-statesville.html,Excel Truck Group - Statesville,Statesville,NC,"2221 International Dr, Statesville, NC 28625",+17042525400,https://www.exceltruckgroup.com/locations/statesville/,35.810712699999996,-80.849103,4.6,395,Roadside|Truck specialist|RV|Engine|Trailer
shop-nc-express-mobile-truck-repair-llc-wake-forest.html,"Express Mobile Truck Repair, LLC.",Wake Forest,NC,"1304 Teacup Spring Ct, Wake Forest, NC 27587",+19196037059,,35.951842899999995,-78.4643936,3.6,13,Roadside|24/7
shop-nc-fast-lane-towing-and-recovery-asheville.html,Fast Lane Towing and Recovery,Asheville,NC,"318 Weaverville Rd, Asheville, NC 28804",+18287753674,,35.660063,-82.58131399999999,4.3,133,24/7
shop-nc-firestone-complete-auto-care-asheville-2.html,Firestone Complete Auto Care,Asheville,NC,"215 Patton Ave, Asheville, NC 28801",+18285750515,https://www.firestonecompleteautocare.com/north-carolina/asheville/215-patton-ave/%3Futm_source%3Dgoogle%26utm_medium%3Dorganic%26utm_campaign%3Dlocalmaps%26cmp%3Doloc_google_localmaps_maps,35.5935671,-82.5608171,4.0,688,Roadside|Truck specialist|Tire|Engine|Cooling|Brakes|Electrical
shop-nc-firestone-complete-auto-care-asheville.html,Firestone Complete Auto Care,Asheville,NC,"85 Tunnel Rd, Asheville, NC 28805",+18284120811,https://www.firestonecompleteautocare.com/north-carolina/asheville/85-tunnel-rd/%3Futm_source%3Dgoogle%26utm_medium%3Dorganic%26utm_campaign%3Dlocalmaps%26cmp%3Doloc_google_localmaps_maps,35.5948217,-82.53273879999999,4.1,634,Roadside|Truck specialist|Tire|Engine|Cooling|Brakes|Electrical
shop-nc-firestone-complete-auto-care-raleigh.html,Firestone Complete Auto Care,Raleigh,NC,"6000 Glenwood Ave, Raleigh, NC 27612",+19198053461,https://www.firestonecompleteautocare.com/north-carolina/raleigh/6000-glenwood-ave/%3Futm_source%3Dgoogle%26utm_medium%3Dorganic%26utm_campaign%3Dlocalmaps%26cmp%3Doloc_google_localmaps_maps,35.854853,-78.69975339999999,4.0,502,Roadside|Truck specialist|Tire|Engine|Cooling|Brakes|Electrical
shop-nc-first-response-rv-services-llc-trinity.html,"First Response RV Services, LLC",Trinity,NC,"Lynn Cir W, Trinity, NC 27370",+13366851514,http://www.frrvs.com/,35.8167257,-80.03417089999999,5.0,8,Roadside|RV|Trailer
shop-nc-fleet-truck-trailer-services-winston-salem.html,Fleet Truck & Trailer Services,Winston-Salem,NC,"235 Kapp St # B, Winston-Salem, NC 27105",+13367674333,,36.1518675,-80.2384766,4.4,9,
shop-nc-fleetpro-truck-center-inc-greensboro.html,"FleetPro Truck Center, Inc",Greensboro,NC,"150 Blue Bell Rd, Greensboro, NC 27406",+13369005597,https://www.fleetprotruckcenter.com/,36.027025699999996,-79.78728919999999,4.7,14,Roadside|Truck specialist|RV|Reefer|Tire|Engine|Cooling|Trailer|Brakes|Electrical
shop-nc-flemingfield-automotive-llc-greensboro.html,Flemingfield Automotive LLC,Greensboro,NC,"163 Flemingfield Rd, Greensboro, NC 27405",+13363758281,,36.0955672,-79.7112571,4.8,39,
shop-nc-fletcher-truck-trailer-hendersonville.html,Fletcher Truck & Trailer,Hendersonville,NC,"5707 Asheville Hwy, Hendersonville, NC 28791",+18283339877,,35.394208299999995,-82.5074004,2.4,10,
shop-nc-flow-buick-gmc-of-winston-salem-service-winston-salem.html,Flow Buick GMC of Winston-Salem - Service,Winston-Salem,NC,"1400 S Stratford Rd Ste A, Winston-Salem, NC 27103",+13367900621,https://www.flowgmauto.com/service/center.htm%3Futm_source%3Dgoogle%26utm_medium%3Dorganic%26utm_campaign%3Dgoogle_business_profile,36.0757796,-80.30364829999999,4.2,24,Truck specialist|Tire|Engine|Brakes|Electrical
shop-nc-flow-chevrolet-of-winston-salem-service-winston-salem.html,Flow Chevrolet of Winston Salem - Service,Winston-Salem,NC,"1400 S Stratford Rd, Winston-Salem, NC 27103",+13367607000,https://www.flowchevy.com/service%3Futm_source%3Dgoogle%26utm_medium%3Dorganic%26utm_campaign%3Dgoogle_business_profile,36.0762952,-80.30394609999999,4.7,67,Roadside|Truck specialist|Tire|Engine|Brakes|Electrical
shop-nc-foothills-rv-repair-inc-taylorsville.html,Foothills RV Repair Inc,Taylorsville,NC,"1207 Carrigan Rd, Taylorsville, NC 28681",+18286350060,,35.8983413,-81.198256,4.7,35,
shop-nc-forsyth-tech-transportation-technology-center-winston-salem.html,Forsyth Tech Transportation Technology Center,Winston-Salem,NC,"4255 Patterson Ave, Winston-Salem, NC 27105",+13367573399,https://www.forsythtech.edu/locations/transportation-technology-center/,36.1717976,-80.2626049,4.8,67,
shop-nc-fosters-mobile-mechanic-service-winston-salem.html,Fosters Mobile Mechanic Service,Winston-Salem,NC,"3016 Corry Cir, Winston-Salem, NC 27107",,https://fostersmobilemechanicservices.weebly.com/about.html,36.0720543,-80.178722,4.8,185,Roadside
shop-nc-fsh-truck-and-trailer-service-truck-wash-statesville.html,"FSH TRUCK AND TRAILER SERVICE, TRUCK WASH",Statesville,NC,"810 Jackson St, Statesville, NC 28677",+17046576246,,35.7728728,-80.8774705,4.1,9,24/7
shop-nc-g-j-truck-tire-service-semi-truck-winston-salem.html,G&J Truck Tire Service semi truck,Winston-Salem,NC,"Old Walkertown Rd, Winston-Salem, NC 27105",+13365773728,,36.155972,-80.19785159999999,4.9,60,24/7
shop-nc-gallaher-fleet-solutions-statesville.html,Gallaher Fleet Solutions,Statesville,NC,"945-A Monroe St, Statesville, NC 28677",+17049608951,https://www.gallaherfleetsolutions.com/,35.773559899999995,-80.86461419999999,4.7,170,Roadside|Truck specialist|Engine|Cooling|Brakes|Electrical
shop-nc-general-motor-repair-service-inc-greensboro.html,General Motor Repair & Service Inc,Greensboro,NC,"2206 Westbrook St, Greensboro, NC 27407",+13362921715,http://www.generalmotorrepair.com/,36.0584443,-79.82960709999999,4.8,,Roadside|24/7|Engine
shop-nc-goodyear-commercial-tire-service-centers-winston-salem.html,Goodyear Commercial Tire & Service Centers,Winston-Salem,NC,"2885 Lowery St, Winston-Salem, NC 27101",+13367489128,http://www.goodyearctsc.com/,36.0996994,-80.19424699999999,4.4,13,Roadside|24/7|Truck specialist|Tire|Engine|Cooling|Trailer|Brakes|Electrical
shop-nc-gordon-s-radiator-a-c-service-winston-salem.html,Gordon's Radiator & A/C Service,Winston-Salem,NC,"2813 Old Lexington Rd, Winston-Salem, NC 27107",+13367889039,https://www.gordonsradiator.net/,36.0629469,-80.22573059999999,4.7,96,Roadside|Truck specialist|Engine|Cooling|Brakes
shop-nc-gravelo-workshop-bicycles-coffee-asheville.html,Gravelo Workshop - Bicycles & Coffee,Asheville,NC,"793 Merrimon Ave, Asheville, NC 28804",+18282098798,https://www.gravelo-workshop.com/,35.6259022,-82.5535244,4.6,80,
shop-nc-greenline-diesel-auto-repair-jacksonville.html,Greenline Diesel & Auto Repair,Jacksonville,NC,"2290 Wilmington Hwy, Jacksonville, NC 28540",+19103333227,https://greenlinedieselperformance.com/,34.7223186,-77.4779137,4.2,84,Truck specialist|Tire|Engine|Cooling|Electrical
shop-nc-greensboro-onsite-truck-repair-greensboro.html,Greensboro Onsite Truck Repair,Greensboro,NC,"7705 Boeing Dr, Greensboro, NC 27409",+13369207604,http://greensborotruckrepair.com/,36.0805735,-79.950075,2.3,9,Roadside|24/7|Truck specialist|Reefer|Engine|Trailer|Brakes
shop-nc-greensboro-small-engine-repair-greensboro.html,Greensboro Small Engine Repair,Greensboro,NC,"3205 Edgewater Dr, Greensboro, NC 27403",+13362235414,https://greensborosmallenginerepair.com/,36.082572899999995,-79.8354445,5.0,,Engine
shop-nc-greensboro-trailer-sales-service-inc-greensboro.html,Greensboro Trailer Sales & Service Inc,Greensboro,NC,"2800 Liberty Rd, Greensboro, NC 27406",+13362724571,http://www.greensborotrailer.net/,36.0319815,-79.77112029999999,4.9,37,Roadside|24/7|Truck specialist|Trailer
shop-nc-gregory-poole-equipment-company-garner-nc-garner.html,"Gregory Poole Equipment Company - Garner, NC",Garner,NC,"3201 Integrity Dr, Garner, NC 27529",+19847895156,https://www.gregorypoole.com/sales-reps-locations/locations/garner-north-carolina/%3Futm_source%3Dgoogle%26utm_medium%3Dorganic%26utm_campaign%3Dgbp%26utm_term%3Dgarner,35.72578,-78.58325099999999,4.1,61,
shop-nc-gregory-poole-equipment-company-raleigh-nc-raleigh.html,"Gregory Poole Equipment Company - Raleigh, NC",Raleigh,NC,"4807 Beryl Rd, Raleigh, NC 27606",+19848333610,https://www.gregorypoole.com/sales-reps-locations/locations/raleigh-north-carolina/%3Futm_source%3Dgoogle%26utm_medium%3Dorganic%26utm_campaign%3Dgmb%26utm_content%3Draleigh,35.793284,-78.7069221,4.0,59,
shop-nc-hacketts-tractor-and-trailer-repair-llc-winston-salem.html,Hacketts Tractor and Trailer Repair LLC,Winston-Salem,NC,"2400 W Clemmonsville Rd, Winston-Salem, NC 27127",+13364626271,,36.0309652,-80.3174535,5.0,2,
shop-nc-high-speed-performance-inc-randleman.html,High Speed Performance Inc.,Randleman,NC,"142 Regal Dr Building 3, Randleman, NC 27317",+13366174580,http://highspeedperformanceshop.com/,35.8704421,-79.7936103,4.7,,
shop-nc-holland-truck-trailer-repair-llc-statesville.html,Holland Truck & Trailer Repair LLC,Statesville,NC,"2088 Salisbury Hwy, Statesville, NC 28677",+17047682961,https://www.hollandlogistics.com/truck-and-trailer-repair,35.75956,-80.83075,5.0,29,Roadside|Truck specialist|Trailer
shop-nc-holmes-mobile-tire-battery-service-raleigh.html,Holmes Mobile Tire & Battery Service,Raleigh,NC,"417 Habitat Ct, Raleigh, NC 27610",+19194145353,http://www.holmesroadside.com/,35.769782,-78.59697969999999,4.8,150,Roadside|24/7|Tire|Engine|Electrical
shop-nc-horus-mobile-mechanics-auto-repairs-llc-durham.html,Horus Mobile Mechanics Auto Repairs LLC,Durham,NC,"518 N Hardee St, Durham, NC 27703",+19196378833,https://mechanics2go-roadsideassistance-mobileautorepairs.com/forums/index.php,35.9986563,-78.8640461,4.5,320,Roadside|24/7|Truck specialist|Tire|Engine|Cooling|Trailer|Brakes|Electrical
shop-nc-hospital-automotive-car-care-wilmington.html,Hospital Automotive Car Care,Wilmington,NC,"46 Covil Ave, Wilmington, NC 28403",+19103434231,http://www.hospitalautomotive.com/,34.2382183,-77.90492739999999,4.9,83,
shop-nc-howard-rv-center-service-dept-wilmington.html,Howard RV Center - Service Dept.,Wilmington,NC,"6811 Market St building b, Wilmington, NC 28405",+19107926911,http://www.hrvc.com/,34.260733699999996,-77.8325303,4.6,5,Truck specialist|RV|Engine|Trailer|Electrical
shop-nc-huff-auto-diesel-repair-services-oxford.html,Huff Auto & Diesel Repair Services,Oxford,NC,"3233 Sam Usry Rd, Oxford, NC 27565",+19197258117,,36.2198409,-78.5953578,5.0,12,
shop-nc-i-40-truck-trailer-repair-waynesville.html,I-40 Truck & Trailer Repair,Waynesville,NC,"2470 Crabtree Rd, Waynesville, NC 28785",+18289265590,http://i40trucktrailerrepair.com/,35.555576599999995,-82.95179949999999,4.8,56,24/7
shop-nc-j-j-diesel-mechanic-towing-body-repair-llc-durham.html,J&J DIESEL MECHANIC TOWING & BODY REPAIR LLC,Durham,NC,"5412 US-70, Durham, NC 27705",+19199400736,https://jjdieseltruck.com/,36.037723,-79.0058371,4.4,84,
shop-nc-jack-s-truck-trailer-repair-tractor-trailer-repair-fairview.html,Jack's Truck & Trailer Repair. (tractor trailer repair),Fairview,NC,"587 Old Fort Rd, Fairview, NC 28730",+18287776699,,35.540428999999996,-82.39664599999999,4.6,55,24/7
shop-nc-jae-s-mobile-auto-llc-winston-salem.html,Jae's Mobile Auto llc,Winston-Salem,NC,"5020 S Main St, Winston-Salem, NC 27107",+13367398420,http://jaesmobilemechanic.com/,36.0094168,-80.2301526,4.3,54,Roadside|Tire
shop-nc-jake-the-mobile-mechanic-wilmington.html,Jake The Mobile Mechanic,Wilmington,NC,"5550 Carolina Beach Rd, Wilmington, NC 28412",+19103740062,,34.139148399999996,-77.89637479999999,4.8,58,Roadside
shop-nc-jamie-s-automotive-machine-shp-greensboro.html,Jamie's Automotive Machine Shp,Greensboro,NC,"4925 Bartlett St, Greensboro, NC 27409",+13362925017,,36.062616299999995,-79.8831051,4.8,,
shop-nc-jay-s-heavy-duty-repair-and-towing-raleigh.html,Jay's Heavy Duty Repair and Towing,Raleigh,NC,"3805 Opportunity Ln, Raleigh, NC 27603",+19199770897,https://jaysheavyduty.com/%3Futm_source%3Domg-gbp%26utm_medium%3Dwebclick,35.660205,-78.7047084,4.8,20,Roadside|24/7|Truck specialist|Engine
shop-nc-jc-s-heavy-diesel-and-automotive-climax.html,JC's Heavy Diesel and Automotive,Climax,NC,"Climax, NC 27233",+13366813203,,35.9128932,-79.7176482,5.0,,
shop-nc-jim-campen-trailer-sales-hendersonville.html,Jim Campen Trailer Sales,Hendersonville,NC,"6037 Asheville Hwy, Hendersonville, NC 28791",+18286848889,http://www.jimcampen.com/,35.4046781,-82.511793,4.2,85,Truck specialist|Trailer|Brakes
shop-nc-jimmy-s-mobile-mechanic-services-winston-salem.html,Jimmy's mobile mechanic services,Winston-Salem,NC,"2415 Peachtree St, Winston-Salem, NC 27107",+13369015965,,36.065851099999996,-80.21368059999999,4.6,9,Roadside
shop-nc-john-woodie-enterprises-inc-statesville.html,"John Woodie Enterprises, Inc.",Statesville,NC,"1836 Shelton Ave, Statesville, NC 28677",+17048782941,http://www.jweinc.com/,35.760299599999996,-80.8875503,4.7,25,
shop-nc-johnson-johnson-import-domestic-specialists-garner.html,Johnson & Johnson Import & Domestic Specialists,Garner,NC,"2033 W Garner Rd, Garner, NC 27529",+19197732314,https://www.jjimport.com/,35.7286889,-78.6266547,4.5,215,Roadside|Truck specialist|Tire|Engine|Brakes|Electrical
shop-nc-jordans-diesel-and-automotive-truck-shop-henderson.html,Jordans diesel and automotive truck shop,Henderson,NC,"256 Flemingtown Rd, Henderson, NC 27537",+14344801955,,36.3952149,-78.3397292,3.8,56,24/7
shop-nc-jr-s-truck-trailer-repair-north-wilkesboro.html,JR’s Truck & Trailer Repair,North Wilkesboro,NC,"1574 Mountain View Rd, North Wilkesboro, NC 28659",+13364522000,,36.2100633,-81.133246,4.5,26,24/7
shop-nc-justin-s-mobile-mechanic-service-winston-salem.html,Justin’s Mobile Mechanic service,Winston-Salem,NC,"5040 Baux Mountain Rd, Winston-Salem, NC 27105",+13366310148,,36.1857572,-80.22294409999999,4.2,46,Roadside
shop-nc-jwm-truck-and-trailer-repair-durham.html,JWM Truck And Trailer Repair,Durham,NC,"2000 Avondale Dr, Durham, NC 27705",+17816323977,,36.0161939,-78.8850928,4.8,64,24/7
shop-nc-jwm-truck-and-trailer-repair-mebane.html,JWM Truck and Trailer Repair,Mebane,NC,"6413 US-70, Mebane, NC 27302",+13365145630,,36.0871481,-79.22901259999999,4.8,37,24/7
shop-nc-kennedy-automotive-services-wilmington.html,Kennedy Automotive Services,Wilmington,NC,"3715 Carolina Beach Rd, Wilmington, NC 28412",+19107994441,http://www.kennedyautomotive.com/,34.1785275,-77.92636619999999,4.9,349,Truck specialist|Tire|Engine|Brakes|Electrical
shop-nc-lake-valley-customs-rv-camper-roanoke-rapids.html,Lake Valley Customs RV/Camper,Roanoke Rapids,NC,"623 Robertsons Boat Landing Rd, Roanoke Rapids, NC 27870",+12525297721,,36.4765284,-77.70531199999999,2.8,4,
shop-nc-leonard-truck-outfitters-greensboro.html,Leonard Truck Outfitters,Greensboro,NC,"4010 W Wendover Ave, Greensboro, NC 27407",+13362943293,http://leonardusa.com/,36.0601427,-79.8823388,4.8,194,Truck specialist|Tire|Trailer|Electrical
shop-nc-leonard-truck-outfitters-statesville.html,Leonard Truck Outfitters,Statesville,NC,"1114 Salisbury Rd, Statesville, NC 28625",+13365159740,http://leonardusa.com/,35.7740548,-80.8613353,4.8,109,Truck specialist|Tire|Trailer|Electrical
shop-nc-leonard-truck-outfitters-wilmington.html,Leonard Truck Outfitters,Wilmington,NC,"5705 Market St, Wilmington, NC 28405",+19103924921,http://leonardusa.com/,34.2494525,-77.8618722,4.5,314,Truck specialist|Tire|Trailer|Electrical
shop-nc-leonard-truck-outfitters-winston-salem.html,Leonard Truck Outfitters,Winston-Salem,NC,"955 Peters Creek Pkwy, Winston-Salem, NC 27103",+13367254787,http://leonardusa.com/,36.0768183,-80.2580421,4.6,266,Truck specialist|Tire|Trailer|Electrical
shop-nc-lighthouse-marine-trailer-supply-wilmington.html,Lighthouse Marine & Trailer Supply,Wilmington,NC,"220 N Green Meadows Dr Unit a, Wilmington, NC 28405",+19103925005,,34.2577146,-77.8461456,4.6,108,
shop-nc-lilley-international-service-center-raleigh.html,Lilley International Service Center,Raleigh,NC,"1526 S Blount St, Raleigh, NC 27603",+19198325871,https://lilleyinternational.com/semi-truck-repair-diesel-engine-raleigh-nc/%3Futm_source%3DGMB%26utm_medium%3Dorganic%26utm_campaign%3Draleigh-service-center%26utm_content%3Dlisting,35.758148399999996,-78.6379832,4.2,5,
shop-nc-maaco-auto-body-shop-painting-raleigh.html,Maaco Auto Body Shop & Painting,Raleigh,NC,"5100 Atlantic Ave, Raleigh, NC 27616",+19199992910,https://www.maaco.com/locations/nc/raleigh-12178/%3Futm_source%3Dgoogle%26utm_medium%3Dorganic%26utm_campaign%3Dgbp_website,35.8532744,-78.598659,4.1,450,
shop-nc-matthews-motors-truck-center-of-wilmington-wilmington.html,Matthews Motors Truck Center of Wilmington,Wilmington,NC,"6480 Market St, Wilmington, NC 28405",+19102943221,https://www.matthewsmotorswilmington.com/searchused.aspx%3FBodyType%3DTruck%2B-%2BCrew%2BCab,34.2557945,-77.842041,4.8,16,
shop-nc-mccurry-s-diesel-roadside-repair-llc-marion.html,McCurry's Diesel Roadside Repair LLC,Marion,NC,"245 Grassy Hollow Dr, Marion, NC 28752",+18284604357,https://www.mccurrys-diesel-roadside-repair-llc.com/,35.555089699999996,-82.0091106,4.6,54,Roadside|24/7|Truck specialist|RV|Tire|Engine|Cooling|Trailer
shop-nc-melex-fuel-injection-systems-raleigh.html,Melex Fuel Injection Systems,Raleigh,NC,"4121, 3208 Wellington Ct #110, Raleigh, NC 27615",+19198729393,https://www.melexdiesel.com/,35.886207,-78.5812055,5.0,1,
shop-nc-mission-valley-service-station-raleigh.html,Mission Valley Service Station,Raleigh,NC,"2709 Western Blvd, Raleigh, NC 27606",+19198325383,,35.7807129,-78.6764386,4.8,309,
shop-nc-mj-brothers-auto-truck-repair-raleigh.html,MJ Brothers Auto & Truck Repair,Raleigh,NC,"1060 Corporation Pkwy, Raleigh, NC 27610",+19195215101,https://mjbrothersautorepair.com/,35.7928198,-78.56836659999999,4.8,166,Truck specialist|RV|Tire|Engine|Cooling|Brakes|Electrical
shop-nc-mj-truck-and-trailer-repair-youngsville.html,MJ Truck and Trailer Repair,Youngsville,NC,"5624 NC-96, Youngsville, NC 27596",+19197615021,,36.044498499999996,-78.5002774,4.8,180,
shop-nc-mobile-automotive-repairs-rocky-point.html,Mobile Automotive Repairs,Rocky Point,NC,"123 Harts Ln, Rocky Point, NC 28457",+19102746442,http://wilmingtonmobileautomotiverepair.com/,34.3822049,-77.8933314,4.7,25,Roadside|Engine|Electrical
shop-nc-mobile-boat-trailer-repair-wilmington.html,Mobile Boat Trailer Repair,Wilmington,NC,"523 Musket Bay Dr, Wilmington, NC 28412",+19104992693,http://mobiletrailerrepairservice.com/,34.166114799999995,-77.932317,5.0,74,Roadside|RV|Tire|Trailer|Electrical
shop-nc-mobile-mechanic-of-greensboro-greensboro.html,Mobile Mechanic of Greensboro,Greensboro,NC,"519 E Washington St, Greensboro, NC 27401",+13368279518,,36.0702441,-79.7824423,2.3,6,Roadside
shop-nc-mobile-mechanic-of-statesville-statesville.html,Mobile Mechanic of Statesville,Statesville,NC,"2001 E Cloaninger Ave, Statesville, NC 28625",+18883916324,http://mobilemechanic.com/,35.778303099999995,-80.85396279999999,4.2,11,Roadside|24/7|Truck specialist
shop-nc-mobile-mechanic-winston-salem-winston-salem.html,Mobile Mechanic Winston Salem,Winston-Salem,NC,"424 Brookford Pl Ct, Winston-Salem, NC 27104",+13364393784,https://mobileautorepairpros.com/nc/onsite-mechanic-winston-salem,36.0775785,-80.3280345,3.1,18,Roadside|24/7|Truck specialist|RV|Tire|Engine|Cooling|Brakes|Electrical
shop-nc-mobile-mechanical-service-greensboro.html,mobile mechanical service,Greensboro,NC,"3508 North Carolina Hwy 150, Greensboro, NC 27455",+16204175539,,36.2243147,-79.7726265,5.0,1,Roadside|24/7
shop-nc-modern-mobile-mechanic-and-bodywork-winston-salem.html,Modern Mobile Mechanic and bodywork,Winston-Salem,NC,"1800 Franciscan Dr, Winston-Salem, NC 27127",+17045001615,,36.049558399999995,-80.2614266,4.3,3,Roadside|24/7
shop-nc-monkey-junction-marine-now-watson-s-welding-wilmington.html,"Monkey Junction Marine, *now Watson's Welding",Wilmington,NC,"1402 S Front St, Wilmington, NC 28401",+19107992494,http://www.watsonswelding.com/,34.2174048,-77.9469871,4.2,6,
shop-nc-morningside-garage-llc-winston-salem.html,Morningside Garage LLC,Winston-Salem,NC,"659 Waughtown St, Winston-Salem, NC 27107",+13363069787,,36.0698552,-80.2243439,5.0,56,
shop-nc-motion-trailer-worx-sales-service-repair-and-parts-greensboro-greensboro.html,Motion Trailer Worx - Sales/Service/Repair and Parts (Greensboro),Greensboro,NC,"2920 S Elm-Eugene St, Greensboro, NC 27406",+13363336311,https://www.mtxtrailer.com/,36.030995,-79.79353499999999,4.9,523,Tire|Trailer|Brakes
shop-nc-mountain-diesel-heavy-equipment-repair-hendersonville.html,Mountain Diesel & Heavy Equipment Repair,Hendersonville,NC,"3265 Chimney Rock Rd, Hendersonville, NC 28792",+18286919180,,35.3766295,-82.3899459,4.4,30,
shop-nc-mountain-trailer-ventures-asheville.html,Mountain Trailer Ventures,Asheville,NC,"3090 Sweeten Creek Rd, Asheville, NC 28803",+18282307702,https://mountaintailerventures.com/,35.4998072,-82.51794799999999,5.0,14,
shop-nc-mountain-view-tire-service-asheville.html,Mountain View Tire & Service,Asheville,NC,"32 Tunnel Rd, Asheville, NC 28805",+18282529681,http://mvtire.com/,35.5968253,-82.5338395,3.8,22,Truck specialist|Tire|Engine|Brakes|Electrical
shop-nc-mr-wilmington-mobile-mechanic-wilmington.html,Mr.Wilmington Mobile Mechanic,Wilmington,NC,"3528 Carolina Beach Rd, Wilmington, NC 28412",+19109944899,,34.1822915,-77.9300823,5.0,2,Roadside
shop-nc-national-fleet-management-inc-durham.html,"National Fleet Management, Inc.",Durham,NC,"3303 US-70, Durham, NC 27703",+19193234116,https://www.nationalfleetmgt.com/%3Futm_campaign%3Dgmb,35.9331324,-78.8091293,4.1,58,
shop-nc-national-fleet-management-inc-greensboro.html,"National Fleet Management, Inc.",Greensboro,NC,"1061 Boulder Rd, Greensboro, NC 27409",+13368370441,https://www.nationalfleetmgt.com/,36.0586434,-79.9347561,4.3,26,Roadside|24/7|Truck specialist|RV|Tire|Engine|Cooling|Trailer|Brakes|Electrical
shop-nc-national-fleet-management-inc-statesville.html,"National Fleet Management, Inc.",Statesville,NC,"1426 Northside Dr, Statesville, NC 28625",+17048838385,https://www.nationalfleetmgt.com/%3Futm_campaign%3Dgmb,35.7998158,-80.9164806,4.0,25,
shop-nc-nc-diesel-performance-truck-repair-lincolnton.html,NC Diesel Performance Truck Repair,Lincolnton,NC,"1523 Midtown Dr, Lincolnton, NC 28092",+13369758091,https://www.ncdieselperformance.net/,35.44395,-81.27157799999999,4.1,35,Roadside|Truck specialist|Engine|Electrical
shop-nc-nc-trailers-of-winston-salem-winston-salem.html,NC Trailers of Winston-Salem,Winston-Salem,NC,"4600 N Patterson Ave, Winston-Salem, NC 27105",+13364999888,https://nctrailers.com/,36.180459,-80.2717187,5.0,140,Roadside|Truck specialist|Reefer|Tire|Trailer|Brakes|Electrical
shop-nc-nick-s-towing-roadside-we-buy-cars-running-or-not-raleigh.html,Nick's Towing & roadside (( we buy cars running or not )),Raleigh,NC,"1711 Lake Wheeler Rd, Raleigh, NC 27603",+19197716701,http://nickstowingandroadside.com/,35.7597398,-78.6613229,5.0,1111,Roadside|24/7|Truck specialist|Tire|Trailer|Electrical
shop-nc-north-davidson-automotive-lexington.html,North Davidson Automotive,Lexington,NC,"7047 Old U.S. Hwy 52, Lexington, NC 27295",+13368506587,https://northdavidsonautomotive.com/,35.9207278,-80.248781,4.9,288,Truck specialist|Tire|Engine|Cooling|Brakes|Electrical
shop-nc-north-point-motors-inc-winston-salem.html,"North Point Motors, Inc.",Winston-Salem,NC,"4518 N Cherry St, Winston-Salem, NC 27105",+13366610530,http://www.northpointmotors.repair.bz/,36.152501799999996,-80.26449339999999,4.8,69,
shop-nc-north-state-street-management-wilmington.html,North State Street Management,Wilmington,NC,"106 Alameda Dr, Wilmington, NC 28412",+17049637270,,34.110678799999995,-77.9027959,,,24/7
shop-nc-northwest-carolina-truck-trailer-repair-dobson.html,Northwest Carolina Truck & Trailer Repair,Dobson,NC,"10020 US-601 Suite 2, Dobson, NC 27017",+13368650442,http://www.northwestcarolina.com/,36.2791867,-80.7163525,4.8,81,Truck specialist|Reefer|Engine|Cooling|Trailer|Electrical
shop-nc-olen-hensley-automotive-inc-asheville.html,Olen Hensley Automotive Inc.,Asheville,NC,"221 Amboy Rd, Asheville, NC 28806",+18282581738,http://www.olenhensleyautomotive.com/,35.567236099999995,-82.5765243,4.7,43,Truck specialist|Trailer
shop-nc-oliver-diesel-auto-repair-stokesdale.html,Oliver Diesel & Auto Repair,Stokesdale,NC,"7779 NC-68, Stokesdale, NC 27357",+13366449200,http://www.oliverdieselnc.com/,36.2272818,-79.9902956,4.6,,Roadside|Truck specialist|Cooling
shop-nc-omer-mechanic-and-bodywork-winston-salem.html,Omer Mechanic and Bodywork,Winston-Salem,NC,"Peters Creek Pkwy, 1820 Franciscan Dr H, Winston-Salem, NC 27127",+17436490272,,36.05121,-80.2617099,4.9,127,24/7
shop-nc-onsite-raleigh-mobile-mechanic-raleigh.html,Onsite Raleigh Mobile Mechanic,Raleigh,NC,"2021 Cameron St, Raleigh, NC 27605",+19843675175,https://onsiteraleighmobilemechanic.com/,35.7900469,-78.6602614,4.3,6,Roadside|24/7|Tire|Engine|Brakes|Electrical
shop-nc-overby-s-truck-and-trailer-repair-mobile-mechanic-king.html,Overby's Truck and Trailer Repair - Mobile Mechanic,King,NC,"1156 Kentland Dr, King, NC 27021",+13368138342,https://usmapiz.org/details/overby-s-truck-and-trailer-repair-mobile-mechanic-ChIJta9,36.3370289,-80.3359979,5.0,24,Roadside|24/7
shop-nc-owensby-trailer-hitch-center-greensboro.html,Owensby (Trailer-Hitch-Center),Greensboro,NC,"5816 W Gate City Blvd, Greensboro, NC 27407",+13362995660,http://www.facebook.com/owensbyenterprises,36.0128858,-79.8992645,4.6,78,
shop-nc-parrish-automotive-repair-maintenance-greensboro.html,Parrish Automotive Repair & Maintenance,Greensboro,NC,"Mobile mechanic no address, 1919 A, 1919 Spring Garden St, Greensboro, NC 27403",+13363479376,,36.0634781,-79.8255319,4.8,33,
shop-nc-parrish-truck-tire-center-statesville.html,Parrish Truck Tire Center,Statesville,NC,"1336 Northside Dr, Statesville, NC 28625",+17048726565,https://parrishtrucktires.com/,35.8006739,-80.9132202,4.7,167,Roadside|24/7|Truck specialist|Tire|Trailer
shop-nc-parrish-truck-tire-center-winston-salem.html,Parrish Truck Tire Center,Winston-Salem,NC,"292 Kapp St, Winston-Salem, NC 27105",+13366611392,https://parrishtrucktires.com/,36.150611399999995,-80.2385226,4.8,110,Roadside|24/7|Truck specialist|Tire|Trailer
shop-nc-pat-s-body-shop-towing-winston-salem.html,Pat's Body Shop & Towing,Winston-Salem,NC,"5720 Country Club Rd, Winston-Salem, NC 27104",+13363967981,https://www.pats-bodyshop.com/,36.0931924,-80.3754641,4.6,489,
shop-nc-patriot-mobile-rv-repair-llc-fuquay-varina.html,Patriot Mobile RV Repair LLC,Fuquay-Varina,NC,"Mobile only, Fuquay-Varina, NC 27526",+19199031880,https://www.patriotmobilerepairs.com/,35.585214,-78.7997341,4.9,22,Roadside|RV
shop-nc-pep-boys-auto-service-tires-raleigh.html,Pep Boys Auto Service & Tires,Raleigh,NC,"3921 Western Blvd, Raleigh, NC 27606",+19842128056,https://www.pepboys.com/stores/nc/raleigh/3921-western-blvd%3FCid%3Dgbp_appt_AN:PB%257CPB:G%257CTT:GBP%257CCG:CONVERSION%257CCD:SERVICE,35.783941999999996,-78.69187389999999,4.1,368,
shop-nc-piedmont-performance-diesel-off-road-browns-summit.html,Piedmont Performance Diesel & Off-Road,Browns Summit,NC,"7177 Brown Summit Rd, Browns Summit, NC 27214",+13369541516,http://www.piedmontperformance.com/,36.2024671,-79.7105034,4.8,,Truck specialist|Tire
shop-nc-pinnacle-trailer-sales-inc-wilmington.html,Pinnacle Trailer Sales Inc,Wilmington,NC,"5510 US-421 N, Wilmington, NC 28401",+19103420445,https://www.pinnacletrailers.com/,34.3276477,-77.9964505,4.7,53,24/7|Truck specialist|Trailer
shop-nc-pisgah-truck-and-trailer-repair-hendersonville.html,Pisgah Truck and Trailer Repair,Hendersonville,NC,"5707 Asheville Hwy, Hendersonville, NC 28791",+18287719408,,35.3943067,-82.5071743,4.2,17,
shop-nc-powerhouse-diesel-and-automotive-greensboro.html,Powerhouse Diesel and Automotive,Greensboro,NC,"4151 Corbin Rd, Greensboro, NC 27405",+13363079426,http://phdieselandauto.com/,36.1380316,-79.7405232,4.0,8,
shop-nc-premier-rv-services-and-inspections-llc-winston-salem.html,"Premier RV Services and Inspections, LLC",Winston-Salem,NC,"7840 North Point Blvd, Winston-Salem, NC 27106",+13155255737,https://premierrvservicesandinspections.com/,36.1527331,-80.2759222,5.0,21,Roadside|RV|Electrical
shop-nc-prime-time-mobile-detailing-raleigh.html,Prime Time Mobile Detailing,Raleigh,NC,"335 Sherwee Dr #101, Raleigh, NC 27603",+19194360143,http://primetimemobiledetail.com/,35.7331627,-78.64800129999999,4.7,552,Roadside|Truck specialist|RV|Tire|Trailer
shop-nc-professional-trailer-repair-winston-salem.html,Professional Trailer Repair,Winston-Salem,NC,"3055 Ridgewood Rd, Winston-Salem, NC 27107",+13367224016,http://www.protrailerrepair.com/,36.058054999999996,-80.1601549,3.6,16,Trailer
shop-nc-proficient-a-mobile-mechanics-raleigh.html,Proficient A+ Mobile Mechanics,Raleigh,NC,"1200 Capital Blvd, Raleigh, NC 27603",+19844771899,,35.797689399999996,-78.63895169999999,3.0,18,Roadside|24/7
shop-nc-pryor-s-diesel-service-kernersville.html,Pryor's Diesel Service,Kernersville,NC,"2457 W Mountain St, Kernersville, NC 27284",+13369062694,,36.1238086,-80.14591159999999,5.0,6,
shop-nc-quality-mobile-auto-repair-llc-zebulon.html,"Quality Mobile Auto Repair, LLC",Zebulon,NC,"3812 Quarry Rd, Zebulon, NC 27597",+19196719042,http://qualitymobileautorepair.com/,35.910497,-78.419986,4.6,173,Roadside|Engine|Brakes|Electrical
shop-nc-quick-fix-of-north-carolina-belville.html,Quick Fix Of North Carolina,Belville,NC,"Merrywood Dr NE, Belville, NC 28451",+19045976538,,34.298243899999996,-78.06882039999999,,,24/7
shop-nc-r-s-auto-diesel-truck-repair-high-point.html,R&S auto diesel truck repair.,High Point,NC,"6022 Circle Dr Exd, High Point, NC 27263",+13366695172,,35.915015,-80.0114116,5.0,5,
shop-nc-r-v-performance-specialist-lewisville.html,R V Performance Specialist,Lewisville,NC,"7976 Concord Church Rd, Lewisville, NC 27023",+13369459944,https://rvperformancespecialist.com/,36.0882067,-80.4303875,5.0,13,Truck specialist
shop-nc-raleigh-auto-electrical-diagnostics-wake-forest.html,Raleigh Auto Electrical & Diagnostics,Wake Forest,NC,"5103 Unicon Dr Ste E, Wake Forest, NC 27587",+19192924843,http://raleighautoelectrical.com/%3Futm_source%3Dgmb%26utm_medium%3Dreferral,35.927181399999995,-78.53769779999999,4.9,131,
shop-nc-raleigh-on-site-truck-repair-raleigh.html,Raleigh On-Site Truck Repair,Raleigh,NC,"816 N West St, Raleigh, NC 27603",+19198878234,https://mobiletruckrepairraleigh.com/,35.7904068,-78.6444454,1.0,2,24/7
shop-nc-raleigh-super-mobile-truck-repair-raleigh.html,Raleigh Super Mobile Truck Repair,Raleigh,NC,"2304 Capital Blvd, Raleigh, NC 27604",+19193439538,http://raleighncmobiletruckrepair.com/,35.8098327,-78.612776,5.0,1,Roadside|Truck specialist|Tire|Engine|Cooling|Trailer|Brakes|Electrical
shop-nc-ramsey-mobile-affordable-services-llc-statesville.html,Ramsey Mobile Affordable Services LLC,Statesville,NC,"1110 Freedom Rd, Statesville, NC 28625",+19802232781,https://ramseymobileservices.squarespace.com/,35.7805572,-80.841855,4.2,5,Roadside|Engine
shop-nc-randy-marion-ford-lincoln-llc-lincoln-service-statesville.html,"Randy Marion Ford Lincoln, LLC Lincoln Service",Statesville,NC,"1030 Gateway Crossing Dr, Statesville, NC 28677",+17048970801,https://www.randymarionford.com/%3Futm_source%3Dgmbsvc%26utm_medium%3Dsocial%26mcmid%3Dgmbsvc,35.7770276,-80.8664731,4.8,456,
shop-nc-rattle-hum-automotive-winston-salem.html,Rattle & Hum Automotive,Winston-Salem,NC,"894 N Liberty St, Winston-Salem, NC 27101",+13362937312,http://www.rattleandhumautomotive.com/,36.105491199999996,-80.241393,4.8,319,Truck specialist|RV|Tire|Engine|Electrical
shop-nc-reese-wheel-and-tire-reece-tire-deals-asheville.html,Reese Wheel And Tire /Reece Tire Deals,Asheville,NC,"283 Weaverville Rd, Asheville, NC 28804",+18282522254,http://reesewheelandtire.com/,35.656906899999996,-82.57909,4.3,147,Tire
shop-nc-reggie-s-mobile-jumpstart-services-raleigh.html,Reggie's Mobile Jumpstart Services,Raleigh,NC,"5214 Falls of Neuse Rd, Raleigh, NC 27609",+19842847216,,35.8527316,-78.6145179,4.0,2,Roadside|24/7
shop-nc-rice-s-towing-recovery-inc-asheville.html,Rice's Towing & Recovery Inc,Asheville,NC,"45 Gaines Ave, Asheville, NC 28803",+18282983377,http://ricestow.com/,35.5472526,-82.532135,4.7,333,Engine
shop-nc-rockside-tire-sales-services-raleigh.html,Rockside Tire Sales & Services,Raleigh,NC,"4835 Fayetteville Rd, Raleigh, NC 27603",+19197725101,http://rocksidetire.com/,35.7141158,-78.6563579,4.3,379,Tire
shop-nc-rudy-s-performance-parts-burlington.html,Rudy's Performance Parts,Burlington,NC,"7422 Whitsett Park Rd, Burlington, NC 27215",+18667576537,https://rudysdiesel.com/,36.0631863,-79.54208899999999,4.7,707,Truck specialist|Tire|Engine|Cooling|Electrical
shop-nc-russ-trailer-repair-raleigh-raleigh.html,Russ’ Trailer Repair -Raleigh,Raleigh,NC,"N Raleigh Blvd, Raleigh, NC 27013",+19109191736,http://russtrailerrepair.com/,35.789358199999995,-78.6132164,3.7,3,Roadside|24/7|Truck specialist|Trailer|Brakes|Electrical
shop-nc-rv-glass-repair-services-greensboro.html,RV Glass Repair Services,Greensboro,NC,"510 N Spring St, Greensboro, NC 27401",+13362737661,http://www.rvglassrepairservices.com/,36.0788136,-79.796463,4.8,34,RV|Electrical
shop-nc-rv-repair-and-service-center-at-campers-inn-rv-of-raleigh-selma.html,RV Repair and Service Center at Campers Inn RV of Raleigh,Selma,NC,"1501 Outlet Center Dr, Selma, NC 27576",+19196343822,https://www.campersinn.com/raleigh/rv-service%3Futm_source%3Dorganic%26utm_medium%3Dgmb%26utm_campaign%3Dral-service,35.5155865,-78.3003887,4.2,5,
shop-nc-rv-specialist-of-the-triad-llc-kernersville.html,RV Specialist of the Triad LLC,Kernersville,NC,"E Mountain St, Kernersville, NC 27284",,http://www.rvspecialistt.com/,36.1143366,-80.0514618,3.9,27,
shop-nc-rvrx-mobile-rv-repair-llc-rural-hall.html,RVRX Mobile RV Repair LLC,Rural Hall,NC,"1073 Tuttle Rd, Rural Hall, NC 27045",+13366925984,https://rvrx.net/,36.2565131,-80.3341464,5.0,93,Roadside|24/7|Truck specialist|RV|Trailer|Electrical
shop-nc-salisbury-truck-trailer-repair-salisbury.html,Salisbury Truck & Trailer Repair,Salisbury,NC,"480 Mill Run Rd, Salisbury, NC 28144",+17042235808,https://salisburytruckandtrailerrepair.com/%3Futm_source%3Domg-gbp%26utm_medium%3Dwebclick,35.676632,-80.4200955,4.4,41,Truck specialist|Tire|Engine|Trailer|Brakes|Electrical
shop-nc-shotwell-s-mobile-trailer-rpr-burlington.html,Shotwell's Mobile Trailer Rpr,Burlington,NC,"2656 Union Ridge Rd, Burlington, NC 27217",+13362276547,,36.1470126,-79.4251644,4.9,16,Roadside
shop-nc-smr-diesel-repair-transmissions-colfax.html,SMR Diesel Repair & Transmissions,Colfax,NC,"8426 A, Norcross Rd, Colfax, NC 27235",+13362319427,https://smrperformance.net/,36.0923843,-80.0005264,4.4,150,
shop-nc-snider-fleet-solutions-winston-salem.html,Snider Fleet Solutions,Winston-Salem,NC,"2851 Lowery St, Winston-Salem, NC 27101",+13363971010,http://www.sniderfleet.com/,36.0991275,-80.19904149999999,4.6,72,
shop-nc-southeast-utility-trailer-llc-garner.html,"Southeast Utility Trailer, LLC",Garner,NC,"3301 Integrity Dr, Garner, NC 27529",+19197734000,https://www.southeastutilitytrailers.com/,35.7291557,-78.584571,4.4,111,Reefer|Tire|Trailer|Electrical
shop-nc-southeast-utility-trailer-llc-statesville.html,"Southeast Utility Trailer, LLC",Statesville,NC,"2956 Amity Hill Rd, Statesville, NC 28677",+17048381144,https://southeastutilitytrailer.com/,35.7227702,-80.8562098,4.2,95,Reefer|Tire|Trailer|Electrical
shop-nc-southern-raines-customs-welding-metal-fabrication-winston-salem.html,Southern Raines Customs Welding & Metal Fabrication,Winston-Salem,NC,"1136 Louise Rd, Winston-Salem, NC 27107",+13368651466,http://southernrainescistomsatfacebook.com/,36.0553859,-80.210785,5.0,26,
shop-nc-specialized-mechanical-services-inc-wilmington.html,"Specialized Mechanical Services, Inc",Wilmington,NC,"6821 Market St, Wilmington, NC 28405",+19106203212,https://www.specializedmechanical.com/,34.2607565,-77.8320518,4.6,21,Roadside|Truck specialist|Engine
shop-nc-spiffy-brothers-trailer-rentals-raleigh.html,Spiffy Brothers Trailer Rentals,Raleigh,NC,"9650 Strickland Rd, Raleigh, NC 27615",+19196649942,https://www.facebook.com/profile.php%3Fid%3D61583944800696,35.903839999999995,-78.6564573,5.0,6,
shop-nc-statesville-truck-trailer-statesville.html,Statesville Truck Trailer,Statesville,NC,"2200 International Dr, Statesville, NC 28625",+17048729151,,35.8102278,-80.8478207,4.4,18,
shop-nc-statewide-trailer-alignment-frame-greensboro.html,Statewide Trailer Alignment Frame,Greensboro,NC,"2229 Bishop Rd, Greensboro, NC 27406",+13362941352,https://www.stafinc.com/,35.9924087,-79.8598785,4.7,114,Truck specialist|Tire|Trailer|Brakes|Electrical
shop-nc-strickland-brothers-10-minute-oil-change-greensboro.html,Strickland Brothers 10 Minute Oil Change,Greensboro,NC,"3223 Battleground Ave, Greensboro, NC 27408",+13369192050,https://sboilchange.com/locations/greensboro-nc-0079/%3Futm_source%3Dgbp%26utm_medium%3Dorganic%26utm_campaign%3Dyext,36.1196585,-79.8420854,4.9,1194,
shop-nc-strickland-brothers-10-minute-oil-change-winston-salem-2.html,Strickland Brothers 10 Minute Oil Change,Winston-Salem,NC,"4876 Country Club Rd, Winston-Salem, NC 27104",+13365698970,https://sboilchange.com/locations/winston-salem-nc-0145/%3Futm_source%3Dgbp%26utm_medium%3Dorganic%26utm_campaign%3Dyext,36.0824352,-80.3431774,4.8,919,
shop-nc-strickland-brothers-10-minute-oil-change-winston-salem.html,Strickland Brothers 10 Minute Oil Change,Winston-Salem,NC,"6061 University Pkwy, Winston-Salem, NC 27105",+13368914064,https://sboilchange.com/locations/winston-salem-nc-0015/%3Futm_source%3Dgbp%26utm_medium%3Dorganic%26utm_campaign%3Dyext,36.19207,-80.2778352,4.8,1394,
shop-nc-strickland-s-diesel-services-wilson.html,Strickland's Diesel Services,Wilson,NC,"5451 Old Raleigh Rd, Wilson, NC 27893",+12522376935,https://stricklanddieselservice.com/,35.731165499999996,-78.0346817,4.3,12,
shop-nc-styline-diesel-service-center-high-point.html,Styline Diesel Service Center,High Point,NC,"1264 Jackson Lake Rd, High Point, NC 27263",+13368228222,,35.950178,-79.9406685,,,
shop-nc-superior-trailer-solutions-inc-lexington.html,"Superior Trailer Solutions, Inc.",Lexington,NC,"212 Cedar Ln Dr, Lexington, NC 27292",+13363317562,http://www.superiortrailersolutions.com/,35.7765388,-80.2673568,4.7,16,Roadside|Trailer
shop-nc-tactical-truck-repair-towing-durham.html,Tactical Truck Repair & Towing,Durham,NC,"4100 Fiesta Rd, Durham, NC 27703",+19842091766,https://www.tacticaltruckrepair.com/,36.0072537,-78.79889899999999,3.9,221,Roadside|24/7|Truck specialist|Engine
shop-nc-tar-heel-mobile-rv-service-llc-pilot-mountain.html,"Tar Heel Mobile RV Service ,LLC",Pilot Mountain,NC,"111 E 52 Bypass, Pilot Mountain, NC 27041",+13363680190,http://tarheelmobilervservice.com/,36.389804399999996,-80.4650047,4.6,83,Roadside|24/7|RV|Tire|Engine|Cooling|Brakes|Electrical
shop-nc-tca-automotive-mobile-mechanic-raleigh.html,TCA Automotive Mobile Mechanic,Raleigh,NC,"4405 Fox Rd, Raleigh, NC 27616",+19842383516,,35.8485611,-78.5637814,5.0,17,Roadside|24/7
shop-nc-terry-labonte-rv-service-greensboro.html,Terry Labonte RV Service,Greensboro,NC,"7100 Landmark Center Blvd, Greensboro, NC 27407",+13364471541,,36.0491007,-79.89973049999999,4.3,37,
shop-nc-tesh-sons-trailer-manufacturing-lexington.html,Tesh & Sons Trailer Manufacturing,Lexington,NC,"1370 Payne Rd, Lexington, NC 27295",+13367640473,http://teshandsonsmfg.com/,35.9616391,-80.252209,4.5,13,Tire|Trailer
shop-nc-the-brakemaster-mobile-auto-repair-greensboro.html,THE BRAKEMASTER MOBILE AUTO REPAIR,Greensboro,NC,"2602 Spring Garden St, Greensboro, NC 27403",+13366811966,,36.0643832,-79.83613559999999,4.3,149,Roadside
shop-nc-the-car-guys-wilmington-nc-auto-repair-wilmington.html,"The Car Guys - Wilmington, NC - Auto Repair",Wilmington,NC,"6311 Carolina Beach Rd, Wilmington, NC 28412",+19103998042,https://www.thecarguys.us/,34.109860999999995,-77.8993138,4.8,443,Truck specialist|Engine|Cooling|Brakes|Electrical
shop-nc-the-peterbilt-store-asheville-asheville.html,The Peterbilt Store - Asheville,Asheville,NC,"223 Amboy Rd, Asheville, NC 28806",+18285793200,https://www.thepetestore.com/w/asheville-nc,35.5681823,-82.576157,4.4,11,
shop-nc-the-trailer-source-inc-winston-salem.html,"The Trailer Source, Inc.",Winston-Salem,NC,"4060 Patterson Ave, Winston-Salem, NC 27105",+13366617858,http://trailersource.us/,36.160278,-80.2548813,4.8,21,Trailer
shop-nc-thomasville-diesel-truck-service-thomasville.html,Thomasville Diesel Truck Service,Thomasville,NC,"7 Teague Rd, Thomasville, NC 27360",+13368895388,http://www.thomasvillediesel.com/,35.9208262,-80.0598809,4.4,78,Roadside|24/7|Truck specialist|Engine|Brakes
shop-nc-thompson-diesel-truck-repair-and-towing-greensboro.html,Thompson Diesel Truck Repair and Towing,Greensboro,NC,"3121 S Elm-Eugene St, Greensboro, NC 27406",+13368085225,https://thompsondieseltruckrepair.com/,36.0244759,-79.7898003,4.7,43,Roadside|Truck specialist|Engine|Trailer|Brakes|Electrical
shop-nc-tidewater-fleet-maintenance-llc-castle-hayne.html,Tidewater Fleet Maintenance LLC,Castle Hayne,NC,"6303 Castle Hayne Rd Unit 2, Castle Hayne, NC 28429",+19106196840,https://tidewaterfleetmaintenance.com/,34.360532,-77.8994302,5.0,1,Truck specialist|Tire|Engine|Electrical
shop-nc-tidewater-marine-and-truck-24hour-mobile-durham.html,Tidewater Marine and Truck 24hour mobile,Durham,NC,"tidewater mechanic, 2320 Presidential Dr #114, Durham, NC 27703",+18009138970,,35.927555,-78.8431854,5.0,5,Roadside
shop-nc-tim-s-mobile-mechanic-service-wilmington.html,Tim's Mobile Mechanic Service,Wilmington,NC,"2513 Adams St, Wilmington, NC 28401",+19104655026,,34.1922267,-77.94122469999999,4.8,27,Roadside
shop-nc-tire-service-by-jlm-diesel-truck-llc-high-point.html,Tire Service By JLM Diesel Truck LLC,High Point,NC,"1512 W Green Dr, High Point, NC 27260",+12406718550,https://tireservicebyjlmdieseltruckllc.com/,35.9379582,-80.01373099999999,4.8,20,24/7
shop-nc-tire-solutions-durham-commercial-tire-shop-durham.html,Tire Solutions | Durham Commercial Tire Shop,Durham,NC,"402 Muldee St, Durham, NC 27703",+19196020000,https://tiresolutionsnc.com/durham-nc/,35.9978513,-78.862386,4.6,112,Roadside|Truck specialist|Tire|Brakes
shop-nc-tito-s-car-care-center-winston-salem.html,Tito’s Car Care Center,Winston-Salem,NC,"4818 Old Rural Hall Rd, Winston-Salem, NC 27105",+13369869736,http://www.titosautoservice.com/,36.1566362,-80.2274403,4.9,261,Roadside|Truck specialist|Tire|Engine|Cooling|Brakes|Electrical
shop-nc-trailer-and-diesel-repair-lincolnton.html,TRAILER AND DIESEL REPAIR,Lincolnton,NC,"110 Clarks Crk Rd, Lincolnton, NC 28092",+19803559933,,35.505809899999996,-81.24083,4.5,91,
shop-nc-trailer-rental-at-u-haul-winston-salem.html,Trailer Rental at U-Haul,Winston-Salem,NC,"118 S Marshall St, Winston-Salem, NC 27101",+13367246951,https://www.uhaul.com/Locations/Trailer-Rentals-near-Winston-Salem-NC-27101/789054/%3Futm_source%3Dgmb%26utm_medium%3Dtrailer%26utm_campaign%3Duhaulsmlm%26utm_content%3D789054,36.0949054,-80.2475702,5.0,4,Roadside|Truck specialist|RV|Trailer|Electrical
shop-nc-trailer-source-repair-inc-winston-salem.html,"Trailer Source Repair, Inc.",Winston-Salem,NC,"4060 N Patterson Ave, Winston-Salem, NC 27105",+13369434156,,36.1598305,-80.25464889999999,5.0,1,
shop-nc-transource-truck-trailer-centers-nc-colfax.html,TranSource Truck & Trailer Centers: NC,Colfax,NC,"8700 Triad Dr, Colfax, NC 27235",+13369966060,https://www.transourcetrucks.com/,36.0961177,-80.0047431,4.6,,Roadside|24/7|Truck specialist|Tire|Engine|Trailer|Electrical
shop-nc-transource-truck-trailer-centers-raleigh.html,TranSource Truck & Trailer Centers,Raleigh,NC,"8808 Midway West Rd, Raleigh, NC 27617",+19197828785,http://www.transourcetrucks.com/,35.906029,-78.755001,3.8,137,Roadside|24/7|Truck specialist|Tire|Engine|Trailer|Electrical
shop-nc-transource-trucks-wilmington-rocky-point.html,TranSource Trucks- Wilmington,Rocky Point,NC,"104 Daisy Scott Rd, Rocky Point, NC 28457",+18884946336,http://www.transourcetrucks.com/,34.443024,-77.873014,4.3,93,Roadside|24/7|Truck specialist|Tire|Engine|Trailer|Electrical
shop-nc-triangle-body-works-of-the-piedmont-llc-winston-salem.html,Triangle Body Works of the Piedmont LLC,Winston-Salem,NC,"2014 Waughtown St, Winston-Salem, NC 27107",+13367880631,http://www.trianglebodyworks.com/,36.0712518,-80.19783,4.9,13,Truck specialist|Tire|Electrical
shop-nc-triangle-rv-repair-llc-fuquay-varina.html,Triangle RV Repair LLC,Fuquay-Varina,NC,"5542 Cokesbury Rd, Fuquay-Varina, NC 27526",+19193467154,https://www.trianglervrepair.com/,35.5476459,-78.8805642,4.8,37,24/7|Truck specialist|RV|Electrical
shop-nc-truck-to-trailer-truck-sales-parts-candler.html,Truck to Trailer | Truck Sales & Parts,Candler,NC,"2230 Smokey Park Hwy #114, Candler, NC 28715",+12522208829,https://trucktotrailerparts.com/,35.5429685,-82.73125809999999,4.7,93,24/7|Truck specialist|Reefer|Engine|Trailer
shop-nc-truck-trailer-roadside-assistence-candler.html,TRUCK&TRAILER ROADSIDE ASSISTENCE,Candler,NC,"1760 Smokey Park Hwy, Candler, NC 28715",+18284832149,https://www.truck-trailer-roadside-assistance.com/,35.5441978,-82.69604059999999,4.3,6,Roadside|Truck specialist|Tire|Engine|Cooling|Trailer|Brakes|Electrical
shop-nc-truckpro-a-fleetpride-company-greensboro.html,"TruckPro, a FleetPride Company",Greensboro,NC,"405 S Regional Rd, Greensboro, NC 27409",+13366651411,https://www.truckpro.com/,36.085203199999995,-79.9546542,4.5,,
shop-nc-trucks-of-wilmington-service-department-wilmington.html,Trucks of Wilmington Service Department,Wilmington,NC,"6480 Market St, Wilmington, NC 28405",+19105198342,https://www.trucksofwilmington.com/service.aspx,34.2559156,-77.842066,5.0,3,
shop-nc-twisted-metal-towing-service-inc-wilmington.html,Twisted Metal Towing Service Inc.,Wilmington,NC,"3011 N Kerr Ave Ste c2, Wilmington, NC 28405",+19103199019,http://twistedmetalusa.com/,34.2896219,-77.9040236,4.4,103,Roadside|24/7|Tire|Trailer|Electrical
shop-nc-u-haul-moving-storage-of-e-asheville-asheville.html,U-Haul Moving & Storage of E Asheville,Asheville,NC,"387 Swannanoa River Rd, Asheville, NC 28805",+18282988551,https://www.uhaul.com/Locations/Truck-Rentals-near-Asheville-NC-28805/867056/%3Futm_source%3Dgmb%26utm_medium%3Dprimary%26utm_campaign%3Duhaulsmlm%26utm_content%3D867056,35.579327,-82.51823999999999,2.6,253,Roadside|Truck specialist|RV|Trailer|Electrical
shop-nc-u-haul-moving-storage-of-south-asheville-asheville.html,U-Haul Moving & Storage of South Asheville,Asheville,NC,"3161 Sweeten Creek Rd, Asheville, NC 28803",+18284835707,https://www.uhaul.com/Locations/Truck-Rentals-near-Asheville-NC-28803/867071/%3Futm_source%3Dgmb%26utm_medium%3Dprimary%26utm_campaign%3Duhaulsmlm%26utm_content%3D867071,35.493328,-82.52043019999999,3.2,336,Roadside|Truck specialist|RV|Trailer|Electrical
shop-nc-ultimate-towing-recovery-statesville.html,Ultimate Towing & Recovery,Statesville,NC,"1112 Johnson Dr, Statesville, NC 28677",+17043802613,https://ultimatetows.com/%3Futm_source%3Dgoogle%26utm_medium%3Dgmb-statesville%26utm_campaign%3Dweb-click,35.772571899999996,-80.90977749999999,4.4,255,24/7
shop-nc-us-truck-trailer-sales-inc-greensboro.html,US Truck & Trailer Sales Inc,Greensboro,NC,"3510 Soto St, Greensboro, NC 27406",+13368520993,,36.026097199999995,-79.8215562,4.5,16,
shop-nc-warren-transmissions-auto-winston-salem.html,Warren Transmissions & Auto,Winston-Salem,NC,"4705 S Main St, Winston-Salem, NC 27127",+13367848811,http://warrentransmissions.com/,36.0189254,-80.2396503,4.9,142,
shop-nc-webber-off-road-diesel-performance-winston-salem.html,Webber Off-Road & Diesel Performance,Winston-Salem,NC,"10624 Old U.S. Hwy 52 Suite B, Winston-Salem, NC 27107",+13364482256,http://www.webberoffroad.com/,35.962117,-80.219837,4.8,199,Truck specialist|Tire|Engine|Cooling|Brakes|Electrical
shop-nc-welcome-to-golden-dreams-horse-trailer-sales-winston-salem.html,WELCOME TO GOLDEN DREAMS HORSE TRAILER SALES,Winston-Salem,NC,"10964 North Carolina Hwy 150, Winston-Salem, NC 27127",+12523655592,,35.980712,-80.2825775,,,
shop-nc-wheel-works-mobile-trailer-repair-shop-wendell.html,Wheel Works (Mobile Trailer Repair Shop),Wendell,NC,"6300 Robertson Pond Rd, Wendell, NC 27591",+19193655500,https://www.wheelworksnc.com/,35.816123499999996,-78.4154416,4.5,8,Roadside
shop-nc-whiteheart-and-sons-towing-recovery-winston-salem.html,Whiteheart and Sons Towing & Recovery,Winston-Salem,NC,"3500 N Patterson Ave Suite B, Winston-Salem, NC 27105",+13367445162,https://www.whiteheartandsonstowing.com/,36.135635,-80.24285619999999,4.8,84,24/7
shop-nc-whiteheart-sons-co-auto-service-center-llc-winston-salem.html,Whiteheart & Sons Co. Auto Service Center LLC,Winston-Salem,NC,"3500 N Patterson Ave, Winston-Salem, NC 27105",+13367247463,https://www.whiteheartandsons.com/,36.1356849,-80.24278439999999,4.6,282,
shop-nc-will-jrs-mobile-truck-repair-franklinton.html,Will Jrs mobile truck repair,Franklinton,NC,"26 Barnetts Way, Franklinton, NC 27525",+19196719628,,36.1360962,-78.4948156,5.0,15,Roadside|24/7
shop-nc-wilmington-mobile-truck-repair-services-wilmington.html,Wilmington Mobile Truck Repair Services,Wilmington,NC,"1758 Carolina Beach Rd, Wilmington, NC 28401",,,34.2104223,-77.9457264,,,Roadside
shop-nc-wilmington-on-site-truck-mechanic-wilmington.html,Wilmington On-Site Truck Mechanic,Wilmington,NC,"2381 Carolina Beach Rd, Wilmington, NC 28401",+19106135861,https://wilmingtontruckrepair.com/,34.195837,-77.9362501,5.0,2,24/7
shop-nc-winston-salem-mobile-auto-repair-winston-salem.html,Winston-Salem Mobile Auto Repair,Winston-Salem,NC,"705 Oak St NW, Winston-Salem, NC 27101",+13365688063,,36.1030453,-80.2468231,5.0,1,Roadside
shop-nc-winston-salem-mobile-truck-repair-winston-salem.html,Winston-Salem Mobile Truck Repair,Winston-Salem,NC,"1501 S Stratford Rd, Winston-Salem, NC 27103",+13365688139,https://winstonsalemtruckrepair.com/,36.0731014,-80.3023836,3.0,2,Roadside|24/7
shop-nc-winston-salem-onsite-truck-repair-winston-salem.html,Winston-Salem OnSite Truck Repair,Winston-Salem,NC,"3620 Reed St, Winston-Salem, NC 27107",+13368913087,https://usamobiletruckrepair.com/nc/winston-salem/,36.0524507,-80.20885609999999,,,Roadside|24/7|Truck specialist|Tire|Engine|Trailer|Brakes|Electrical
shop-nc-wompn-diesel-mobile-diesel-service-statesville.html,Wompn Diesel Mobile Diesel Service,Statesville,NC,"151 Sams Way, Statesville, NC 28625",+17045161240,,35.8425405,-80.9468869,5.0,51,Roadside|24/7
shop-nc-worldwide-auto-body-2-marine-rv-and-heavy-commercial-winston-salem.html,"Worldwide Auto Body 2 Marine, RV and Heavy Commercial",Winston-Salem,NC,"2995 Starlight Dr, Winston-Salem, NC 27107",+13369925678,http://www.worldwideautobodync.com/,36.0606103,-80.2284926,4.6,107,24/7|Truck specialist|RV|Engine|Trailer|Electrical
shop-nc-youngblood-s-performance-auto-raleigh.html,Youngblood's Performance Auto,Raleigh,NC,"142 Sommerville Park Rd, Raleigh, NC 27603",+19197737713,,35.6937557,-78.651237,4.5,36,
shop-nc-youngs-discount-auto-mobile-mechanics-burlington.html,Youngs discount auto mobile mechanics,Burlington,NC,"1422 Beaumont Ct, Burlington, NC 27217",+13363558564,https://youngs-discount-mobile-mechanics.square.site/,36.100784,-79.41436999999999,4.7,246,Roadside|24/7
shop-nm-2-men-a-wrench-complete-auto-service-emissions-testing-albuquerque.html,2 Men & A Wrench Complete Auto Service & Emissions Testing,Albuquerque,NM,"5705 4th St NW, Albuquerque, NM 87107",+15055509299,http://twomenandawrench.com/,35.1403992,-106.6412192,4.7,136,Truck specialist|Engine|Brakes
shop-nm-24-7-mobile-mechanic-service-clovis.html,24/7 mobile mechanic service,Clovis,NM,"205 Axtell St, Clovis, NM 88101",+15753660327,,34.3999646,-103.201005,4.4,155,Roadside|24/7
shop-nm-360-mobile-tire-services-of-new-mexico-albuquerque.html,360 Mobile Tire services of New Mexico,Albuquerque,NM,"300 Menaul Blvd NE Ste A, Albuquerque, NM 87102",+15059085477,https://360mobiletire.com/,35.109808799999996,-106.6394523,4.8,93,Roadside|24/7|Truck specialist|Tire
shop-nm-4-j-s-towing-recovery-services-llc-tucumcari.html,"4 J's Towing & Recovery Services, LLC",Tucumcari,NM,"902 S Mountain Rd, Tucumcari, NM 88401",+15754611801,http://4jstowingrecovery.com/,35.1699203,-103.7017419,4.5,24,Roadside|24/7|Truck specialist|RV|Trailer
shop-nm-505-truck-service-llc-and-road-service-gallup.html,505 TRUCK SERVICE LLC AND ROAD SERVICE,Gallup,NM,"19 U.S. Route 66, Gallup, NM 87301",+15057263225,https://505truckservice.vercel.app/,35.5013211,-108.8431797,4.6,185,Roadside|24/7|Truck specialist|Tire|Trailer|Brakes
shop-nm-505-truck-service-llc-and-road-service-milan.html,505 TRUCK SERVICE LLC AND ROAD SERVICE,Milan,NM,"712 U.S. Route 66, Milan, NM 87021",+15052909862,https://505truckservice.top/,35.171421599999995,-107.8903745,4.9,122,Roadside|Truck specialist|Trailer
shop-nm-a-f-mobile-heavy-duty-repair-heavy-duty-towing-albuquerque.html,A&F mobile heavy duty repair & Heavy Duty Towing,Albuquerque,NM,"4900 2nd St NW, Albuquerque, NM 87107",+15052978139,http://heavydutyrepairsnm.com/,35.132042399999996,-106.6387668,4.5,63,Roadside|24/7|Truck specialist|RV|Trailer
shop-nm-a-j-tires-auto-center-tire-pros-gallup.html,A-J Tires & Auto Center Tire Pros,Gallup,NM,"500 W Maloney Ave, Gallup, NM 87301",+15057226965,https://www.ajtires.com/,35.5300805,-108.7482598,4.7,1119,Roadside|Truck specialist|Tire|Engine|Cooling|Trailer|Brakes|Electrical
shop-nm-a1-mobile-tire-service-llc-albuquerque.html,A1 Mobile Tire Service LLC,Albuquerque,NM,"431 Bristlebrush St SW, Albuquerque, NM 87121",+15053061720,https://a1mobiletireservices.com/,35.071253299999995,-106.72595369999999,4.8,153,Roadside|24/7|Truck specialist|Tire
shop-nm-aaasap-auto-truck-repair-albuquerque.html,AAASAP Auto & Truck Repair,Albuquerque,NM,"780 Nikanda Rd NE, Albuquerque, NM 87107",+15059001822,,35.1319575,-106.628467,3.0,1,
shop-nm-abq-fleet-auto-services-albuquerque.html,ABQ Fleet Auto Services,Albuquerque,NM,"1903 4th St NW, Albuquerque, NM 87102",+15053076461,,35.1031177,-106.64853769999999,4.6,83,
shop-nm-abq-mobile-truck-and-trailer-repair-albuquerque-2.html,ABQ Mobile Truck and Trailer Repair,Albuquerque,NM,"8805 Washington St NE, Albuquerque, NM 87113",+15055601834,http://abqmobiletruckandtrailerrepair.com/,35.1855943,-106.5971386,1.7,9,Roadside|24/7|Truck specialist|Engine|Cooling|Trailer
shop-nm-abq-mobile-truck-and-trailer-repair-albuquerque.html,ABQ Mobile Truck and Trailer Repair,Albuquerque,NM,"4806 Jefferson St NE, Albuquerque, NM 87109",+15055914776,https://www.abqmobiletruckandtrailerrepair.com/4806-jefferson-st-ne-albuquerque-nm-87109,35.1364072,-106.59215429999999,2.8,4,Roadside|24/7|Truck specialist|Engine|Cooling|Trailer
shop-nm-ace-truck-service-inc-diesel-truck-trailer-rv-mobile-repairs-gallup.html,"Ace Truck Service, Inc.; Diesel, Truck, Trailer, RV, Mobile Repairs",Gallup,NM,"3515 W Historic Hwy 66, Gallup, NM 87301",+15058631989,http://www.acetruckserviceinc.com/,35.5038195,-108.8400604,4.0,210,Roadside|24/7|Truck specialist|RV|Reefer|Engine|Trailer
shop-nm-action-rv-specialist-inc-bosque-farms.html,Action RV Specialist Inc,Bosque Farms,NM,"1210 Bosque Farms Blvd, Bosque Farms, NM 87068",+15052941654,http://www.actionrv.com/,34.8568816,-106.6904462,4.8,319,Roadside|RV|Tire|Engine|Trailer
shop-nm-advanced-diesel-performance-albuquerque.html,Advanced Diesel Performance,Albuquerque,NM,"5901 Wilshire Ave NE, Albuquerque, NM 87113",+15057171723,https://www.advdieselperformance.com/,35.181981199999996,-106.5783455,4.8,98,24/7|Truck specialist|Engine|Electrical
shop-nm-aiden-s-diesel-auto-repair-albuquerque.html,Aiden's Diesel & Auto Repair,Albuquerque,NM,"1515 Coors Blvd NW, Albuquerque, NM 87121",+15052420669,https://aidensdieselautorepair.com/,35.1016019,-106.7072429,4.6,413,
shop-nm-albq-mobile-truck-repair-albuquerque.html,ALBQ Mobile Truck Repair,Albuquerque,NM,"2519 Graceland Dr NE, Albuquerque, NM 87110",+15055871709,http://albuquerquetruckrepair.com/,35.108329999999995,-106.59717309999999,2.3,3,Roadside|24/7|Truck specialist|Reefer|Tire|Engine|Cooling|Trailer|Brakes|Electrical
shop-nm-albuquerque-axle-surgeons-sandia-park.html,Albuquerque Axle Surgeons,Sandia Park,NM,"12 Vintage Ct, Sandia Park, NM 87047",+15052030543,http://www.nmaxlesurgeons.com/,35.1553256,-106.32308669999999,5.0,4,Roadside|24/7|Truck specialist|Trailer
shop-nm-albuquerque-mobile-truck-repair-albuquerque.html,Albuquerque Mobile Truck Repair,Albuquerque,NM,"620 Haines Ave NW, Albuquerque, NM 87102",+15053087625,http://mobileautotruckrepairalbuquerque.com/,35.103107,-106.65218089999999,4.0,5,Roadside|24/7|Truck specialist
shop-nm-albuquerque-s-best-mobile-mechanic-albuquerque.html,Albuquerque's Best Mobile Mechanic,Albuquerque,NM,"1109 Broadway Blvd SE, Albuquerque, NM 87102",+15053363735,https://albuquerquesmobilemechanic.com/,35.0719748,-106.6459241,2.5,8,Roadside
shop-nm-albuquerque-truck-equipment-albuquerque.html,Albuquerque Truck Equipment,Albuquerque,NM,"7920 Ranchitos Loop NE, Albuquerque, NM 87113",+15058988895,http://ramonaate.wixsite.com/abqtruckequipment,35.170435999999995,-106.6122994,4.2,14,Truck specialist|Trailer|Electrical
shop-nm-all-h-e-a-r-t-fleet-services-llc-mobile-diesel-semi-truck-trailer-repair.html,All H.E.A.R.T Fleet Services LLC - Mobile Diesel Semi Truck/Trailer Repair,Albuquerque,NM,"3200 Pan American Frontage Rd N, Albuquerque, NM 87107",+15058354065,https://allheartfleetservices.com/,35.117005999999996,-106.6235292,3.9,146,Roadside|24/7|Truck specialist|Tire|Engine|Trailer|Brakes|Electrical
shop-nm-all-rite-towing-repair-inc-tucumcari.html,All-Rite Towing & Repair Inc,Tucumcari,NM,"6351 Quay Rd Am, Tucumcari, NM 88401",+15754611934,,35.1796107,-103.6849048,3.7,94,24/7
shop-nm-alpha-mobile-mechanic-service-milan.html,Alpha Mobile Mechanic Service,Milan,NM,"708 Catalina Ave, Milan, NM 87021",+15052907073,https://alphamobilemechanic.godaddysites.com/,35.1698838,-107.8936602,4.9,136,Roadside|24/7|Truck specialist|RV|Trailer
shop-nm-automotive-industrial-engine-services-gallup.html,Automotive & Industrial Engine Services,Gallup,NM,"1901 Barbara Ave, Gallup, NM 87301",+15054095353,,35.5174212,-108.7711454,4.6,54,
shop-nm-big-rig-truck-service-inc-santa-rosa.html,Big Rig Truck Service Inc.,Santa Rosa,NM,"2660 U.S. Route 66, Santa Rosa, NM 88435",+15754725296,http://bigrigtruckservice.wordpress.com/,34.9432244,-104.63881719999999,4.8,1154,24/7|Truck specialist|Tire
shop-nm-blue-compass-rv-albuquerque-parts-service-center-albuquerque.html,Blue Compass RV Albuquerque Parts & Service Center,Albuquerque,NM,"8300 Pan American Fwy NE, Albuquerque, NM 87113",+15057978444,https://www.bluecompassrv.com/locations/new-mexico/albuquerque%3Futm_source%3Dgoogle-gmb%26utm_medium%3Dorganic%26utm_campaign%3Dalbuquerque,35.1779574,-106.5809774,3.8,117,
shop-nm-brothers-roadside-service-albuquerque.html,Brothers Roadside Service,Albuquerque,NM,"356 64th St NW, Albuquerque, NM 87105",+15054018847,,35.0856042,-106.7097675,4.4,74,24/7
shop-nm-burloy-s-complete-automotive-repair-gallup.html,Burloy's Complete Automotive Repair,Gallup,NM,"Yahtahey Loop, Gallup, NM 87301",,,35.6273592,-108.78038169999999,5.0,1,
shop-nm-by-the-book-diesel-auto-repair-albuquerque.html,By The Book Diesel & Auto Repair,Albuquerque,NM,"8400 Washington St NE, Albuquerque, NM 87113",+15053447758,https://www.bythebookrepairs.com/,35.1795125,-106.5945756,4.8,180,Roadside|Truck specialist|Engine|Cooling|Brakes|Electrical
shop-nm-camping-world-rv-service-albuquerque-albuquerque.html,Camping World RV Service - Albuquerque,Albuquerque,NM,"14303 Central Ave NW, Albuquerque, NM 87121",+18886308978,https://rv.campingworld.com/dealer/albuquerque-new-mexico/rv-service-repair,35.0624006,-106.807985,3.7,3,Roadside|24/7|RV|Tire|Engine|Electrical
shop-nm-cary-s-rv-services-in-albuquerque-albuquerque.html,Cary's RV Services in Albuquerque,Albuquerque,NM,"14305 Central Ave NW, Albuquerque, NM 87121",+15054015397,https://carysrvservices.com/albuquerque-nm/,35.0608074,-106.8100946,4.9,56,Roadside|RV|Cooling|Electrical
shop-nm-castillo-s-auto-diesel-repair-llc-albuquerque.html,Castillo’s Auto & Diesel Repair LLC,Albuquerque,NM,"2106 Coors Blvd SW Ste d, Albuquerque, NM 87105",+15056390598,http://castillosautodieselrepairllc.square.site/,35.0472871,-106.70954379999999,5.0,19,Truck specialist
shop-nm-clark-truck-equipment-company-inc-albuquerque.html,Clark Truck Equipment Company Inc.,Albuquerque,NM,"501 Industrial Ave NE, Albuquerque, NM 87107",+15058808222,https://www.cte-nm.com/,35.122223999999996,-106.63097239999999,4.6,95,Roadside|Truck specialist|Reefer|Trailer
shop-nm-construction-truck-equipment-llc-albuquerque.html,"Construction Truck Equipment,LLC",Albuquerque,NM,"10200 Trumbull Ave SE, Albuquerque, NM 87123",+15052928018,https://cte-abq.com/,35.0680897,-106.5343315,4.9,14,Truck specialist
shop-nm-coss-truck-and-trailer-repair-albuquerque.html,COSS TRUCK AND TRAILER REPAIR,Albuquerque,NM,"9920 Avalon Rd NW, Albuquerque, NM 87121",+15058840355,,35.0778277,-106.7460512,3.4,98,
shop-nm-cummins-sales-and-service-albuquerque.html,Cummins Sales and Service,Albuquerque,NM,"1921 Broadway Blvd NE, Albuquerque, NM 87102",+15052472441,https://www.cummins.com/sales-and-service%3Futm_source%3DGMB%26utm_medium%3Dyext,35.1044493,-106.64176739999999,3.9,139,
shop-nm-dave-s-heavy-duty-collision-alignment-center-albuquerque.html,Dave’s Heavy Duty Collision & Alignment Center,Albuquerque,NM,"5010 Jefferson St NE, Albuquerque, NM 87109",+15052433518,https://davesheavycollision.com/,35.1408182,-106.5927241,4.3,48,Roadside|24/7|Truck specialist|RV|Tire|Engine|Brakes
shop-nm-dhillon-son-truck-trailer-tire-repair-road-service-tucumcari.html,Dhillon & Son Truck/Trailer/Tire Repair + Road Service,Tucumcari,NM,"1806 E Rte 66 Blvd, Tucumcari, NM 88401",+15754031098,https://dhillonandson.com/,35.171071,-103.70266799999999,4.0,22,Roadside|24/7|Truck specialist|Tire|Cooling|Trailer|Brakes
shop-nm-diesel-mobile-repair-services-abq-albuquerque.html,Diesel Mobile Repair Services ABQ,Albuquerque,NM,"I-40, Albuquerque, NM 87106",+15055879039,,35.1071798,-106.6223486,5.0,90,Roadside
shop-nm-duke-city-truck-and-trailer-repair-albuquerque.html,Duke City Truck and Trailer Repair,Albuquerque,NM,"728 Riverside Dr SW, Albuquerque, NM 87105",+15053633946,,35.057273699999996,-106.6623999,4.7,13,24/7
shop-nm-dylan-s-precision-diesel-albuquerque.html,Dylan's Precision Diesel,Albuquerque,NM,"300 Aspen Ave NW, Albuquerque, NM 87102",+15059998389,http://dylansprecisiondiesel.com/,35.100710899999996,-106.6475459,4.9,48,Truck specialist|Engine
shop-nm-farmboys-diesel-and-welding-moriarty.html,Farmboys Diesel and Welding,Moriarty,NM,"3215 NM-333, Moriarty, NM 87035",+15054486886,,35.0265346,-106.1024781,3.8,107,24/7
shop-nm-foreign-aide-parts-services-albuquerque.html,Foreign Aide Parts & Services,Albuquerque,NM,"1800 San Pedro Dr NE, Albuquerque, NM 87110",+15052559417,http://foreignaideabq.com/,35.094988,-106.577264,4.5,166,Engine|Cooling|Brakes|Electrical
shop-nm-foreign-automotive-specialty-service-co-gallup.html,Foreign Automotive Specialty Service Co.,Gallup,NM,"111 Mine Run St, Gallup, NM 87301",+15058636132,http://www.foreignautomotivespecialty.com/,35.5282219,-108.7077418,4.4,39,24/7|Tire|Engine|Electrical
shop-nm-gabe-s-mobile-rv-repair-albuquerque.html,Gabe's mobile RV repair,Albuquerque,NM,"2107 Edith Blvd SE, Albuquerque, NM 87102",+15059914461,,35.0614251,-106.64312369999999,4.4,43,Roadside
shop-nm-hal-burns-truck-rv-equipment-service-santa-fe.html,"Hal Burns Truck, RV & Equipment Service",Santa Fe,NM,"14 Cam Charro, Santa Fe, NM 87507",+15054711671,http://www.halburns.com/,35.6004888,-106.05260829999999,4.3,125,Roadside|24/7|Truck specialist|RV|Tire|Engine|Cooling|Brakes|Electrical
shop-nm-heavy-hitters-performance-albuquerque.html,Heavy Hitters Performance,Albuquerque,NM,"2105 Aztec Rd NE d, Albuquerque, NM 87107",+15055037767,https://www.heavyhittersperformance.com/%3Fy_source%3D1_MTYzNjY3OTktNzE1LWxvY2F0aW9uLndlYnNpdGU%253D,35.1206666,-106.62145869999999,4.6,55,
shop-nm-i-40-tj-truck-trailer-auto-rv-repair-tucumcari.html,I-40 TJ TRUCK TRAILER AUTO RV REPAIR,Tucumcari,NM,"1808 S Mountain Rd, Tucumcari, NM 88401",+15754613077,,35.1612576,-103.70184909999999,4.5,426,
shop-nm-i-a-auto-diesel-mobile-mechanic-albuquerque.html,"I & A AUTO , DIESEL MOBILE MECHANIC",Albuquerque,NM,"1228 Juan Tabo Blvd NE, Albuquerque, NM 87112",+15055081072,,35.0930015,-106.5147349,4.9,33,Roadside
shop-nm-intercity-truck-trailer-repair-inc-albuquerque.html,Intercity Truck & Trailer Repair Inc,Albuquerque,NM,"101 Menaul Blvd NE, Albuquerque, NM 87107",+15058789510,https://www.intercitytowingnm.com/,35.1107983,-106.6412998,4.5,103,24/7|Truck specialist|RV|Trailer
shop-nm-j-and-e-roadside-service-and-truck-repair-albuquerque.html,J And E Roadside Service And Truck Repair,Albuquerque,NM,"416 Menaul Blvd NW, Albuquerque, NM 87107",+15052356221,https://www.janderoadsideserviceandtruckrepair.com/,35.110603499999996,-106.64747729999999,4.7,3,Roadside|Truck specialist|Engine|Brakes|Electrical
shop-nm-jjj-roadside-assistance-mobile-diesel-mechanic-semi-truck-and-mobile-tir.html,JJJ roadside assistance Mobile Diesel Mechanic semi truck and mobile Tire service,Albuquerque,NM,"2124 Fence Rail St SW, Albuquerque, NM 87121",+15057305863,https://24hrroadsideassistance.org/,35.042770399999995,-106.7446327,4.1,127,Roadside|24/7
shop-nm-johnson-enterprises-towing-santa-rosa.html,Johnson Enterprises & Towing,Santa Rosa,NM,"113 Windmill Rd, Santa Rosa, NM 88435",+15056176092,https://johnsonenterprisesandtowing.com/%3Futm_source%3Domg-gbp%26utm_medium%3Dwebclick,34.9378293,-104.6943888,4.6,99,24/7
shop-nm-jonesie-s-mobile-tire-service-tucumcari.html,JONESIE'S MOBILE TIRE SERVICE,Tucumcari,NM,"1823 E Tucumcari Blvd, Tucumcari, NM 88401",+15754034306,,35.172182,-103.70452429999999,4.3,23,Roadside
shop-nm-la-mesa-recvan-albuquerque-rv-motorhome-service-albuquerque.html,La Mesa | RecVan – Albuquerque RV & Motorhome Service,Albuquerque,NM,"401 Cordero Mesa, Albuquerque, NM 87120",+15057173931,https://www.lamesarv.com/albuquerque-motorhomes-rvs,35.067333999999995,-106.7924597,3.6,25,Roadside|RV|Tire
shop-nm-larrys-automotive-66auto-plus-gallup.html,Larrys automotive/66Auto Plus,Gallup,NM,"900 E Hwy 66, Gallup, NM 87301",+15054882487,,35.5298593,-108.7305366,4.6,156,
shop-nm-max-mobile-autobody-repair-albuquerque.html,Max Mobile Autobody Repair,Albuquerque,NM,"2717 Socorro St NW, Albuquerque, NM 87104",,,35.108484499999996,-106.6780198,4.9,72,Roadside|24/7
shop-nm-mc-bride-s-spring-welding-albuquerque.html,Mc Bride's Spring & Welding,Albuquerque,NM,"1010 2nd St NW, Albuquerque, NM 87102",+15052422174,http://www.mcbridesinc.com/,35.092955499999995,-106.647261,4.1,118,Truck specialist|RV|Trailer
shop-nm-mobile-heavy-duty-repairs-llc-albuquerque.html,Mobile Heavy Duty Repairs LLC,Albuquerque,NM,"1000 Maroa St NW, Albuquerque, NM 87120",+15054535165,,35.0973296,-106.73981169999999,5.0,9,Roadside|24/7
shop-nm-mobile-mechanic-albuquerque-albuquerque.html,Mobile Mechanic Albuquerque,Albuquerque,NM,"2401 Menaul Blvd NE, Albuquerque, NM 87107",+15055944441,https://mobilemechanicalbuquerque.com/,35.1095511,-106.6170652,3.5,17,Roadside|Truck specialist|Engine|Cooling|Brakes|Electrical
shop-nm-mr-mobile-mechanic-of-albuquerque-albuquerque.html,Mr Mobile Mechanic of Albuquerque,Albuquerque,NM,"3702 Osuna Rd NE #714, Albuquerque, NM 87109",+15054210750,https://mrmobilemechanic.net/albuquerque,35.1543298,-106.602105,3.0,2,Roadside|24/7|Engine|Cooling|Brakes|Electrical
shop-nm-new-mexico-diesel-power-inc-albuquerque.html,New Mexico Diesel Power Inc.,Albuquerque,NM,"7320 San Antonio Dr NE, Albuquerque, NM 87109",+15058211776,http://www.nmdieselpower.com/,35.1592069,-106.56319769999999,4.9,88,Truck specialist|Electrical
shop-nm-nw-fleet-truck-trailer-repair-inc-albuquerque.html,"NW Fleet Truck/Trailer Repair, Inc.",Albuquerque,NM,"1310 Broadway Blvd NE, Albuquerque, NM 87102",+15053459093,,35.0956191,-106.6420021,,,
shop-nm-old-town-tire-automotive-albuquerque.html,Old Town Tire & Automotive,Albuquerque,NM,"1001 Rio Grande Blvd NW, Albuquerque, NM 87104",+15058438473,http://oldtowntireandautomotive.com/,35.1036898,-106.6711294,4.5,258,Truck specialist|Tire|Engine
shop-nm-on-site-diesel-truck-trailer-repair-albuquerque.html,On-Site Diesel Truck & Trailer Repair,Albuquerque,NM,"616 Coso Ave SE, Albuquerque, NM 87105",+15054004958,http://roadrescueabq.com/,34.9738651,-106.65947179999999,4.0,138,Roadside|24/7|Truck specialist|RV|Reefer|Engine|Trailer
shop-nm-onsite-axle-spindle-repair-albuquerque.html,Onsite Axle Spindle Repair,Albuquerque,NM,"616 Coso Ave SE, Albuquerque, NM 87105",+15059477400,,34.9738056,-106.65946059999999,3.0,14,24/7
shop-nm-ortega-s-wrecker-service-auto-repair-santa-rosa.html,Ortega's Wrecker Service & Auto Repair,Santa Rosa,NM,"446 U.S. Route 66, Santa Rosa, NM 88435",+15754723204,https://www.ortegaswreckerserviceandautorepair.com/,34.9403139,-104.69946759999999,4.5,463,Roadside|24/7|Truck specialist|Tire|Engine|Cooling|Trailer|Brakes|Electrical
shop-nm-oxidation-rv-repair-service-albuquerque.html,Oxidation RV Repair Service,Albuquerque,NM,"4516 2nd St NW, Albuquerque, NM 87107",+15054179386,,35.1286613,-106.6394231,5.0,1,
shop-nm-pilot-flying-j-truck-care-center-albuquerque.html,Pilot Flying J Truck Care Center,Albuquerque,NM,"9911 Avalon Rd NW, Albuquerque, NM 87121",+15058315377,http://pilotflyingj.com/,35.0798708,-106.74697379999999,3.8,147,Roadside|24/7|Truck specialist|RV
shop-nm-portillo-s-road-service-on-the-go-llc-albuquerque.html,Portillo’s Road Service On The Go LLC,Albuquerque,NM,"I40, Albuquerque, NM 87121",+15053624609,https://www.facebook.com/share/17ePpNTnR9/%3Fmibextid%3DwwXIfr,35.103941899999995,-106.6307643,5.0,15,24/7
shop-nm-professional-truck-auto-center-gallup.html,Professional Truck & Auto Center,Gallup,NM,"500 E E Hwy 66, Gallup, NM 87301",+15058633953,,35.529686999999996,-108.736831,4.8,11,
shop-nm-r-b-automotive-mobile-mechanic-s-albuquerque-albuquerque.html,R&B Automotive Mobile Mechanic's Albuquerque,Albuquerque,NM,"1607 Coors Blvd SW, Albuquerque, NM 87105",+15055888630,,35.055211199999995,-106.70680259999999,3.7,57,Roadside|24/7
shop-nm-r-r-fleet-services-llc-rio-communities.html,R&R Fleet Services LLC,Rio Communities,NM,"2300 NM-304, Rio Communities, NM 87002",+15058610404,http://rrfleetservicesnm.com/,34.648498499999995,-106.7347856,4.1,99,Truck specialist|Tire|Engine|Cooling
shop-nm-red-s-diesel-and-automotive-service-llc-albuquerque.html,Red's Diesel and Automotive Service LLC.,Albuquerque,NM,"312 Dakota St SE, Albuquerque, NM 87108",+15052561962,,35.0738133,-106.573753,4.7,30,
shop-nm-redline-services-diesel-inc-albuquerque.html,Redline Services Diesel Inc,Albuquerque,NM,"11508 Cochiti Rd SE, Albuquerque, NM 87123",,,35.069131999999996,-106.5193726,4.9,9,
shop-nm-rocky-mountain-rv-marine-albuquerque.html,Rocky Mountain RV & Marine,Albuquerque,NM,"12700 Central Ave SE, Albuquerque, NM 87123",+15052927800,https://www.rmrv.com/%3Futm_source%3Dgmb%26utm_medium%3Dorganic,35.068564699999996,-106.50844599999999,4.7,1796,
shop-nm-route-66-auto-and-truck-albuquerque.html,Route 66 Auto And Truck,Albuquerque,NM,"2501 New York Ave NW, Albuquerque, NM 87104",+15055730792,,35.0947083,-106.6779644,4.6,77,
shop-nm-route-66-auto-rv-mobile-repair-albuquerque.html,Route 66 Auto RV Mobile Repair,Albuquerque,NM,"932 Old Coors Dr SW, Albuquerque, NM 87121",+15058392928,http://route66mobilerepair.com/,35.0696478,-106.7000534,3.0,74,Roadside|24/7
shop-nm-rush-truck-centers-albuquerque-mobile-service-albuquerque.html,Rush Truck Centers - Albuquerque Mobile Service,Albuquerque,NM,"6521 Hanover Rd NW, Albuquerque, NM 87121",+19157756370,https://www.rushtruckcenters.com/locations/16010000-albuquerque%3Futm_source%3Dgoogle%26utm_medium%3Dorganic%26utm_campaign%3Dgmb-albuquerque-mobile-service,35.1012667,-106.7126835,,,Roadside|24/7|Truck specialist|RV|Tire|Engine|Cooling|Trailer|Brakes
shop-nm-rush-truck-centers-albuquerque-service-albuquerque.html,Rush Truck Centers - Albuquerque Service,Albuquerque,NM,"6521 Hanover Rd NW, Albuquerque, NM 87121",+15058393600,https://www.rushtruckcenters.com/locations/16010000-albuquerque%3Futm_source%3Dgoogle%26utm_medium%3Dorganic%26utm_campaign%3Dgmb-albuquerque-service,35.1013784,-106.712791,3.0,2,
shop-nm-sean-s-rv-service-and-repair-llc-bernalillo.html,"Sean's RV Service and Repair, LLC.",Bernalillo,NM,"700 Oak St, Bernalillo, NM 87004",+15053857369,https://www.seansrv.com/,35.3042997,-106.5456944,4.9,141,Roadside|RV|Tire|Engine|Cooling|Trailer|Brakes|Electrical
shop-nm-statkus-engines-rv-service-center-albuquerque.html,Statkus Engines RV Service center,Albuquerque,NM,"1917 7th St NW, Albuquerque, NM 87102",+15057651614,http://www.statkusengines.com/,35.1048663,-106.6531165,4.6,110,Truck specialist|RV|Engine|Cooling|Brakes
shop-nm-stewart-stevenson-albuquerque-nm-albuquerque.html,"Stewart & Stevenson | Albuquerque, NM",Albuquerque,NM,"6565 Hanover Rd NW, Albuquerque, NM 87121",+15058813511,https://www.stewartandstevenson.com/location/albuquerque-nm/%3Futm_medium%3Dorganic%26utm_source%3Dgoogle%26utm_source_platform%3Dgbp%26utm_campaign%3Dalbuquerque%26utm_content%3Dwebsite-click,35.10088,-106.714046,4.1,30,Roadside|24/7|Truck specialist|Reefer|Engine
shop-nm-tally-ho-services-rv-repair-albuquerque.html,Tally Ho Services RV Repair,Albuquerque,NM,"Rockcress Dr NW, Albuquerque, NM 87120",+15054013826,http://www.tallyhorv.com/,35.1427127,-106.7210333,4.9,182,Roadside|RV|Electrical
shop-nm-terry-s-service-center-tires-auto-truck-repair-san-jon.html,"TERRY'S SERVICE CENTER - TIRES, AUTO & TRUCK REPAIR",San Jon,NM,"1815 Cemetery Rd, San Jon, NM 88434",+15755762570,https://terrys-servicecenter.com/,35.1147723,-103.33420009999999,4.5,437,Roadside|Truck specialist|RV|Tire|Trailer
shop-nm-truck-and-trailer-repair-llc-roadside-mobile-mechanic-service-assistance.html,Truck and trailer repair LLC - Roadside Mobile Mechanic Service Assistance,Albuquerque,NM,"4601 Carlton St NW, Albuquerque, NM 87107",+18333633522,https://servicetruckandtrailer.com/,35.1280789,-106.6370283,4.7,70,Roadside|24/7|Truck specialist|RV|Engine|Cooling|Trailer|Brakes|Electrical
shop-nm-truckpro-a-fleetpride-company-albuquerque.html,"TruckPro, a FleetPride Company",Albuquerque,NM,"4220 Edith Blvd NE, Albuquerque, NM 87107",+15053452666,https://www.truckpro.com/,35.1232574,-106.6325382,4.4,52,
shop-nm-vasquez-mobile-auto-repair-albuquerque.html,Vasquez Mobile Auto Repair,Albuquerque,NM,"7127 Don Xavier Ave SW, Albuquerque, NM 87121",+17202707609,,35.056685099999996,-106.71302299999999,4.7,77,Roadside
shop-nm-west-truck-services-center-moriarty.html,West Truck Services Center,Moriarty,NM,"723 U.S. Route 66, Moriarty, NM 87035",+15058326270,,35.0052138,-106.0305942,4.5,131,
shop-nm-your-mobile-car-doctor-llc-albuquerque.html,Your Mobile Car Doctor LLC,Albuquerque,NM,"2501 San Pedro Dr NE, Albuquerque, NM 87110",+15053062255,http://bookvictor.com/,35.107565199999996,-106.5779644,4.4,28,Roadside|Tire|Brakes|Electrical
shop-ok-2dope-customs-mobile-mechanics-oklahoma-city.html,2Dope Customs Mobile Mechanics,Oklahoma City,OK,"812 Greenvale Rd, Oklahoma City, OK 73127",+14054925932,http://www.facebook.com/2DopeCustomsMobileMechanic,35.4760985,-97.6445447,3.0,1,Roadside|24/7
shop-ok-5-star-truck-and-trailer-repair-shop-oklahoma-city.html,5 STAR TRUCK AND TRAILER REPAIR SHOP,Oklahoma City,OK,"1901 S Missouri Ave, Oklahoma City, OK 73129",+14055102224,,35.4463006,-97.48169469999999,4.1,246,
shop-ok-a-z-truck-trailer-repair-oklahoma-city.html,A-Z Truck & Trailer Repair,Oklahoma City,OK,"9800 W Reno Ave, Oklahoma City, OK 73127",+14059858654,https://atoztruckrepair.com/,35.463924299999995,-97.6896565,4.3,50,
shop-ok-aaa-rv-collision-and-service-oklahoma-city.html,AAA RV Collision and Service,Oklahoma City,OK,"10519 S Sunnylane Rd, Oklahoma City, OK 73160",+14056341429,http://www.aaarvcollisionandservice.com/,35.3620574,-97.4420651,4.9,117,RV
shop-ok-affordable-service-of-ardmore-rv-repair-ardmore.html,AFFORDABLE SERVICE OF ARDMORE RV REPAIR,Ardmore,OK,"1314 S Commerce St, Ardmore, OK 73401",+15802264716,http://affsvc.com/,34.1555047,-97.1425948,4.6,68,Roadside|RV|Tire
shop-ok-airstream-restoration-and-repair-llc-oklahoma-city.html,Airstream Restoration and Repair LLC,Oklahoma City,OK,"708 W Reno Ave, Oklahoma City, OK 73102",+14054452956,,35.4639954,-97.524682,5.0,12,
shop-ok-american-rv-outfitters-oklahoma-city.html,American RV Outfitters,Oklahoma City,OK,"11630 N I- 35 Service Rd, Oklahoma City, OK 73131",+14054782591,http://www.amrvo.com/,35.5889348,-97.43480249999999,4.4,46,
shop-ok-anytime-anywhere-truck-repair-oklahoma-city.html,Anytime Anywhere Truck Repair,Oklahoma City,OK,"12204 N I- 35 Service Rd, Oklahoma City, OK 73131",+14055561633,https://www.anytimeanywheretruckrepair.com/,35.5933358,-97.42828329999999,3.8,157,Roadside|24/7|Truck specialist|RV|Trailer
shop-ok-archer-mobile-rv-technician-llc-duncan.html,Archer Mobile RV Technician LLC,Duncan,OK,"3005 Erica Cir, Duncan, OK 73533",+15807861125,https://archermobilervtech.wixsite.com/archer-mobile-rv-tec,34.500684199999995,-97.9849064,4.7,15,Roadside|RV
shop-ok-around-the-bend-mobile-rv-repair-services-llc-wister.html,Around The Bend Mobile RV Repair & Services LLC,Wister,OK,"45455 Goats Blf Rd, Wister, OK 74966",+19184138535,https://www.aroundthebendmobilervrepairs.com/,34.8635252,-94.8484131,5.0,1,Roadside|24/7|RV
shop-ok-around-the-clock-mobile-truck-repair-henryetta.html,Around The Clock Mobile Truck Repair,Henryetta,OK,"10095 Bryant Rd, Henryetta, OK 74437",+19186980323,,35.4316137,-96.0175441,,,Roadside|24/7
shop-ok-b-f-mobile-mechanic-llc-oklahoma-city.html,B & F MOBILE MECHANIC LLC,Oklahoma City,OK,"5316 Foster Dr, Oklahoma City, OK 73135",+14054345306,https://www.facebook.com/profile.php%3Fid%3D100054288366501%26mibextid%3DZbWKwL,35.4114545,-97.4572577,2.6,10,Roadside|24/7
shop-ok-back-forty-rv-service-and-repair-llc-chickasha.html,Back Forty RV Service and Repair LLC,Chickasha,OK,"1302 S 3rd St, Chickasha, OK 73018",+15806580089,http://backfortyrvs.com/,35.0377175,-97.93568599999999,5.0,1,
shop-ok-bee-clean-fuel-injector-services-oklahoma-city.html,Bee Clean Fuel injector services,Oklahoma City,OK,"7516 Sandlewood Dr, Oklahoma City, OK 73132",+14054488538,http://www.beecleaninjectors.com/,35.5480111,-97.6590708,5.0,13,
shop-ok-bergeron-s-rv-repair-and-mobile-service-norman.html,Bergeron's RV Repair and Mobile Service,Norman,OK,"925 Goshawk Dr, Norman, OK 73072",+14055175281,https://www.bergeronsrvrepair.com/,35.170454,-97.427183,4.7,66,Roadside
shop-ok-bi-fuel-power-solutions-oklahoma-city.html,Bi Fuel Power Solutions,Oklahoma City,OK,"4100 S Eastern Ave, Oklahoma City, OK 73129",+14056776637,http://www.bifuelpowersolutions.com/,35.4236542,-97.4757717,,,
shop-ok-black-knight-diesel-performance-and-repair-oklahoma-city.html,Black Knight Diesel Performance and Repair,Oklahoma City,OK,"5389 Crosstie Blvd, Oklahoma City, OK 73117",+14052082617,https://www.blackknightdiesel.com/,35.4814821,-97.4265391,4.8,91,Truck specialist|Tire|Engine|Cooling|Brakes|Electrical
shop-ok-blades-motors-tire-service-center-henryetta.html,Blades Motors & Tire Service Center,Henryetta,OK,"705 E Trudgeon St, Henryetta, OK 74437",+19186500790,,35.4405711,-95.973055,4.3,43,
shop-ok-bledsoe-truck-trailer-repair-oklahoma-city.html,Bledsoe Truck & Trailer Repair,Oklahoma City,OK,"14130 S Meridian Ave, Oklahoma City, OK 73173",+14058330943,http://www.stringershop.com/%3Futm_source%3Dgoogle%26utm_medium%3Dwix_google_business_profile%26utm_campaign%3D5358925497607319356,35.3261445,-97.5987672,4.4,28,
shop-ok-blue-compass-rv-oklahoma-city-norman.html,Blue Compass RV Oklahoma City,Norman,OK,"912 N Adkins Hill Rd, Norman, OK 73072",+14052882355,https://www.bluecompassrv.com/locations/oklahoma/oklahoma-city%3Futm_source%3Dgoogle-gmb%26utm_medium%3Dorganic%26utm_campaign%3Doklahomacity,35.1579139,-97.4785429,4.3,683,
shop-ok-blumenthal-automotive-automatics-and-engine-shop-oklahoma-city.html,Blumenthal Automotive (Automatics and Engine Shop),Oklahoma City,OK,"601 S Walker Ave, Oklahoma City, OK 73109",+14056016515,http://www.blumenthalmfg.com/,35.4598587,-97.5216032,4.4,20,Engine
shop-ok-bob-hurley-rv-oklahoma-city-oklahoma-city.html,Bob Hurley RV Oklahoma City,Oklahoma City,OK,"8606 N I- 35 Service Rd, Oklahoma City, OK 73131",+14057788500,https://www.bobhurleyrv.com/okc-location,35.5590139,-97.4520537,4.6,310,Truck specialist|RV|Tire|Engine|Trailer|Electrical
shop-ok-brandon-mobile-rv-repair-llc-blanchard.html,Brandon Mobile RV Repair LLC,Blanchard,OK,"604 S Main Ave, Blanchard, OK 73010",+14054364469,http://brandonmobilervrepair.com/,35.1319191,-97.65801259999999,5.0,265,Roadside|Truck specialist|RV|Cooling|Trailer|Electrical
shop-ok-breshears-mobile-mechanic-of-oklahoma-oklahoma-city.html,Breshears mobile mechanic of Oklahoma,Oklahoma City,OK,"3928 NW 33rd St, Oklahoma City, OK 73112",,,35.504458899999996,-97.5891637,,,Roadside
shop-ok-bruton-brown-towing-recovery-henryetta.html,Bruton & Brown Towing & Recovery,Henryetta,OK,"603 W Corporation, Henryetta, OK 74437",+19186521234,https://brutonandbrowntowingandrecovery.com/%3Futm_source%3Dgbp%26utm_medium%3Dwebclick,35.4345658,-95.9883292,4.7,17,Roadside|24/7|Truck specialist|Tire
shop-ok-bubba-s-mobile-truck-trailer-repair-inc-oklahoma-city.html,Bubba's Mobile truck & trailer repair inc,Oklahoma City,OK,"3239 Otterson Dr, Oklahoma City, OK 73112",+14055011587,https://bubbastruckservice.com/,35.502780099999995,-97.58783849999999,4.9,182,Roadside|24/7|Truck specialist|Engine|Cooling|Trailer|Electrical
shop-ok-bulldog-diesel-mobile-truck-repair-oklahoma-city.html,Bulldog Diesel & Mobile Truck Repair,Oklahoma City,OK,"3211 1501 W Reno Ave, Oklahoma City, OK 73106",+14052521610,https://bulldogdieselgasrepair.com/,35.4645292,-97.53968379999999,4.1,93,Roadside|24/7|Truck specialist|Tire|Engine|Trailer
shop-ok-camping-world-oklahoma-city-east-oklahoma-city.html,Camping World - Oklahoma City East,Oklahoma City,OK,"4901 S Anderson Rd, Oklahoma City, OK 73150",+18778394463,https://rv.campingworld.com/dealer/east-oklahoma-city-oklahoma,35.4168728,-97.31905169999999,4.4,1428,Roadside|24/7|Truck specialist|RV|Engine|Trailer
shop-ok-camping-world-rv-service-oklahoma-city-north-oklahoma-city.html,Camping World RV Service - Oklahoma City North,Oklahoma City,OK,"13111 Broadway Extension Hwy, Oklahoma City, OK 73114",+18884606964,https://rv.campingworld.com/dealer/north-oklahoma-city-oklahoma/rv-service-repair,35.6028486,-97.5042509,3.5,2,Roadside|24/7|RV|Tire|Engine|Electrical
shop-ok-camping-world-rv-service-poteau-poteau.html,Camping World RV Service - Poteau,Poteau,OK,"34203 US-59, Poteau, OK 74953",+18778866503,https://rv.campingworld.com/dealer/poteau-oklahoma/rv-service-repair,35.026061899999995,-94.6480263,5.0,1,Roadside|24/7|RV|Tire|Engine|Electrical
shop-ok-camping-world-rv-service-tulsa-tulsa.html,Camping World RV Service - Tulsa,Tulsa,OK,"9005 E Skelly Dr, Tulsa, OK 74129",+18778813213,https://rv.campingworld.com/dealer/tulsa-oklahoma/rv-service-repair,36.129027799999996,-95.87889799999999,5.0,2,Roadside|24/7|RV|Engine|Electrical
shop-ok-car-guys-mobile-mechanic-okc-oklahoma-city.html,Car Guys Mobile Mechanic OKC,Oklahoma City,OK,"828 SE 29th St, Oklahoma City, OK 73129",+14053559511,http://carguysmobilemechanics.com/,35.435052,-97.49576619999999,4.6,44,Roadside
shop-ok-carl-davis-automotive-repair-sallisaw.html,Carl Davis Automotive Repair,Sallisaw,OK,"110 N Wheeler Ave, Sallisaw, OK 74955",+19187755297,,35.4590181,-94.7869218,4.4,10,
shop-ok-city-trailer-a-pronoss-company-oklahoma-city.html,"City Trailer, a Pronoss Company",Oklahoma City,OK,"10220 W Reno Ave, Oklahoma City, OK 73127",+14059474885,https://www.citytrailerinc.com/default.htm,35.462506,-97.6990919,4.5,251,Truck specialist|Trailer|Brakes|Electrical
shop-ok-clean-diesel-specialists-oklahoma-city-oklahoma-oklahoma-city.html,"Clean Diesel Specialists - Oklahoma City, Oklahoma",Oklahoma City,OK,"4055 NW 3rd St, Oklahoma City, OK 73107",+14059469800,https://www.cleandieselspecialists.com/locations/cds-oklahoma-city,35.468355599999995,-97.58795889999999,,,Roadside|24/7|Truck specialist|Tire|Engine|Cooling|Brakes|Electrical
shop-ok-commercial-truck-trailer-parts-oklahoma-city.html,Commercial Truck & Trailer Parts,Oklahoma City,OK,"2527 S Council Rd, Oklahoma City, OK 73128",+14056300068,,35.4395575,-97.65457699999999,,,
shop-ok-cornerstone-mobile-rv-services-llc-edmond.html,Cornerstone Mobile RV Services LLC,Edmond,OK,"912 Sandhurst Dr, Edmond, OK 73034",+14058614214,https://www.cornerstonervservices.com/,35.643748699999996,-97.44517719999999,5.0,25,Roadside|RV|Trailer|Electrical
shop-ok-crappie-creek-mobile-maintenance-okmulgee.html,Crappie Creek Mobile Maintenance,Okmulgee,OK,"18934 Dripping Springs Rd, Okmulgee, OK 74447",+19187778020,https://www.crappiecreekmobilemaintenance.com/,35.581612,-96.09024199999999,5.0,2,Roadside|24/7|Electrical
shop-ok-d-c-transmission-services-oklahoma-city.html,D C Transmission Services,Oklahoma City,OK,"4737 SE 29th St #5001, Oklahoma City, OK 73115",+14056777454,https://dctransmissionservices.com/,35.4356128,-97.4302604,4.7,122,
shop-ok-delco-diesel-services-inc-oklahoma-city.html,Delco Diesel Services Inc,Oklahoma City,OK,"1100 S Agnew Ave, Oklahoma City, OK 73108",+14052323595,http://www.delcodiesel.com/,35.4546036,-97.5541772,4.5,67,
shop-ok-delco-tools-equipment-oklahoma-city.html,Delco Tools & Equipment,Oklahoma City,OK,"1114 S Agnew Ave, Oklahoma City, OK 73108",+14052358665,http://www.delcodiesel.com/,35.454315199999996,-97.554307,5.0,6,
shop-ok-diamond-wrenches-mobile-mechanics-midwest-city.html,Diamond Wrenches Mobile Mechanics,Midwest City,OK,"1217 Cathy Ln, Midwest City, OK 73110",+14058029771,https://www.facebook.com/share/1NwYSxeP6Q/,35.4802562,-97.37402949999999,4.5,25,Roadside|24/7
shop-ok-diesel-truck-repair-llc-oklahoma-city.html,Diesel Truck Repair LLC,Oklahoma City,OK,"8308 W Interstate 40 Service Rd, Oklahoma City, OK 73128",+14054514246,https://www.dieseltruckrepairokc.com/%3Futm_campaign%3D*SMI%2520-%2520GBP,35.459379,-97.65986509999999,5.0,19,24/7
shop-ok-dixie-rv-repair-and-mobile-rv-repair-spiro.html,Dixie Rv Repair and Mobile Rv Repair,Spiro,OK,"300 N Main St, Spiro, OK 74959",+19185645640,https://dixiervrepair.com/,35.2434252,-94.62083229999999,5.0,38,Roadside|24/7
shop-ok-dodson-s-fleet-service-auto-repair-sallisaw.html,Dodson's Fleet Service & Auto Repair,Sallisaw,OK,"1442 S Kerr Blvd, Sallisaw, OK 74955",+19183159216,,35.443433899999995,-94.8051749,4.4,75,
shop-ok-double-b-trailers-llc-oklahoma-city.html,Double B Trailers LLC,Oklahoma City,OK,"1124 S MacArthur Blvd, Oklahoma City, OK 73128",+14059171800,http://www.doublebbtrailers.com/,35.4536073,-97.61826549999999,4.6,27,
shop-ok-drake-s-diesel-service-llc-henryetta.html,Drake's Diesel Service LLC,Henryetta,OK,"407199 US-266, Henryetta, OK 74437",+19186525894,,35.5078195,-95.7663334,,,24/7
shop-ok-ducky-d-mobile-rv-repair-llc-oklahoma-city.html,Ducky D. Mobile RV Repair LLC,Oklahoma City,OK,"316 SW 103rd St, Oklahoma City, OK 73139",+14054138282,https://duckydmobilerv.com/,35.3645644,-97.5185056,4.7,56,Roadside|RV|Trailer
shop-ok-dyess-truck-and-trailer-repair-edmond.html,Dyess Truck and Trailer Repair,Edmond,OK,"11601 Black Sand Dr, Edmond, OK 73034",+14053438382,https://www.dyesscustoms.com/,35.758037099999996,-97.4311582,4.7,29,Roadside|Truck specialist|Tire|Trailer|Brakes|Electrical
shop-ok-elite-rv-maintenance-and-repair-fairview.html,Elite RV Maintenance and Repair,Fairview,OK,"254445 E County Rd 49, Fairview, OK 73737",+19184044522,,36.303516699999996,-98.4717302,5.0,1,
shop-ok-elite-trailer-parts-service-and-repair-oklahoma-city.html,"Elite Trailer Parts, Service and Repair",Oklahoma City,OK,"7636 SW 29th St, Oklahoma City, OK 73179",+14057455757,https://elitetrailers.com/parts-service/,35.4343228,-97.64742869999999,4.2,5,Trailer
shop-ok-elk-city-automotive-exhaust-elk-city.html,Elk City Automotive & Exhaust,Elk City,OK,"1109 S Washington Ave, Elk City, OK 73644",+15803398099,,35.402218399999995,-99.4088999,4.9,18,
shop-ok-ers-mobile-truck-repair-oklahoma-city.html,ERS Mobile Truck Repair,Oklahoma City,OK,"8324 W Interstate 40 Service Rd, Oklahoma City, OK 73128",+14054752735,,35.4593436,-97.66071149999999,,,Roadside|24/7
shop-ok-estradas-tire-repair-semi-truck-tire-mobile-service-oklahoma-city.html,ESTRADAS TIRE REPAIR semi truck tire mobile service,Oklahoma City,OK,"S May Ave, Oklahoma City, OK 73159",+19156428585,,35.3872311,-97.56557169999999,5.0,20,Roadside|24/7
shop-ok-finishline-automotive-oklahoma-city.html,Finishline Automotive,Oklahoma City,OK,"4641 NW 10th St, Oklahoma City, OK 73127",+14056066556,https://www.finishlineautomotiveokc.com/,35.4795783,-97.6054024,4.4,127,
shop-ok-fleetpride-service-center-oklahoma-city.html,FleetPride Service Center,Oklahoma City,OK,"9300 W Reno Ave, Oklahoma City, OK 73127",+14054956100,https://branches.fleetpride.com/ok/oklahomacity/truckparts-oc2-sc.html,35.4636573,-97.6785354,4.3,21,Roadside|Truck specialist|Tire|Engine|Cooling|Trailer|Brakes|Electrical
shop-ok-franklin-s-automotive-diesel-repair-yukon.html,Franklin's Automotive & Diesel Repair,Yukon,OK,"1100 Industrial Dr, Yukon, OK 73099",+14059992529,http://franklinsautomotive.com/,35.5046621,-97.728088,4.9,49,Truck specialist|Tire|Engine|Brakes|Electrical
shop-ok-french-s-road-service-and-24-hr-mobile-repair-yukon.html,French's Road Service and 24 hr Mobile Repair,Yukon,OK,"13813 SW 38th St, Yukon, OK 73099",+14052028763,,35.4270856,-97.77856059999999,4.7,25,Roadside|24/7
shop-ok-full-pull-diesel-performance-llc-edmond.html,Full Pull Diesel Performance LLC,Edmond,OK,"123 W Waterloo Rd Building C, Edmond, OK 73025",+14052852711,http://fullpulldiesel.net/,35.72797,-97.47969409999999,4.4,71,
shop-ok-full-throttle-diesel-services-sallisaw.html,Full Throttle Diesel Services,Sallisaw,OK,"Sallisaw, OK 74955",,,35.4630728,-94.88417059999999,5.0,2,24/7
shop-ok-fun-town-rv-oklahoma-city-oklahoma-city.html,Fun Town RV Oklahoma City,Oklahoma City,OK,"7601 S Shields Blvd, Oklahoma City, OK 73149",+18559965526,https://www.funtownrv.com/locations/oklahoma-city,35.3904597,-97.507677,4.7,301,Roadside|Truck specialist|RV|Tire|Engine|Trailer|Brakes|Electrical
shop-ok-gill-express-truck-trailer-repair-oklahoma-city.html,Gill Express Truck/Trailer Repair,Oklahoma City,OK,"12200 Holland St, Oklahoma City, OK 73131",+14058199550,http://gillexpress.com/,35.5940607,-97.4377421,4.2,207,Truck specialist|Tire
shop-ok-gt-truck-trailer-repair-oklahoma-city.html,GT Truck & Trailer Repair,Oklahoma City,OK,"605 N Tulsa Ave, Oklahoma City, OK 73107",+14054353755,,35.4720973,-97.5924933,4.7,3,
shop-ok-hansmeyer-diesel-performance-norman.html,Hansmeyer Diesel Performance,Norman,OK,"2651 36th Ave NE, Norman, OK 73026",+14052024279,https://www.hansmeyerdiesel.com/,35.251986099999996,-97.38819439999999,5.0,14,Truck specialist|Tire|Engine|Cooling|Brakes|Electrical
shop-ok-hardgrave-better-built-trailer-oklahoma-city.html,Hardgrave Better Built Trailer,Oklahoma City,OK,"5213 NW okc, Oklahoma City, OK 73127",+14052404573,,35.4791115,-97.6172094,4.7,28,
shop-ok-harper-s-mobile-rv-repair-and-detail-grove.html,Harper's Mobile RV Repair and Detail,Grove,OK,"25100 US-59, Grove, OK 74344",+19189446454,https://www.facebook.com/Harpersrvrepair,36.6550745,-94.8245785,4.9,136,Roadside
shop-ok-hg-conversions-trailer-and-rv-repair-and-service-oklahoma-city.html,HG Conversions Trailer And RV Repair And Service,Oklahoma City,OK,"5798-5600 Regina Ave, Oklahoma City, OK 73179",+14055179899,,35.4096385,-97.6277047,5.0,1,
shop-ok-huffs-66-auto-repair-service-in-sallisaw-ok-sallisaw.html,Huffs 66 - Auto Repair Service in Sallisaw OK,Sallisaw,OK,"816 E Cherokee Ave, Sallisaw, OK 74955",+19182351850,,35.4607629,-94.77937329999999,4.4,63,
shop-ok-in-his-service-mobile-rv-repair-coyle.html,In His Service Mobile RV Repair,Coyle,OK,"374 N Indian Meridian Rd, Coyle, OK 73027",+14058338192,http://www.ihsrvtechs.com/,35.8782098,-97.24153079999999,5.0,63,Roadside|RV|Electrical
shop-ok-independent-mobile-rv-service-repair-monroe.html,Independent Mobile RV Service & Repair,Monroe,OK,"14577 Hickory St Box 58, Monroe, OK 74947",+19188870234,https://imrvusa.jobbersites.com/,34.9923692,-94.51529479999999,5.0,42,Roadside|RV|Tire|Brakes|Electrical
shop-ok-inland-truck-parts-service-oklahoma-city-2.html,Inland Truck Parts & Service,Oklahoma City,OK,"4 S Morgan Rd, Oklahoma City, OK 73127",+14056821362,https://www.inlandtruck.com/locations/oklahoma/oklahoma-city-west/%3Futm_source%3Dlocal%26utm_medium%3Dorganic%26utm_campaign%3Dgmb%26utm_content%3Doklahoma_oklahoma_city_west,35.4666324,-97.68844039999999,4.6,147,
shop-ok-inland-truck-parts-service-oklahoma-city.html,Inland Truck Parts & Service,Oklahoma City,OK,"3500 E Interstate 240 Service Rd, Oklahoma City, OK 73135",+14057991811,https://www.inlandtruck.com/locations/oklahoma/oklahoma-city-east/%3Futm_source%3Dlocal%26utm_medium%3Dorganic%26utm_campaign%3Dgmb%26utm_content%3Doklahoma_city_east,35.3903114,-97.45115729999999,4.8,56,
shop-ok-j-b-mobile-rv-trailer-repair-llc-oklahoma-city.html,J&B Mobile RV & Trailer Repair LLC,Oklahoma City,OK,"3801 NE 104th St Ste 108, Oklahoma City, OK 73131",+18304996467,,35.5783712,-97.44920669999999,4.9,152,Roadside|24/7
shop-ok-j-r-commercial-radiator-co-oklahoma-city.html,J & R Commercial Radiator Co,Oklahoma City,OK,"827 SE 26th St, Oklahoma City, OK 73129",+14056314111,,35.4387447,-97.49550099999999,4.7,27,
shop-ok-j-r-industrial-engine-services-moore.html,J & R Industrial Engine Services,Moore,OK,"9215 S Shields Blvd, Moore, OK 73160",+14056923946,https://jrindustrialeng.com/,35.374023199999996,-97.50634319999999,5.0,7,Truck specialist|Engine
shop-ok-jackport-express-auto-repair-llc-oklahoma-city.html,Jackport Express Auto Repair LLC,Oklahoma City,OK,"1627 S Missouri Ave, Oklahoma City, OK 73129",+14059318094,https://jackportexpressautorepair.com/,35.4485057,-97.4817444,4.4,99,24/7
shop-ok-jess-diesel-repair-services-oklahoma-city.html,Jess' Diesel Repair Services,Oklahoma City,OK,"3605 S High Ave, Oklahoma City, OK 73129",+14056350033,,35.4293921,-97.4951146,5.0,3,
shop-ok-jg-diesel-repairs-and-towing-elk-city.html,JG Diesel Repairs and Towing,Elk City,OK,"315 W 20th St Unit B, Elk City, OK 73644",+15803790790,https://jgrepairs.com/,35.393357099999996,-99.40820579999999,4.4,444,Roadside|24/7|Truck specialist|Tire|Engine|Cooling|Trailer|Brakes|Electrical
shop-ok-kc-auto-and-truck-repair-llc-oklahoma-city.html,KC Auto And Truck Repair LLC,Oklahoma City,OK,"1615 1/2 NE 23rd St, Oklahoma City, OK 73111",+14055494449,,35.494042799999995,-97.5116106,,,
shop-ok-kevins-mobile-rv-repair-llc-oklahoma-city.html,Kevins Mobile RV Repair LLC,Oklahoma City,OK,"6308 Saintsbury Ct, Oklahoma City, OK 73132",+14059657511,,35.5624536,-97.6263901,5.0,50,Roadside
shop-ok-krishna-truck-trailer-service-center-oklahoma-city.html,Krishna Truck & Trailer Service Center,Oklahoma City,OK,"317 S Morgan Rd, Oklahoma City, OK 73128",+14054351527,https://www.krishnatruckandtrailer.com/,35.462776999999996,-97.690506,4.6,342,
shop-ok-kwl-diesel-equipment-repair-oklahoma-city.html,Kwl diesel & equipment repair,Oklahoma City,OK,"128 W I-240 Service Road Ste 1112, Oklahoma City, OK 73139",+14056556790,https://pcmkww-0e.myshopify.com/,35.3911648,-97.51557059999999,4.6,50,
shop-ok-m-d-oklahoma-city-turbo-shop-oklahoma-city.html,M&D - Oklahoma City Turbo Shop,Oklahoma City,OK,"128 N Falcon Dr, Oklahoma City, OK 73127",+14057871670,,35.465348,-97.6605848,4.8,16,
shop-ok-marshall-s-mobile-rv-repair-sapulpa.html,Marshall’s Mobile RV Repair,Sapulpa,OK,"1132 E Bryan Ave, Sapulpa, OK 74066",+19189214158,http://marshallsmobilerv.com/,35.9931036,-96.0971807,4.4,14,Roadside|RV
shop-ok-martin-diesel-mechanic-oklahoma-city.html,Martin diesel Mechanic,Oklahoma City,OK,"1907 SW 14th St, Oklahoma City, OK 73108",+14058225573,,35.4509348,-97.548474,4.0,4,
shop-ok-martinez-rv-repair-mobile-service-heavener.html,Martinez rv repair/mobile service,Heavener,OK,"701 US-59, Heavener, OK 74937",+19187217388,http://www.martinervrepair.com/,34.903961599999995,-94.6026141,5.0,15,Roadside
shop-ok-master-tech-mobile-rv-repair-poteau.html,Master tech mobile Rv Repair,Poteau,OK,"109 Clark Ave, Poteau, OK 74953",+19187214045,,35.0702214,-94.6186273,1.0,1,Roadside
shop-ok-maverick-mobile-rv-services-mustang.html,Maverick Mobile RV services,Mustang,OK,"1229 W Huntington Way, Mustang, OK 73064",+14058632601,,35.3942243,-97.7490107,3.7,9,Roadside|24/7
shop-ok-mcclain-s-rv-superstore-oklahoma-city.html,McClain’s RV Superstore,Oklahoma City,OK,"7110 W Reno Ave, Oklahoma City, OK 73127",+14058470749,http://www.mcclainsrv.com/,35.4639641,-97.6383599,4.6,1869,Roadside|24/7|Truck specialist|RV|Engine|Cooling|Trailer|Electrical
shop-ok-mcclain-s-rv-superstore-service-and-parts-oklahoma-city.html,McClain’s RV Superstore Service and Parts,Oklahoma City,OK,"7110 W Reno Ave, Oklahoma City, OK 73127",+14058491085,https://www.mcclainsrv.com/service,35.4639768,-97.6383134,4.6,11,Roadside|24/7|Truck specialist|RV|Engine|Cooling|Trailer|Electrical
shop-ok-mega-truck-trailer-repair-shop-el-reno.html,MEGA TRUCK TRAILER REPAIR SHOP,El Reno,OK,"3805 Jensen Rd E, El Reno, OK 73036",+17077770505,,35.4937897,-97.91159689999999,4.7,25,
shop-ok-mob-oil-mobile-automotive-in-okc-oklahoma-city.html,Mob Oil - Mobile Automotive in OKC,Oklahoma City,OK,"1105 SW 128th St, Oklahoma City, OK 73170",+18178966376,http://www.moboilokc.com/,35.3399286,-97.53506519999999,5.0,18,Roadside
shop-ok-mobile-auto-repair-pros-of-oklahoma-city-oklahoma-city.html,Mobile Auto Repair Pros of Oklahoma City,Oklahoma City,OK,"10400 S Western Ave, Oklahoma City, OK 73139",+14054588927,https://mobileautorepairpros.com/ok/mobile-mechanic-oklahoma-city/,35.364323399999996,-97.52861519999999,,,Roadside|Truck specialist|RV|Tire|Engine|Cooling|Brakes|Electrical
shop-ok-mobile-rv-repair-of-okc-oklahoma-city.html,Mobile RV Repair of OKC,Oklahoma City,OK,"811 Ketch St, Oklahoma City, OK 73107",+14057192703,https://www.okcmobilervrepair.com/,35.4743154,-97.5905451,4.6,11,Roadside|24/7|Truck specialist|RV|Engine|Cooling|Trailer|Electrical
shop-ok-mobilemart-oklahoma-city-oklahoma-city.html,Mobilemart - Oklahoma City,Oklahoma City,OK,"8001 S Shields Blvd, Oklahoma City, OK 73149",+14056312222,https://www.mobilemartofokc.com/,35.387741,-97.50567269999999,4.4,67,Roadside
shop-ok-mts-mobile-truck-repair-services-ok-oklahoma-city.html,MTS Mobile Truck Repair Services OK,Oklahoma City,OK,"4600 N Cooper Ave #2, Oklahoma City, OK 73118",+14052378323,https://mobiletrucksrepair.com/,35.5182475,-97.5138891,5.0,1,Roadside|24/7|Truck specialist|RV|Reefer|Tire|Engine|Cooling|Trailer|Brakes|Electrical
shop-ok-nationwide-trailers-oklahoma-city-oklahoma-city.html,Nationwide Trailers - Oklahoma City,Oklahoma City,OK,"335 Mulholland Way, Oklahoma City, OK 73128",+14058765954,https://nationwidetrailers.com/inventory/oklahoma-city/%3Futm_source%3Dgoogle%26utm_medium%3Dorganic%26utm_campaign%3Dgmb,35.461872299999996,-97.68424329999999,4.7,119,
shop-ok-new-song-mobile-rv-services-mcalester.html,New Song Mobile RV Services,McAlester,OK,"18 E Carl Albert Pkwy, McAlester, OK 74501",+19189166456,https://www.newsongrv.com/,34.933025799999996,-95.76911109999999,4.8,6,Roadside|RV
shop-ok-o-tex-trailer-truck-services-llc-elk-city.html,"O-TEX Trailer & Truck Services, LLC.",Elk City,OK,"1703 S Main St, Elk City, OK 73644",+15802438304,http://o-texservices.com/,35.3943665,-99.40626449999999,4.7,6,24/7|Truck specialist|Trailer|Brakes
shop-ok-oil-field-ignition-parts-co-oklahoma-city.html,Oil Field Ignition Parts Co,Oklahoma City,OK,"200 N Classen Blvd, Oklahoma City, OK 73106",+14052351579,,35.469947999999995,-97.5287051,5.0,20,
shop-ok-okc-semi-truck-repair-llc-oklahoma-city.html,OKC SEMI TRUCK REPAIR LLC,Oklahoma City,OK,"1225 SE 29th St, Oklahoma City, OK 73129",+14057249921,,35.435789199999995,-97.4895872,5.0,1,
shop-ok-oklahoma-mobile-semi-repair-oklahoma-city.html,Oklahoma Mobile Semi Repair,Oklahoma City,OK,"1000 S Agnew Ave, Oklahoma City, OK 73108",+14052017011,,35.4556669,-97.55423379999999,4.8,43,Roadside|24/7
shop-ok-oklahoma-truck-n-trailer-oklahoma-city.html,Oklahoma Truck N Trailer,Oklahoma City,OK,"8316 W Interstate 40 Service Rd, Oklahoma City, OK 73128",+14054958900,https://usavendory.top/details/oklahoma-truck-n-trailer-ChIJJUn,35.459391,-97.6603521,,,
shop-ok-on-the-spot-rv-roof-repair-leaks-more-oklahoma-city.html,"On The Spot: RV Roof Repair, Leaks, & More",Oklahoma City,OK,"813 SE 88th St Bldg #5 & #6, Oklahoma City, OK 73149",+14053237526,http://onthespotrvroofrepairsales.com/,35.3792024,-97.49704419999999,5.0,1,Roadside|RV|Trailer
shop-ok-p-m-truck-repair-and-wash-oklahoma-city.html,P&M Truck Repair and Wash,Oklahoma City,OK,"1901 E Reno Ave, Oklahoma City, OK 73117",+14055513320,https://pandmtruckservice.com/,35.4661413,-97.4792817,4.5,281,24/7|Truck specialist|Engine
shop-ok-patriot-s-mobile-auto-repair-sallisaw.html,Patriot's Mobile Auto Repair,Sallisaw,OK,"102510 S 4640 Rd, Sallisaw, OK 74955",+19187743546,,35.5285705,-94.7615342,4.5,13,Roadside
shop-ok-perfection-truck-parts-equipment-oklahoma-city.html,Perfection Truck Parts & Equipment,Oklahoma City,OK,"5100 W Reno Ave, Oklahoma City, OK 73127",+14059476603,https://www.perfectionequipment.com/%3Futm_source%3Dgoogle%26utm_medium%3Dorganic%26utm_campaign%3Dgmb-perfection,35.4638705,-97.609546,4.3,114,Truck specialist|Trailer
shop-ok-performance-automotive-diesel-repair-llc-sallisaw.html,Performance Automotive & Diesel Repair LLC,Sallisaw,OK,"312 E Choctaw Ave, Sallisaw, OK 74955",+19183152576,,35.4594516,-94.78637119999999,5.0,6,
shop-ok-powerstroke-diesel-specialties-yukon.html,Powerstroke Diesel Specialties,Yukon,OK,"200 Karla Ct, Yukon, OK 73099",+14052656469,https://www.facebook.com/PowerstrokeDieselSpecialties/,35.463938999999996,-97.787672,5.0,5,
shop-ok-price-mobile-rv-services-oklahoma-city.html,Price Mobile RV Services,Oklahoma City,OK,"6217 Gaelic Glen Dr, Oklahoma City, OK 73142",+14053289765,,35.5981288,-97.625332,4.4,14,Roadside
shop-ok-punjabi-truck-repair-shop-oklahoma-city.html,Punjabi truck repair shop,Oklahoma City,OK,"10220 W Reno Ave #200, Oklahoma City, OK 73127",+918699725103,,35.460755999999996,-97.6973632,5.0,1,24/7
shop-ok-r-d-truck-and-trailer-repair-inc-oklahoma-city.html,R&D Truck And Trailer Repair Inc,Oklahoma City,OK,"5317 SW 11th St, Oklahoma City, OK 73128",+14058198036,https://dhilliontruckrepair.com/,35.4546229,-97.6118113,4.4,138,Roadside|24/7|Truck specialist|Tire|Engine|Trailer|Brakes|Electrical
shop-ok-r-s-equipment-and-diesel-repair-prague.html,R&S Equipment and Diesel Repair,Prague,OK,"8835 OK-99, Prague, OK 74864",+14055670025,,35.4267148,-96.66436639999999,3.8,29,
shop-ok-rapid-truck-trailer-mobile-repair-llc-oklahoma-city.html,RAPID TRUCK & TRAILER MOBILE REPAIR LLC,Oklahoma City,OK,"5725 S High Ave, Oklahoma City, OK 73129",+14056691678,,35.4085208,-97.495893,4.8,170,Roadside|24/7
shop-ok-ready-motors-auto-repair-oklahoma-city.html,Ready Motors Auto Repair,Oklahoma City,OK,"3216 N May Ave, Oklahoma City, OK 73112",+14057247771,https://ready-motors.com/,35.5028486,-97.56506949999999,4.8,36,
shop-ok-red-dirt-mobile-rv-repair-llc-calera.html,Red Dirt Mobile RV Repair LLC,Calera,OK,"431 Platter Cutoff Rd, Calera, OK 74730",+15802308354,,33.8977116,-96.48472579999999,3.9,20,Roadside|24/7
shop-ok-roadrunner-mobile-mechanic-oklahoma-city.html,Roadrunner Mobile Mechanic,Oklahoma City,OK,"3825 N Hartford St, Oklahoma City, OK 73112",+14057401703,,35.5099818,-97.5692614,4.6,9,Roadside
shop-ok-rob-roy-rv-services-eufaula-region-mcalester.html,Rob Roy RV Services - Eufaula Region,McAlester,OK,"2355 Bristow Point Rd, McAlester, OK 74501",+15803680560,http://robroyrv.com/,35.1153779,-95.6129263,5.0,16,
shop-ok-ron-hoover-rv-marine-of-oklahoma-city-oklahoma-city.html,Ron Hoover RV & Marine of Oklahoma City,Oklahoma City,OK,"1600 E Reno Ave, Oklahoma City, OK 73117",+14052321800,https://www.ronhooverrvs.com/rv-dealer-oklahoma-city-lewis-rv-center,35.463481,-97.48278099999999,4.5,676,Truck specialist|RV|Tire|Engine|Trailer
shop-ok-rush-truck-centers-oklahoma-city-service-oklahoma-city.html,Rush Truck Centers - Oklahoma City Service,Oklahoma City,OK,"8700 W Interstate 40 Service Rd, Oklahoma City, OK 73128",+14057823500,https://www.rushtruckcenters.com/locations/13020000-oklahoma-city%3Futm_source%3Dgoogle%26utm_medium%3Dorganic%26utm_campaign%3Dgmb-oklahoma-city-service,35.458064,-97.666765,4.3,6,Roadside|24/7|Truck specialist|RV|Tire|Engine|Cooling|Trailer|Brakes
shop-ok-rv-roof-repair-oklahoma-oklahoma-city.html,RV Roof & Repair Oklahoma,Oklahoma City,OK,"3801 NE 104th St Ste 401, Oklahoma City, OK 73131",+14052412539,https://www.rvroofok.com/,35.5774385,-97.45026419999999,5.0,46,Roadside|RV|Electrical
shop-ok-sallisaw-car-audio-and-more-llc-sallisaw.html,Sallisaw Car Audio and More LLC,Sallisaw,OK,"1305 N Maple St, Sallisaw, OK 74955",+19182356689,,35.4699246,-94.7970339,4.0,57,
shop-ok-scott-mobile-truck-and-trailer-repair-service-arkoma.html,Scott Mobile truck and trailer repair service,Arkoma,OK,"513 Sicard Ave, Arkoma, OK 74901",+14794202328,,35.3530806,-94.4383039,4.5,15,Roadside|24/7
shop-ok-silverado-road-service-diesel-rv-repair-shop-oklahoma-city.html,Silverado Road Service Diesel & RV Repair Shop,Oklahoma City,OK,"6710 S Eastern Ave, Oklahoma City, OK 73149",+14058308792,https://www.silveradoroadservice.com/,35.3977915,-97.4760921,3.1,98,
shop-ok-singh-truck-trailer-repair-oklahoma-city.html,Singh Truck & Trailer repair,Oklahoma City,OK,"1617 S Agnew Ave, Oklahoma City, OK 73108",+15599123131,,35.448761,-97.5551076,4.9,35,
shop-ok-southwest-trailers-equip-llc-oklahoma-city.html,Southwest Trailers & Equip LLC,Oklahoma City,OK,"10400 W Reno Ave, Oklahoma City, OK 73127",+14059439851,http://www.swtrailer.com/,35.4638389,-97.7041634,4.3,99,
shop-ok-steve-s-diesel-truck-services-elk-city.html,Steve's Diesel & Truck Services,Elk City,OK,"3410 W 3rd St, Elk City, OK 73644",+15802252571,,35.4120596,-99.4461122,4.5,58,24/7
shop-ok-steve-s-rv-repair-shop-and-mobile-service-shady-point.html,Steve's Rv Repair Shop and Mobile Service,Shady Point,OK,"27126 Waterfield St, Shady Point, OK 74956",+15392309220,,35.129010099999995,-94.6578696,4.3,11,Roadside
shop-ok-steven-s-mobile-rv-repair-llc-geronimo.html,"Steven's Mobile RV Repair, LLC",Geronimo,OK,"990 SW Holiday Rd, Geronimo, OK 73543",+18179418363,,34.464751199999995,-98.3970483,4.0,4,Roadside
shop-ok-stones-rock-solid-mobile-rv-repair-vinita.html,Stones Rock Solid Mobile RV Repair,Vinita,OK,"446714 E 355 Rd, Vinita, OK 74301",+19188647770,,36.5024106,-95.0445486,5.0,35,Roadside|24/7
shop-ok-superior-trailer-sales-body-oklahoma-city.html,Superior Trailer Sales Body,Oklahoma City,OK,"215 Bryant Pl, Oklahoma City, OK 73115",+14056199292,,35.4633896,-97.4587438,4.7,11,
shop-ok-switzer-son-rv-repair-and-maintenance-service-tulsa.html,Switzer & Son RV Repair and Maintenance Service,Tulsa,OK,"5385 W 51st S St Suite A, Tulsa, OK 74107",+19183830364,https://switzerandsonservice.com/,36.0899815,-96.05003789999999,5.0,120,Roadside|RV|Engine|Electrical
shop-ok-t6-south-mobile-rv-repair-oklahoma-city.html,T6 South Mobile RV Repair,Oklahoma City,OK,"1225 SW 126th St, Oklahoma City, OK 73170",+14056980486,http://t6rv.com/,35.3413751,-97.5376142,5.0,2,Roadside
shop-ok-total-equipment-repair-oklahoma-city.html,Total Equipment Repair,Oklahoma City,OK,"7636 NW 3rd St, Oklahoma City, OK 73127",+14055017945,,35.4698002,-97.6470755,5.0,2,
shop-ok-trc-truck-repair-center-oklahoma-city-oklahoma-city.html,TRC Truck Repair Center - Oklahoma City,Oklahoma City,OK,"8321 SW 8th St, Oklahoma City, OK 73128",+14058500022,https://reedtruckandtrailerrepair.com/%3Futm_source%3Domg-gbp%26utm_medium%3Dwebclick,35.4572581,-97.6604773,4.8,42,Roadside|Truck specialist|Engine|Cooling|Trailer|Brakes|Electrical
shop-ok-truck-doctor-inc-mobile-truck-repair-oklahoma-city.html,"Truck Doctor, Inc Mobile Truck Repair",Oklahoma City,OK,"8316 W Interstate 40 Service Rd, Oklahoma City, OK 73128",+14054511184,https://www.truckrepairdoctor.com/%3Futm_campaign%3D*SMI%2520-%2520GBP%2520-%2520TT%2520Doctor,35.4593669,-97.66037159999999,3.6,272,Roadside|24/7
shop-ok-truck-n-trailer-truck-repair-shop-oklahoma-city.html,Truck-N-Trailer Truck Repair Shop,Oklahoma City,OK,"6560 SE 74th St Unit B, Oklahoma City, OK 73135",+14059125800,https://oktruckrepair.com/,35.3899476,-97.4108665,4.3,13,Truck specialist|Engine|Trailer|Electrical
shop-ok-turbo-diesel-of-oklahoma-oklahoma-city.html,Turbo Diesel of Oklahoma,Oklahoma City,OK,"8628 W Reno Ave, Oklahoma City, OK 73127",+14054955656,http://turbodieselok.com/,35.4638393,-97.6661736,4.8,31,Roadside|Truck specialist|Engine|Cooling
shop-ok-united-engines-oklahoma-city-ok-oklahoma-city.html,"United Engines | Oklahoma City, OK",Oklahoma City,OK,"5555 W Reno Ave, Oklahoma City, OK 73127",+14059473321,http://www.unitedholdingscorp.com/,35.464960999999995,-97.614358,4.2,110,Roadside|Truck specialist|Reefer|Engine
shop-ok-warren-cat-power-systems-oklahoma-city.html,Warren CAT Power Systems,Oklahoma City,OK,"4 N Ann Arbor Ave, Oklahoma City, OK 73127",+14059453464,https://www.warrencat.com/g/okc_rental_power/,35.4665756,-97.608099,4.4,27,Roadside|24/7|Truck specialist|Reefer|Engine
shop-ok-zn-diesel-and-automotive-service-warr-acres.html,ZN Diesel and Automotive Service,Warr Acres,OK,"3913 N Ann Arbor Ave, Warr Acres, OK 73122",+14052041789,,35.510383399999995,-97.61063539999999,4.3,17,
shop-tn-2453-mobile-semi-truck-repair-road-service-memphis.html,2453 Mobile semi truck repair road service,Memphis,TN,"2631 N Watkins St, Memphis, TN 38127",+15042653773,,35.196518499999996,-90.0078662,5.0,2,Roadside|24/7
shop-tn-288-tire-truck-trailer-repair-cookeville.html,"288 Tire, Truck & Trailer Repair",Cookeville,TN,"1010 Walton Ln, Cookeville, TN 38506",+19313032591,,36.1757282,-85.49336129999999,4.8,87,24/7
shop-tn-901mobilerepairs-24hr-automotive-services-memphis.html,901MobileRepairs - 24HR Automotive Services,Memphis,TN,"Fairley rd, Memphis, TN 38109",+19015585797,,35.0217665,-90.01886549999999,5.0,5,Roadside|24/7
shop-tn-901precision-truck-and-trailer-repair-llc-memphis.html,901PRECISION Truck and Trailer Repair LLC,Memphis,TN,"5573 Falling Bark Dr, Memphis, TN 38134",+19014961963,,35.178719199999996,-89.8746742,4.3,12,24/7
shop-tn-a-b-auto-truck-repair-inc-nashville.html,A & B Auto & Truck Repair Inc,Nashville,TN,"1201 Foster Ave, Nashville, TN 37210",+16152594454,,36.134493,-86.741778,4.8,103,
shop-tn-a-towing-recovery-service-llc-jackson.html,A+ Towing & Recovery Service LLC,Jackson,TN,"887 Airways Blvd, Jackson, TN 38301",+17317414545,https://aplustowingrecoveryservice.com/%3Futm_source%3Domg-gbp%26utm_medium%3Dwebclick,35.6187915,-88.8763714,5.0,10,Roadside|24/7|Truck specialist|Tire
shop-tn-aaron-s-mobile-diesel-repair-maryville.html,Aaron's Mobile Diesel Repair,Maryville,TN,"Blockhouse Rd, Maryville, TN 37803",+12392734573,https://www.facebook.com/aaronsmobiledieselrepair%3Fmibextid%3DZbWKwL,35.7051734,-83.926683,4.9,33,Roadside
shop-tn-above-and-beyond-rv-repair-llc-sparta.html,Above and Beyond RV Repair LLC,Sparta,TN,"1275 Charles Golden Rd, Sparta, TN 38583",+19317392057,https://www.abovebeyondmobilervrepair.com/,35.9748393,-85.4913339,4.8,81,Roadside|RV|Engine
shop-tn-acts-fleet-maintenance-service-nashville.html,ACTS Fleet Maintenance Service,Nashville,TN,"615 Poplar St, Nashville, TN 37210",+18659385910,http://actsfleet.com/,36.142317,-86.728483,3.6,21,
shop-tn-adam-truck-trailer-and-tire-repair-jackson.html,Adam Truck Trailer and Tire Repair,Jackson,TN,"2760 US-45, Jackson, TN 38301",+17316941422,,35.5376267,-88.78914309999999,5.0,5,
shop-tn-adams-mobile-rv-repair-strawberry-plains.html,Adams Mobile RV Repair,Strawberry Plains,TN,"260 Laura Boling Loop Rd, Strawberry Plains, TN 37871",+18653075521,http://adamsrvrepair.com/,36.0518956,-83.6626241,4.3,89,Roadside|RV|Engine|Trailer|Electrical
shop-tn-advanced-mobile-mechanic-service-memphis.html,Advanced mobile mechanic service,Memphis,TN,"None, Memphis, TN 38125",+19014530256,,35.0492565,-89.8232177,4.1,11,Roadside
shop-tn-adventure-support-mobile-rv-services-cookeville.html,Adventure Support Mobile RV services,Cookeville,TN,"1031 Nottingham Dr, Cookeville, TN 38506",+19312612235,https://adventuremobilerv.wixsite.com/adventure-support,36.146127,-85.4723965,4.8,35,Roadside|RV|Trailer
shop-tn-affordable-24-hour-truck-tire-jackson.html,Affordable 24 hour truck & tire,Jackson,TN,"110 Bent Creek Ln, Jackson, TN 38305",+17318036552,,35.6663802,-88.866322,1.3,23,24/7
shop-tn-airstream-of-knoxville-service-center-kodak.html,Airstream of Knoxville Service Center,Kodak,TN,"315 E Dumplin Valley Rd, Kodak, TN 37764",+18654320327,https://www.lazydays.com/locations/tennessee/airstream-knoxville-tennessee%3Futm_source%3Dgoogle%26utm_medium%3Dorganic%26utm_campaign%3Dgoogle-business-profile%26utm_content%3Dairstream_knoxville,35.988347,-83.59759509999999,4.1,40,
shop-tn-all-american-truck-and-trailer-repair-sparta.html,All American Truck and Trailer Repair,Sparta,TN,"830 Corinth Rd, Sparta, TN 38583",+19312540401,http://www.aatandt.com/,35.959719199999995,-85.5678635,4.9,19,Roadside|24/7|Truck specialist|Tire|Engine|Cooling|Trailer|Brakes|Electrical
shop-tn-all-brothers-truck-and-equipment-repair-nashville.html,All Brothers TRUCK and Equipment Repair,Nashville,TN,"Old Lebanon Pike, Nashville, TN 37214",+16159696516,,36.1698714,-86.6687,5.0,1,
shop-tn-all-star-fleet-llc-mobile-truck-repair-antioch.html,All Star fleet Llc - Mobile truck repair,Antioch,TN,"921 Pin Oak Dr, Antioch, TN 37013",+16157192739,http://www.allstarfleetllc.com/,36.04956,-86.5894928,4.6,77,Roadside|24/7|Truck specialist|Tire|Engine|Cooling|Trailer|Brakes|Electrical
shop-tn-america-s-all-mobile-rv-repair-jackson.html,America's All Mobile RV Repair,Jackson,TN,"2400 US-45 S, Jackson, TN 38301",+14249021465,,35.674582099999995,-88.85546719999999,5.0,3,Roadside|24/7
shop-tn-american-trailer-parts-llc-knoxville.html,"American Trailer Parts, LLC",Knoxville,TN,"4316 Clinton Hwy, Knoxville, TN 37912",+18655841984,http://americantrailerparts.com/,36.0000091,-83.9651863,4.6,104,
shop-tn-arlington-truck-and-trailer-repair-eads.html,Arlington Truck and Trailer Repair,Eads,TN,"12500 US-64, Eads, TN 38028",+19015171539,https://www.arlingtontruckrepairs.com/,35.212520999999995,-89.6463212,4.0,83,Roadside|24/7|Truck specialist|Tire|Engine|Trailer|Electrical
shop-tn-auto-plus-repair-and-service-cookeville.html,Auto Plus Repair and Service,Cookeville,TN,"1225 Shag Rag Rd #4, Cookeville, TN 38506",,,36.1899339,-85.47510129999999,4.5,34,
shop-tn-b-m-automotive-diesel-service-knoxville.html,B & M Automotive & Diesel Service,Knoxville,TN,"7301 Maynardville Pike, Knoxville, TN 37938",+18659227111,https://www.autorepairknoxvilletn.com/,36.0843518,-83.9275767,4.5,170,24/7|Truck specialist|Tire|Engine|Brakes|Electrical
shop-tn-b-p-diesel-service-and-repair-bolivar.html,B & P Diesel Service and Repair,Bolivar,TN,"15645 US-64, Bolivar, TN 38008",+17312123372,,35.2511149,-88.95833019999999,5.0,5,
shop-tn-b-r-automotive-diesel-mach-knoxville.html,B & R Automotive & Diesel Mach,Knoxville,TN,"6542 Chapman Hwy, Knoxville, TN 37920",+18655737109,,35.921354099999995,-83.86239669999999,4.7,61,
shop-tn-bass-ewing-garage-transmission-nashville.html,Bass Ewing Garage & Transmission,Nashville,TN,"3211 Charlotte Ave, Nashville, TN 37209",+16153854168,http://www.ewingbassgarage.com/,36.1526906,-86.82337,4.8,114,Truck specialist|Tire|Engine|Cooling|Trailer|Brakes
shop-tn-beau-rv-mobile-repair-technician-smyrna.html,Beau RV Mobile Repair Technician,Smyrna,TN,"290 Mayfield Dr Unit 494, Smyrna, TN 37167",+16152588378,,35.976959099999995,-86.50638819999999,4.5,39,Roadside
shop-tn-ben-jessie-and-the-mechanix-jackson.html,Ben Jessie and the Mechanix,Jackson,TN,"1650 North Pkwy, Jackson, TN 38301",+17313007221,https://www.facebook.com/BenJessieandtheMechanix/,35.648235299999996,-88.7973403,4.6,100,
shop-tn-best-1-diesel-coach-and-diesel-workz-ashland-city.html,Best 1 Diesel Coach and Diesel Workz,Ashland City,TN,"1088 Tennessee Waltz Pkwy, Ashland City, TN 37015",+16155520530,https://best1dieselcdw.com/,36.279378099999995,-87.0720554,5.0,1,Roadside|24/7|Truck specialist|Engine
shop-tn-best-rate-truck-trailer-repair-jackson.html,Best Rate Truck & Trailer Repair,Jackson,TN,"139 Ragland Rd, Jackson, TN 38305",+17312011843,https://bestratefleetservices.com/,35.6442542,-88.86477839999999,5.0,3,Roadside|24/7|Truck specialist|Reefer|Tire|Engine|Trailer|Brakes|Electrical
shop-tn-best-truck-n-trailer-repair-knoxville.html,Best Truck -N- Trailer Repair,Knoxville,TN,"6221 Old Rutledge Pike, Knoxville, TN 37924",+18656944099,,36.0308066,-83.83981849999999,4.1,7,
shop-tn-blue-compass-rv-knoxville-louisville.html,Blue Compass RV Knoxville,Louisville,TN,"3332 Wrights Ferry Rd, Louisville, TN 37777",+18656813030,https://www.bluecompassrv.com/locations/tennessee/knoxville%3Futm_source%3Dgoogle-gmb%26utm_medium%3Dorganic%26utm_campaign%3Dknoxville,35.8402643,-83.984439,4.5,505,
shop-tn-brothers-24-7-mobile-automotive-repair-memphis.html,Brothers 24/7 Mobile Automotive Repair,Memphis,TN,"5247 Honeywood Ave, Memphis, TN 38118",+19015967155,http://brothers247autorepair.net/,35.058964599999996,-89.8887702,1.0,1,Roadside|24/7
shop-tn-brothers-mobile-tire-service-tire-shop-memphis.html,Brothers Mobile tire service & tire shop,Memphis,TN,"we at third and Mallory, 2157 S Third St, Memphis, TN 38109",+19015029312,,35.088288999999996,-90.0570492,4.6,51,Roadside|24/7
shop-tn-campers-inn-rv-of-knoxville-rv-collision-center-kodak.html,Campers Inn RV of Knoxville RV Collision Center,Kodak,TN,"315 E Dumplin Valley Rd, Kodak, TN 37764",+18654245648,https://www.campersinn.com/knoxville/rv-service,35.9886122,-83.5976713,5.0,6,Roadside|Truck specialist|RV|Tire|Engine|Trailer|Brakes|Electrical
shop-tn-campers-inn-rv-of-knoxville-service-center-knoxville.html,Campers Inn RV of Knoxville Service Center,Knoxville,TN,"835 Huckleberry Springs Rd, Knoxville, TN 37924",+18654245676,https://www.campersinn.com/rv-service,36.004756799999996,-83.7694563,3.3,7,Roadside|Truck specialist|RV|Tire|Engine|Trailer|Brakes
shop-tn-camping-world-rv-service-center-jackson.html,Camping World RV Service Center,Jackson,TN,"48 Miller Ave, Jackson, TN 38305",+18775107785,https://rv.campingworld.com/dealer/jackson-tennessee/rv-service-repair,35.6415362,-88.85843829999999,3.9,40,Roadside|24/7|RV|Engine|Electrical
shop-tn-camping-world-rv-service-kodak-kodak.html,Camping World RV Service - Kodak,Kodak,TN,"210 E Dumplin Valley Rd, Kodak, TN 37764",+18883873452,https://rv.campingworld.com/dealer/kodak-tennessee/rv-service-repair,35.986919,-83.6008822,4.5,4,Roadside|24/7|RV|Tire|Engine|Electrical
shop-tn-camping-world-rv-service-nashville-nashville.html,Camping World RV Service - Nashville,Nashville,TN,"2618 Music Valley Dr, Nashville, TN 37214",+18778272398,https://rv.campingworld.com/dealer/nashville-tennessee/rv-service-repair,36.234405699999996,-86.7052357,3.7,3,Roadside|24/7|RV|Tire|Engine|Electrical
shop-tn-cece-24-7-mobile-tire-repair-memphis.html,CeCe 24/7 Mobile Tire Repair,Memphis,TN,"1258 S Third St, Memphis, TN 38106",+19015135640,https://roadsideassistancetn.com/,35.1132612,-90.0552481,4.2,31,Roadside|24/7
shop-tn-certified-diesel-solutions-knoxville.html,Certified Diesel Solutions,Knoxville,TN,"5320 S National Dr, Knoxville, TN 37914",+18659646598,http://cdspros.com/,35.945214799999995,-83.8271829,5.0,3,Truck specialist|Tire|Engine|Trailer
shop-tn-choate-diesel-solutions-service-repair-accessories-bolivar.html,"Choate Diesel Solutions - Service, Repair, Accessories",Bolivar,TN,"1033 Lake St, Bolivar, TN 38008",+19015539847,http://www.diesel911.com/,35.2490498,-89.0037409,4.2,40,Truck specialist|Engine|Electrical
shop-tn-christian-brothers-automotive-jackson-jackson.html,Christian Brothers Automotive Jackson,Jackson,TN,"2700 N Highland Ave, Jackson, TN 38305",+17319822701,https://www.cbac.com/jackson/%3Futm_source%3DGMB%26utm_medium%3Dorganic%26utm_campaign%3Djackson%26utm_content%3Dwebsite-cta,35.6803684,-88.8296481,4.6,1157,
shop-tn-clarke-power-services-inc-knoxville.html,"Clarke Power Services, Inc.",Knoxville,TN,"1429 Ault Rd, Knoxville, TN 37914",+18656893722,https://www.clarkepowerservices.com/locations/knoxville-tn,36.0108634,-83.8754924,4.2,56,24/7|Truck specialist|Engine
shop-tn-class-8-truck-trailer-repair-jackson.html,Class 8 Truck & Trailer Repair,Jackson,TN,"2203a Hwy 70 E, Jackson, TN 38305",+17314440327,https://www.class8truckandtrailerrepair.com/,35.687517299999996,-88.7375931,4.5,60,Roadside|24/7|Truck specialist|Tire|Trailer|Brakes
shop-tn-clean-diesel-specialists-knoxville-tennessee-jacksboro.html,"Clean Diesel Specialists - Knoxville, Tennessee",Jacksboro,TN,"119 Mt Paran Rd, Jacksboro, TN 37757",+18652799379,https://www.cleandieselspecialists.com/locations/cds-knoxville,36.324716699999996,-84.1704965,,,Roadside|24/7|Truck specialist|Tire|Engine|Cooling|Brakes|Electrical
shop-tn-cml-truck-and-trailer-repair-nashville-2.html,CML Truck and Trailer Repair,Nashville,TN,"2921 Hydes Ferry Rd, Nashville, TN 37218",+16298005995,https://www.cmltruckandtrailerrepair.com/,36.184131199999996,-86.8344657,3.0,5,
shop-tn-cml-truck-and-trailer-repair-nashville.html,CML Truck and Trailer Repair,Nashville,TN,"830 Fesslers Ln, Nashville, TN 37210",+16292069018,https://www.cmltruckandtrailerrepair.com/,36.1372812,-86.7464899,4.3,168,Roadside|24/7|Truck specialist|Tire|Engine|Cooling|Trailer|Brakes|Electrical
shop-tn-coleman-taylor-transmissions-jackson.html,Coleman Taylor Transmissions,Jackson,TN,"117 Airways Blvd, Jackson, TN 38301",+17314247165,https://colemantaylorjackson.com/,35.615702899999995,-88.8247966,4.7,299,Truck specialist|Engine|Cooling
shop-tn-cookeville-rv-and-marine-cookeville.html,Cookeville RV and Marine,Cookeville,TN,"631 Horace Lewis Rd, Cookeville, TN 38506",+19316464678,http://www.cookevillerv.com/,36.1009585,-85.5014183,4.8,1409,Truck specialist|RV|Engine|Trailer
shop-tn-cookeville-trailer-repair-cookeville.html,Cookeville Trailer Repair,Cookeville,TN,"2190 Summerfield Rd, Cookeville, TN 38506",+19315265391,,36.1908394,-85.48371809999999,4.5,30,
shop-tn-cookeville-truck-repair-parts-cookeville.html,Cookeville Truck Repair & Parts,Cookeville,TN,"4200 Old Bridge Rd, Cookeville, TN 38506",+19315206014,,36.1074518,-85.4856866,3.4,10,
shop-tn-crowder-s-diesel-and-performance-lenoir-city.html,Crowder’s Diesel and Performance,Lenoir City,TN,"1431 Old Hwy 95, Lenoir City, TN 37771",+18656358050,https://www.facebook.com/share/1Gf3CTQvXp/%3Fmibextid%3DwwXIfr,35.807511,-84.2842541,4.8,24,
shop-tn-cumberland-chrysler-dodge-jeep-ram-service-center-cookeville.html,Cumberland Chrysler Dodge Jeep Ram Service Center,Cookeville,TN,"1550 Interstate Dr, Cookeville, TN 38501",+19312872973,https://cumberlandchryslercenter.com/service-department/%3Futm_source%3Dgoogle%26utm_medium%3Dorganic%26utm_campaign%3Dgbp%2Bservice%26utm_content%3Dwebsite,36.138329399999996,-85.5249146,4.8,645,
shop-tn-cummins-sales-and-service-knoxville.html,Cummins Sales and Service,Knoxville,TN,"1211 Ault Rd, Knoxville, TN 37914",+18655230446,https://www.cummins.com/sales-and-service%3Futm_source%3DGMB%26utm_medium%3Dyext,36.009323099999996,-83.8743872,4.0,82,
shop-tn-cummins-sales-and-service-nashville.html,Cummins Sales and Service,Nashville,TN,"706 Spence Ln, Nashville, TN 37217",+16153664341,https://www.cummins.com/sales-and-service%3Futm_source%3DGMB%26utm_medium%3Dyext,36.138104,-86.7245464,4.0,100,
shop-tn-custom-springs-trailer-repair-memphis.html,Custom Springs & Trailer Repair,Memphis,TN,"2859 Farrisview Blvd, Memphis, TN 38118",+19013651788,http://custom-springs.com/,35.0761131,-89.9672561,4.8,72,Roadside|Truck specialist|Tire|Trailer
shop-tn-dave-s-mobile-mechanic-llc-knoxville.html,Dave's mobile mechanic llc,Knoxville,TN,"4045 Kingston Pike, Knoxville, TN 37919",+18286780408,http://davesmobilemechanic.shop/,35.9434527,-83.97237779999999,4.8,252,Roadside
shop-tn-david-s-diesel-and-equipment-repair-troy.html,David's Diesel and Equipment Repair,Troy,TN,"580 Ward Rd, Troy, TN 38260",+17313354204,,36.3538116,-89.1384873,4.5,14,24/7
shop-tn-depot-connect-international-psc-memphis.html,Depot Connect International (PSC),Memphis,TN,"1224 Channel Ave, Memphis, TN 38103",+16625518169,https://depotconnect.com/,35.1043555,-90.0949474,4.3,7,Roadside|Truck specialist|Trailer
shop-tn-dunns-fleet-trailer-services-nashville.html,Dunns Fleet & Trailer Services,Nashville,TN,"920 Joseph Ave A, Nashville, TN 37207",+19316248804,http://dunnsfleet.com/,36.188470699999996,-86.77221399999999,3.7,21,24/7
shop-tn-east-tennessee-truck-trailer-repair-knoxville.html,East Tennessee Truck & Trailer Repair,Knoxville,TN,"6221 Old Rutledge Pike, Knoxville, TN 37924",+18656602378,http://truckrepairknoxville.com/,36.030442799999996,-83.8398607,4.5,140,Roadside|24/7|Truck specialist|RV|Tire|Engine|Trailer
shop-tn-elite-diesel-and-fleet-roadside-truck-trailer-and-bus-strawberry-plains.html,Elite Diesel and Fleet Roadside Truck Trailer and Bus,Strawberry Plains,TN,"10211 Mascot Rd, Strawberry Plains, TN 37871",+18653506200,https://rockytopdieselshop.com/,36.0553351,-83.7037165,5.0,4,24/7
shop-tn-elite-trailer-sales-services-nashville.html,Elite Trailer Sales & Services,Nashville,TN,"1800 Linder Industrial Dr, Nashville, TN 37209",+16153508041,http://www.elitetrailernashville.com/,36.169564199999996,-86.8607968,4.4,76,Roadside|Truck specialist|Tire|Engine|Cooling|Trailer|Brakes|Electrical
shop-tn-elite-truck-and-trailer-repair-llc-madison.html,Elite truck and trailer repair LLc,Madison,TN,"1417 Pellican Point, Madison, TN 37115",+16154819738,,36.25311,-86.6725628,3.7,6,24/7
shop-tn-emergency-mobile-tire-service-memphis.html,Emergency Mobile Tire Service,Memphis,TN,"2886 Summer Ave, Memphis, TN 38122",+19015012820,,35.1498722,-89.96490059999999,4.6,37,Roadside|24/7
shop-tn-emission-cooling-solutions-nashville.html,Emission & Cooling Solutions,Nashville,TN,"520 Central Ave, Nashville, TN 37211",+16152511551,http://www.ecspart.com/,36.1142253,-86.7502628,5.0,121,24/7|Truck specialist|Engine|Cooling
shop-tn-fahlbeck-s-mobile-rv-service-medina.html,Fahlbeck's Mobile Rv Service,Medina,TN,"336 West Ave, Medina, TN 38355",+17314205307,,35.8024044,-88.7682943,4.7,87,Roadside
shop-tn-fast-and-easy-mobile-mechanic-llc-nashville.html,FAST AND EASY MOBILE MECHANIC LLC,Nashville,TN,"3712 Clarksville Pike, Nashville, TN 37218",+16158944687,,36.1770389,-86.8224778,4.6,62,Roadside|24/7
shop-tn-fast-cheap-24hr-tire-truck-repair-jackson.html,Fast & cheap 24hr tire & truck repair,Jackson,TN,"104 Cheyenne Dr, Jackson, TN 38305",+17315712972,https://www.facebook.com/profile.php%3Fid%3D100090293889056%26mibextid%3DLQQJ4d,35.6914747,-88.8340066,5.0,8,24/7
shop-tn-fegett-acuff-automotive-services-llc-mobile-mechanic-henderson.html,Fegett & Acuff automotive services LLC mobile mechanic,Henderson,TN,"260 E 2nd St, Henderson, TN 38340",,,35.442169799999995,-88.6363655,4.6,14,Roadside
shop-tn-finley-s-diesel-truck-trailer-repair-murfreesboro.html,Finley's Diesel & Truck & Trailer Repair,Murfreesboro,TN,"547 Mt Herman Rd, Murfreesboro, TN 37127",+16155569494,,35.8254223,-86.3063552,4.9,156,
shop-tn-flacks-automotive-mobile-mechanic-services-we-have-a-100-00-service-char.html,Flacks Automotive Mobile Mechanic Services we have a $100.00 service charge fee all prices have increased,Knoxville,TN,"2100 Western Ave, Knoxville, TN 37921",+18654064153,,35.9674513,-83.9474264,4.1,73,Roadside
shop-tn-fleet-fix-fleet-maintenance-and-auto-repair-nashville.html,Fleet Fix - Fleet Maintenance and Auto Repair,Nashville,TN,"845 Visco Dr, Nashville, TN 37210",+16158406367,http://www.fleetfixtn.com/,36.1577117,-86.7459708,5.0,13,Truck specialist|Tire|Engine|Cooling|Brakes
shop-tn-fleet-services-of-knoxville-knoxville.html,Fleet Services of Knoxville,Knoxville,TN,"1015 Cedarwood St, Knoxville, TN 37914",+18653394904,http://www.fleetservicesknoxville.com/,36.0083152,-83.8770117,4.2,60,Roadside|Truck specialist|Tire
shop-tn-fn-truck-mobile-mechanics-road-service-memphis.html,FN Truck Mobile Mechanics & Road Service,Memphis,TN,"1014 Sledge Ave, Memphis, TN 38104",,,35.1260645,-90.02748659999999,,,Roadside
shop-tn-freight-five-truck-repair-and-24-7-roadside-memphis.html,Freight Five truck repair and 24/7 roadside,Memphis,TN,"5190 E Holmes Rd, Memphis, TN 38118",+19012076940,,35.0063909,-89.8891546,4.6,10,24/7
shop-tn-g-a-equipment-inc-g-a-truck-auto-service-lenoir-city.html,G & A Equipment Inc. / G & A Truck & Auto Service,Lenoir City,TN,"13701 Hickory Creek Rd, Lenoir City, TN 37771",+18659887574,https://gaeq.com/,35.873166999999995,-84.24539,4.8,245,Roadside|24/7|Truck specialist|RV|Tire|Engine|Trailer|Brakes|Electrical
shop-tn-gateway-truck-refrigeration-nashville.html,Gateway Truck & Refrigeration,Nashville,TN,"1120 Foster Ave, Nashville, TN 37210",+16153661923,https://www.gtr.inc/,36.138118399999996,-86.740527,4.6,182,Truck specialist|Reefer|Trailer
shop-tn-general-truck-sales-service-inc-volvo-memphis.html,General Truck Sales & Service Inc. Volvo.,Memphis,TN,"1973 E Brooks Rd, Memphis, TN 38116",+19013453270,http://www.generaltruck.com/,35.059647999999996,-89.9978392,3.8,340,Roadside|24/7|Truck specialist|Reefer|Tire|Trailer
shop-tn-getwell-best-tire-auto-service-road-and-mobile-tire-memphis.html,Getwell best tire &auto service road and mobile tire,Memphis,TN,"4080 New Getwell Rd, Memphis, TN 38118",+19017790479,,35.0372037,-89.93572119999999,4.9,107,Roadside|24/7
shop-tn-global-truck-and-trailer-repair-llc-la-vergne.html,Global Truck and Trailer Repair LLC,La Vergne,TN,"New Sanford Rd, La Vergne, TN 37086",+16158215566,https://globaltruckrepair.net/%3Futm_source%3Dgoogle%26utm_medium%3Dorganic%26utm_campaign%3Dgbp,35.991244699999996,-86.5732359,5.0,51,24/7
shop-tn-golden-circle-tire-and-service-jackson-jackson.html,Golden Circle Tire and Service - Jackson,Jackson,TN,"22 Bond St, Jackson, TN 38301",+17314241512,https://www.goldencircletire.com/%3Futm_source%3Dgmb%26utm_medium%3DYext,35.579247599999995,-88.815929,4.8,530,
shop-tn-greater-tennessee-truck-repair-knoxville.html,Greater Tennessee Truck Repair,Knoxville,TN,"2924 Asbury Rd, Knoxville, TN 37914",+18655236230,,35.9569851,-83.820809,3.6,31,24/7
shop-tn-griffin-s-truck-and-trailer-garage-white-bluff.html,Griffin's Truck and Trailer Garage,White Bluff,TN,"4285 TN-47, White Bluff, TN 37187",+16156519737,http://griffinstruckandtrailergarage.com/,36.096075299999995,-87.2537871,4.2,10,24/7
shop-tn-guardian-auto-repair-jackson-tn-jackson.html,"Guardian Auto Repair - Jackson, TN",Jackson,TN,"964 S Highland Ave, Jackson, TN 38301",+17314232888,http://guardianautorepair.net/contact.htm,35.5904142,-88.8134857,5.0,29,Tire|Engine|Cooling|Electrical
shop-tn-hofker-automotive-diagnostic-knoxville.html,Hofker Automotive Diagnostic,Knoxville,TN,"8323 Chapman Hwy, Knoxville, TN 37920",+18655739171,,35.8991713,-83.8157275,4.8,59,
shop-tn-i-40-truck-and-trailer-repair-dandridge.html,I 40 truck and trailer repair,Dandridge,TN,"1570 Valley Home Rd, Dandridge, TN 37725",+18285505647,http://i40truckandtrailerrepair.com/,36.0648639,-83.39430329999999,4.3,4,24/7
shop-tn-i-75-tire-truck-and-trailer-repair-sweetwater.html,"I-75 Tire, Truck, and Trailer Repair",Sweetwater,TN,"135 Belcher Rd, Sweetwater, TN 37874",+14233338128,https://shekine.github.io/I75TTT/,35.6252709,-84.4918826,4.5,168,Roadside|24/7|Truck specialist|Tire|Engine|Trailer
shop-tn-impact-truck-and-trailer-cookeville.html,Impact Truck and Trailer,Cookeville,TN,"209 Minnear St, Cookeville, TN 38501",+19317171570,https://balancedtruckandauto.com/,36.1460369,-85.5020096,4.7,63,Truck specialist
shop-tn-integrity-auto-diesel-repair-jackson.html,Integrity Auto & Diesel Repair,Jackson,TN,"43 Truck Center Dr, Jackson, TN 38305",+17312981061,https://integrityauto.live/,35.666425499999995,-88.75362349999999,3.8,85,Truck specialist|Engine
shop-tn-intercon-mobile-diesel-mechanic-tire-and-truck-repair-services-memphis.html,Intercon Mobile Diesel Mechanic Tire and Truck Repair Services,Memphis,TN,"2777 Colony Park Dr, Memphis, TN 38118",+19015033146,,35.0731427,-89.9208397,5.0,3,Roadside|24/7
shop-tn-interstate-repair-services-knoxville.html,Interstate Repair Services,Knoxville,TN,"2208 Thorngrove Pike, Knoxville, TN 37914",+18656374986,http://www.interstaterepairservice.com/,35.9734632,-83.8385327,3.7,99,Roadside|24/7|Truck specialist|RV|Tire|Engine|Electrical
shop-tn-interstate-truck-and-trailer-repair-nashville.html,Interstate Truck And Trailer Repair,Nashville,TN,"1514 4th Ave S, Nashville, TN 37210",+15612535891,,36.138431,-86.761522,3.6,121,
shop-tn-j-and-g-auto-diesel-repair-cookeville.html,J and G auto diesel repair,Cookeville,TN,"2485 Fisk Rd, Cookeville, TN 38506",+19318549171,,36.1963892,-85.4799796,4.3,19,
shop-tn-jackson-super-mobile-truck-trailer-jackson.html,Jackson Super Mobile Truck & Trailer,Jackson,TN,"244 W Baltimore St, Jackson, TN 38301",+17314728218,,35.613344399999995,-88.8225554,3.7,3,Roadside|24/7
shop-tn-jackson-trailer-service-inc-jackson.html,Jackson Trailer Service Inc,Jackson,TN,"20 E L. Morgan Dr, Jackson, TN 38305",+17314231533,https://www.jacksontrailerservice.com/,35.668080599999996,-88.7539173,4.5,70,Roadside|Truck specialist|Trailer|Brakes|Electrical
shop-tn-jasper-engines-transmissions-nashville.html,Jasper Engines & Transmissions,Nashville,TN,"1427 Donelson Pike, Nashville, TN 37217",+18008277455,https://www.jasperengines.com/find-an-installer,36.096851,-86.677493,3.5,32,Truck specialist
shop-tn-jay-s-towing-mobile-auto-repair-nashville.html,Jay's Towing & Mobile auto repair,Nashville,TN,"1725 Woodland Pointe Dr, Nashville, TN 37214",+16157150840,,36.1212695,-86.6251638,4.8,42,Roadside|24/7
shop-tn-jazzy-s-auto-and-diesel-repair-cookeville.html,Jazzy's Auto and Diesel Repair,Cookeville,TN,"2435 Fisk Rd, Cookeville, TN 38506",+19318540216,,36.1933262,-85.4798806,5.0,9,
shop-tn-jeff-s-mobile-mechanic-home-repair-henderson.html,Jeff's Mobile Mechanic & Home Repair,Henderson,TN,"342 Steed St, Henderson, TN 38340",+17314356208,http://jeffsmobilemechanicandhomerepair.com/,35.4511445,-88.6340297,,,Roadside|24/7
shop-tn-johnston-diesel-automotive-goodlettsville.html,Johnston Diesel & Automotive,Goodlettsville,TN,"1100 Campbell Rd #4141, Goodlettsville, TN 37072",+16155433333,https://www.johnstondieselauto.com/,36.292949199999995,-86.7342125,4.5,22,
shop-tn-joker-diesel-joker-express-nashville.html,Joker Diesel / Joker Express,Nashville,TN,"317 B Arlington Ave, Nashville, TN 37210",+16159617722,http://jokerdiesel.org/,36.141520799999995,-86.7316785,5.0,55,
shop-tn-junior-s-diesel-repair-llc-la-vergne.html,"Junior's Diesel Repair, LLC",La Vergne,TN,"417 Sand Hill Rd, La Vergne, TN 37086",+16158923355,http://www.jrsdieselrepair.com/,36.0270692,-86.55421729999999,4.6,58,24/7|Truck specialist|Engine
shop-tn-kent-s-on-site-truck-and-trailer-repair-dandridge.html,Kent's On-site Truck and Trailer Repair,Dandridge,TN,"1208 Sellers Rd, Dandridge, TN 37725",+14232485153,,36.0645294,-83.41562979999999,4.9,44,24/7
shop-tn-knox-precision-auto-diesel-repair-knoxville.html,Knox Precision Auto& Diesel Repair,Knoxville,TN,"1710 McCalla Ave, Knoxville, TN 37915",+18653812990,,35.976244,-83.9060418,3.5,2,
shop-tn-knoxville-diesel-truck-trailer-specialists-lenoir-city.html,Knoxville Diesel Truck & Trailer Specialists,Lenoir City,TN,"363 Center Cross Ln, Lenoir City, TN 37771",+18652880899,https://knoxvilledieselrepair.com/,35.872079,-84.2434293,4.6,180,Roadside|24/7|Truck specialist|Engine|Trailer
shop-tn-knoxville-fleet-truck-and-trailer-repair-seymour.html,Knoxville Fleet Truck and Trailer Repair,Seymour,TN,"1322 S Old Sevierville Pike, Seymour, TN 37865",+18658502551,https://www.truckdown.com/search/view-detail/knoxville_fleet_truck_and_trailer_repair__seymour_tn/5e80165d2ce5e300019ca34e,35.8843514,-83.7906168,4.0,63,24/7|Truck specialist|Trailer
shop-tn-knoxville-on-site-truck-repair-knoxville.html,Knoxville On-Site Truck Repair,Knoxville,TN,"4408 Hinton Dr, Knoxville, TN 37921",,,35.9737643,-83.9869609,,,24/7
shop-tn-knoxville-spring-services-knoxville.html,Knoxville Spring Services,Knoxville,TN,"1116 Dutch Valley Dr, Knoxville, TN 37918",+18656870069,,36.0089831,-83.9456403,4.4,60,
shop-tn-kps-truck-and-trailer-repair-jackson.html,KPS Truck and Trailer Repair,Jackson,TN,"58 Truck Center Dr, Jackson, TN 38305",+17316163113,http://kpsrepair.com/,35.665776799999996,-88.75337259999999,4.7,141,Roadside|24/7|Truck specialist|Engine|Cooling|Trailer|Brakes|Electrical
shop-tn-lenoir-city-tn-mobile-truck-repair-lenoir-city.html,Lenoir City TN - Mobile Truck Repair,Lenoir City,TN,"2417 Buttermilk Rd W, Lenoir City, TN 37771",+18653174347,https://lenoircitymobiletruckrepair.com/,35.882947,-84.3449569,4.0,2,Roadside|24/7|Truck specialist|Tire|Electrical
shop-tn-m-d-nashville-formerly-taylor-diesel-of-nashville-nashville.html,M&D - Nashville (formerly Taylor Diesel of Nashville),Nashville,TN,"1120 Elm Hill Pike, Nashville, TN 37210",+16152429550,http://www.taylordiesel.com/,36.144033199999996,-86.7313277,4.1,19,
shop-tn-m-d-of-nashville-formerly-dss-pro-diesel-taylor-diesel-nashville.html,M&D of Nashville (Formerly DSS Pro Diesel & Taylor Diesel),Nashville,TN,"318 Fesslers Ln, Nashville, TN 37210",+16152424072,http://dssprodiesel.com/,36.150124999999996,-86.74237169999999,3.8,40,Truck specialist|Engine
shop-tn-marcus-mobile-mechanic-and-welding-memphis.html,Marcus mobile mechanic and welding,Memphis,TN,"4283 S Third St, Memphis, TN 38109",+19015203901,,35.031638,-90.077517,,,Roadside
shop-tn-meller-truck-and-trailer-repair-mt-juliet.html,Meller truck and trailer repair,Mt. Juliet,TN,"5425 E Division St, Mt. Juliet, TN 37122",+16292796910,,36.1907931,-86.42733249999999,4.7,56,24/7
shop-tn-memphis-24-7-diesel-auto-repair-llc-memphis.html,Memphis 24/7 diesel & Auto Repair LLC,Memphis,TN,"3455 Knight Arnold Rd, Memphis, TN 38118",+19013516366,,35.062322099999996,-89.94837609999999,5.0,3,24/7
shop-tn-memphis-auto-repair-service-inc-memphis.html,Memphis Auto Repair Service Inc,Memphis,TN,"3378 Summer Ave, Memphis, TN 38122",+19013270096,http://www.memphisautorepairserviceinc.com/,35.1495733,-89.94859149999999,4.5,111,Truck specialist|Tire|Engine|Cooling|Electrical
shop-tn-memphis-diesel-truck-tire-repair-memphis.html,Memphis Diesel Truck & Tire Repair,Memphis,TN,"3370 Fontaine Rd, Memphis, TN 38116",+19014825971,,35.056560499999996,-90.0096265,4.8,124,
shop-tn-memphis-on-site-truck-repair-memphis.html,Memphis On-Site Truck Repair,Memphis,TN,"724 N White Station Rd, Memphis, TN 38122",+19015827364,https://truckrepairmemphis.com/,35.1508758,-89.88777859999999,3.0,6,Roadside|24/7|Truck specialist|Tire|Engine|Trailer|Brakes|Electrical
shop-tn-mhc-carrier-transicold-knoxville-knoxville.html,MHC Carrier Transicold - Knoxville,Knoxville,TN,"1400 Ault Rd, Knoxville, TN 37914",+18656379202,https://mhc.com/locations/mhc-carrier-transicold-knoxville,36.0112191,-83.87455849999999,4.5,87,Roadside|24/7|Truck specialist|Reefer|Trailer|Electrical
shop-tn-mid-south-mobile-auto-repair-memphis.html,Mid South Mobile Auto Repair,Memphis,TN,"68 E Fairway Ave, Memphis, TN 38109",+19018645782,,35.0474646,-90.06164749999999,4.4,255,Roadside|24/7
shop-tn-middle-tennessee-roadside-repair-monteagle.html,Middle Tennessee Roadside Repair,Monteagle,TN,"516 Dubose St, Monteagle, TN 37356",+14237502726,,35.2413095,-85.8234652,4.8,117,24/7
shop-tn-mike-flatt-s-auto-truck-services-cookeville.html,Mike Flatt's Auto & Truck Services,Cookeville,TN,"1455 N Washington Ave, Cookeville, TN 38501",+19315285048,,36.181424,-85.4969405,4.4,71,
shop-tn-mobile-auto-repair-pros-of-memphis-memphis.html,Mobile Auto Repair Pros of Memphis,Memphis,TN,"151 N Belvedere Blvd #19, Memphis, TN 38104",+19014019868,https://mobileautorepairpros.com/tn/mobile-mechanic-memphis/,35.1419302,-90.00519,3.1,21,Roadside|Truck specialist|RV|Tire|Engine|Cooling|Brakes|Electrical
shop-tn-mobile-mechanic-memphis-llc-always-imitated-never-duplicated-memphis.html,Mobile Mechanic Memphis LLC Always Imitated Never Duplicated,Memphis,TN,"3540 Summer Ave Ste 321, Memphis, TN 38122",+19014301000,https://mobilemechanicmemphis-llc.com/,35.1497697,-89.9430311,4.2,162,Roadside|24/7|Truck specialist|Engine|Electrical
shop-tn-mobile-mechanic-muscle-music-city-antioch.html,Mobile Mechanic Muscle Music-City,Antioch,TN,"5104 Highlander Dr, Antioch, TN 37013",+16154963900,https://mobilemechanicmusclenearme.com/,36.062608399999995,-86.6629433,4.9,51,Roadside|24/7|Truck specialist|Tire|Engine|Cooling|Brakes|Electrical
shop-tn-mobile-mechs-mobile-mechanic-jackson-tn-pinson.html,"Mobile Mechs - Mobile Mechanic Jackson, Tn",Pinson,TN,"1 Roy Davis Rd, Pinson, TN 38366",+17316080419,http://mobilemechs.com/,35.5128616,-88.7884978,5.0,30,Roadside
shop-tn-mobile-trailer-repair-and-welding-memphis.html,mobile trailer Repair and welding,Memphis,TN,"6451 Ferrell Dr, Memphis, TN 38134",+19016199504,https://www.facebook.com/profile.php%3Fid%3D100014280105201,35.187548,-89.848006,4.9,88,Roadside
shop-tn-mobile-truck-repair-knoxville-knoxville-2.html,Mobile Truck Repair Knoxville,Knoxville,TN,"640 N Gay St, Knoxville, TN 37917",+18654321948,http://mobiletruckrepairknoxville.com/640-n-gay-st-knoxville-tn-37917,35.973828999999995,-83.922848,3.0,3,Roadside|24/7|Truck specialist|Reefer|Trailer|Brakes|Electrical
shop-tn-mobile-truck-repair-knoxville-knoxville.html,Mobile Truck Repair Knoxville,Knoxville,TN,"6508 Deane Hill Dr, Knoxville, TN 37919",+18653516173,http://mobiletruckrepairknoxville.com/,35.9288215,-84.0100361,3.5,19,Roadside|24/7|Truck specialist|Reefer|Trailer|Brakes|Electrical
shop-tn-mobile-truck-repair-memphis-memphis.html,Mobile Truck Repair Memphis,Memphis,TN,"2050 Danielson Pl, Memphis, TN 38114",+19013707588,,35.085438499999995,-89.9937339,5.0,1,Roadside
shop-tn-mobile-truck-repair-of-memphis-memphis.html,Mobile Truck Repair of Memphis,Memphis,TN,"3090 Fontaine Rd, Memphis, TN 38116",,,35.0645096,-90.0085776,,,Roadside
shop-tn-mobile-truck-services-knoxville-knoxville.html,Mobile Truck Services Knoxville,Knoxville,TN,"11560 E Emory Rd, Knoxville, TN 37938",+18652524552,,36.1187533,-83.86885269999999,5.0,1,Roadside|24/7
shop-tn-mobile-truck-trailer-repair-of-knoxville-knoxville.html,Mobile Truck & Trailer Repair of Knoxville,Knoxville,TN,"1608 Maryville Pike, Knoxville, TN 37920",+18654247502,https://knoxvilletrucktrailerrepair.com/,35.9190633,-83.9291267,4.0,4,Roadside|24/7|Truck specialist|Engine|Trailer|Brakes|Electrical
shop-tn-moore-mobile-maintenance-mobile-truck-and-trailer-repair-memphis.html,Moore Mobile Maintenance [Mobile truck and trailer repair],Memphis,TN,"3709 Lamar Ave, Memphis, TN 38118",+19013043048,,35.0627575,-89.94049249999999,4.6,31,Roadside|24/7
shop-tn-music-city-trailer-repair-nashville.html,Music City Trailer Repair,Nashville,TN,"1312 Lebanon Pike, Nashville, TN 37210",+16154546568,http://musiccitytrailerrepair.com/,36.1531804,-86.7283302,4.7,99,Roadside|24/7|Truck specialist|Reefer|Trailer
shop-tn-my-mobile-mechanic-of-memphis-memphis.html,My Mobile Mechanic of Memphis,Memphis,TN,"3582 Lamar Ave, Memphis, TN 38118",+19014370107,https://mymobilemechanic.net/mobile-mechanic-memphis,35.06865,-89.9440008,2.9,10,Roadside|24/7|Truck specialist
shop-tn-nashville-auto-diesel-college-nashville.html,Nashville Auto-Diesel College,Nashville,TN,"2813 Brick Church Pike, Nashville, TN 37207",+18002286232,https://www.nadc.edu/,36.218793,-86.7766259,3.8,381,
shop-tn-nashville-heavy-duty-diesel-truck-trailer-repair-lebanon.html,Nashville Heavy duty diesel truck & trailer repair,Lebanon,TN,"6574 Franklin road, Lebanon, TN 37090",+16152935608,http://dieselrepair5.godaddysites.com/,36.1857317,-86.2684204,5.0,23,24/7|Truck specialist|Engine
shop-tn-nashville-mobile-mechanic-pros-nashville.html,Nashville Mobile Mechanic Pros,Nashville,TN,"904 Curdwood Blvd, Nashville, TN 37216",+16292840630,https://nashvillemobilemechanic.co/%3Futm_source%3Dgmb%26utm_medium%3Dorganic%26utm_campaign%3Dgoogle_business_profile,36.221287,-86.7340191,5.0,7,Roadside
shop-tn-nashville-mobile-truck-and-trailer-repair-nashville.html,Nashville Mobile Truck And Trailer Repair,Nashville,TN,"201 Lafayette St, Nashville, TN 37210",+16292769590,http://nashvillemobiletruckrepair.com/,36.150636899999995,-86.76713199999999,3.8,4,Roadside|24/7|Truck specialist|Tire|Engine|Cooling|Trailer|Brakes|Electrical
shop-tn-nashville-mobile-truck-repair-nashville.html,Nashville Mobile Truck Repair,Nashville,TN,"2623 Brick Church Pike, Nashville, TN 37207",+16159083636,,36.2168814,-86.7804101,,,Roadside|24/7
shop-tn-nashville-spring-service-inc-nashville.html,"Nashville Spring Service, Inc.",Nashville,TN,"216 Omohundro Pl, Nashville, TN 37210",+16152547647,http://nashvillespring.com/,36.1585525,-86.73981429999999,4.9,57,
shop-tn-nashville-truck-and-trailer-road-assistance-nashville.html,Nashville Truck and Trailer Road Assistance,Nashville,TN,"960 Main St, Nashville, TN 37206",+16155841695,https://nashvilletrucktrailerassistance.com/,36.1773749,-86.75275479999999,4.9,36,Roadside|24/7|Truck specialist|Tire|Engine|Trailer|Brakes|Electrical
shop-tn-norf-memphis-mobile-tire-service-truck-trailer-and-automobile-memphis.html,"Norf Memphis Mobile Tire Service (Truck, Trailer, and Automobile)",Memphis,TN,"Firestone Ave, Memphis, TN 38107",+19017419679,,35.1745179,-90.0249834,,,Roadside|24/7
shop-tn-otw-truck-and-trailer-repairs-memphis.html,OTW Truck and trailer repairs,Memphis,TN,"4433 Millbranch Rd, Memphis, TN 38116",+19015841264,,35.0272583,-90.00752299999999,5.0,1,24/7
shop-tn-patriot-mobile-auto-repair-cookeville.html,Patriot Mobile Auto Repair,Cookeville,TN,"245 Windsor Dr, Cookeville, TN 38506",+19312675570,,36.1166171,-85.5244075,4.8,104,Roadside
shop-tn-performance-trailer-repair-inc-memphis.html,Performance Trailer Repair Inc.,Memphis,TN,"3328 Gemini Dr, Memphis, TN 38109",+19016052587,,35.0581051,-90.05187029999999,3.7,3,
shop-tn-pinkston-beard-diesel-truck-repair-memphis.html,Pinkston Beard Diesel Truck Repair,Memphis,TN,"3265 Tulane Rd, Memphis, TN 38116",+19013466697,,35.059581699999995,-90.0463333,4.0,38,
shop-tn-post-onsite-tank-testing-repair-knoxville.html,Post Onsite Tank Testing & Repair,Knoxville,TN,"2600 Middlebrook Pike, Knoxville, TN 37921",+18655234067,https://postonsite.com/,35.9631156,-83.9532775,4.6,72,24/7|Truck specialist|Trailer
shop-tn-premier-truck-trailer-services-nashville.html,Premier Truck & Trailer Services,Nashville,TN,"1720 Ed Temple Blvd, Nashville, TN 37208",+16156874175,,36.178308799999996,-86.82385099999999,4.3,24,
shop-tn-professional-mobile-rv-service-llc-walling.html,"Professional Mobile RV Service, LLC",Walling,TN,"152 W D White Rd, Walling, TN 38587",+19316500736,http://www.promrvs.com/,35.9184155,-85.5820925,5.0,15,Roadside|24/7|RV|Engine|Cooling|Electrical
shop-tn-proficient-same-day-mobile-brake-service-memphis.html,Proficient Same-Day Mobile Brake service,Memphis,TN,"1705 Myrna Ln, Memphis, TN 38117",+19018592254,https://book.squareup.com/appointments/wlt5a8868lzi66/location/L602H6MHJZJNK/services,35.0851077,-89.9063929,4.8,35,Roadside
shop-tn-quality-mobile-tire-service-nashville-24-7-nashville.html,Quality Mobile Tire Service Nashville – 24/7,Nashville,TN,"1803 Clarksville Pike, Nashville, TN 37208",+16156300674,https://www.quality-tire-mobile-service.com/,36.1827944,-86.8123274,4.9,53,Roadside|24/7|Tire
shop-tn-ralphs-mobile-rv-repair-service-jackson.html,Ralphs Mobile RV repair service,Jackson,TN,"2171 Hwy 70 E, Jackson, TN 38305",+17314673049,http://ralphsmobilervrepair.com/,35.6850494,-88.7398159,4.9,94,Roadside|RV
shop-tn-rayj-s-commercial-tire-service-trailer-repair-memphis.html,RayJ's Commercial Tire Service & Trailer Repair,Memphis,TN,"3152 Beechrun Cove, Memphis, TN 38128",+19013146590,,35.2116909,-89.9268927,4.9,34,
shop-tn-reeder-truck-and-rv-center-knoxville.html,Reeder Truck and RV Center,Knoxville,TN,"4301 Clinton Hwy, Knoxville, TN 37912",+18656877711,,35.9987509,-83.96472659999999,4.6,14,
shop-tn-renegade-truck-repair-refrigeration-clarksville.html,Renegade Truck Repair & Refrigeration,Clarksville,TN,"102 Hampton Station Rd, Clarksville, TN 37040",+16155688895,https://renegadetruckrepair.com/,36.6192017,-87.23470259999999,4.8,20,Roadside|24/7|Truck specialist|Reefer
shop-tn-reyes-mobile-mechanic-service-memphis.html,Reyes mobile mechanic service,Memphis,TN,"Near 5738-5670 Ferguson Rd, Bartlett, Memphis, TN 38134",+19015023867,,35.2010618,-89.8724439,5.0,8,Roadside|24/7
shop-tn-rick-s-mobile-trailer-rv-service-livingston.html,Rick's Mobile Trailer & RV Service,Livingston,TN,"205 Hollis Stockton Ln, Livingston, TN 38570",+19313571750,,36.326806,-85.2845971,5.0,8,Roadside
shop-tn-robert-cole-truck-and-trailer-repair-memphis.html,robert cole truck and trailer repair,Memphis,TN,"2100 Elvis Presley Blvd, Memphis, TN 38106",+19018337647,,35.0879724,-90.01789529999999,5.0,10,
shop-tn-roberts-mobile-mechanics-mobile-auto-repair-and-mobile-mechanic-in-nashv.html,"Roberts Mobile Mechanics | Mobile Auto Repair and Mobile Mechanic in Nashville, TN",Nashville,TN,"504 Raymond St, Nashville, TN 37211",+16153941831,https://www.robertsmobilemechanics.com/%3Futm_source%3DGBP_listing%26utm_medium%3DDigital_Domination,36.1499448,-86.82652039999999,4.4,145,Roadside|24/7
shop-tn-rocky-top-mobile-rv-service-llc-knoxville.html,"Rocky Top Mobile RV Service, LLC",Knoxville,TN,"5200 Oakhill Dr, Knoxville, TN 37912",+14122161528,https://www.rockytopmobilervservice.com/,35.9931543,-83.982218,3.3,8,Roadside|RV|Electrical
shop-tn-rt-clapp-automotive-a-main-street-auto-shop-knoxville.html,RT Clapp Automotive - a Main Street Auto shop,Knoxville,TN,"2045 E Magnolia Ave, Knoxville, TN 37917",+18652135577,https://mainstreetauto.com/location/rt-clapp-automotive/,35.981076099999996,-83.9026698,4.4,371,Roadside|Truck specialist|Tire|Engine|Brakes|Electrical
shop-tn-rush-national-tire-and-truck-repair-nashville.html,Rush National Tire and Truck Repair,Nashville,TN,"2325 Dickerson Pike, Nashville, TN 37207",+19018492276,https://rntmobilerepair.wixsite.com/rush-national,36.208134799999996,-86.7670112,5.0,6,Roadside|24/7|Truck specialist|Tire
shop-tn-rush-truck-centers-memphis-west-collision-center-memphis.html,Rush Truck Centers - Memphis West Collision Center,Memphis,TN,"1650 E Brooks Rd, Memphis, TN 38116",+19019698500,https://www.rushtruckcenters.com/locations/11060001-memphis-west%3Futm_source%3Dgoogle%26utm_medium%3Dorganic%26utm_campaign%3Dgmb-memphis-west-collision,35.062598699999995,-90.00870979999999,4.8,12,Roadside
shop-tn-rush-truck-centers-nashville-central-nashville.html,Rush Truck Centers - Nashville Central,Nashville,TN,"727 Fesslers Ln, Nashville, TN 37210",+16292958035,https://www.rushtruckcenters.com/locations/11080000-nashville-central%3Futm_source%3Dgoogle%26utm_medium%3Dorganic%26utm_campaign%3Dgmb-nashville-central-main,36.141267299999996,-86.74644719999999,5.0,4,
shop-tn-rush-truck-centers-nashville-service-smyrna.html,Rush Truck Centers - Nashville Service,Smyrna,TN,"900 Expo Dr, Smyrna, TN 37167",+16152207600,https://www.rushtruckcenters.com/locations/11010000-nashville%3Futm_source%3Dgoogle%26utm_medium%3Dorganic%26utm_campaign%3Dgmb-nashville-service,35.976601099999996,-86.57619,5.0,2,Roadside|24/7|Truck specialist|RV|Tire|Engine|Cooling|Trailer|Brakes
shop-tn-rv-ambulance-mobile-repair-lenoir-city.html,Rv Ambulance Mobile Repair,Lenoir City,TN,"7502 Jackson Bend Rd lot 26, Lenoir City, TN 37772",+18656072218,https://www.facebook.com/profile.php%3Fid%3D100086725457456,35.7601862,-84.2359362,4.3,19,Roadside
shop-tn-ryder-truck-maintenance-shop-knoxville.html,Ryder Truck Maintenance Shop,Knoxville,TN,"Maintenance Suite, 7509 Strawberry Plains Pike, Knoxville, TN 37924",+18656370591,https://ryder.com/locations/USA/TN/KNOXVILLE/1247%3Futm_source%3Dlocal,36.0078852,-83.77176519999999,4.5,47,Truck specialist|Reefer|Trailer
shop-tn-schmidt-s-marine-rv-services-mt-juliet.html,Schmidt's Marine & RV Services,Mt. Juliet,TN,"6410 Couchville Pike, Mt. Juliet, TN 37122",+16159844170,,36.0718685,-86.4701223,4.8,38,
shop-tn-service-street-tire-auto-repair-knoxville.html,Service Street Tire & Auto Repair,Knoxville,TN,"7601 Maynardville Pike, Knoxville, TN 37938",+18655649141,https://www.servicestreettennessee.com/knoxville%3Futm_source%3Dgoogle%26utm_medium%3Dorganic%26utm_campaign%3Dgbp-listing-store_9300,36.0939848,-83.9184791,4.5,582,
shop-tn-service-tire-truck-tire-alignment-experts-nashville.html,Service Tire-Truck Tire & Alignment Experts,Nashville,TN,"81 Fesslers Ln, Nashville, TN 37210",+16152448473,http://www.servtire.com/,36.1575947,-86.74414379999999,4.4,113,Roadside|Truck specialist|Tire
shop-tn-sh-truck-repair-mobile-service-only-knoxville.html,SH Truck Repair MOBILE SERVICE ONLY,Knoxville,TN,"300 Wilona Ln, Knoxville, TN 37922",+18653157611,,35.9048607,-84.1271251,5.0,198,Roadside
shop-tn-smoky-mountain-diesel-performance-knoxville.html,Smoky Mountain Diesel Performance,Knoxville,TN,"6431 Rutledge Pike, Knoxville, TN 37924",+18658037811,https://www.smokymountaindiesel.com/,36.0397937,-83.832366,4.5,73,
shop-tn-southern-fleet-repair-logistics-llc-nashville.html,"Southern Fleet Repair & Logistics, LLC",Nashville,TN,"2620 Locust St, Nashville, TN 37207",+16158387799,https://southernfleet.repair/,36.2134699,-86.77001399999999,4.6,11,
shop-tn-specialized-truck-repair-24-7-roadside-truck-repair-nashville.html,Specialized Truck Repair - 24/7 Roadside Truck Repair,Nashville,TN,"70 Fesslers Ln, Nashville, TN 37210",+16158789744,http://strfleet.com/,36.157326,-86.74336799999999,1.0,2,Roadside|24/7|Truck specialist|Tire|Engine|Trailer|Brakes|Electrical
shop-tn-specialized-truck-repair-kingston-springs.html,Specialized Truck Repair,Kingston Springs,TN,"155 Petro Rd, Kingston Springs, TN 37082",+16153781600,https://www.specializedtruckrepair.com/,36.083202299999996,-87.0924296,4.0,89,Roadside|24/7|Truck specialist|RV|Tire|Engine|Cooling|Trailer|Brakes|Electrical
shop-tn-state-line-inspection-and-repair-portland.html,State Line Inspection and Repair,Portland,TN,"176 W Harper Rd, Portland, TN 37148",+16157758272,https://www.statelineinspectionandrepair.com/,36.567257399999995,-86.5708823,4.8,23,Roadside|24/7|Truck specialist|Tire|Engine|Brakes|Electrical
shop-tn-steadfast-rv-inspections-and-repair-service-hendersonville.html,Steadfast RV Inspections and Repair Service,Hendersonville,TN,"204 Raindrop Ln, Hendersonville, TN 37075",+16154155757,http://www.steadfastrvservice.com/,36.329261599999995,-86.6084094,5.0,51,Roadside|RV|Tire|Electrical
shop-tn-stepp-s-mobile-rv-service-mt-juliet.html,Stepp's mobile rv service,Mt. Juliet,TN,"TN-1, Mt. Juliet, TN 37122",+16156911335,https://steppsmobilervservice.com/,36.2000464,-86.5180767,5.0,65,Roadside
shop-tn-steve-s-mobile-mechanic-llc-memphis.html,Steve's mobile mechanic llc,Memphis,TN,"696 S Prescott St, Memphis, TN 38111",+19016908484,,35.1125846,-89.9487565,1.0,1,Roadside
shop-tn-steve-s-truck-repair-shop-covington.html,Steve's Truck Repair Shop,Covington,TN,"680 Hope St, Covington, TN 38019",+19016163124,,35.571753,-89.635751,4.5,39,24/7
shop-tn-surwic-trailer-hitch-co-inc-memphis.html,Surwic Trailer Hitch Co Inc,Memphis,TN,"2146 Elvis Presley Blvd, Memphis, TN 38106",+19019462931,https://www.surwictrailerhitch.com/,35.086736099999996,-90.0178858,4.7,134,Roadside|Truck specialist|RV|Trailer|Brakes
shop-tn-tag-truck-center-jackson-tn-jackson.html,"TAG Truck Center Jackson, TN",Jackson,TN,"3655 Ridgecrest Road Ext, Jackson, TN 38305",+17314233782,https://www.tntxtruck.com/Locations/Tennessee/Jackson,35.677078099999996,-88.7514946,4.3,434,Truck specialist|RV|Cooling|Trailer
shop-tn-taylor-diesel-of-jackson-an-m-d-company-jackson.html,"Taylor Diesel of Jackson, an M&D Company",Jackson,TN,"724-D Airways Blvd, Jackson, TN 38301",+17314270856,http://taylordiesel.com/,35.6179096,-88.85659659999999,4.3,24,
shop-tn-taylor-diesel-of-memphis-an-m-d-company-memphis.html,"Taylor Diesel of Memphis, an M&D Company",Memphis,TN,"2864 Directors Cove, Memphis, TN 38132",+19019484467,https://taylordiesel.com/contact-us/contact-us-memphis-tn/,35.0666198,-89.9907379,4.5,25,
shop-tn-tdt-automotive-diesel-towing-baxter.html,"TDT Automotive, Diesel, & Towing",Baxter,TN,"175 Fast Ln, Baxter, TN 38544",+19316440233,,36.1383235,-85.63353529999999,4.3,55,
shop-tn-tennessee-diesel-repair-llc-oliver-springs.html,Tennessee Diesel Repair LLC,Oliver Springs,TN,"621 E Tri County Blvd, Oliver Springs, TN 37840",+18654078122,,36.0317169,-84.3264014,5.0,15,
shop-tn-tennessee-truck-trailer-repair-murfreesboro.html,Tennessee Truck & Trailer Repair,Murfreesboro,TN,"702 Riviera Dr, Murfreesboro, TN 37130",+12707990142,https://tntt.repair/,35.828907799999996,-86.3708674,3.5,50,24/7
shop-tn-the-peterbilt-store-knoxville-knoxville.html,The Peterbilt Store - Knoxville,Knoxville,TN,"5218 Rutledge Pike, Knoxville, TN 37924",+18655469553,https://www.thepetestore.com/w/knoxville-tn,36.0180279,-83.8577207,4.3,383,
shop-tn-thompson-truck-group-trailer-parts-services-knoxville.html,Thompson Truck Group Trailer Parts & Services,Knoxville,TN,"4801 Rutledge Pike #3228, Knoxville, TN 37914",+18655469781,https://www.thompsontruckgroup.com/,36.0135936,-83.86675939999999,4.3,60,Roadside|24/7|Truck specialist|Reefer|Trailer
shop-tn-titan-trailer-repair-and-sales-knoxville.html,Titan Trailer Repair and Sales,Knoxville,TN,"3621 Pleasant Ridge Rd, Knoxville, TN 37921",+18655008171,,35.9768914,-83.97282609999999,4.7,55,
shop-tn-tj-mobile-automotive-repairs-memphis.html,TJ Mobile Automotive Repairs,Memphis,TN,"2636 Lamar Ave, Memphis, TN 38114",+19013038389,,35.0991527,-89.9744705,4.7,73,Roadside|24/7
shop-tn-tnt-heavy-truck-and-trailer-repair-24hr-mobile-knoxville.html,TNT HEAVY TRUCK AND TRAILER REPAIR . 24hr MOBILE,Knoxville,TN,"7220 Asheville Hwy, Knoxville, TN 37924",+18652435773,,36.019906299999995,-83.7897895,4.5,189,Roadside|24/7
shop-tn-trailer-sales-of-memphis-inc-memphis.html,Trailer Sales of Memphis Inc,Memphis,TN,"3394 Fontaine Rd, Memphis, TN 38116",+19013980133,http://www.tsomemphis.com/,35.056177,-90.0100355,4.8,36,Trailer
shop-tn-trailer-specialists-of-knoxville-llc-knoxville.html,"Trailer Specialists of Knoxville, LLC",Knoxville,TN,"8724 Rutledge Pike, Knoxville, TN 37924",+18652197294,http://www.trailerspecialist.net/,36.071667,-83.7723225,4.5,100,Truck specialist|Trailer
shop-tn-tri-county-auto-fleet-services-knoxville.html,Tri County Auto Fleet Services,Knoxville,TN,"119 Stone Rd SW, Knoxville, TN 37920",+18655778888,https://www.tricountyautofleet.com/,35.9226032,-83.8989095,4.9,19,Truck specialist|Engine|Cooling|Brakes
shop-tn-tri-state-thermo-king-memphis-memphis.html,Tri-State Thermo King - Memphis,Memphis,TN,"1420 Stonebrook Ave, Memphis, TN 38116",+19013327344,http://www.tstk.com/,35.0660865,-90.0162988,4.5,321,Roadside|24/7|Truck specialist|Reefer|Engine|Trailer
shop-tn-truck-trailer-repair-memphis-memphis.html,Truck & Trailer Repair Memphis,Memphis,TN,"819 Chelsea Ave, Memphis, TN 38107",+19014463163,https://www.memphismobiletruckrepairs.com/,35.1658691,-90.02989939999999,5.0,3,Roadside|24/7|Truck specialist|Engine|Cooling|Trailer|Brakes|Electrical
shop-tn-united-diesel-power-truck-repair-memphis.html,United Diesel Power - Truck Repair,Memphis,TN,"778 E Brooks Rd, Memphis, TN 38116",+19016194344,https://uniteddieselpower.com/,35.0622764,-90.0381314,3.9,358,Roadside|24/7|Truck specialist|RV|Reefer|Engine|Trailer|Brakes
shop-tn-united-truck-repair-of-nashville-nashville.html,United Truck Repair of Nashville,Nashville,TN,"477 McNally Dr, Nashville, TN 37211",,,36.092225299999996,-86.74423039999999,,,
shop-tn-utilities-equipment-company-memphis.html,Utilities Equipment Company,Memphis,TN,"3990 Runway Rd, Memphis, TN 38118",+19013625910,http://www.ueco.pro/,35.039736,-89.967124,4.9,15,
shop-tn-vengeance-automotive-diesel-nashville.html,Vengeance Automotive & Diesel,Nashville,TN,"2700 Couchville Pike, Nashville, TN 37217",+16155930084,https://www.facebook.com/VengeanceAutoDiesel,36.1131338,-86.6356575,4.8,41,
shop-tn-vince-truck-and-trailer-repair-cordova.html,Vince Truck and Trailer Repair,Cordova,TN,"Roadside, Cordova, TN 38018",+19016972444,,35.142857299999996,-89.7384182,3.0,2,24/7
shop-tn-volunteer-international-truck-dealership-jackson.html,Volunteer International Truck Dealership,Jackson,TN,"626 Airways Blvd, Jackson, TN 38301",+17314223411,http://www.volunteerintl.com/,35.617125699999995,-88.84615629999999,4.5,98,Truck specialist|Engine
shop-tn-walker-s-diesel-services-cookeville.html,Walker's Diesel Services,Cookeville,TN,"1004 Humble Dr, Cookeville, TN 38501",+19315288555,,36.1401288,-85.524534,4.5,35,
shop-tn-welltek-auto-electrical-diagnostics-nashville.html,Welltek Auto Electrical Diagnostics,Nashville,TN,"708 Poplar Ave, Nashville, TN 37210",+16157365604,https://welltekautodiagnostics.com/,36.1420376,-86.72985829999999,4.8,242,Truck specialist|Electrical
shop-tn-westside-automotive-center-knoxville.html,Westside Automotive Center,Knoxville,TN,"4401 Papermill Dr NW, Knoxville, TN 37909",+18652125524,,35.9531525,-83.9833702,4.6,94,
shop-tn-wrights-diesel-repair-and-service-llc-hendersonville.html,Wrights Diesel Repair and Service LLC,Hendersonville,TN,"1068 Lavern Cir, Hendersonville, TN 37075",+16154958364,,36.3331582,-86.5564438,4.4,19,
shop-tn-wyatt-johnson-ford-service-nashville.html,Wyatt Johnson Ford Service,Nashville,TN,"646 Thompson Ln Ste B, Nashville, TN 37204",+16152443615,https://www.wyattjohnsonford.com/Schedule-Service.html%3Futm_source%3DGMB%26utm_medium%3Dorganic%26utm_campaign%3DGMB%2520Service,36.112075399999995,-86.7568004,4.6,1860,Roadside|Tire
shop-tn-yancey-s-lift-truck-services-jackson.html,Yancey's Lift Truck Services,Jackson,TN,"129 Anglin Ln, Jackson, TN 38301",+17314218866,,35.6115004,-88.9078689,4.7,3,
shop-tx-a-a-road-service-truck-repair-amarillo.html,A & A Road Service-Truck Repair,Amarillo,TX,"218 N Grand St, Amarillo, TX 79107",+18066779682,,35.213071,-101.7950539,4.4,102,24/7
shop-tx-a-s-truck-trailer-repair-24hr-road-call-service-amarillo.html,A's Truck & Trailer Repair (24hr road call service),Amarillo,TX,"2810 SE 3rd Ave, Amarillo, TX 79104",+18066267351,,35.2070212,-101.8051493,5.0,16,
shop-tx-adelina-truck-trailer-repair-shop-amarillo.html,Adelina Truck & Trailer Repair Shop,Amarillo,TX,"2438 S Pullman Rd, Amarillo, TX 79118",+18065477777,https://www.adelinatruckandtrailerrepair.com/,35.1880587,-101.7076507,4.4,312,
shop-tx-amarillo-super-mobile-truck-repair-amarillo.html,Amarillo Super Mobile Truck Repair,Amarillo,TX,"2618 Linda Dr, Amarillo, TX 79109",+18062568827,http://amarillotxmobiletruckrepair.com/,35.1854338,-101.8775458,5.0,2,Roadside|24/7|Truck specialist|Reefer|Tire|Engine|Trailer|Brakes|Electrical
shop-tx-amarillo-trailer-tech-solutions-amarillo.html,Amarillo Trailer Tech Solutions,Amarillo,TX,"8000 E Loop 335 N, Amarillo, TX 79108",+18063168401,,35.2641638,-101.7473072,,,
shop-tx-american-equipment-trailer-amarillo.html,American Equipment & Trailer,Amarillo,TX,"610 N Grand St, Amarillo, TX 79107",+18063838831,http://www.americantrailer.com/,35.2185224,-101.7945062,4.8,46,Truck specialist|Reefer|Trailer|Brakes
shop-tx-baldwin-truck-trailer-repair-amarillo.html,Baldwin Truck & Trailer Repair,Amarillo,TX,"7600 I-40, Amarillo, TX 79118",+18063507700,http://baldwintruckandtrailer.net/,35.1918858,-101.75325219999999,4.3,270,Truck specialist|RV|Reefer|Trailer
shop-tx-big-tex-trailer-world-amarillo-amarillo.html,Big Tex Trailer World - Amarillo,Amarillo,TX,"1100 S Manhattan St, Amarillo, TX 79104",+18066961500,https://www.bigtextrailerworld.com/locations/amarillo/%3Futm_source%3Dgoogle%26utm_medium%3Dorganic%26utm_campaign%3Dgmb%26utm_content%3Damarillotx,35.198969999999996,-101.80489399999999,4.8,203,
shop-tx-bomb-city-performance-engines-amarillo.html,Bomb City Performance Engines,Amarillo,TX,"108 S Crockett St, Amarillo, TX 79106",+18065701123,https://www.facebook.com/BombCityPerformanceEngines/,35.2149533,-101.85626409999999,5.0,7,
shop-tx-coolhorse-trailer-and-rv-service-and-repair-center-amarillo.html,Coolhorse Trailer and RV Service and Repair Center,Amarillo,TX,"6951 Bell St, Amarillo, TX 79109",+18064689121,https://www.coolhorse.com/pages/horse-trailer-trailer-repair-in-amarillo-texas-coolhorse,35.134981499999995,-101.9004453,4.6,15,Roadside|Truck specialist|RV|Tire|Trailer|Brakes|Electrical
shop-tx-dan-s-mobile-diesel-service-amarillo.html,Dan's Mobile Diesel Service,Amarillo,TX,"4413 SE 22nd Ave, Amarillo, TX 79103",+18065842266,,35.190460099999996,-101.7847572,4.2,72,Roadside|24/7
shop-tx-darrels-garage-equipment-sales-amarillo.html,Darrels Garage & Equipment Sales,Amarillo,TX,"8351 E Amarillo Blvd, Amarillo, TX 79107",+18063837979,http://www.derrellsgarage.com/,35.224386599999995,-101.7438104,4.5,108,Roadside|Truck specialist|RV|Tire|Engine|Trailer|Brakes
shop-tx-dhillon-brothers-tires-road-service-amarillo.html,Dhillon & Brothers-Tires/Road service,Amarillo,TX,"10601 E Interstate 40 Hwy, Amarillo, TX 79118",+18065919112,https://www.dhillonandbrothers.com/,35.1937857,-101.7153543,4.6,23,Roadside|24/7|Truck specialist|Tire|Cooling|Trailer|Brakes
shop-tx-evergreen-truck-trailer-repair-amarillo-punjabi-hindi-repair-shop-amaril.html,EVERGREEN TRUCK & TRAILER REPAIR AMARIllO Punjabi Hindi repair shop,Amarillo,TX,"4701 SE 25th Ave, Amarillo, TX 79103",+18066461048,,35.1878551,-101.7799108,4.6,43,24/7
shop-tx-family-camping-service-center-inc-amarillo.html,Family Camping Service Center Inc,Amarillo,TX,"13600 I-27, Amarillo, TX 79119",+18066220441,http://famcampserv.com/,35.0694444,-101.92,4.7,107,Truck specialist|RV|Cooling
shop-tx-g-m-farnsworth-transmissions-amarillo.html,G & M Farnsworth Transmissions,Amarillo,TX,"4410 Canyon Dr, Amarillo, TX 79109",+18063588119,http://gandmtransmissions.com/,35.1668796,-101.8706698,4.9,50,Engine
shop-tx-gossett-garage-truck-accessories-tires-amarillo.html,Gossett Garage Truck Accessories & Tires,Amarillo,TX,"5135 S Western St, Amarillo, TX 79109",+18065133528,http://www.gossettgarage.com/,35.1528071,-101.8827785,5.0,212,Truck specialist|Tire
shop-tx-happy-wrench-s-auto-diesel-mobile-mechanic-llc-amarillo.html,Happy Wrench’s Auto & Diesel Mobile Mechanic LLC,Amarillo,TX,"5220 Amarillo St, Amarillo, TX 79108",+18062316950,https://www.happywrenchs.com/,35.2642076,-101.8105915,4.7,14,Roadside|24/7|Tire
shop-tx-high-plains-tire-diesel-service-amarillo.html,High Plains Tire & Diesel Service,Amarillo,TX,"5650 Interstate 40 Access Rd, Amarillo, TX 79103",+18062202200,,35.1917541,-101.7721164,3.8,107,
shop-tx-iron-s-diesel-truck-repair-amarillo.html,Iron's Diesel Truck Repair,Amarillo,TX,"16213 FM2575, Amarillo, TX 79108",+13235616636,,35.2232135,-101.6475916,5.0,1,24/7
shop-tx-j-m-truck-auto-body-repair-amarillo.html,J & M Truck & Auto Body Repair,Amarillo,TX,"10508 Interstate 40 Access Rd, Amarillo, TX 79118",+18063359955,,35.185918699999995,-101.7138689,4.3,17,
shop-tx-journey-trucking-mobile-tire-and-repair-amarillo.html,Journey Trucking Mobile Tire and Repair,Amarillo,TX,"8000 E Loop 335 N, Amarillo, TX 79108",+18066784018,,35.2641063,-101.7473215,4.7,15,Roadside|24/7
shop-tx-king-country-trailer-service-amarillo.html,King Country Trailer & Service,Amarillo,TX,"2101 South, FM1912, Amarillo, TX 79118",+18066055464,https://kingcountrytrailer.com/%3Fpage_id%3D311,35.1907539,-101.652214,4.6,227,
shop-tx-mobile-truck-repair-amarillo-amarillo.html,Mobile Truck Repair Amarillo,Amarillo,TX,"1625 Dumas Dr, Amarillo, TX 79107",+18065135623,https://www.amarillomobiletruckrepair.com/,35.231580799999996,-101.83193949999999,5.0,2,Roadside|24/7|Truck specialist|Engine|Cooling|Trailer|Brakes|Electrical
shop-tx-panhandle-diesel-performance-amarillo.html,Panhandle Diesel Performance,Amarillo,TX,"2951 Beacon Rd, Amarillo, TX 79118",+18065762502,https://panhandledieseltx.com/,35.1009569,-101.86894079999999,4.9,78,Truck specialist|Engine
shop-tx-panhandle-performance-engines-amarillo.html,Panhandle Performance Engines,Amarillo,TX,"4627 River Rd, Amarillo, TX 79108",+18063731322,,35.2576965,-101.8316662,4.8,11,
shop-tx-pro-tune-auto-diesel-performance-amarillo.html,Pro Tune Auto & Diesel Performance,Amarillo,TX,"17601 Indian Hill Rd, Amarillo, TX 79124",+18066991022,,35.191652999999995,-102.0460677,4.4,19,
shop-tx-r-taylor-sons-auto-repair-formerly-bucks-garage-amarillo.html,R Taylor & Sons Auto Repair (Formerly Bucks Garage),Amarillo,TX,"2709 Mockingbird Ln, Amarillo, TX 79109",+18062312429,http://rtaylorsonsautorepair.com/,35.182348499999996,-101.86755029999999,5.0,23,
shop-tx-reasonable-auto-trailer-repair-amarillo.html,Reasonable Auto & Trailer Repair,Amarillo,TX,"645 W Plantation Rd, Amarillo, TX 79118",+18062235462,https://reasonable-auto-and-trailer-re-yafz0.zensmb.com/,35.0694839,-101.8421539,5.0,21,
shop-tx-reyna-s-mobile-mechanic-tire-amarillo.html,Reyna's Mobile Mechanic & Tire,Amarillo,TX,"1000 N Grant St, Amarillo, TX 79107",+18066393680,http://www.reynasmobilemt.com/,35.2242859,-101.82492789999999,4.8,76,Roadside|24/7|Truck specialist|Tire
shop-tx-ron-hoover-rv-marine-of-amarillo-amarillo.html,Ron Hoover RV & Marine of Amarillo,Amarillo,TX,"13301 I-27, Amarillo, TX 79119",+18063185544,https://www.ronhooverrvs.com/,35.0714529,-101.9176245,4.6,224,Truck specialist|RV|Tire|Engine|Trailer
shop-tx-rush-truck-centers-amarillo-service-amarillo.html,Rush Truck Centers - Amarillo Service,Amarillo,TX,"8000 I-40, Amarillo, TX 79118",+18067316600,https://www.rushtruckcenters.com/locations/10250000-amarillo%3Futm_source%3Dgoogle%26utm_medium%3Dorganic%26utm_campaign%3Dgmb-amarillo-service,35.1918988,-101.75205129999999,1.0,1,
shop-tx-sandoval-s-roadside-service-amarillo.html,Sandoval's Roadside Service,Amarillo,TX,"7900 E Loop 335 N, Amarillo, TX 79108",+14324889607,,35.2642301,-101.7480552,3.7,62,24/7
shop-tx-shorty-s-bear-safety-services-inc-amarillo.html,Shorty's Bear Safety Services Inc,Amarillo,TX,"2801 S Osage St, Amarillo, TX 79103",+18063722126,,35.1842852,-101.8127643,4.5,179,
shop-tx-speedco-truck-lube-and-tires-amarillo.html,Speedco Truck Lube and Tires,Amarillo,TX,"10000 E Interstate 40 Hwy, Amarillo, TX 79118",+18063351200,https://www.loves.com/locations/901,35.1906623,-101.72139729999999,3.7,870,
shop-tx-taylor-diesel-of-amarillo-an-m-d-company-amarillo.html,"Taylor Diesel of Amarillo, an M&D Company",Amarillo,TX,"4816 SE 22nd Ave #6210, Amarillo, TX 79103",+18063743754,http://taylordiesel.com/,35.1898908,-101.7792723,4.2,26,
shop-tx-trg-enterprises-mobile-mechanic-amarillo.html,TRG ENTERPRISES MOBILE MECHANIC,Amarillo,TX,"840 N Forest St, Amarillo, TX 79106",+18063188103,,35.224218,-101.88144179999999,4.2,100,Roadside|24/7
shop-tx-truckpro-a-fleetpride-company-amarillo.html,"TruckPro, a FleetPride Company",Amarillo,TX,"4420 E Interstate 40 Hwy, Amarillo, TX 79103",+18063723893,https://www.truckpro.com/,35.191849999999995,-101.782815,4.6,62,
shop-tx-watson-automotive-diesel-llc-amarillo.html,"Watson Automotive & Diesel, LLC",Amarillo,TX,"1927 E Central Ave, Amarillo, TX 79108",+18063678502,https://watsonautomotiveanddiesel.com/,35.258582,-101.805791,4.7,45,Truck specialist|Engine
