name,phone,website,full address,city,state,zip,latitude,longitude,google rating,review count,category,hours,is_24_7,is_mobile,dupe_count
Bellemont Truck Repair and Towing,+1 928-214-0700,http://www.bellemonttruckrepair.com/,"13235 Old Rte 66, Bellemont, AZ 86015",Bellemont,Arizona,86015,35.2384151,-111.832134,3.9,135,Truck repair shop,Friday: ['8AM-6PM']; Monday: ['8AM-6PM']; Saturday: ['8AM-5PM']; Sunday: ['8AM-5PM']; Thursday: ['8AM-6PM']; Tuesday: ['8AM-6PM']; Wednesday: ['8AM-6PM'],no,no,1
RV Country ( Flagstaff ),+1 928-526-6771,https://rvcountry.com/contact/locations/flagstaff/,"11420 W Rte 66, Bellemont, AZ 86015",Bellemont,Arizona,86015,35.2291997,-111.8101151,4.4,377,Trailer repair shop,Friday: ['8:30AM-6PM']; Monday: ['8:30AM-6PM']; Saturday: ['8:30AM-6PM']; Sunday: ['10AM-5PM']; Thursday: ['8:30AM-6PM']; Tuesday: ['8:30AM-6PM']; Wednesday: ['8:30AM-6PM'],no,no,1
Vanguard Truck Centers,+1 928-310-8584,https://vanguardtrucks.com/location/arizona/flagstaff/,"13591 Old Rte 66, Bellemont, AZ 86015",Bellemont,Arizona,86015,35.2390403,-111.8340072,4,160,Truck dealer,Friday: ['8AM-5PM']; Monday: ['8AM-5PM']; Saturday: ['Closed']; Sunday: ['Closed']; Thursday: ['8AM-5PM']; Tuesday: ['8AM-5PM']; Wednesday: ['8AM-5PM'],no,no,1
Carroll's Diesel Repair,+1 928-706-6639,,"573 W Industrial Dr building 2, Camp Verde, AZ 86322",Camp Verde,Arizona,86322,34.5774993,-111.8796691,3.9,7,Diesel engine repair service,Friday: ['Open 24 hours']; Monday: ['Open 24 hours']; Saturday: ['Open 24 hours']; Sunday: ['Open 24 hours']; Thursday: ['Open 24 hours']; Tuesday: ['Open 24 hours']; Wednesday: ['Open 24 hours'],yes,no,1
Elite Diesel and Fleet Copper Canyon,+1 928-777-9777,https://elitedieselandfleet.com/,"3557 Old Hwy 279, Camp Verde, AZ 86322",Camp Verde,Arizona,86322,34.6149363,-111.9150573,3.8,10,Diesel engine repair service,Friday: ['Open 24 hours']; Monday: ['8AM-11:30PM']; Saturday: ['12AM-12PM']; Sunday: ['Closed']; Thursday: ['Open 24 hours']; Tuesday: ['Open 24 hours']; Wednesday: ['Open 24 hours'],yes,no,1
Premier Diesel Equipment and Turbo,+1 928-567-7040,https://www.facebook.com/profile.php%3Fid%3D61553772477345,"724 W Industrial Dr #6, Camp Verde, AZ 86322",Camp Verde,Arizona,86322,34.5807787,-111.8810819,4.1,67,Diesel engine repair service,Friday: ['Open 24 hours']; Monday: ['Open 24 hours']; Saturday: ['Open 24 hours']; Sunday: ['Open 24 hours']; Thursday: ['Open 24 hours']; Tuesday: ['Open 24 hours']; Wednesday: ['Open 24 hours'],yes,no,1
Accu-Brake Flagstaff 4X4,+1 928-527-0270,http://www.flagstaff4x4.com/,"2920 E Rte 66, Flagstaff, AZ 86004",Flagstaff,Arizona,86004,35.2103458,-111.6063747,3.7,113,Truck repair shop,Friday: ['8AM-5PM']; Monday: ['8AM-5PM']; Saturday: ['Closed']; Sunday: ['Closed']; Thursday: ['8AM-5PM']; Tuesday: ['8AM-5PM']; Wednesday: ['8AM-5PM'],no,no,1
American Spring & Alignment,+1 928-527-3354,https://www.americanspringinc.net/alignmentinflagstaffaz86004.htm,"3683 N Eagle Mountain Dr, Flagstaff, AZ 86004",Flagstaff,Arizona,86004,35.2163112,-111.5897696,4.8,258,Truck repair shop,Friday: ['8AM-5PM']; Monday: ['8AM-5PM']; Saturday: ['Closed']; Sunday: ['Closed']; Thursday: ['8AM-5PM']; Tuesday: ['8AM-5PM']; Wednesday: ['8AM-5PM'],no,no,1
American Trailer Company,+1 928-440-4742,http://www.americantraileraz.com/,"11850 US-89, Flagstaff, AZ 86004",Flagstaff,Arizona,86004,35.3107344,-111.5429238,4.9,178,Trailer dealer,Friday: ['8AM-5PM']; Monday: ['8AM-5PM']; Saturday: ['8AM-2PM']; Sunday: ['Closed']; Thursday: ['8AM-5PM']; Tuesday: ['8AM-5PM']; Wednesday: ['8AM-5PM'],no,no,1
Ascot Automotive & Transmission Specialists,+1 928-220-9711,https://ascotautorepair.com/,"2608 N West St, Flagstaff, AZ 86004",Flagstaff,Arizona,86004,35.2138866,-111.6210343,4.7,560,Auto repair shop,Friday: ['7:30AM-5:30PM']; Monday: ['7:30AM-5:30PM']; Saturday: ['Closed']; Sunday: ['Closed']; Thursday: ['7:30AM-5:30PM']; Tuesday: ['7:30AM-5:30PM']; Wednesday: ['7:30AM-5:30PM'],no,no,1
Auto Tech Pros,+1 928-526-8324,,"7975 US-89, Flagstaff, AZ 86004",Flagstaff,Arizona,86004,35.2370453,-111.5726953,4.6,36,Auto repair shop,Friday: ['8AM-12PM']; Monday: ['8AM-5PM']; Saturday: ['Closed']; Sunday: ['Closed']; Thursday: ['8AM-5PM']; Tuesday: ['8AM-5PM']; Wednesday: ['8AM-5PM'],no,no,1
Buddy's Welding & RV Inc,+1 928-526-4257,,"7007 US-89, Flagstaff, AZ 86004",Flagstaff,Arizona,86004,35.2402251,-111.5712071,4.5,90,RV repair shop,Friday: ['8AM-5:30PM']; Monday: ['8AM-5:30PM']; Saturday: ['Closed']; Sunday: ['Closed']; Thursday: ['8AM-5:30PM']; Tuesday: ['8AM-5:30PM']; Wednesday: ['8AM-5:30PM'],no,no,1
Coconino Motors Napa AutoCare Center Auto & Light Truck Repair,+1 928-774-4408,http://coconinomotors.com/,"1141 W Kaibab Ln, Flagstaff, AZ 86001",Flagstaff,Arizona,86001,35.1898204,-111.6678615,4.4,109,Auto repair shop,Friday: ['8AM-5PM']; Monday: ['8AM-5PM']; Saturday: ['Closed']; Sunday: ['Closed']; Thursday: ['8AM-5PM']; Tuesday: ['8AM-5PM']; Wednesday: ['8AM-5PM'],no,no,1
Complete Car Care,+1 928-526-1026,https://completecarcareflagstaff.com/,"2710 E Rte 66, Flagstaff, AZ 86004",Flagstaff,Arizona,86004,35.2089183,-111.609488,4.3,67,Truck repair shop,Friday: ['8AM-5:30PM']; Monday: ['8AM-5:30PM']; Saturday: ['8AM-5:30PM']; Sunday: ['8AM-5:30PM']; Thursday: ['8AM-5:30PM']; Tuesday: ['8AM-5:30PM']; Wednesday: ['8AM-5:30PM'],no,no,1
Country Club Towing & Recovery,+1 928-527-8697,http://cctowinginc.com/,"5610 Railhead Ave, Flagstaff, AZ 86004",Flagstaff,Arizona,86004,35.2261323,-111.5661913,4.4,91,Towing service,Friday: ['Open 24 hours']; Monday: ['Open 24 hours']; Saturday: ['Open 24 hours']; Sunday: ['Open 24 hours']; Thursday: ['Open 24 hours']; Tuesday: ['Open 24 hours']; Wednesday: ['Open 24 hours'],yes,no,1
Crazy Country Boys Services,+1 928-607-9753,,"5280 E Gibson Ave, Flagstaff, AZ 86004",Flagstaff,Arizona,86004,35.2292752,-111.5720355,4.6,62,Truck repair shop,Friday: ['8AM-5PM']; Monday: ['8AM-5PM']; Saturday: ['8AM-12PM']; Sunday: ['Closed']; Thursday: ['8AM-5PM']; Tuesday: ['8AM-5PM']; Wednesday: ['8AM-5PM'],no,no,1
Dave's Mobile Mechanic,+1 928-607-1184,,"5201 E Commerce Ave, Flagstaff, AZ 86004",Flagstaff,Arizona,86004,35.228821,-111.5685075,4.4,23,Mechanic,Friday: ['7AM-9PM']; Monday: ['7AM-9PM']; Saturday: ['9AM-6PM']; Sunday: ['Closed']; Thursday: ['7AM-9PM']; Tuesday: ['7AM-9PM']; Wednesday: ['7AM-9PM'],no,yes,1
FLAGSTAFF TOWING AND RECOVERY,+1 928-226-8000,http://flagstafftowingandrecovery.com/,"524 E Brannen Ave, Flagstaff, AZ 86001",Flagstaff,Arizona,86001,35.1934961,-111.642887,3.1,156,Towing service,Friday: ['Open 24 hours']; Monday: ['Open 24 hours']; Saturday: ['Open 24 hours']; Sunday: ['Open 24 hours']; Thursday: ['Open 24 hours']; Tuesday: ['Open 24 hours']; Wednesday: ['Open 24 hours'],yes,no,1
Flag Tool Equipment Repair,+1 928-773-9185,http://flagtoolequipmentrepair.com/,"7011 US-89, Flagstaff, AZ 86004",Flagstaff,Arizona,86004,35.2406172,-111.5703799,4.6,46,Small engine repair service,Friday: ['8AM-5PM']; Monday: ['8AM-5PM']; Saturday: ['Closed']; Sunday: ['Closed']; Thursday: ['8AM-5PM']; Tuesday: ['8AM-5PM']; Wednesday: ['8AM-5PM'],no,no,1
Flag Truck Center,+1 928-714-9062,http://www.flagtruckcenter.com/,"4200 E Rte 66, Flagstaff, AZ 86004",Flagstaff,Arizona,86004,35.221176,-111.5859205,3.8,133,Truck repair shop,Friday: ['7AM-8PM']; Monday: ['7AM-8PM']; Saturday: ['8AM-5PM']; Sunday: ['Closed']; Thursday: ['7AM-8PM']; Tuesday: ['7AM-8PM']; Wednesday: ['7AM-8PM'],no,no,1
Flagstaff Engine & Machine,+1 928-214-6227,http://www.flagstaffengine.com/,"800 Historic Rte 66 #7, Flagstaff, AZ 86001",Flagstaff,Arizona,86001,35.1933438,-111.6602966,4.7,12,Diesel engine repair service,Friday: ['8AM-5:30PM']; Monday: ['8AM-5:30PM']; Saturday: ['Closed']; Sunday: ['Closed']; Thursday: ['8AM-5:30PM']; Tuesday: ['8AM-5:30PM']; Wednesday: ['8AM-5:30PM'],no,no,1
Flagstaff Mobile Mechanic LLC,+1 928-856-9315,https://flagstafftransmission.com/,"2109 E 6th Ave, Flagstaff, AZ 86004",Flagstaff,Arizona,86004,35.2102968,-111.6172455,4.5,200,Auto repair shop,Friday: ['8AM-5PM']; Monday: ['8AM-5PM']; Saturday: ['9AM-4PM']; Sunday: ['9:30AM-4PM']; Thursday: ['8AM-5PM']; Tuesday: ['8AM-5PM']; Wednesday: ['8AM-5PM'],no,yes,1
"Flagstaff Radiator & DPF, LLC.",+1 928-526-1713,,"5440 E Commerce Ave, Flagstaff, AZ 86004",Flagstaff,Arizona,86004,35.229514,-111.566422,4.7,31,Diesel engine repair service,Friday: ['8AM-4:30PM']; Monday: ['8AM-4:30PM']; Saturday: ['Closed']; Sunday: ['Closed']; Thursday: ['8AM-4:30PM']; Tuesday: ['8AM-4:30PM']; Wednesday: ['8AM-4:30PM'],no,no,2
Flagstaff Transmission Specialist,+1 928-774-2220,https://flagstafftransmission.com/,"2109 E 6th Ave, Flagstaff, AZ 86004",Flagstaff,Arizona,86004,35.2103762,-111.6173231,4.1,133,Transmission shop,"Friday: ['8AM-12PM', '1-5PM']; Monday: ['8AM-5PM']; Saturday: ['9AM-4PM']; Sunday: ['9:30AM-4PM']; Thursday: ['8AM-5PM']; Tuesday: ['8AM-5PM']; Wednesday: ['8AM-5PM']",no,no,1
Frys Automotive,+1 928-527-7573,,"3747 N Eagle Mountain Dr, Flagstaff, AZ 86004",Flagstaff,Arizona,86004,35.216496,-111.5904966,4.8,56,Auto repair shop,Friday: ['8AM-5:30PM']; Monday: ['8AM-5:30PM']; Saturday: ['Closed']; Sunday: ['Closed']; Thursday: ['8AM-5:30PM']; Tuesday: ['8AM-5:30PM']; Wednesday: ['8AM-5:30PM'],no,no,1
Heath's Auto Service - Flagstaff,+1 928-223-5755,https://heathsauto.com/locations/flagstaff/,"1840 W Kaibab Ln, Flagstaff, AZ 86001",Flagstaff,Arizona,86001,35.189631,-111.6765295,4.8,1011,Truck repair shop,Friday: ['7:30AM-5:30PM']; Monday: ['7:30AM-5:30PM']; Saturday: ['Closed']; Sunday: ['Closed']; Thursday: ['7:30AM-5:30PM']; Tuesday: ['7:30AM-5:30PM']; Wednesday: ['7:30AM-5:30PM'],no,no,1
High Mountain Diesel Repair,,,"5381 N Dodge Ave, Flagstaff, AZ 86004",Flagstaff,Arizona,86004,35.2290398,-111.570654,4.1,19,Diesel engine repair service,,no,no,1
"J.E.T.T. Towing - Heavy Duty, Off-Road Recovery & Semi-Truck Repair",+1 928-714-0354,http://www.jetttowing.com/,"5600 N Dodge Ave, Flagstaff, AZ 86004",Flagstaff,Arizona,86004,35.2312606,-111.5686818,4.2,204,Truck repair shop,Friday: ['Open 24 hours']; Monday: ['Open 24 hours']; Saturday: ['Open 24 hours']; Sunday: ['Open 24 hours']; Thursday: ['Open 24 hours']; Tuesday: ['Open 24 hours']; Wednesday: ['Open 24 hours'],yes,no,1
Johnson's Heavy Towing Inc,+1 928-526-9393,https://johnsonstowing.com/,"3700 N Eagle Mountain Dr, Flagstaff, AZ 86004",Flagstaff,Arizona,86004,35.216554,-111.589078,4.7,380,Towing service,Friday: ['Open 24 hours']; Monday: ['Open 24 hours']; Saturday: ['Open 24 hours']; Sunday: ['Open 24 hours']; Thursday: ['Open 24 hours']; Tuesday: ['Open 24 hours']; Wednesday: ['Open 24 hours'],yes,no,1
K&A Truck Services,+1 928-600-1085,https://sites.google.com/view/ka-truck-services/home,"3108 Monte Vista Dr B 8, Flagstaff, AZ 86004",Flagstaff,Arizona,86004,35.2188156,-111.6177253,5,35,Mechanic,Friday: ['Open 24 hours']; Monday: ['Open 24 hours']; Saturday: ['Open 24 hours']; Sunday: ['Open 24 hours']; Thursday: ['Open 24 hours']; Tuesday: ['Open 24 hours']; Wednesday: ['Open 24 hours'],yes,no,1
Little America Travel Center,+1 928-779-7942,https://flagstaff.littleamerica.com/travel-center/,"2515 E Butler Ave, Flagstaff, AZ 86004",Flagstaff,Arizona,86004,35.1914952,-111.6190392,4.1,1485,Truck stop,Friday: ['Open 24 hours']; Monday: ['Open 24 hours']; Saturday: ['Open 24 hours']; Sunday: ['Open 24 hours']; Thursday: ['Open 24 hours']; Tuesday: ['Open 24 hours']; Wednesday: ['Open 24 hours'],yes,no,1
MOUNTAIN TOPPERS,+1 928-213-1933,,"799 W Rte 66, Flagstaff, AZ 86001",Flagstaff,Arizona,86001,35.1922503,-111.6605505,4.4,56,Truck accessories store,Friday: ['8AM-5PM']; Monday: ['8AM-5PM']; Saturday: ['Closed']; Sunday: ['Closed']; Thursday: ['8AM-5PM']; Tuesday: ['8AM-5PM']; Wednesday: ['8AM-5PM'],no,no,1
Matt's Equipment and Diesel Repair LLC,+1 928-814-9828,https://mattsedr.com/,"6988 Leupp Rd, Flagstaff, AZ 86004",Flagstaff,Arizona,86004,35.2408902,-111.428281,,,Diesel engine repair service,Friday: ['7:30AM-4:30PM']; Monday: ['7:30AM-4:30PM']; Saturday: ['Closed']; Sunday: ['Closed']; Thursday: ['7:30AM-4:30PM']; Tuesday: ['7:30AM-4:30PM']; Wednesday: ['7:30AM-4:30PM'],no,no,1
Munoz & Sons Mobile Mechanics LLC,+1 928-233-2836,,"2369 Gambel Oak Trail, Flagstaff, AZ 86005",Flagstaff,Arizona,86005,35.2169286,-111.4907086,4.9,252,Mechanic,Friday: ['8AM-5PM']; Monday: ['8AM-5PM']; Saturday: ['Closed']; Sunday: ['Closed']; Thursday: ['8AM-5PM']; Tuesday: ['8AM-5PM']; Wednesday: ['8AM-5PM'],no,yes,1
"Murphys Heavy Towing, Off-Road Recovery & Semi Truck Repair",+1 928-853-5202,https://mtaz.com/,"5385 N Dodge Ave, Flagstaff, AZ 86004",Flagstaff,Arizona,86004,35.229012,-111.570725,4.8,1061,Truck repair shop,Friday: ['Open 24 hours']; Monday: ['Open 24 hours']; Saturday: ['Open 24 hours']; Sunday: ['Open 24 hours']; Thursday: ['Open 24 hours']; Tuesday: ['Open 24 hours']; Wednesday: ['Open 24 hours'],yes,no,2
"Northern Arizona Towing & Off Road Recovery, LLC",+1 928-266-5420,https://flagstafftransmission.com/services/towing,"2109 E 6th Ave, Flagstaff, AZ 86004",Flagstaff,Arizona,86004,35.2103524,-111.6173063,4.9,62,Towing service,Friday: ['Open 24 hours']; Monday: ['Open 24 hours']; Saturday: ['Open 24 hours']; Sunday: ['Open 24 hours']; Thursday: ['Open 24 hours']; Tuesday: ['Open 24 hours']; Wednesday: ['Open 24 hours'],yes,no,1
P&M Trailer Sales,+1 928-526-2466,http://www.pmtrailers.com/,"7899 US-89, Flagstaff, AZ 86004",Flagstaff,Arizona,86004,35.253266,-111.556226,4.8,209,Trailer repair shop,Friday: ['8AM-5PM']; Monday: ['8AM-5PM']; Saturday: ['Closed']; Sunday: ['Closed']; Thursday: ['8AM-5PM']; Tuesday: ['8AM-5PM']; Wednesday: ['8AM-5PM'],no,no,2
Profab Mobile Welding L.L.C. az roc#337171,+1 928-853-1980,http://www.profabmobilewelding.com/,"5755 Townsend-Winona Rd, Flagstaff, AZ 86004",Flagstaff,Arizona,86004,35.246392,-111.546193,5,19,Welder,Friday: ['7AM-6PM']; Monday: ['7AM-6PM']; Saturday: ['7AM-6PM']; Sunday: ['7AM-6PM']; Thursday: ['7AM-6PM']; Tuesday: ['7AM-6PM']; Wednesday: ['7AM-6PM'],no,yes,1
RWC Group,+1 928-522-7035,https://www.rwcgroup.com/map-hours-directions-trucks-dealership--hours-flagstaff,"3800 E Huntington Dr, Flagstaff, AZ 86004",Flagstaff,Arizona,86004,35.21437,-111.5938065,4.1,102,Truck repair shop,Friday: ['7AM-5PM']; Monday: ['7AM-5PM']; Saturday: ['Closed']; Sunday: ['Closed']; Thursday: ['7AM-5PM']; Tuesday: ['7AM-5PM']; Wednesday: ['7AM-5PM'],no,no,1
Randy's Downtown Garage,+1 928-774-1006,https://www.randysdowntowngarage.com/,"302 E Rte 66, Flagstaff, AZ 86001",Flagstaff,Arizona,86001,35.1966516,-111.6456709,4.5,231,Truck repair shop,Friday: ['8AM-5PM']; Monday: ['8AM-5PM']; Saturday: ['Closed']; Sunday: ['Closed']; Thursday: ['8AM-5PM']; Tuesday: ['8AM-5PM']; Wednesday: ['8AM-5PM'],no,no,1
Rocky Mountain Truck Centers - Flagstaff,+1 928-275-7222,https://247breakdown.com/flagstaff-arizona/%3Fstate%3DAZ,"2515 E Butler Ave, Flagstaff, AZ 86004",Flagstaff,Arizona,86004,35.1917607,-111.6179717,3.4,595,Truck repair shop,Friday: ['Open 24 hours']; Monday: ['Open 24 hours']; Saturday: ['Open 24 hours']; Sunday: ['Open 24 hours']; Thursday: ['Open 24 hours']; Tuesday: ['Open 24 hours']; Wednesday: ['Open 24 hours'],yes,no,1
Rush Truck Centers - Flagstaff,+1 928-679-2900,https://www.rushtruckcenters.com/locations/15040000-flagstaff%3Futm_source%3Dgoogle%26utm_medium%3Dorganic%26utm_campaign%3Dgmb-flagstaff-main,"2620 E Huntington Dr, Flagstaff, AZ 86004",Flagstaff,Arizona,86004,35.1993243,-111.6162929,4.2,211,Truck repair shop,Friday: ['7AM-5PM']; Monday: ['7AM-5PM']; Saturday: ['8AM-12PM']; Sunday: ['Closed']; Thursday: ['7AM-5PM']; Tuesday: ['7AM-5PM']; Wednesday: ['7AM-5PM'],no,no,2
Ryder,+1 928-774-3915,https://ryder.com/,"600 S Thompson St, Flagstaff, AZ 86001",Flagstaff,Arizona,86001,35.1909543,-111.6752864,4.8,37,Truck repair shop,Friday: ['8AM-4:30PM']; Monday: ['8AM-4:30PM']; Saturday: ['Closed']; Sunday: ['Closed']; Thursday: ['8AM-4:30PM']; Tuesday: ['8AM-4:30PM']; Wednesday: ['8AM-4:30PM'],no,no,1
Seven Day Auto Service,+1 928-774-0808,https://sevendayautoservice.com/,"2101 N 3rd St, Flagstaff, AZ 86004",Flagstaff,Arizona,86004,35.2091308,-111.6149015,4.5,352,Auto glass repair service,Friday: ['8AM-5PM']; Monday: ['8AM-5PM']; Saturday: ['8AM-5PM']; Sunday: ['8AM-5PM']; Thursday: ['8AM-5PM']; Tuesday: ['8AM-5PM']; Wednesday: ['8AM-5PM'],no,no,1
"Soto Brothers Tires, Inc.",+1 928-607-8078,,"3220 E Rte 66, Flagstaff, AZ 86004",Flagstaff,Arizona,86004,35.2132013,-111.6009171,4.8,353,Tire shop,Friday: ['8AM-5PM']; Monday: ['8AM-5PM']; Saturday: ['8AM-3PM']; Sunday: ['Closed']; Thursday: ['8AM-5PM']; Tuesday: ['8AM-5PM']; Wednesday: ['8AM-5PM'],no,no,1
Southern Hospitality Mobile Rv Repair and Services of Flagstaff,+1 559-578-6883,,"9745 E Carl Ln, Flagstaff, AZ 86004",Flagstaff,Arizona,86004,35.251166,-111.476795,4.9,146,RV repair shop,Friday: ['9AM-5:30PM']; Monday: ['9AM-5:30PM']; Saturday: ['9:30AM-4:30PM']; Sunday: ['9:30AM-4:30PM']; Thursday: ['9AM-5:30PM']; Tuesday: ['9AM-5:30PM']; Wednesday: ['9AM-5:30PM'],no,yes,1
TAG Automotive Repair,+1 928-779-0658,https://tagautomotive.net/,"524 E Brannen Ave #2, Flagstaff, AZ 86001",Flagstaff,Arizona,86001,35.1935912,-111.6431593,4.7,150,Auto repair shop,Friday: ['8AM-5PM']; Monday: ['8AM-5PM']; Saturday: ['Closed']; Sunday: ['Closed']; Thursday: ['8AM-5PM']; Tuesday: ['8AM-5PM']; Wednesday: ['8AM-5PM'],no,no,1
Trailer Hitches at U-Haul,+1 928-779-5101,https://www.uhaul.com/Locations/Trailer-Hitches-near-Flagstaff-AZ-86004/937023/%3Futm_source%3Dgmb%26utm_medium%3Dhitch%26utm_campaign%3Duhaulsmlm%26utm_content%3D937023,"1982 E Huntington Dr, Flagstaff, AZ 86004",Flagstaff,Arizona,86004,35.1943639,-111.6262688,4.9,7,Trailer supply store,Friday: ['7AM-8PM']; Monday: ['7AM-7PM']; Saturday: ['7AM-7PM']; Sunday: ['9AM-5PM']; Thursday: ['7AM-7PM']; Tuesday: ['7AM-7PM']; Wednesday: ['7AM-7PM'],no,no,1
Unisource Energy Services,+1 877-837-4968,https://www.uesaz.com/,"1459 E Butler Ave, Flagstaff, AZ 86001",Flagstaff,Arizona,86001,35.1909096,-111.6335859,2.1,15,Gas company,Friday: ['7AM-4PM']; Monday: ['7AM-4PM']; Saturday: ['Closed']; Sunday: ['Closed']; Thursday: ['7AM-4PM']; Tuesday: ['7AM-4PM']; Wednesday: ['7AM-4PM'],no,no,1
University Auto Repair,+1 928-707-8596,https://universityautoflagstaff.com/,"1864 S Woodlands Village Blvd, Flagstaff, AZ 86001",Flagstaff,Arizona,86001,35.1849557,-111.6680521,4.6,1170,Auto repair shop,Friday: ['7:30AM-5:30PM']; Monday: ['7:30AM-5:30PM']; Saturday: ['Closed']; Sunday: ['Closed']; Thursday: ['7:30AM-5:30PM']; Tuesday: ['7:30AM-5:30PM']; Wednesday: ['7:30AM-5:30PM'],no,no,1
Velocity Truck Centers,+1 928-522-0400,https://www.velocitytruckcenters.com/,"4201 E Huntington Dr, Flagstaff, AZ 86004",Flagstaff,Arizona,86004,35.216815,-111.5861136,3.5,347,Truck repair shop,Friday: ['7AM-5PM']; Monday: ['7AM-5PM']; Saturday: ['Closed']; Sunday: ['Closed']; Thursday: ['7AM-5PM']; Tuesday: ['7AM-5PM']; Wednesday: ['7AM-5PM'],no,no,2
Woodys Mobile Mechanic,+1 928-405-9321,,"2029 N Main St, Flagstaff, AZ 86004",Flagstaff,Arizona,86004,35.2087642,-111.6181252,4.4,7,Auto repair shop,Friday: ['Open 24 hours']; Monday: ['Open 24 hours']; Saturday: ['Open 24 hours']; Sunday: ['Open 24 hours']; Thursday: ['Open 24 hours']; Tuesday: ['Open 24 hours']; Wednesday: ['Open 24 hours'],yes,yes,1
AbleJaysLLC,+1 928-243-2235,,"200 Paradise Ave, Holbrook, AZ 86025",Holbrook,Arizona,86025,34.9283892,-110.1358038,4.7,38,Repair service,Friday: ['Open 24 hours']; Monday: ['Open 24 hours']; Saturday: ['Open 24 hours']; Sunday: ['Open 24 hours']; Thursday: ['Open 24 hours']; Tuesday: ['Open 24 hours']; Wednesday: ['Open 24 hours'],yes,no,1
Arizona Automotive Services,+1 928-524-1965,,"222 W Hopi Dr, Holbrook, AZ 86025",Holbrook,Arizona,86025,34.902295,-110.161625,4.6,34,Auto repair shop,Friday: ['8AM-5AM']; Monday: ['8AM-5AM']; Saturday: ['Closed']; Sunday: ['Closed']; Thursday: ['8AM-5AM']; Tuesday: ['8AM-5AM']; Wednesday: ['8AM-5AM'],no,no,1
BP truck Repair,+1 347-925-7135,https://bptruckrepairaz.com/,"1851 State Hwy 77, Holbrook, AZ 86025",Holbrook,Arizona,86025,34.9758993,-110.088893,3.6,98,Truck repair shop,Friday: ['8AM-8:30PM']; Monday: ['8AM-8:30PM']; Saturday: ['8AM-8:30PM']; Sunday: ['8AM-8:30PM']; Thursday: ['8AM-8:30PM']; Tuesday: ['8AM-8:30PM']; Wednesday: ['8AM-8:30PM'],no,no,1
Bobs Road Service,+1 928-524-2738,,"330 W Florida St, Holbrook, AZ 86025",Holbrook,Arizona,86025,34.9072074,-110.1634369,4.5,31,Tire shop,Friday: ['4AM-8PM']; Monday: ['4AM-8PM']; Saturday: ['9AM-5PM']; Sunday: ['2-8PM']; Thursday: ['4AM-8PM']; Tuesday: ['4AM-8PM']; Wednesday: ['4AM-8PM'],no,no,1
Carquest Auto Parts - HOLBROOK TRUCK & AUTO PARTS,+1 928-524-6868,https://www.carquest.com/locations/az/holbrook/6871/,"201 E Hopi Dr, Holbrook, AZ 86025",Holbrook,Arizona,86025,34.9011185,-110.1574685,4.6,110,Auto repair shop,Friday: ['7AM-5:30PM']; Monday: ['7AM-5:30PM']; Saturday: ['8AM-2PM']; Sunday: ['Closed']; Thursday: ['7AM-5:30PM']; Tuesday: ['7AM-5:30PM']; Wednesday: ['7AM-5:30PM'],no,no,1
Compound Diesel LLC,+1 480-787-1993,,"7301 AZ-77, Holbrook, AZ 86025",Holbrook,Arizona,86025,34.8860363,-110.1662303,5,2,Truck repair shop,Friday: ['8:30AM-5PM']; Monday: ['8:30AM-5PM']; Saturday: ['Closed']; Sunday: ['Closed']; Thursday: ['8:30AM-5PM']; Tuesday: ['8:30AM-5PM']; Wednesday: ['8:30AM-5PM'],no,no,1
Crowther's Custom & Auto,+1 928-241-1125,,"2009 Navajo Blvd, Holbrook, AZ 86025",Holbrook,Arizona,86025,34.9213871,-110.1489941,4.1,25,Auto repair shop,Friday: ['9AM-5PM']; Monday: ['9AM-5PM']; Saturday: ['Closed']; Sunday: ['Closed']; Thursday: ['9AM-5PM']; Tuesday: ['9AM-5PM']; Wednesday: ['9AM-5PM'],no,no,1
D&L MOBILE TRUCK REPAIR,+1 928-241-0794,,"401 W Vista, Holbrook, AZ 86025",Holbrook,Arizona,86025,34.9344558,-110.1417922,4.2,173,Truck repair shop,Friday: ['Open 24 hours']; Monday: ['Open 24 hours']; Saturday: ['Open 24 hours']; Sunday: ['Open 24 hours']; Thursday: ['Open 24 hours']; Tuesday: ['Open 24 hours']; Wednesday: ['Open 24 hours'],yes,yes,1
Electrical Rv Parts NOT,,,"516 W Hopi Dr, Holbrook, AZ 86025",Holbrook,Arizona,86025,34.902702,-110.1645411,,,Auto parts store,,no,no,1
Future Tire and Automotive,+1 928-365-3600,https://www.futuretireaz.com/holbrook,"2416 Navajo Blvd, Holbrook, AZ 86025",Holbrook,Arizona,86025,34.9313007,-110.1369555,4.5,387,Auto repair shop,Friday: ['8AM-5PM']; Monday: ['8AM-5PM']; Saturday: ['Closed']; Sunday: ['Closed']; Thursday: ['8AM-5PM']; Tuesday: ['8AM-5PM']; Wednesday: ['8AM-5PM'],no,no,1
Holbrook Truck Repair,+1 928-985-0287,,"1508 Joy Nevin Ave, Holbrook, AZ 86025",Holbrook,Arizona,86025,34.9039449,-110.1805458,4.7,51,Truck repair shop,Friday: ['8AM-8PM']; Monday: ['8AM-8PM']; Saturday: ['8AM-8PM']; Sunday: ['8AM-8PM']; Thursday: ['8AM-8PM']; Tuesday: ['8AM-8PM']; Wednesday: ['8AM-8PM'],no,no,1
K & P 24 hour towing and automotive repair,+1 480-881-3054,https://www.facebook.com/K-P-Automotive-Repair-109039094957306,"W Hopi Dr, Holbrook, AZ 86025",Holbrook,Arizona,86025,34.9037043,-110.1682029,4.3,78,Auto repair shop,Friday: ['Open 24 hours']; Monday: ['Open 24 hours']; Saturday: ['Open 24 hours']; Sunday: ['Open 24 hours']; Thursday: ['Open 24 hours']; Tuesday: ['Open 24 hours']; Wednesday: ['Open 24 hours'],yes,no,1
Macy's Tire & Lube,+1 928-524-6838,https://macystireandlube.com/,"317 W Hopi Dr, Holbrook, AZ 86025",Holbrook,Arizona,86025,34.9019153,-110.1628856,4.9,46,Oil change service,Friday: ['8AM-5PM']; Monday: ['8AM-5PM']; Saturday: ['Closed']; Sunday: ['Closed']; Thursday: ['8AM-5PM']; Tuesday: ['8AM-5PM']; Wednesday: ['8AM-5PM'],no,no,1
Reading Truck,+1 928-524-3582,https://www.readingtruck.com/locations/reading-truck-holbrook-az/%3Futm_source%3Dgoogle%26utm_medium%3Dorganic%26utm_campaign%3Dgooglemaps%26utm_content%3Dmaplink,"840 AZ-77, Holbrook, AZ 86025",Holbrook,Arizona,86025,34.889504,-110.1610133,4.6,83,Truck repair shop,Friday: ['8AM-5PM']; Monday: ['8AM-5PM']; Saturday: ['Closed']; Sunday: ['Closed']; Thursday: ['8AM-5PM']; Tuesday: ['8AM-5PM']; Wednesday: ['8AM-5PM'],no,no,1
Route 66 Tire,+1 928-524-6644,,"822 W Hopi Dr, Holbrook, AZ 86025",Holbrook,Arizona,86025,34.9031198,-110.1692009,4.7,51,Tire shop,,no,no,1
"Scotty and Son Towing, Collision and Auto Repair",+1 928-524-2500,,"405 Navajo Blvd Suite B, Holbrook, AZ 86025",Holbrook,Arizona,86025,34.9039651,-110.1584313,4.7,229,Auto repair shop,Friday: ['Open 24 hours']; Monday: ['Open 24 hours']; Saturday: ['Open 24 hours']; Sunday: ['Open 24 hours']; Thursday: ['Open 24 hours']; Tuesday: ['Open 24 hours']; Wednesday: ['Open 24 hours'],yes,no,1
TA Truck Service,+1 928-458-7228,https://www.ta-petro.com/,"3747 Express Dr #86025-0000, Holbrook, AZ 86025",Holbrook,Arizona,86025,34.9054976,-110.2106204,3.7,184,Truck repair shop,Friday: ['Open 24 hours']; Monday: ['Open 24 hours']; Saturday: ['Open 24 hours']; Sunday: ['Open 24 hours']; Thursday: ['Open 24 hours']; Tuesday: ['Open 24 hours']; Wednesday: ['Open 24 hours'],yes,no,1
TRUCK SERVICE!!,+1 928-241-4377,https://dot.cards/wicked_1,"N 1st Ave, Holbrook, AZ 86025",Holbrook,Arizona,86025,34.9243754,-110.1457031,4.1,45,Truck repair shop,Friday: ['Open 24 hours']; Monday: ['Open 24 hours']; Saturday: ['Open 24 hours']; Sunday: ['Open 24 hours']; Thursday: ['Open 24 hours']; Tuesday: ['Open 24 hours']; Wednesday: ['Open 24 hours'],yes,no,1
Wilkinson Graphics and Auto,+1 928-524-6501,,"404 W Hopi Dr, Holbrook, AZ 86025",Holbrook,Arizona,86025,34.902441,-110.163509,4.7,141,Auto repair shop,Friday: ['8AM-5PM']; Monday: ['8AM-5PM']; Saturday: ['Closed']; Sunday: ['Closed']; Thursday: ['8AM-5PM']; Tuesday: ['8AM-5PM']; Wednesday: ['8AM-5PM'],no,no,1
24x7 Truck and Trailer repair,+1 417-413-9591,,"1430 E Andy Devine Ave, Kingman, AZ 86401",Kingman,Arizona,86401,35.1907603,-114.0338525,5,4,Truck stop,Friday: ['Open 24 hours']; Monday: ['Open 24 hours']; Saturday: ['Open 24 hours']; Sunday: ['Open 24 hours']; Thursday: ['Open 24 hours']; Tuesday: ['Open 24 hours']; Wednesday: ['Open 24 hours'],yes,no,1
AC 24hr Truck Repair,+1 951-473-0411,https://roadsideassistancekingman.com/,"3768 Cantle Dr, Kingman, AZ 86409",Kingman,Arizona,86409,35.2345248,-114.0457125,5,10,Repair service,Friday: ['Open 24 hours']; Monday: ['Open 24 hours']; Saturday: ['Open 24 hours']; Sunday: ['Open 24 hours']; Thursday: ['Open 24 hours']; Tuesday: ['Open 24 hours']; Wednesday: ['Open 24 hours'],yes,no,1
ACR Diesel & Auto Repair,+1 928-263-1723,https://acrdieselandautorepair.com/,"1420 E Andy Devine Ave, Kingman, AZ 86401",Kingman,Arizona,86401,35.1910531,-114.0343692,4.9,319,Auto repair shop,Friday: ['8AM-5PM']; Monday: ['8AM-5PM']; Saturday: ['Closed']; Sunday: ['Closed']; Thursday: ['8AM-5PM']; Tuesday: ['8AM-5PM']; Wednesday: ['8AM-5PM'],no,no,1
ASAP Diesel Repair & Roadside,+1 928-530-4733,https://asapdieselrepair.com/,"2301 Shinarump Dr, Kingman, AZ 86413",Kingman,Arizona,86413,35.1403222,-114.1085554,4.1,323,Truck repair shop,Friday: ['Open 24 hours']; Monday: ['Open 24 hours']; Saturday: ['Open 24 hours']; Sunday: ['Open 24 hours']; Thursday: ['Open 24 hours']; Tuesday: ['Open 24 hours']; Wednesday: ['Open 24 hours'],yes,no,1
Adan Repair,+1 928-279-5846,http://adanrepair.com/,"4330 North Arizona Street Bldg C 4350, N Arizona St Bldg 1, Kingman, AZ 86409",Kingman,Arizona,86409,35.249008,-114.0127626,4,164,RV repair shop,Friday: ['8AM-5PM']; Monday: ['8AM-5PM']; Saturday: ['Closed']; Sunday: ['Closed']; Thursday: ['8AM-5PM']; Tuesday: ['8AM-5PM']; Wednesday: ['8AM-5PM'],no,no,1
All Mobile Home Parts,+1 928-692-9040,,"4154 Mallard Dr, Kingman, AZ 86409",Kingman,Arizona,86409,35.2434837,-113.9872803,4.1,128,Mobile home supply store,Friday: ['10AM-4PM']; Monday: ['10AM-4PM']; Saturday: ['9AM-2PM']; Sunday: ['Closed']; Thursday: ['10AM-4PM']; Tuesday: ['10AM-4PM']; Wednesday: ['10AM-4PM'],no,yes,1
American Fleet Service Solutions,+1 928-263-1290,http://www.americanfleetss.com/,"2790 Airway Ave, Kingman, AZ 86409",Kingman,Arizona,86409,35.2244675,-114.0152109,4.6,60,Truck repair shop,Friday: ['8AM-4:30PM']; Monday: ['8AM-4:30PM']; Saturday: ['Closed']; Sunday: ['Closed']; Thursday: ['8AM-4:30PM']; Tuesday: ['8AM-4:30PM']; Wednesday: ['8AM-4:30PM'],no,no,2
"B&B Auto & Diesel Repair, Inc.",+1 928-692-3168,https://bandbautodiesel.com/,"4270 Stockton Hill Rd, Kingman, AZ 86409",Kingman,Arizona,86409,35.2476998,-114.0379943,4.6,97,Truck repair shop,Friday: ['8AM-5PM']; Monday: ['8AM-5PM']; Saturday: ['Closed']; Sunday: ['Closed']; Thursday: ['8AM-5PM']; Tuesday: ['8AM-5PM']; Wednesday: ['8AM-5PM'],no,no,1
Benny's Tires and Roadside Repair,+1 928-230-9295,,"3251 N Yavapai St, Kingman, AZ 86401",Kingman,Arizona,86401,35.2188415,-113.9987403,4.8,50,Auto repair shop,Friday: ['Open 24 hours']; Monday: ['Open 24 hours']; Saturday: ['Open 24 hours']; Sunday: ['Open 24 hours']; Thursday: ['Open 24 hours']; Tuesday: ['Open 24 hours']; Wednesday: ['Open 24 hours'],yes,no,1
"Blue Beacon Truck Wash of Kingman, AZ",+1 928-757-9898,https://bluebeacon.com/locations/listing/kingman-az,"Exit 53, 3270 E Andy Devine Ave I-40, Kingman, AZ 86401",Kingman,Arizona,86401,35.2191092,-114.0076541,4,477,Car wash,Friday: ['Open 24 hours']; Monday: ['Open 24 hours']; Saturday: ['Open 24 hours']; Sunday: ['Open 24 hours']; Thursday: ['Open 24 hours']; Tuesday: ['Open 24 hours']; Wednesday: ['Open 24 hours'],yes,no,1
Byrd's Mobile RV & Marine,+1 928-412-0450,https://byrdsmobile.net/,"4330 N Arizona St, Kingman, AZ 86409",Kingman,Arizona,86409,35.2489848,-114.0127717,3.8,13,Boat repair shop,Friday: ['8AM-5PM']; Monday: ['8AM-5PM']; Saturday: ['Closed']; Sunday: ['Closed']; Thursday: ['8AM-5PM']; Tuesday: ['8AM-5PM']; Wednesday: ['8AM-5PM'],no,yes,1
Davis truck repair,+1 800-719-3268,https://davistruckrepair.com/,"3595 Gordon Dr, Kingman, AZ 86409",Kingman,Arizona,86409,35.2397634,-113.9900654,,,Truck repair shop,Friday: ['8AM-5PM']; Monday: ['8AM-5PM']; Saturday: ['Closed']; Sunday: ['Closed']; Thursday: ['8AM-5PM']; Tuesday: ['8AM-5PM']; Wednesday: ['8AM-5PM'],no,no,1
Dirty Diesel Welding & Repair,+1 928-715-8414,http://dirtydieselwr.com/,"3891 E Andy Devine Ave, Kingman, AZ 86401",Kingman,Arizona,86401,35.2365328,-113.9931388,,,Truck repair shop,Friday: ['8AM-5PM']; Monday: ['8AM-5PM']; Saturday: ['Closed']; Sunday: ['Closed']; Thursday: ['8AM-5PM']; Tuesday: ['8AM-5PM']; Wednesday: ['8AM-5PM'],no,no,1
Dynamic Diesel,+1 928-897-2784,,"3355 N Bank St unit e, Kingman, AZ 86409",Kingman,Arizona,86409,35.2215217,-114.0131149,4.5,96,Diesel engine repair service,Friday: ['8AM-5PM']; Monday: ['8AM-5PM']; Saturday: ['8AM-5PM']; Sunday: ['8AM-5PM']; Thursday: ['8AM-5PM']; Tuesday: ['8AM-5PM']; Wednesday: ['8AM-5PM'],no,no,1
Great West Tire,+1 928-757-9255,https://www.greatwestus.com/,"3101 Armour Ave, Kingman, AZ 86401",Kingman,Arizona,86401,35.221199,-114.009056,4.4,93,Tire shop,Friday: ['7AM-6PM']; Monday: ['7AM-6PM']; Saturday: ['8AM-5PM']; Sunday: ['Closed']; Thursday: ['7AM-6PM']; Tuesday: ['7AM-6PM']; Wednesday: ['7AM-6PM'],no,no,1
HRS Truck & Auto Repair,+1 928-692-4941,https://hrstruckauto.com/,"4355 N Bank St, Kingman, AZ 86409",Kingman,Arizona,86409,35.2496919,-114.0119986,4.7,51,Truck repair shop,Friday: ['8AM-5PM']; Monday: ['8AM-5PM']; Saturday: ['8AM-4PM']; Sunday: ['Closed']; Thursday: ['8AM-5PM']; Tuesday: ['8AM-5PM']; Wednesday: ['8AM-5PM'],no,no,1
Honest Auto LLC,+1 928-303-9990,,"4551 N Castle Rock Rd, Kingman, AZ 86409",Kingman,Arizona,86409,35.2557144,-113.9944076,4.6,81,Auto repair shop,Friday: ['8AM-5PM']; Monday: ['8AM-5PM']; Saturday: ['Closed']; Sunday: ['Closed']; Thursday: ['8AM-5PM']; Tuesday: ['8AM-5PM']; Wednesday: ['8AM-5PM'],no,no,1
"Imperial Truck Repair , Truck & RV Wash",+1 928-757-7002,,"2650 N Roundup Ave, Kingman, AZ 86401",Kingman,Arizona,86401,35.1986508,-113.901076,3.9,299,Truck repair shop,Friday: ['8AM-8PM']; Monday: ['Closed']; Saturday: ['8AM-8PM']; Sunday: ['8AM-8PM']; Thursday: ['8AM-8PM']; Tuesday: ['8AM-8PM']; Wednesday: ['8AM-8PM'],no,no,1
JP Repair,+1 928-530-4302,,"3355 N Bank St, Kingman, AZ 86409",Kingman,Arizona,86409,35.2215649,-114.0124935,,,Truck repair shop,Friday: ['Open 24 hours']; Monday: ['Open 24 hours']; Saturday: ['Open 24 hours']; Sunday: ['Open 24 hours']; Thursday: ['Open 24 hours']; Tuesday: ['Open 24 hours']; Wednesday: ['Open 24 hours'],yes,no,1
Joe's Auto RV & Truck,+1 928-681-5823,http://www.joesautorvtruck.com/,"9350 Shipping Ln, Kingman, AZ 86401",Kingman,Arizona,86401,35.2679605,-113.9484319,4.7,72,RV repair shop,Friday: ['7AM-4PM']; Monday: ['7AM-4PM']; Saturday: ['Closed']; Sunday: ['Closed']; Thursday: ['7AM-4PM']; Tuesday: ['7AM-4PM']; Wednesday: ['7AM-4PM'],no,no,1
Kermit's Transmission,+1 928-757-1020,https://kermitstransmission.com/,"2425 E Northern Ave, Kingman, AZ 86409",Kingman,Arizona,86409,35.2543165,-114.021274,4.4,141,Transmission shop,Friday: ['Closed']; Monday: ['8AM-5PM']; Saturday: ['Closed']; Sunday: ['Closed']; Thursday: ['8AM-5PM']; Tuesday: ['8AM-5PM']; Wednesday: ['8AM-5PM'],no,no,1
Kingman Auto Repair,+1 928-988-5224,https://kingmanautorepair.com/,"3850 Thompson Ave, Kingman, AZ 86409",Kingman,Arizona,86409,35.2609625,-113.9814677,4.9,119,Auto repair shop,Friday: ['7:30AM-10PM']; Monday: ['7:30AM-10PM']; Saturday: ['7:30AM-10PM']; Sunday: ['7:30AM-10PM']; Thursday: ['7:30AM-10PM']; Tuesday: ['9AM-10PM']; Wednesday: ['7:30AM-10PM'],no,no,1
"Kingman Diesel Repair, LLC",+1 928-757-7868,http://kingmandiesel.com/,"3140 Airway Ave, Kingman, AZ 86409",Kingman,Arizona,86409,35.224596,-114.005801,4.8,176,Truck repair shop,Friday: ['7AM-4PM']; Monday: ['7AM-4PM']; Saturday: ['Closed']; Sunday: ['Closed']; Thursday: ['7AM-4PM']; Tuesday: ['7AM-4PM']; Wednesday: ['7AM-4PM'],no,no,1
Kingman RV,+1 928-757-3557,https://www.kingmanrvs.com/,"4050 Stockton Hill Rd, Kingman, AZ 86409",Kingman,Arizona,86409,35.2412753,-114.0375347,4.3,201,RV repair shop,Friday: ['8AM-5PM']; Monday: ['8AM-5PM']; Saturday: ['Closed']; Sunday: ['Closed']; Thursday: ['8AM-5PM']; Tuesday: ['8AM-5PM']; Wednesday: ['8AM-5PM'],no,no,1
Kingman Truck Service,+1 928-977-9820,,"3555 N Bond St, Kingman, AZ 86409",Kingman,Arizona,86409,35.2261804,-114.0265573,,,Truck repair shop,Friday: ['Open 24 hours']; Monday: ['Open 24 hours']; Saturday: ['Closed']; Sunday: ['Open 24 hours']; Thursday: ['Open 24 hours']; Tuesday: ['Open 24 hours']; Wednesday: ['Open 24 hours'],yes,no,1
Love's Truck Care,+1 928-681-4405,https://www.loves.com/locations/272,"6035 Minerva Ln, Kingman, AZ 86401",Kingman,Arizona,86401,35.2001974,-113.9034494,3.2,74,Truck repair shop,Friday: ['6AM-11PM']; Monday: ['6AM-11PM']; Saturday: ['6AM-11PM']; Sunday: ['6AM-11PM']; Thursday: ['6AM-11PM']; Tuesday: ['6AM-11PM']; Wednesday: ['6AM-11PM'],no,no,1
Mohave Auto Repair,+1 928-377-3285,http://www.mohaveauto.com/,"2364 E Northern Ave, Kingman, AZ 86409",Kingman,Arizona,86409,35.2533958,-114.0227802,4.8,166,Auto repair shop,Friday: ['8AM-3:30PM']; Monday: ['8AM-3:30PM']; Saturday: ['Closed']; Sunday: ['Closed']; Thursday: ['8AM-3:30PM']; Tuesday: ['8AM-3:30PM']; Wednesday: ['8AM-3:30PM'],no,no,1
One Stop Automotive,+1 928-718-1400,,"290 Metcalfe Rd, Kingman, AZ 86401",Kingman,Arizona,86401,35.191812,-114.0650192,4.4,91,Auto repair shop,,no,no,1
Plumnasty Diesel Performance,+1 928-757-4779,,"4460 E Hwy 66, Kingman, AZ 86401",Kingman,Arizona,86401,35.2509738,-113.9758436,5,56,Auto repair shop,Friday: ['8AM-5PM']; Monday: ['8AM-5PM']; Saturday: ['Closed']; Sunday: ['Closed']; Thursday: ['8AM-5PM']; Tuesday: ['8AM-5PM']; Wednesday: ['8AM-5PM'],no,no,1
RR Hitches,+1 928-757-3020,http://www.rrhitches.com/,"4030 Stockton Hill Rd #16, Kingman, AZ 86409",Kingman,Arizona,86409,35.2408258,-114.0376095,4.2,58,Trailer supply store,Friday: ['8:30AM-5PM']; Monday: ['8:30AM-5PM']; Saturday: ['Closed']; Sunday: ['Closed']; Thursday: ['8:30AM-5PM']; Tuesday: ['8:30AM-5PM']; Wednesday: ['8:30AM-5PM'],no,no,1
Route 66 Rv care and repair (mobile),+1 928-385-0185,https://www.route66rvrepair.com/,"3582 Stockton Hill Rd, Kingman, AZ 86409",Kingman,Arizona,86409,35.2270126,-114.0367787,4.8,13,RV repair shop,Friday: ['8AM-5AM']; Monday: ['8AM-5AM']; Saturday: ['Closed']; Sunday: ['Closed']; Thursday: ['8AM-5AM']; Tuesday: ['8AM-5AM']; Wednesday: ['8AM-5AM'],no,yes,1
Southern Tire Mart at Pilot,+1 928-681-1040,https://stmtires.com/locations/store-STMP-851/,"3300 E Andy Devine Ave, Kingman, AZ 86401",Kingman,Arizona,86401,35.2197218,-114.0061754,4.3,134,Truck repair shop,Friday: ['7AM-11PM']; Monday: ['7AM-11PM']; Saturday: ['7AM-11PM']; Sunday: ['7AM-11PM']; Thursday: ['7AM-11PM']; Tuesday: ['7AM-11PM']; Wednesday: ['7AM-11PM'],no,no,1
Speedco Truck Lube and Tires,+1 928-757-2220,https://www.loves.com/locations/931,"875 S Ty Rd, Kingman, AZ 86401",Kingman,Arizona,86401,35.1793073,-113.7932643,3.9,545,Truck repair shop,Friday: ['6AM-10PM']; Monday: ['6AM-10PM']; Saturday: ['8AM-6PM']; Sunday: ['8AM-6PM']; Thursday: ['6AM-10PM']; Tuesday: ['6AM-10PM']; Wednesday: ['6AM-10PM'],no,no,1
Sukh Truck Repair road service,+1 417-560-6918,,"1430 E Andy Devine Ave, Kingman, AZ 86401",Kingman,Arizona,86401,35.1907603,-114.0338525,5,6,Truck repair shop,Friday: ['Open 24 hours']; Monday: ['Open 24 hours']; Saturday: ['Open 24 hours']; Sunday: ['Open 24 hours']; Thursday: ['Open 24 hours']; Tuesday: ['Open 24 hours']; Wednesday: ['Open 24 hours'],yes,no,1
TA Truck Service,+1 928-753-1307,https://www.ta-petro.com/,"946 W Beale St, Kingman, AZ 86401",Kingman,Arizona,86401,35.1899716,-114.0702527,4.1,712,Truck repair shop,Friday: ['Open 24 hours']; Monday: ['Open 24 hours']; Saturday: ['Open 24 hours']; Sunday: ['Open 24 hours']; Thursday: ['Open 24 hours']; Tuesday: ['Open 24 hours']; Wednesday: ['Open 24 hours'],yes,no,1
TA Truck Service,+1 928-757-2888,https://www.ta-petro.com/,"970 S Blake Ranch Rd, Kingman, AZ 86401",Kingman,Arizona,86401,35.1758315,-113.785321,3.7,393,Truck repair shop,Friday: ['Open 24 hours']; Monday: ['Open 24 hours']; Saturday: ['Open 24 hours']; Sunday: ['Open 24 hours']; Thursday: ['Open 24 hours']; Tuesday: ['Open 24 hours']; Wednesday: ['Open 24 hours'],yes,no,1
Topher's Mobile Mechanic Service,,,"4221 Stockton Hill Rd, Kingman, AZ 86409",Kingman,Arizona,86409,35.2452884,-114.0388355,1,1,Auto repair shop,Friday: ['9AM-8PM']; Monday: ['9AM-8PM']; Saturday: ['10AM-5PM']; Sunday: ['Closed']; Thursday: ['9AM-8PM']; Tuesday: ['9AM-8PM']; Wednesday: ['9AM-8PM'],no,yes,1
"Toys For Trucks - Kingman, AZ - Car, Truck, Jeep and Off-Road Accessories",+1 928-753-4101,https://www.toysfortrucks.com/,"2551 Airway Ave, Kingman, AZ 86409",Kingman,Arizona,86409,35.2252438,-114.0188348,4.4,118,Truck accessories store,Friday: ['8AM-5:30PM']; Monday: ['8AM-5:30PM']; Saturday: ['Closed']; Sunday: ['Closed']; Thursday: ['8AM-5:30PM']; Tuesday: ['8AM-5:30PM']; Wednesday: ['8AM-5:30PM'],no,no,1
TrailersPlus,+1 928-263-6480,https://www.trailersplus.com/Arizona/Kingman/inventory/%3Futm_source%3Dgoogle%26utm_medium%3Dorganic%26utm_campaign%3Dgbp%26y_source%3D1_OTY0OTc1Ny03MTUtbG9jYXRpb24ud2Vic2l0ZQ%253D%253D,"2627 Beverly Ave, Kingman, AZ 86409",Kingman,Arizona,86409,35.2179269,-114.0173201,4.7,393,Trailer repair shop,"Friday: ['9AM-5:30PM']; Monday: ['9AM-12:30PM', '1:30-5:30PM']; Saturday: ['9AM-12:30PM', '1:30-5:30PM']; Sunday: ['Closed']; Thursday: ['9AM-5:30PM']; Tuesday: ['9AM-5:30PM']; Wednesday: ['9AM-5:30PM']",no,no,1
Trotter's RV,+1 928-757-9339,http://trottersrv.com/,"2645 Airway Ave, Kingman, AZ 86409",Kingman,Arizona,86409,35.2250657,-114.0169366,4.1,370,RV repair shop,Friday: ['8AM-5PM']; Monday: ['8AM-5PM']; Saturday: ['9AM-1PM']; Sunday: ['Closed']; Thursday: ['8AM-5PM']; Tuesday: ['8AM-5PM']; Wednesday: ['8AM-5PM'],no,no,1
Velocity Truck Centers,+1 928-757-7936,https://www.velocitytruckcenters.com/location/kingman,"3275 N Bank St, Kingman, AZ 86409",Kingman,Arizona,86409,35.2198347,-114.0138549,3.8,398,Truck repair shop,Friday: ['7AM-5PM']; Monday: ['7AM-5PM']; Saturday: ['7AM-3:30PM']; Sunday: ['Closed']; Thursday: ['7AM-5PM']; Tuesday: ['7AM-5PM']; Wednesday: ['7AM-5PM'],no,no,1
Weldons Truck & Trailer,+1 334-759-7020,https://weldonstrucktrailer.com/,"3720 N Prescott St, Kingman, AZ 86409",Kingman,Arizona,86409,35.2314394,-114.0033121,4.9,73,Truck repair shop,Friday: ['Open 24 hours']; Monday: ['Open 24 hours']; Saturday: ['Open 24 hours']; Sunday: ['Open 24 hours']; Thursday: ['Open 24 hours']; Tuesday: ['Open 24 hours']; Wednesday: ['Open 24 hours'],yes,no,1
Yogi truck trailer repair,+1 559-216-7263,,"2770 w old highway 66, Kingman, AZ 86413",Kingman,Arizona,86413,35.1436142,-114.0948798,4.7,14,Tire repair shop,Friday: ['Open 24 hours']; Monday: ['Open 24 hours']; Saturday: ['Open 24 hours']; Sunday: ['Open 24 hours']; Thursday: ['Open 24 hours']; Tuesday: ['Open 24 hours']; Wednesday: ['Open 24 hours'],yes,no,1
Holt Brothers Mobile Certified RV Services,+1 623-738-9771,https://www.azrvtechs.com/,"Surprise, AZ 85388",Surprise,Arizona,85388,33.6129195,-112.4470275,5,149,RV repair shop,Friday: ['Open 24 hours']; Monday: ['Open 24 hours']; Saturday: ['Open 24 hours']; Sunday: ['Open 24 hours']; Thursday: ['Open 24 hours']; Tuesday: ['Open 24 hours']; Wednesday: ['Open 24 hours'],yes,yes,1
Dynamic Diesel Diagnostics,+1 928-379-4806,,"420 S Garland Prairie Rd, Williams, AZ 86046",Williams,Arizona,86046,35.2443106,-112.1181533,5,5,Diesel engine repair service,Friday: ['Open 24 hours']; Monday: ['Open 24 hours']; Saturday: ['Open 24 hours']; Sunday: ['Open 24 hours']; Thursday: ['Open 24 hours']; Tuesday: ['Open 24 hours']; Wednesday: ['Open 24 hours'],yes,no,1
Outlaws Diesel Rv Equipment Repair LLC,+1 928-635-1198,,"441 E Rte 66, Williams, AZ 86046",Williams,Arizona,86046,35.2525011,-112.1832839,4.4,94,RV repair shop,Friday: ['9AM-5PM']; Monday: ['9AM-5PM']; Saturday: ['Closed']; Sunday: ['Closed']; Thursday: ['9AM-5PM']; Tuesday: ['9AM-5PM']; Wednesday: ['9AM-5PM'],no,no,1
Perkins Auto and Diesel Repair,+1 928-853-7240,,"665 S Garland Prairie Rd, Williams, AZ 86046",Williams,Arizona,86046,35.2409544,-112.1213298,5,1,Mechanic,Friday: ['8AM-5PM']; Monday: ['8AM-5PM']; Saturday: ['Closed']; Sunday: ['Closed']; Thursday: ['8AM-5PM']; Tuesday: ['8AM-5PM']; Wednesday: ['8AM-5PM'],no,no,1
Central Arkansas RV,+1 501-316-0624,,"9705 Raymond Rd, Alexander, AR 72002",Alexander,Arkansas,72002,34.6832364,-92.5259334,4.3,3,RV repair shop,Friday: ['9AM-5PM']; Monday: ['9AM-5PM']; Saturday: ['Closed']; Sunday: ['Closed']; Thursday: ['9AM-5PM']; Tuesday: ['9AM-5PM']; Wednesday: ['9AM-5PM'],no,no,1
Black Dog Diesel Performance LLC,+1 479-651-6122,,"1238 Hilltop Dr, Alma, AR 72921",Alma,Arkansas,72921,35.4480429,-94.253697,4.5,11,Diesel engine repair service,,no,no,1
Crabtree RV Parts & Service,+1 479-632-0829,http://www.crabtreerv.com/,"225 Collum Ln W, Alma, AR 72921",Alma,Arkansas,72921,35.491744,-94.228786,4.2,163,RV repair shop,Friday: ['8AM-5PM']; Monday: ['8AM-5PM']; Saturday: ['9AM-3PM']; Sunday: ['Closed']; Thursday: ['8AM-5PM']; Tuesday: ['8AM-5PM']; Wednesday: ['8AM-5PM'],no,no,1
64 Auto and diesel repair,+1 479-970-3840,,"301 E Main St, Atkins, AR 72823",Atkins,Arkansas,72823,35.2422884,-92.9348342,,,Car repair and maintenance service,Friday: ['9AM-5PM']; Monday: ['9AM-5PM']; Saturday: ['9AM-5PM']; Sunday: ['Closed']; Thursday: ['9AM-5PM']; Tuesday: ['9AM-5PM']; Wednesday: ['9AM-5PM'],no,no,1
Glenn's Auto and Truck Repair,,,"1207 US-64, Atkins, AR 72823",Atkins,Arkansas,72823,35.2422936,-92.9515367,4.9,15,Truck repair shop,Friday: ['Open 24 hours']; Monday: ['Open 24 hours']; Saturday: ['Open 24 hours']; Sunday: ['Open 24 hours']; Thursday: ['Open 24 hours']; Tuesday: ['Open 24 hours']; Wednesday: ['Open 24 hours'],yes,no,1
J & I Truck Accessories,+1 479-641-2285,https://www.facebook.com/J-I-Truck-Accessories-111503352256677/%3Ffref%3Dts,"206 Crow Mountain Dr, Atkins, AR 72823",Atkins,Arkansas,72823,35.2539062,-92.939174,4.8,49,Truck accessories store,Friday: ['8AM-5PM']; Monday: ['8AM-5PM']; Saturday: ['Closed']; Sunday: ['Closed']; Thursday: ['8AM-5PM']; Tuesday: ['8AM-5PM']; Wednesday: ['8AM-5PM'],no,no,1
National Trailer Source,+1 501-354-3315,http://www.nationaltrailersource.com/%3Futm_source%3Dgoogle%26utm_medium%3Dlocal%26utm_campaign%3Dgoogle-local,"3831 Happy Bend Rd, Atkins, AR 72823",Atkins,Arkansas,72823,35.222939,-92.833122,4.5,149,Trailer repair shop,Friday: ['8AM-5PM']; Monday: ['8AM-5PM']; Saturday: ['8AM-12PM']; Sunday: ['Closed']; Thursday: ['8AM-5PM']; Tuesday: ['8AM-5PM']; Wednesday: ['8AM-5PM'],no,no,1
Fun Town RV Little Rock,+1 855-219-7859,https://www.funtownrv.com/locations/little-rock,"22524 I-30, Bryant, AR 72022",Bryant,Arkansas,72022,34.616724,-92.504302,4.8,190,RV repair shop,Friday: ['9AM-7PM']; Monday: ['9AM-7PM']; Saturday: ['9AM-7PM']; Sunday: ['Closed']; Thursday: ['9AM-7PM']; Tuesday: ['9AM-7PM']; Wednesday: ['9AM-7PM'],no,no,1
BC RV Repair,+1 501-286-6078,https://bcrvrepair.com/,"99 Gateway Dr, Cabot, AR 72023",Cabot,Arkansas,72023,34.952529,-92.0667943,4.8,70,RV repair shop,Friday: ['8AM-5PM']; Monday: ['8AM-5PM']; Saturday: ['Closed']; Sunday: ['Closed']; Thursday: ['8AM-5PM']; Tuesday: ['8AM-5PM']; Wednesday: ['8AM-5PM'],no,no,1
Danny's Diesel Repair,+1 501-605-1174,http://dannysdieselrepair.com/,"300 Commercial Dr, Cabot, AR 72023",Cabot,Arkansas,72023,34.9483136,-92.0556732,4.8,87,Diesel engine repair service,Friday: ['8AM-5PM']; Monday: ['8AM-5PM']; Saturday: ['Closed']; Sunday: ['Closed']; Thursday: ['8AM-5PM']; Tuesday: ['8AM-5PM']; Wednesday: ['8AM-5PM'],no,no,1
H & J Mobile RV Repair,+1 501-413-4350,https://www.hjmrvr.com/,"22 Gettysburg St N, Cabot, AR 72023",Cabot,Arkansas,72023,34.9799968,-91.9966788,5,24,RV repair shop,Friday: ['Open 24 hours']; Monday: ['Open 24 hours']; Saturday: ['Open 24 hours']; Sunday: ['Closed']; Thursday: ['Open 24 hours']; Tuesday: ['Open 24 hours']; Wednesday: ['Open 24 hours'],yes,yes,1
Love's Travel Stop,+1 479-647-7053,https://www.loves.com/locations/822,"1025 S Crawford St, Clarksville, AR 72830",Clarksville,Arkansas,72830,35.460073,-93.480111,4.4,337,Truck stop,Friday: ['Open 24 hours']; Monday: ['Open 24 hours']; Saturday: ['Open 24 hours']; Sunday: ['Open 24 hours']; Thursday: ['Open 24 hours']; Tuesday: ['Open 24 hours']; Wednesday: ['Open 24 hours'],yes,no,1
AJ Truck & Trailer Service,+1 501-334-5777,,"670 Dave Ward Dr, Conway, AR 72034",Conway,Arkansas,72034,35.0669948,-92.4346321,,,Truck repair shop,,no,no,1
Altec Service Center,+1 501-504-2355,https://www.altec.com/locations/conway-ar-service-center,"30 Terraconway Dr, Conway, AR 72032",Conway,Arkansas,72032,35.1213226,-92.4034271,4.8,16,Truck repair shop,Friday: ['7AM-3:30PM']; Monday: ['7AM-3:30PM']; Saturday: ['Closed']; Sunday: ['Closed']; Thursday: ['7AM-3:30PM']; Tuesday: ['7AM-3:30PM']; Wednesday: ['7AM-3:30PM'],no,no,1
Blackwell Diesel Repair,+1 501-294-9436,,"1608 Jones, Conway, AR 72032",Conway,Arkansas,72032,35.1051934,-92.446528,4.9,51,Auto repair shop,Friday: ['Open 24 hours']; Monday: ['Open 24 hours']; Saturday: ['Open 24 hours']; Sunday: ['Open 24 hours']; Thursday: ['Open 24 hours']; Tuesday: ['Open 24 hours']; Wednesday: ['Open 24 hours'],yes,no,1
Caines Mobile Auto Repair,+1 501-504-5550,,"851 Oak St, Conway, AR 72032",Conway,Arkansas,72032,35.0917766,-92.4366741,5,3,Auto repair shop,Friday: ['8AM-5PM']; Monday: ['8AM-5PM']; Saturday: ['9AM-2PM']; Sunday: ['Closed']; Thursday: ['8AM-5PM']; Tuesday: ['8AM-5PM']; Wednesday: ['8AM-5PM'],no,yes,1
Central Diesel Services,+1 501-339-3117,https://centraldieselservices.wordpress.com/,"274 US-64, Conway, AR 72032",Conway,Arkansas,72032,35.087561,-92.3771691,3.9,24,Auto repair shop,Friday: ['8AM-4:30PM']; Monday: ['8AM-4:30PM']; Saturday: ['Closed']; Sunday: ['Closed']; Thursday: ['8AM-4:30PM']; Tuesday: ['8AM-4:30PM']; Wednesday: ['8AM-4:30PM'],no,no,1
Chalos Automotive Mechanics And Repair (Hablamos español),+1 501-339-7169,,"207 Skunk Hollow Rd, Conway, AR 72032",Conway,Arkansas,72032,35.0615558,-92.3841628,4.8,107,Auto repair shop,Friday: ['9AM-6PM']; Monday: ['8AM-6PM']; Saturday: ['Closed']; Sunday: ['Closed']; Thursday: ['8AM-6PM']; Tuesday: ['8AM-6PM']; Wednesday: ['8AM-6PM'],no,no,1
Charley's Automotive,+1 501-329-7272,https://www.charleysauto.com/,"1125 Jims Ln suite b, Conway, AR 72032",Conway,Arkansas,72032,35.0935627,-92.4109666,4.2,21,Auto repair shop,Friday: ['8AM-5PM']; Monday: ['8AM-5PM']; Saturday: ['Closed']; Sunday: ['Closed']; Thursday: ['8AM-5PM']; Tuesday: ['8AM-5PM']; Wednesday: ['8AM-5PM'],no,no,1
Conway Axle & Trailer Parts LLC,+1 501-504-6026,,"348 US-64, Conway, AR 72032",Conway,Arkansas,72032,35.0871921,-92.3607506,5,8,Trailer repair shop,Friday: ['8AM-5PM']; Monday: ['8AM-5PM']; Saturday: ['Closed']; Sunday: ['Closed']; Thursday: ['8AM-5PM']; Tuesday: ['8AM-5PM']; Wednesday: ['8AM-5PM'],no,no,1
Conway RPM Truck Repair,+1 501-300-9971,,"1285 Middle Rd, Conway, AR 72032",Conway,Arkansas,72032,35.0764181,-92.4112762,4.5,2,Truck repair shop,Friday: ['Open 24 hours']; Monday: ['Open 24 hours']; Saturday: ['Open 24 hours']; Sunday: ['Open 24 hours']; Thursday: ['Open 24 hours']; Tuesday: ['Open 24 hours']; Wednesday: ['Open 24 hours'],yes,no,1
Conway Semi Truck & Trailer Repair,,,"1127 Factory St, Conway, AR 72032",Conway,Arkansas,72032,35.0948284,-92.4352713,,,Truck repair shop,,no,no,1
Custom RV Services,+1 501-273-1880,http://www.arcustomrv.com/,"352 US-65, Conway, AR 72032",Conway,Arkansas,72032,35.1292977,-92.3998392,4.5,46,RV repair shop,Friday: ['8AM-5PM']; Monday: ['8AM-5PM']; Saturday: ['Closed']; Sunday: ['Closed']; Thursday: ['8AM-5PM']; Tuesday: ['8AM-5PM']; Wednesday: ['8AM-5PM'],no,no,1
Diesels and More Garage,+1 501-504-2132,https://www.facebook.com/DAMGarageAR/,"1330 E Oak St, Conway, AR 72032",Conway,Arkansas,72032,35.0915177,-92.4095128,5,1,Diesel engine repair service,,no,no,1
FleetPride Service Center,+1 501-358-6929,https://branches.fleetpride.com/ar/conway/truckparts-cnw-sc.html,"255 Tilk Rd, Conway, AR 72032",Conway,Arkansas,72032,35.080932,-92.4153448,4.9,25,Truck repair shop,Friday: ['8AM-5PM']; Monday: ['8AM-5PM']; Saturday: ['Closed']; Sunday: ['Closed']; Thursday: ['8AM-5PM']; Tuesday: ['8AM-5PM']; Wednesday: ['8AM-5PM'],no,no,1
G&W Diesel Services/EVS Mid-South,+1 501-327-3200,,"1400 E W Martin Dr, Conway, AR 72032",Conway,Arkansas,72032,35.0613063,-92.4090242,4.2,10,Diesel engine repair service,Friday: ['8AM-5PM']; Monday: ['8AM-5PM']; Saturday: ['Closed']; Sunday: ['Closed']; Thursday: ['8AM-5PM']; Tuesday: ['8AM-5PM']; Wednesday: ['8AM-5PM'],no,no,1
Griffin’s Machine Shop,+1 501-697-6414,,"511 US-64, Conway, AR 72032",Conway,Arkansas,72032,35.0830887,-92.3267969,4.7,13,Auto machine shop,Friday: ['8:30AM-4:30PM']; Monday: ['8:30AM-5PM']; Saturday: ['Closed']; Sunday: ['Closed']; Thursday: ['8:30AM-5PM']; Tuesday: ['8:30AM-5PM']; Wednesday: ['8:30AM-5PM'],no,no,1
J C Automotive,+1 501-505-8338,,"1170 Pat's Ln, Conway, AR 72032",Conway,Arkansas,72032,35.0940146,-92.4116946,4.3,81,Auto repair shop,Friday: ['7AM-3:30PM']; Monday: ['7AM-3:30PM']; Saturday: ['Closed']; Sunday: ['Closed']; Thursday: ['7AM-3:30PM']; Tuesday: ['7AM-3:30PM']; Wednesday: ['7AM-3:30PM'],no,no,1
Luyet Automotive,+1 501-764-1500,https://luyetautomotive.com/,"381 US-65, Conway, AR 72032",Conway,Arkansas,72032,35.1333812,-92.4018455,4.8,417,Auto repair shop,"Friday: ['7:30AM-12PM', '1-5PM']; Monday: ['7:30AM-12PM', '1-5PM']; Saturday: ['Closed']; Sunday: ['Closed']; Thursday: ['7:30AM-12PM', '1-5PM']; Tuesday: ['7:30AM-12PM', '1-5PM']; Wednesday: ['7:30AM-12PM', '1-5PM']",no,no,1
Moix RV Service Department,+1 501-327-2255,http://www.moixrv.com/,"805 N Creek Dr, Conway, AR 72032",Conway,Arkansas,72032,35.0962705,-92.4252103,4.7,23,RV repair shop,Friday: ['8:30AM-5PM']; Monday: ['8:30AM-5PM']; Saturday: ['Closed']; Sunday: ['Closed']; Thursday: ['8:30AM-5PM']; Tuesday: ['8:30AM-5PM']; Wednesday: ['8:30AM-5PM'],no,no,1
RV Collision Center of Arkansas,+1 501-301-4451,https://rvcollisioncenterar.com/,"16 Drillers Dr, Conway, AR 72032",Conway,Arkansas,72032,35.0643651,-92.3883615,5,1,RV repair shop,Friday: ['8AM-5PM']; Monday: ['8AM-5PM']; Saturday: ['Closed']; Sunday: ['Closed']; Thursday: ['8AM-5PM']; Tuesday: ['8AM-5PM']; Wednesday: ['8AM-5PM'],no,no,1
Reed's mobile mechanic service,+1 479-435-4121,,"1405 S Donaghey Ave Apt 73, Conway, AR 72034",Conway,Arkansas,72034,35.0597318,-92.4570605,1,1,Auto repair shop,Friday: ['Open 24 hours']; Monday: ['Open 24 hours']; Saturday: ['Open 24 hours']; Sunday: ['Open 24 hours']; Thursday: ['Open 24 hours']; Tuesday: ['Open 24 hours']; Wednesday: ['Open 24 hours'],yes,yes,1
Rv-1,+1 501-733-9600,http://rv-1.weebly.com/,"24 Fred Ln, Conway, AR 72032",Conway,Arkansas,72032,35.0162362,-92.4003645,3.6,18,RV repair shop,,no,no,1
Stephens Automotive Repair,+1 501-472-8407,http://www.stephensautomotiverepairandcustomshop.com/,"276 US-64, Conway, AR 72032",Conway,Arkansas,72032,35.0887452,-92.3765733,4.4,85,Auto repair shop,Friday: ['Closed']; Monday: ['7AM-5:30PM']; Saturday: ['Closed']; Sunday: ['Closed']; Thursday: ['7AM-5:30PM']; Tuesday: ['7AM-5:30PM']; Wednesday: ['7AM-5:30PM'],no,no,1
Steve's Truck & Car Repair Inc,+1 501-470-0834,,"341 Sturgis Rd, Conway, AR 72034",Conway,Arkansas,72034,35.0199535,-92.4162983,3.4,8,Truck repair shop,,no,no,1
The Trailer Shop,+1 501-288-9446,https://www.thetrailershopllc.com/,"564 Otto Rd, Conway, AR 72032",Conway,Arkansas,72032,35.0301253,-92.2696222,4.8,16,Trailer repair shop,Friday: ['9AM-6PM']; Monday: ['9AM-6PM']; Saturday: ['10AM-2PM']; Sunday: ['Closed']; Thursday: ['9AM-6PM']; Tuesday: ['9AM-6PM']; Wednesday: ['9AM-6PM'],no,no,1
TrailersPlus,+1 501-214-4326,https://www.trailersplus.com/Arkansas/Conway/inventory/%3Futm_source%3Dgoogle%26utm_medium%3Dorganic%26utm_campaign%3Dgbp%26y_source%3D1_OTY0OTczMy03MTUtbG9jYXRpb24ud2Vic2l0ZQ%253D%253D,"3601 Dave Ward Dr, Conway, AR 72034",Conway,Arkansas,72034,35.070156,-92.491455,4.9,433,Trailer repair shop,"Friday: ['9AM-5:30PM']; Monday: ['Closed']; Saturday: ['9AM-12:30PM', '1:30-5:30PM']; Sunday: ['Closed']; Thursday: ['9AM-5:30PM']; Tuesday: ['9AM-5:30PM']; Wednesday: ['9AM-5:30PM']",no,no,1
Truck Service Repair Dateland,+1 501-550-9391,,"1000 Prairie St, Conway, AR 72032",Conway,Arkansas,72032,35.0890176,-92.4378529,1,1,Truck repair shop,Friday: ['Open 24 hours']; Monday: ['Open 24 hours']; Saturday: ['Open 24 hours']; Sunday: ['Open 24 hours']; Thursday: ['Open 24 hours']; Tuesday: ['Open 24 hours']; Wednesday: ['Open 24 hours'],yes,no,1
US Truck Accessories,+1 501-499-6134,https://ustruckaccessories.net/,"295 US-65, Conway, AR 72032",Conway,Arkansas,72032,35.1228096,-92.4041525,4.6,73,Truck accessories store,Friday: ['8AM-5PM']; Monday: ['8AM-5PM']; Saturday: ['Closed']; Sunday: ['Closed']; Thursday: ['8AM-5PM']; Tuesday: ['8AM-5PM']; Wednesday: ['8AM-5PM'],no,no,1
I-55 Truck and Trailer Repair,+1 870-635-4003,https://i55truckandtrailer.com/,"7468 I-55, Crawfordsville, AR 72327",Crawfordsville,Arkansas,72327,35.2672728,-90.2291012,4.5,346,Truck repair shop,Friday: ['Open 24 hours']; Monday: ['Open 24 hours']; Saturday: ['Open 24 hours']; Sunday: ['Open 24 hours']; Thursday: ['Open 24 hours']; Tuesday: ['Open 24 hours']; Wednesday: ['Open 24 hours'],yes,no,1
Hotshotz Automotive & Diesel Repair,+1 479-495-3455,,"2009 E 8th St, Danville, AR 72833",Danville,Arkansas,72833,35.0544099,-93.3713971,4.3,9,Diesel engine repair service,,no,no,1
Bill's Diesel Repair,+1 479-453-1633,,"12990 Co Rd 60, Dardanelle, AR 72834",Dardanelle,Arkansas,72834,35.0706647,-93.1486064,5,3,Auto repair shop,Friday: ['8AM-5PM']; Monday: ['8AM-5PM']; Saturday: ['Closed']; Sunday: ['Closed']; Thursday: ['8AM-5PM']; Tuesday: ['8AM-5PM']; Wednesday: ['8AM-5PM'],no,no,1
DPF Alternatives Little Rock,+1 479-280-7482,https://dpfalternatives.com/locations/little-rock-arkansas,"21166 N Hwy 7, Dardanelle, AR 72834",Dardanelle,Arkansas,72834,35.173159,-93.153788,5,11,Diesel engine repair service,Friday: ['8AM-5PM']; Monday: ['8AM-5PM']; Saturday: ['8AM-5PM']; Sunday: ['Closed']; Thursday: ['8AM-5PM']; Tuesday: ['8AM-5PM']; Wednesday: ['8AM-5PM'],no,no,1
Lewis Repair Services- Mobile Truck and Trailer Repair,+1 479-747-6143,https://www.facebook.com/share/18bjoLUXji/%3Fmibextid%3DwwXIfr,"379 Mill Creek Rd, Delaware, AR 72835",Delaware,Arkansas,72835,35.289661,-93.3855067,5,2,Truck repair shop,Friday: ['8AM-7PM']; Monday: ['8AM-11PM']; Saturday: ['9AM-5PM']; Sunday: ['9AM-5PM']; Thursday: ['8AM-7PM']; Tuesday: ['8AM-7PM']; Wednesday: ['8AM-11PM'],no,yes,1
Jones Automotive & Diesel Performance,+1 479-331-2008,,"40 Library Rd, Dover, AR 72837",Dover,Arkansas,72837,35.3910909,-93.1102736,4.5,40,Auto repair shop,Friday: ['8AM-5PM']; Monday: ['8AM-5PM']; Saturday: ['Closed']; Sunday: ['Closed']; Thursday: ['8AM-5PM']; Tuesday: ['8AM-5PM']; Wednesday: ['8AM-5PM'],no,no,1
Transmission Specialists,+1 479-967-8757,http://www.transmissionspecialistsinc.com/,"3289 Morgan Road Dover At, Dover, AR 72837",Dover,Arkansas,72837,35.3640975,-93.0600433,4,30,Transmission shop,Friday: ['8AM-5PM']; Monday: ['8AM-5PM']; Saturday: ['Closed']; Sunday: ['Closed']; Thursday: ['8AM-5PM']; Tuesday: ['8AM-5PM']; Wednesday: ['8AM-5PM'],no,no,1
R & J Diesel Repair,+1 870-313-2352,,"809 Abernathy St, Fordyce, AR 71742",Fordyce,Arkansas,71742,33.8086163,-92.4204812,,,Diesel engine repair service,Friday: ['Open 24 hours']; Monday: ['Open 24 hours']; Saturday: ['Open 24 hours']; Sunday: ['Open 24 hours']; Thursday: ['Open 24 hours']; Tuesday: ['Open 24 hours']; Wednesday: ['Open 24 hours'],yes,no,1
L&T Diesel Repair roadside assistance 24/7,+1 870-317-9978,,"2024 Campbell Dr, Forrest City, AR 72335",Forrest City,Arkansas,72335,35.0079513,-90.766521,4,50,Diesel engine repair service,Friday: ['Open 24 hours']; Monday: ['Open 24 hours']; Saturday: ['Open 24 hours']; Sunday: ['Open 24 hours']; Thursday: ['Open 24 hours']; Tuesday: ['Open 24 hours']; Wednesday: ['Open 24 hours'],yes,no,1
A&G Diesel Services Inc,+1 479-221-7464,,"429 S Zero St, Fort Smith, AR 72901",Fort Smith,Arkansas,72901,35.3286965,-94.4307024,5,6,Truck repair shop,Friday: ['7AM-4PM']; Monday: ['7AM-4PM']; Saturday: ['Closed']; Sunday: ['Closed']; Thursday: ['7AM-4PM']; Tuesday: ['7AM-4PM']; Wednesday: ['7AM-4PM'],no,no,1
Arkansas Fuel Injection Of Fort Smith Inc,+1 479-646-7709,https://www.arkansasfuelinjection.com/,"6300 S 29th St, Fort Smith, AR 72908",Fort Smith,Arkansas,72908,35.322737,-94.403853,4.8,30,Car repair and maintenance service,Friday: ['8AM-5PM']; Monday: ['8AM-5PM']; Saturday: ['Closed']; Sunday: ['Closed']; Thursday: ['8AM-5PM']; Tuesday: ['8AM-5PM']; Wednesday: ['8AM-5PM'],no,no,1
Arkansas Trailer,+1 479-648-0009,http://arkansastrailer.com/,"5616 Wheeler Ave, Fort Smith, AR 72901",Fort Smith,Arkansas,72901,35.3299226,-94.427823,4.6,44,Trailer repair shop,Friday: ['8AM-5PM']; Monday: ['8AM-5PM']; Saturday: ['Closed']; Sunday: ['Closed']; Thursday: ['8AM-5PM']; Tuesday: ['8AM-5PM']; Wednesday: ['8AM-5PM'],no,no,1
David Whitt Truck Repair,+1 479-648-1551,http://david-repair-fort-smith.jany.io/,"4000 Wheeler Ave, Fort Smith, AR 72901",Fort Smith,Arkansas,72901,35.345555,-94.428236,4.3,42,Truck repair shop,Friday: ['8AM-5PM']; Monday: ['8AM-5PM']; Saturday: ['Closed']; Sunday: ['Closed']; Thursday: ['8AM-5PM']; Tuesday: ['8AM-5PM']; Wednesday: ['8AM-5PM'],no,no,1
Diesel Service Co Inc,+1 479-783-0337,https://lomyu.me/diesel-service-co-inc-154388-us,"319 Wheeler Ave, Fort Smith, AR 72901",Fort Smith,Arkansas,72901,35.3805491,-94.4256321,4.8,20,Truck repair shop,,no,no,1
Dr. Underhood Automotive Specialist,+1 479-434-5852,https://drunderhood.com/,"5300 Towson Ave Ste 200, Fort Smith, AR 72901",Fort Smith,Arkansas,72901,35.333397,-94.423252,4.7,178,Auto repair shop,Friday: ['8AM-5PM']; Monday: ['8AM-5PM']; Saturday: ['Closed']; Sunday: ['Closed']; Thursday: ['8AM-5PM']; Tuesday: ['8AM-5PM']; Wednesday: ['8AM-5PM'],no,no,1
Fliteline Engine Supply,+1 479-646-4771,http://www.flitelineenginesupply.com/,"1412 Phoenix Ave, Fort Smith, AR 72901",Fort Smith,Arkansas,72901,35.3385922,-94.4205316,3,4,Engine rebuilding service,,no,no,1
Greg's Too Auto Repair & Towing,+1 479-551-5400,https://gregstoo.com/,"6800 Phoenix Ave, Fort Smith, AR 72903",Fort Smith,Arkansas,72903,35.3471778,-94.3572293,4.5,314,Auto repair shop,Friday: ['7AM-5PM']; Monday: ['7AM-5PM']; Saturday: ['Closed']; Sunday: ['Closed']; Thursday: ['7AM-5PM']; Tuesday: ['7AM-5PM']; Wednesday: ['7AM-5PM'],no,no,1
Hunt Engine Rebuilders Inc,+1 479-646-6863,,"5213 S 33rd St, Fort Smith, AR 72903",Fort Smith,Arkansas,72903,35.3318128,-94.397863,4.4,33,Auto machine shop,Friday: ['7:30AM-4PM']; Monday: ['7:30AM-4:30PM']; Saturday: ['Closed']; Sunday: ['Closed']; Thursday: ['7:30AM-4:30PM']; Tuesday: ['7:30AM-4:30PM']; Wednesday: ['7:30AM-4:30PM'],no,no,1
Jet’s Mobile Truck and Equipment Repair Services LLC,+1 479-255-8244,https://www.facebook.com/profile.php%3Fid%3D100091579537647%26mibextid%3DLQQJ4d,"2712 Market Trce, Fort Smith, AR 72908",Fort Smith,Arkansas,72908,35.3012844,-94.4059657,5,20,Mechanic,Friday: ['Open 24 hours']; Monday: ['Open 24 hours']; Saturday: ['Open 24 hours']; Sunday: ['Open 24 hours']; Thursday: ['Open 24 hours']; Tuesday: ['Open 24 hours']; Wednesday: ['Open 24 hours'],yes,yes,1
Jon's Service Center,+1 479-646-3555,https://www.jsc-ar.com/,"11418 US-71, Fort Smith, AR 72916",Fort Smith,Arkansas,72916,35.2754686,-94.3746302,4.6,79,Truck repair shop,Friday: ['7:30AM-5PM']; Monday: ['7:30AM-5PM']; Saturday: ['8AM-2PM']; Sunday: ['Closed']; Thursday: ['7:30AM-5PM']; Tuesday: ['7:30AM-5PM']; Wednesday: ['7:30AM-5PM'],no,no,1
Levi's Diesel And Automotive,+1 479-434-6107,,"6004 US-271, Fort Smith, AR 72908",Fort Smith,Arkansas,72908,35.3258049,-94.4230962,4.2,22,Diesel engine repair service,,no,no,1
Mobile Auto Repair Pros,+1 479-755-8342,http://mobileautorepairpros.com/ar/mechanic-fort-smith,"810 Towson Ave, Fort Smith, AR 72901",Fort Smith,Arkansas,72901,35.3759439,-94.4216299,2.1,12,Auto repair shop,Friday: ['Open 24 hours']; Monday: ['Open 24 hours']; Saturday: ['Open 24 hours']; Sunday: ['Open 24 hours']; Thursday: ['Open 24 hours']; Tuesday: ['Open 24 hours']; Wednesday: ['Open 24 hours'],yes,yes,1
Premier Trailers of Fort Smith,+1 479-646-5043,,"11318 US-71 #1, Fort Smith, AR 72916",Fort Smith,Arkansas,72916,35.2765496,-94.3748617,4.7,48,Trailer dealer,Friday: ['8AM-5PM']; Monday: ['8AM-5PM']; Saturday: ['8AM-12PM']; Sunday: ['Closed']; Thursday: ['8AM-5PM']; Tuesday: ['8AM-5PM']; Wednesday: ['8AM-5PM'],no,no,1
Smith Truck & Trailer Repair,+1 479-783-6881,,"1209 S 9th St, Fort Smith, AR 72901",Fort Smith,Arkansas,72901,35.3729013,-94.4245232,4.1,14,Truck repair shop,Friday: ['7:30AM-4PM']; Monday: ['7:30AM-4PM']; Saturday: ['Closed']; Sunday: ['Closed']; Thursday: ['7:30AM-4PM']; Tuesday: ['7:30AM-4PM']; Wednesday: ['7:30AM-4PM'],no,no,1
Jim's Engine Services,+1 501-888-5256,,"18323 Philis Dr, Hensley, AR 72065",Hensley,Arkansas,72065,34.5585006,-92.2898546,4.8,23,Auto repair shop,,no,no,1
Freeman's RV Service,+1 479-824-3900,http://www.freemansrvservice.com/,"10992 S Wedington Blacktop Rd, Lincoln, AR 72744",Lincoln,Arkansas,72744,35.9696167,-94.3978365,4.9,107,RV repair shop,Friday: ['8AM-5PM']; Monday: ['8AM-5PM']; Saturday: ['Closed']; Sunday: ['Closed']; Thursday: ['8AM-5PM']; Tuesday: ['8AM-5PM']; Wednesday: ['8AM-5PM'],no,no,1
Advance Fleet Management,+1 501-388-3340,,"7820 Zeuber Rd, Little Rock, AR 72206",Little Rock,Arkansas,72206,34.6998589,-92.1951648,5,1,Diesel engine repair service,Friday: ['7:30AM-4:30PM']; Monday: ['7:30AM-4:30PM']; Saturday: ['Closed']; Sunday: ['Closed']; Thursday: ['7:30AM-4:30PM']; Tuesday: ['7:30AM-4:30PM']; Wednesday: ['7:30AM-4:30PM'],no,no,1
All Right Truck Service,+1 501-475-4490,,"19323 N Springlake Rd, Little Rock, AR 72206",Little Rock,Arkansas,72206,34.5737615,-92.3262703,5,2,Truck repair shop,Friday: ['Open 24 hours']; Monday: ['Open 24 hours']; Saturday: ['Open 24 hours']; Sunday: ['Open 24 hours']; Thursday: ['Open 24 hours']; Tuesday: ['Open 24 hours']; Wednesday: ['Open 24 hours'],yes,no,1
Arkansas Diesel Engines,+1 501-812-4300,http://www.ardieselengines.com/,"7710 Jamison Rd, Little Rock, AR 72209",Little Rock,Arkansas,72209,34.6773588,-92.3136245,4.2,5,Truck parts supplier,Friday: ['8AM-5PM']; Monday: ['8AM-5PM']; Saturday: ['Closed']; Sunday: ['Closed']; Thursday: ['8AM-5PM']; Tuesday: ['8AM-5PM']; Wednesday: ['8AM-5PM'],no,no,1
Arkansas Fuel Injection,+1 501-565-3712,http://arkansasfuelinjectioninc.com/,"7101 I-30, Little Rock, AR 72209",Little Rock,Arkansas,72209,34.6805475,-92.3132696,4.5,45,Diesel engine repair service,Friday: ['8AM-5PM']; Monday: ['8AM-5PM']; Saturday: ['Closed']; Sunday: ['Closed']; Thursday: ['8AM-5PM']; Tuesday: ['8AM-5PM']; Wednesday: ['8AM-5PM'],no,no,1
Arkansas Trailer,+1 501-666-5417,http://www.arkansastrailer.com/,"3200 S Elm St, Little Rock, AR 72204",Little Rock,Arkansas,72204,34.7227384,-92.3207257,4.2,30,Trailer repair shop,Friday: ['8AM-5PM']; Monday: ['8AM-5PM']; Saturday: ['Closed']; Sunday: ['Closed']; Thursday: ['8AM-5PM']; Tuesday: ['8AM-5PM']; Wednesday: ['8AM-5PM'],no,no,1
B&J’s Mobile repair,+1 501-295-6680,,"6015 Mitchell Dr, Little Rock, AR 72209",Little Rock,Arkansas,72209,34.6768859,-92.3447771,1,1,Auto machine shop,Friday: ['8AM-4PM']; Monday: ['8AM-4PM']; Saturday: ['9AM-2PM']; Sunday: ['Closed']; Thursday: ['8AM-4AM']; Tuesday: ['8AM-4PM']; Wednesday: ['8AM-4PM'],no,yes,1
Bob & Orin's Carb Rebuilders,+1 501-372-2387,,"519 W 9th St, Little Rock, AR 72201",Little Rock,Arkansas,72201,34.7408781,-92.2776691,5,21,Auto repair shop,,no,no,1
Christian Brothers Automotive West Little Rock,+1 501-518-5466,https://www.cbac.com/west-little-rock/%3Futm_source%3DGMB%26utm_medium%3Dorganic%26utm_campaign%3Dwest-little-rock%26utm_content%3Dwebsite-cta,"15516 Chenal Pkwy, Little Rock, AR 72211",Little Rock,Arkansas,72211,34.7577954,-92.4446274,4.5,361,Auto repair shop,Friday: ['7AM-6PM']; Monday: ['7AM-6PM']; Saturday: ['Closed']; Sunday: ['Closed']; Thursday: ['7AM-6PM']; Tuesday: ['7AM-6PM']; Wednesday: ['7AM-6PM'],no,no,1
City of Little Rock Fleet Services,+1 501-888-5943,http://www.littlerock.org/,"10803 Ironton Cut-Off Rd, Little Rock, AR 72206",Little Rock,Arkansas,72206,34.6536065,-92.3040558,2,3,Truck repair shop,,no,no,1
Dru's Mobile Auto Repair,+1 501-563-1000,http://drus-mobile-auto.lany.io/,"11518 Ponderosa Dr, Little Rock, AR 72209",Little Rock,Arkansas,72209,34.6449964,-92.3588806,3.8,65,Auto repair shop,Friday: ['Open 24 hours']; Monday: ['Open 24 hours']; Saturday: ['8AM-5PM']; Sunday: ['8AM-5PM']; Thursday: ['Open 24 hours']; Tuesday: ['Open 24 hours']; Wednesday: ['Open 24 hours'],yes,yes,1
Fenton Truck Repair,,,"14413 El Rd, Little Rock, AR 72206",Little Rock,Arkansas,72206,34.6255764,-92.285675,4,8,Truck repair shop,,no,no,1
First Call Mobile Mechanic Automotive Services,+1 501-988-6125,,"43 Crape Myrtle Pl, Little Rock, AR 72210",Little Rock,Arkansas,72210,34.6641603,-92.4380321,4.9,320,Auto repair shop,Friday: ['7:30AM-5PM']; Monday: ['7:30AM-7PM']; Saturday: ['Closed']; Sunday: ['Closed']; Thursday: ['7:30AM-7PM']; Tuesday: ['7:30AM-7PM']; Wednesday: ['7:30AM-7PM'],no,yes,1
Fleet Management Services,+1 501-375-3672,,"901 E 8th St, Little Rock, AR 72202",Little Rock,Arkansas,72202,34.7402492,-92.2609634,4.8,33,Auto body shop,Friday: ['7:30AM-4:30PM']; Monday: ['7:30AM-4:30PM']; Saturday: ['Closed']; Sunday: ['Closed']; Thursday: ['7:30AM-4:30PM']; Tuesday: ['7:30AM-4:30PM']; Wednesday: ['7:30AM-4:30PM'],no,no,1
FleetPride Service Center,+1 501-313-5606,https://branches.fleetpride.com/ar/littlerock/truckparts-ltr-sc.html,"4614 Thibault Rd, Little Rock, AR 72206",Little Rock,Arkansas,72206,34.7041724,-92.1910639,5,6,Truck repair shop,Friday: ['8AM-5PM']; Monday: ['8AM-5PM']; Saturday: ['Closed']; Sunday: ['Closed']; Thursday: ['8AM-5PM']; Tuesday: ['8AM-5PM']; Wednesday: ['8AM-5PM'],no,no,1
Glover’s Truck Center,+1 501-945-2000,,"600 Delta Dr, Little Rock, AR 72206",Little Rock,Arkansas,72206,34.6699815,-92.2713897,3.8,4,Truck repair shop,Friday: ['8AM-5PM']; Monday: ['8AM-5PM']; Saturday: ['Closed']; Sunday: ['Closed']; Thursday: ['8AM-5PM']; Tuesday: ['8AM-5PM']; Wednesday: ['8AM-5PM'],no,no,1
"HQ RV Mobile Services, LLC",+1 501-914-0003,http://hqrvmobiletech.com/,"157 Pebble Beach Dr, Little Rock, AR 72212",Little Rock,Arkansas,72212,34.7810647,-92.4338598,5,15,RV repair shop,Friday: ['7AM-7PM']; Monday: ['Closed']; Saturday: ['Closed']; Sunday: ['Closed']; Thursday: ['7AM-7PM']; Tuesday: ['7AM-7PM']; Wednesday: ['7AM-7PM'],no,yes,1
Halbert Truck Repair,+1 501-441-4665,,"6600 I-30, Little Rock, AR 72209",Little Rock,Arkansas,72209,34.6878273,-92.3082707,3.7,3,Truck repair shop,,no,no,1
Hillcrest Camshaft,+1 501-565-6700,http://www.hillcrestcamshaft.com/,"5502 W 65th St, Little Rock, AR 72209",Little Rock,Arkansas,72209,34.691252,-92.336802,4.3,49,Auto repair shop,Friday: ['7:30AM-4:15PM']; Monday: ['7:30AM-4:15PM']; Saturday: ['Closed']; Sunday: ['Closed']; Thursday: ['7:30AM-4:15PM']; Tuesday: ['7:30AM-4:15PM']; Wednesday: ['7:30AM-4:15PM'],no,no,2
Little Rock Mobile Mechanic,+1 501-299-0198,http://littlerockmobilemechanic.com/,"811 S Louisiana St, Little Rock, AR 72201",Little Rock,Arkansas,72201,34.7408715,-92.2728033,3.9,41,Auto repair shop,Friday: ['Open 24 hours']; Monday: ['Open 24 hours']; Saturday: ['Open 24 hours']; Sunday: ['Open 24 hours']; Thursday: ['Open 24 hours']; Tuesday: ['Open 24 hours']; Wednesday: ['Open 24 hours'],yes,yes,1
Little Rock On-Site Truck Repair,+1 501-737-4975,https://mobiletruckrepairlittlerock.com/,"6204 Dividend St, Little Rock, AR 72209",Little Rock,Arkansas,72209,34.6922541,-92.320237,5,3,Auto repair shop,Friday: ['Open 24 hours']; Monday: ['Open 24 hours']; Saturday: ['Open 24 hours']; Sunday: ['Open 24 hours']; Thursday: ['Open 24 hours']; Tuesday: ['Open 24 hours']; Wednesday: ['Open 24 hours'],yes,no,1
Love's Truck Care,+1 501-407-0227,https://www.loves.com/locations/457,"11700 I-30, Little Rock, AR 72210",Little Rock,Arkansas,72210,34.6574445,-92.4141171,4.1,52,Truck repair shop,Friday: ['Open 24 hours']; Monday: ['Open 24 hours']; Saturday: ['Open 24 hours']; Sunday: ['Open 24 hours']; Thursday: ['Open 24 hours']; Tuesday: ['Open 24 hours']; Wednesday: ['Open 24 hours'],yes,no,1
MHC Carrier Transicold - Little Rock,+1 501-490-0985,https://mhc.com/locations/mhc-carrier-transicold-little-rock,"7015 Scott Hamilton Dr, Little Rock, AR 72209",Little Rock,Arkansas,72209,34.6845658,-92.3182939,4.2,56,Truck dealer,Friday: ['8AM-5PM']; Monday: ['8AM-5PM']; Saturday: ['Closed']; Sunday: ['Closed']; Thursday: ['8AM-5PM']; Tuesday: ['8AM-5PM']; Wednesday: ['8AM-5PM'],no,no,1
MHC Kenworth - Little Rock,+1 501-490-1500,https://mhc.com/locations/mhc-kenworth-little-rock,"8001 E Port Dr, Little Rock, AR 72206",Little Rock,Arkansas,72206,34.7178115,-92.1872558,4,678,Truck repair shop,Friday: ['Open 24 hours']; Monday: ['Open 24 hours']; Saturday: ['Open 24 hours']; Sunday: ['Open 24 hours']; Thursday: ['Open 24 hours']; Tuesday: ['Open 24 hours']; Wednesday: ['Open 24 hours'],yes,no,1
Mobile Diesel & Tire Repair,+1 501-293-2617,,"3102 King Rd, Little Rock, AR 72206",Little Rock,Arkansas,72206,34.6983684,-92.2467952,,,Diesel engine repair service,Friday: ['Open 24 hours']; Monday: ['Open 24 hours']; Saturday: ['Open 24 hours']; Sunday: ['Open 24 hours']; Thursday: ['Open 24 hours']; Tuesday: ['Open 24 hours']; Wednesday: ['Open 24 hours'],yes,yes,1
Mobile Mechanic - Brought Ons Satisfaction,+1 901-646-1390,https://m.facebook.com/profile.php%3Fid%3D2217301818500536%26ref%3Dcontent_filter,"7000 S University Ave, Little Rock, AR 72209",Little Rock,Arkansas,72209,34.6863534,-92.3500604,4.2,38,Mechanic,Friday: ['8:30AM-6PM']; Monday: ['8:30AM-6PM']; Saturday: ['8:30AM-6PM']; Sunday: ['Closed']; Thursday: ['8:30AM-6PM']; Tuesday: ['8:30AM-6PM']; Wednesday: ['8:30AM-6PM'],no,yes,1
Napa Truck Service Center,,,"1700 E 14th St, Little Rock, AR 72202",Little Rock,Arkansas,72202,34.7343205,-92.2513514,,,Truck repair shop,,no,no,1
R & S Solutions,+1 501-246-4143,,"7715 Distribution Dr, Little Rock, AR 72209",Little Rock,Arkansas,72209,34.674804,-92.3632814,5,1,Truck repair shop,Friday: ['8AM-2AM']; Monday: ['8AM-2AM']; Saturday: ['Closed']; Sunday: ['Closed']; Thursday: ['8AM-2AM']; Tuesday: ['8AM-2AM']; Wednesday: ['8AM-2AM'],no,no,1
RV Service & Repair at Forest River RV Little Rock by Camping World,+1 877-358-2481,https://rv.campingworld.com/service,"9801 I-30, Little Rock, AR 72209",Little Rock,Arkansas,72209,34.6756129,-92.365885,5,1,RV repair shop,,no,no,1
Rebel Rebuilders Inc,+1 501-821-4611,http://www.rebelrebuilders.com/,"21711 Panther Creek Rd, Little Rock, AR 72210",Little Rock,Arkansas,72210,34.7015179,-92.5167192,4.8,31,Engine rebuilding service,Friday: ['7AM-4PM']; Monday: ['7AM-4PM']; Saturday: ['Closed']; Sunday: ['Closed']; Thursday: ['7AM-4PM']; Tuesday: ['7AM-4PM']; Wednesday: ['7AM-4PM'],no,no,1
Repair Shop,,,"2923 Barber St, Little Rock, AR 72206",Little Rock,Arkansas,72206,34.7203395,-92.2609237,,,,,no,no,1
Smart Bubble Mobile Auto/Body Repair Shop,+1 833-501-7771,https://smartbubbleautorepairshop.simplybook.me/,"1121 S Bowman Rd c1, Little Rock, AR 72211, Little Rock, AR 72205",Little Rock,Arkansas,72205,34.7444051,-92.4067458,4.8,349,Auto repair shop,Friday: ['Open 24 hours']; Monday: ['Open 24 hours']; Saturday: ['Open 24 hours']; Sunday: ['Open 24 hours']; Thursday: ['Open 24 hours']; Tuesday: ['Open 24 hours']; Wednesday: ['Open 24 hours'],yes,yes,1
Southland Breakdown Emergency Roadside Services,+1 501-213-8978,https://www.southlandresponse.org/%3Futm_source%3Dgoogle%26utm_medium%3Dwix_google_business_profile%26utm_campaign%3D11342537614497885593,"7415 Colonel Glenn Rd Unit# Q2, Little Rock, AR 72204",Little Rock,Arkansas,72204,34.7147493,-92.3582853,4.6,53,Mechanic,Friday: ['Open 24 hours']; Monday: ['Open 24 hours']; Saturday: ['Open 24 hours']; Sunday: ['Open 24 hours']; Thursday: ['Open 24 hours']; Tuesday: ['Open 24 hours']; Wednesday: ['Open 24 hours'],yes,no,1
Taylor's Truck & Trailer,+1 501-375-0251,http://www.taylorstruckandtrailer.com/home.html,"1700 E 14th St, Little Rock, AR 72202",Little Rock,Arkansas,72202,34.7344727,-92.2511702,4.4,34,Truck repair shop,Friday: ['8AM-4:30PM']; Monday: ['8AM-4:30PM']; Saturday: ['Closed']; Sunday: ['Closed']; Thursday: ['8AM-4:30PM']; Tuesday: ['8AM-4:30PM']; Wednesday: ['8AM-4:30PM'],no,no,1
Whitey's Truck Center,+1 501-568-7812,https://whiteystruckcenter.com/,"7200 S University Ave, Little Rock, AR 72209",Little Rock,Arkansas,72209,34.6848297,-92.351509,4.1,67,Auto repair shop,Friday: ['8AM-3PM']; Monday: ['8AM-5PM']; Saturday: ['Closed']; Sunday: ['Closed']; Thursday: ['8AM-5PM']; Tuesday: ['8AM-5PM']; Wednesday: ['8AM-5PM'],no,no,1
Precision Tune Auto Care,+1 501-232-7205,http://www.precisiontune.com/LittleRockAFBAR,"1035 Arnold Dr Bldg. 1035, Little Rock AFB, AR 72099",Little Rock AFB,Arkansas,72099,34.8950728,-92.1351383,4.6,172,Auto repair shop,Friday: ['8AM-5PM']; Monday: ['8AM-5PM']; Saturday: ['8AM-12PM']; Sunday: ['Closed']; Thursday: ['8AM-5PM']; Tuesday: ['8AM-5PM']; Wednesday: ['8AM-5PM'],no,no,1
"Hogan Truck Leasing & Rental: Russellville, AR",+1 479-967-3410,http://www.hogan1.com/,"8271 US-64, London, AR 72847",London,Arkansas,72847,35.3250095,-93.2164575,4.7,11,Truck rental agency,Friday: ['8AM-5PM']; Monday: ['8AM-5PM']; Saturday: ['Closed']; Sunday: ['Closed']; Thursday: ['8AM-5PM']; Tuesday: ['8AM-5PM']; Wednesday: ['8AM-5PM'],no,no,1
Hamm Diesel Electric,+1 501-565-8156,,"10524 Helm Dr, Mabelvale, AR 72103",Mabelvale,Arkansas,72103,34.6562533,-92.388658,3.9,11,Car repair and maintenance service,,no,no,1
K&k truck repair,+1 501-326-8579,,"22720 Dianne Ln, Mabelvale, AR 72103",Mabelvale,Arkansas,72103,34.5423324,-92.400518,5,3,Diesel engine repair service,Friday: ['Open 24 hours']; Monday: ['Open 24 hours']; Saturday: ['Open 24 hours']; Sunday: ['Open 24 hours']; Thursday: ['Open 24 hours']; Tuesday: ['Open 24 hours']; Wednesday: ['Open 24 hours'],yes,no,1
Legget Truck Repair,+1 501-309-7132,https://arkansas.leggettruckrepair.com/,"10625 Otter Creek E Blvd, Mabelvale, AR 72103",Mabelvale,Arkansas,72103,34.6538513,-92.402824,2.3,3,Diesel engine repair service,Friday: ['Open 24 hours']; Monday: ['Open 24 hours']; Saturday: ['Open 24 hours']; Sunday: ['Open 24 hours']; Thursday: ['Open 24 hours']; Tuesday: ['Open 24 hours']; Wednesday: ['Open 24 hours'],yes,no,1
"Mobile ""Rv"" Doctor",+1 501-343-1193,,"9920 Kling Valley Dr, Mabelvale, AR 72103",Mabelvale,Arkansas,72103,34.6167396,-92.3904966,4.4,14,RV repair shop,Friday: ['10AM-6PM']; Monday: ['10AM-6PM']; Saturday: ['10AM-6PM']; Sunday: ['Closed']; Thursday: ['10AM-6PM']; Tuesday: ['10AM-6PM']; Wednesday: ['10AM-6PM'],no,yes,1
Onsite Truck and Trailer Repair,+1 501-251-7243,https://onsitetruckrepairlr.com/,"10802 Sardis Rd, Mabelvale, AR 72103",Mabelvale,Arkansas,72103,34.6528752,-92.3894187,,,Truck repair shop,Friday: ['7AM-5PM']; Monday: ['7AM-5PM']; Saturday: ['Closed']; Sunday: ['Closed']; Thursday: ['7AM-5PM']; Tuesday: ['7AM-5PM']; Wednesday: ['7AM-5PM'],no,no,1
Quick Fix Truck Service llc,+1 501-602-1200,,"2402 McPherson Springs Rd, Mabelvale, AR 72103",Mabelvale,Arkansas,72103,34.5738412,-92.3911108,3.6,28,Truck repair shop,Friday: ['Open 24 hours']; Monday: ['Open 24 hours']; Saturday: ['Open 24 hours']; Sunday: ['Open 24 hours']; Thursday: ['Open 24 hours']; Tuesday: ['Open 24 hours']; Wednesday: ['Open 24 hours'],yes,no,1
United Rentals – Customer Equipment Solutions,+1 901-464-1545,https://www.unitedrentals.com/locations/ar/mabelvale/equipment-service-maintenance/dp4%3Futm_source%3Dgoogle%26utm_medium%3Ddistrib%26utm_campaign%3Dyext,"9300 Mabelvale Pike, Mabelvale, AR 72103",Mabelvale,Arkansas,72103,34.6668437,-92.3863711,,,Diesel engine repair service,Friday: ['7AM-5PM']; Monday: ['7AM-5PM']; Saturday: ['Closed']; Sunday: ['Closed']; Thursday: ['7AM-5PM']; Tuesday: ['7AM-5PM']; Wednesday: ['7AM-5PM'],no,no,1
B&M Truck & Trailer Service,+1 870-739-1766,http://www.bamtruckandtrailer.com/,"5381 AR-77, Marion, AR 72364",Marion,Arkansas,72364,35.2381629,-90.2094241,3.9,32,Truck repair shop,Friday: ['Open 24 hours']; Monday: ['Open 24 hours']; Saturday: ['Open 24 hours']; Sunday: ['Open 24 hours']; Thursday: ['Open 24 hours']; Tuesday: ['Open 24 hours']; Wednesday: ['Open 24 hours'],yes,no,1
Commercial Truck and Trailer Repair,+1 901-652-2545,http://www.precisiontruckrepairshop.com/%3Futm_campaign%3Dgmb,"482 Bob Taylor Dr, Marion, AR 72364",Marion,Arkansas,72364,35.2367468,-90.2121386,4.1,178,Truck repair shop,Friday: ['Open 24 hours']; Monday: ['Open 24 hours']; Saturday: ['Open 24 hours']; Sunday: ['Open 24 hours']; Thursday: ['Open 24 hours']; Tuesday: ['Open 24 hours']; Wednesday: ['Open 24 hours'],yes,no,1
Immediate response truck and trailer repairs,+1 870-514-1090,,"#4012, Marion, AR 72364",Marion,Arkansas,72364,35.225949,-90.2108998,4.6,13,Truck repair shop,Friday: ['Open 24 hours']; Monday: ['Open 24 hours']; Saturday: ['Open 24 hours']; Sunday: ['Open 24 hours']; Thursday: ['Open 24 hours']; Tuesday: ['Open 24 hours']; Wednesday: ['Open 24 hours'],yes,no,1
In and Out Diesel Repair LLC,+1 901-254-0241,,"6208 AR-77, Marion, AR 72364",Marion,Arkansas,72364,35.2519503,-90.2146567,5,4,Diesel engine repair service,Friday: ['7AM-6PM']; Monday: ['7AM-6PM']; Saturday: ['7AM-6PM']; Sunday: ['7AM-6PM']; Thursday: ['7AM-6PM']; Tuesday: ['7AM-6PM']; Wednesday: ['7AM-6PM'],no,no,1
Memphis Truck and Trailer Repair Service,+1 870-514-2213,https://memphistruckandtrailerrepair.com/,"4012 I-55, Marion, AR 72364",Marion,Arkansas,72364,35.2205929,-90.2091763,4.6,238,Mechanic,Friday: ['Open 24 hours']; Monday: ['Open 24 hours']; Saturday: ['Open 24 hours']; Sunday: ['Open 24 hours']; Thursday: ['Open 24 hours']; Tuesday: ['Open 24 hours']; Wednesday: ['Open 24 hours'],yes,no,1
Rapid Response Truck and Trailer,+1 901-467-9962,https://www.rapidresponsetrucktrailer.com/,"5986 US-70, Marion, AR 72364",Marion,Arkansas,72364,35.1473048,-90.2297983,4.6,92,Truck repair shop,Friday: ['Open 24 hours']; Monday: ['Open 24 hours']; Saturday: ['7AM-1PM']; Sunday: ['Closed']; Thursday: ['Open 24 hours']; Tuesday: ['Open 24 hours']; Wednesday: ['Open 24 hours'],yes,no,1
Triple N Truck & Trailer,+1 870-739-6844,http://triplenrepair.com/,"5255 Great River Rd, Marion, AR 72364",Marion,Arkansas,72364,35.236598,-90.2087041,5,17,Repair service,Friday: ['8AM-4PM']; Monday: ['8AM-4PM']; Saturday: ['Closed']; Sunday: ['Closed']; Thursday: ['8AM-4PM']; Tuesday: ['8AM-4PM']; Wednesday: ['8AM-4PM'],no,no,1
The Trailer Guys LLC,+1 501-576-9424,,"10750 Crystal Hill Rd, Maumelle, AR 72113",Maumelle,Arkansas,72113,34.8200064,-92.3798384,4.7,39,Trailer repair shop,Friday: ['Open 24 hours']; Monday: ['Open 24 hours']; Saturday: ['Open 24 hours']; Sunday: ['Open 24 hours']; Thursday: ['Open 24 hours']; Tuesday: ['Open 24 hours']; Wednesday: ['Open 24 hours'],yes,no,1
Andy Boyd Rv Parts Service,+1 479-394-6648,,"3357 US-71, Mena, AR 71953",Mena,Arkansas,71953,34.6424438,-94.20282,4.9,13,Auto parts store,Friday: ['8AM-4PM']; Monday: ['8AM-4PM']; Saturday: ['Closed']; Sunday: ['Closed']; Thursday: ['8AM-4PM']; Tuesday: ['8AM-4PM']; Wednesday: ['8AM-4PM'],no,no,1
Lees Mobile RV Services,+1 479-883-9469,,"109 McKinley Ln, Midland, AR 72945",Midland,Arkansas,72945,35.0955144,-94.3640975,4.9,47,RV repair shop,Friday: ['Open 24 hours']; Monday: ['Open 24 hours']; Saturday: ['Open 24 hours']; Sunday: ['Open 24 hours']; Thursday: ['Open 24 hours']; Tuesday: ['Open 24 hours']; Wednesday: ['Open 24 hours'],yes,yes,1
Monticello Diesel & Hydraulics,+1 870-367-5052,,"120 Carpenter Rd, Monticello, AR 71655",Monticello,Arkansas,71655,33.6320989,-91.7445708,3.9,7,Repair service,Friday: ['8AM-5PM']; Monday: ['8AM-5PM']; Saturday: ['Closed']; Sunday: ['Closed']; Thursday: ['8AM-5PM']; Tuesday: ['8AM-5PM']; Wednesday: ['8AM-5PM'],no,no,1
Strokers Diesel Performance & Repair,+1 870-224-4626,https://www.strokersdiesel.com/,"101 Doris Lawrence Rd, Monticello, AR 71655",Monticello,Arkansas,71655,33.6193248,-91.7465899,4.3,41,Auto repair shop,Friday: ['8AM-5PM']; Monday: ['8AM-5PM']; Saturday: ['Closed']; Sunday: ['Closed']; Thursday: ['8AM-5PM']; Tuesday: ['8AM-5PM']; Wednesday: ['8AM-5PM'],no,no,1
3 Buddy’s Diesel Repair,+1 501-353-2710,,"2403 AR-161, North Little Rock, AR 72117",North Little Rock,Arkansas,72117,34.775903,-92.202931,5,4,Diesel engine repair service,,no,no,1
A&D Truck Repair,+1 501-353-0228,http://www.adtruckrepairllc.com/,"1603 E 5th St, North Little Rock, AR 72114",North Little Rock,Arkansas,72114,34.759032,-92.2494275,4.7,35,Truck repair shop,Friday: ['9AM-4PM']; Monday: ['9AM-6PM']; Saturday: ['Closed']; Sunday: ['Closed']; Thursday: ['9AM-6PM']; Tuesday: ['9AM-6PM']; Wednesday: ['9AM-6PM'],no,no,1
Arkansas Diesel,+1 501-501-1411,https://www.arkansasdiesel.com/,"5401 AR-161, North Little Rock, AR 72117",North Little Rock,Arkansas,72117,34.8026984,-92.1879508,4.1,13,Truck repair shop,Friday: ['Open 24 hours']; Monday: ['Open 24 hours']; Saturday: ['Open 24 hours']; Sunday: ['Open 24 hours']; Thursday: ['Open 24 hours']; Tuesday: ['Open 24 hours']; Wednesday: ['Open 24 hours'],yes,no,2
B&E Xpress Llc,+1 501-779-9573,,"232 Glenview Ln, North Little Rock, AR 72117",North Little Rock,Arkansas,72117,34.7643486,-92.2090338,3.4,5,Diesel engine repair service,Friday: ['7AM-5PM']; Monday: ['7AM-5PM']; Saturday: ['7AM-3PM']; Sunday: ['Closed']; Thursday: ['7AM-5PM']; Tuesday: ['7AM-5PM']; Wednesday: ['7AM-5PM'],no,no,1
Baker's Truck Repair,+1 501-353-3827,,"5500 AR-161, North Little Rock, AR 72117",North Little Rock,Arkansas,72117,34.8033804,-92.1871808,4.8,5,Truck repair shop,,no,no,1
Big Rock Truck and Trailer Repair,+1 501-256-1687,,"330 Mid State Truck Plaza, North Little Rock, AR 72117",North Little Rock,Arkansas,72117,34.7801113,-92.2013358,4.3,33,Truck repair shop,Friday: ['7:30AM-5:30PM']; Monday: ['7:30AM-5:30PM']; Saturday: ['Closed']; Sunday: ['Closed']; Thursday: ['7:30AM-5:30PM']; Tuesday: ['7:30AM-5:30PM']; Wednesday: ['7:30AM-5:30PM'],no,no,2
CDJ Automotive,+1 501-396-9907,,"824 E 5th St, North Little Rock, AR 72114",North Little Rock,Arkansas,72114,34.7574194,-92.2576039,4.9,113,Auto repair shop,Friday: ['8AM-5PM']; Monday: ['8AM-5PM']; Saturday: ['Closed']; Sunday: ['Closed']; Thursday: ['8AM-5PM']; Tuesday: ['8AM-5PM']; Wednesday: ['8AM-5PM'],no,no,1
CMT Truck and Trailer Repair LLC,+1 501-273-5325,,"5007 E Broadway St, North Little Rock, AR 72117",North Little Rock,Arkansas,72117,34.7641392,-92.2068065,4.6,28,Auto repair shop,Friday: ['7AM-5PM']; Monday: ['7AM-5PM']; Saturday: ['Closed']; Sunday: ['Closed']; Thursday: ['7AM-5PM']; Tuesday: ['7AM-5PM']; Wednesday: ['7AM-5PM'],no,no,1
Camping World RV Service - North Little Rock,+1 888-409-7366,https://rv.campingworld.com/dealer/north-little-rock-arkansas/rv-service-repair,"9801 Diamond Dr, North Little Rock, AR 72117",North Little Rock,Arkansas,72117,34.7852319,-92.1402127,5,1,RV repair shop,Friday: ['9AM-6PM']; Monday: ['9AM-6PM']; Saturday: ['9AM-6PM']; Sunday: ['Closed']; Thursday: ['9AM-6PM']; Tuesday: ['9AM-6PM']; Wednesday: ['9AM-6PM'],no,no,2
Central Arkansas Truck & Trailer,+1 501-568-2185,https://cenarktruck.com/,"1200 Baucum Industrial Dr, North Little Rock, AR 72117",North Little Rock,Arkansas,72117,34.7369363,-92.1711933,4.6,101,Truck repair shop,Friday: ['7AM-5PM']; Monday: ['7AM-5PM']; Saturday: ['Closed']; Sunday: ['Closed']; Thursday: ['7AM-5AM']; Tuesday: ['7AM-5PM']; Wednesday: ['7AM-5PM'],no,no,1
DJ's Auto Repair,+1 501-834-3000,https://www.djsautorepair.com/%3Futm_campaign%3Dgmb,"6103 Carnegie Dr, North Little Rock, AR 72117",North Little Rock,Arkansas,72117,34.8243347,-92.1921818,4.4,1313,Auto repair shop,Friday: ['7AM-6PM']; Monday: ['7AM-6PM']; Saturday: ['Closed']; Sunday: ['Closed']; Thursday: ['7AM-6PM']; Tuesday: ['7AM-6PM']; Wednesday: ['7AM-6PM'],no,no,1
Don's Mobile RV Service,+1 501-743-9297,,"7317 Faulkner Lake Rd, North Little Rock, AR 72117",North Little Rock,Arkansas,72117,34.7525857,-92.1823561,4.7,44,RV repair shop,Friday: ['8:30AM-5PM']; Monday: ['8:30AM-5PM']; Saturday: ['8:30AM-5PM']; Sunday: ['Closed']; Thursday: ['8:30AM-5PM']; Tuesday: ['8:30AM-5PM']; Wednesday: ['8:30AM-5PM'],no,yes,1
Fleet Masters truck & trailer repair,+1 866-206-5993,,"2400 McCain Blvd, North Little Rock, AR 72116",North Little Rock,Arkansas,72116,34.7966259,-92.2399668,,,Truck repair shop,,no,no,1
FlexArmor Arkansas,+1 904-830-5445,https://rvroof.com/,"4617 W Bethany Rd, North Little Rock, AR 72117",North Little Rock,Arkansas,72117,34.7750586,-92.2120429,,,RV repair shop,Friday: ['7AM-4PM']; Monday: ['7AM-4PM']; Saturday: ['Closed']; Sunday: ['Closed']; Thursday: ['7AM-4PM']; Tuesday: ['7AM-4PM']; Wednesday: ['7AM-4PM'],no,no,1
GT Auto Repairs Gas and Diesel,,,"3004 E Broadway St, North Little Rock, AR 72114",North Little Rock,Arkansas,72114,34.755033,-92.2334781,5,1,Auto repair shop,,no,no,1
Grace Trailer Service Inc,+1 501-955-2379,http://www.gracetrailer.com/,"2228 Central Airport Rd, North Little Rock, AR 72117",North Little Rock,Arkansas,72117,34.7733879,-92.1765747,4.6,49,Truck repair shop,Friday: ['7AM-5PM']; Monday: ['7AM-5PM']; Saturday: ['Closed']; Sunday: ['Closed']; Thursday: ['7AM-5PM']; Tuesday: ['7AM-5PM']; Wednesday: ['7AM-5PM'],no,no,1
H&C Diesel Inc,+1 501-605-4451,https://www.facebook.com/HCDieselInc,"2323 E 8th St, North Little Rock, AR 72114",North Little Rock,Arkansas,72114,34.761234,-92.2409717,3.4,5,Diesel engine repair service,Friday: ['8AM-5:30PM']; Monday: ['8AM-5:30PM']; Saturday: ['Closed']; Sunday: ['Closed']; Thursday: ['8AM-5:30PM']; Tuesday: ['8AM-5:30PM']; Wednesday: ['8AM-5:30PM'],no,no,1
Hale Trailer Brake & Wheel - Little Rock,+1 501-653-7770,https://haletrailer.com/locations/little-rock-ar/%3Futm_source%3Dgoogle%26utm_medium%3Dorganic%26utm_campaign%3Dmaps,"8720 Faulkner Lake Rd, North Little Rock, AR 72117",North Little Rock,Arkansas,72117,34.747612,-92.1653944,4.8,43,Trailer repair shop,Friday: ['8AM-4:30PM']; Monday: ['8AM-4:30PM']; Saturday: ['Closed']; Sunday: ['Closed']; Thursday: ['8AM-4:30PM']; Tuesday: ['8AM-4:30PM']; Wednesday: ['8AM-4:30PM'],no,no,1
"Hilliard Enterprises, Inc.",+1 501-851-0510,http://www.locomotiveparts.net/,"25221 AR-365 North, North Little Rock, AR 72113",North Little Rock,Arkansas,72113,34.892243,-92.428146,4.3,6,Diesel engine repair service,Friday: ['8AM-5PM']; Monday: ['8AM-5PM']; Saturday: ['Closed']; Sunday: ['Closed']; Thursday: ['8AM-5PM']; Tuesday: ['8AM-5PM']; Wednesday: ['8AM-5PM'],no,no,1
JHook Towing & Recovery,+1 501-955-2400,http://www.jhooktowing.com/,"7303 US-70, North Little Rock, AR 72117",North Little Rock,Arkansas,72117,34.7713573,-92.1834127,3,370,Towing service,Friday: ['Open 24 hours']; Monday: ['Open 24 hours']; Saturday: ['Open 24 hours']; Sunday: ['Open 24 hours']; Thursday: ['Open 24 hours']; Tuesday: ['Open 24 hours']; Wednesday: ['Open 24 hours'],yes,no,1
Jesse truck and trailer,+1 501-430-1012,,"5924 McCain Park Pl Building 14 apartment 204, North Little Rock, AR 72117",North Little Rock,Arkansas,72117,34.7885505,-92.1978585,5,2,Diesel engine repair service,Friday: ['Open 24 hours']; Monday: ['Open 24 hours']; Saturday: ['Open 24 hours']; Sunday: ['Open 24 hours']; Thursday: ['Open 24 hours']; Tuesday: ['Open 24 hours']; Wednesday: ['Open 24 hours'],yes,no,1
Joes Fleet Service,+1 501-416-8611,,"1500 E 4th St, North Little Rock, AR 72114",North Little Rock,Arkansas,72114,34.7563639,-92.2506392,5,3,Auto repair shop,Friday: ['8AM-5PM']; Monday: ['8AM-5PM']; Saturday: ['Closed']; Sunday: ['Closed']; Thursday: ['8AM-5PM']; Tuesday: ['8AM-5PM']; Wednesday: ['8AM-5PM'],no,no,1
Joes Garage,+1 501-753-4685,http://www.joesgaragenlr.com/,"5601 Crystal Hill Rd, North Little Rock, AR 72118",North Little Rock,Arkansas,72118,34.8151401,-92.3237219,4.1,247,Auto repair shop,Friday: ['8AM-5PM']; Monday: ['8AM-5PM']; Saturday: ['Closed']; Sunday: ['Closed']; Thursday: ['8AM-5PM']; Tuesday: ['8AM-5PM']; Wednesday: ['8AM-5PM'],no,no,1
L&R Mobile Truck & Trailer Repair,+1 501-307-3309,,"3000 E Washington Ave #3, North Little Rock, AR 72114",North Little Rock,Arkansas,72114,34.753213,-92.23391,,,Truck repair shop,,no,yes,1
Legget Truck Repair,+1 501-284-6566,https://www.leggettruckrepair.com/,"2341 E 8th St, North Little Rock, AR 72114",North Little Rock,Arkansas,72114,34.7609654,-92.2389646,4.3,17,Truck repair shop,Friday: ['Open 24 hours']; Monday: ['Open 24 hours']; Saturday: ['Open 24 hours']; Sunday: ['Open 24 hours']; Thursday: ['Open 24 hours']; Tuesday: ['Open 24 hours']; Wednesday: ['Open 24 hours'],yes,no,1
Legget Truck Repair,,http://leggettruckrepair.com/,"24 E 8th St, North Little Rock, AR 72114",North Little Rock,Arkansas,72114,34.7611844,-92.240873,,,Diesel engine repair service,Friday: ['8AM-6PM']; Monday: ['8AM-6PM']; Saturday: ['Closed']; Sunday: ['Closed']; Thursday: ['8AM-6PM']; Tuesday: ['8AM-6PM']; Wednesday: ['8AM-6PM'],no,no,1
Liberty Trailer Co,+1 501-945-7679,,"10120 US-70, North Little Rock, AR 72117",North Little Rock,Arkansas,72117,34.7736592,-92.1516293,4.6,215,Trailer supply store,Friday: ['8AM-4:30PM']; Monday: ['8AM-4:30PM']; Saturday: ['Closed']; Sunday: ['Closed']; Thursday: ['8AM-4:30PM']; Tuesday: ['8AM-4:30PM']; Wednesday: ['8AM-4:30PM'],no,no,1
Little Rock Mobile Truck Repair,+1 501-505-6645,,"7910 Rains Dr, North Little Rock, AR 72117",North Little Rock,Arkansas,72117,34.7718127,-92.1766406,2,4,Truck repair shop,,no,yes,1
Little Rock Truck Parts,+1 501-734-1292,http://www.littlerocktruckparts.com/,"24415 AR-365 N, North Little Rock, AR 72113",North Little Rock,Arkansas,72113,34.8889069,-92.4193152,4.6,16,Truck parts supplier,Friday: ['8AM-5PM']; Monday: ['8AM-5PM']; Saturday: ['Closed']; Sunday: ['Closed']; Thursday: ['8AM-5PM']; Tuesday: ['8AM-5PM']; Wednesday: ['8AM-5PM'],no,no,1
M&S Truck Repair Service LLC,+1 501-398-5793,,"1824 Van St, North Little Rock, AR 72117",North Little Rock,Arkansas,72117,34.7706277,-92.2124054,4.8,67,Truck repair shop,Friday: ['Open 24 hours']; Monday: ['Open 24 hours']; Saturday: ['Open 24 hours']; Sunday: ['Closed']; Thursday: ['Open 24 hours']; Tuesday: ['Open 24 hours']; Wednesday: ['Open 24 hours'],yes,no,1
North Little Rock Diesel Service,+1 501-945-2557,,"408 Lake Ln, North Little Rock, AR 72117",North Little Rock,Arkansas,72117,34.7500556,-92.1638775,4.4,12,Auto repair shop,,no,no,1
North Little Rock Truck Repair,+1 501-365-8237,,"4223 E 43rd St, North Little Rock, AR 72117",North Little Rock,Arkansas,72117,34.79441,-92.2189754,3.5,4,Auto repair shop,Friday: ['Open 24 hours']; Monday: ['Open 24 hours']; Saturday: ['Open 24 hours']; Sunday: ['Open 24 hours']; Thursday: ['Open 24 hours']; Tuesday: ['Open 24 hours']; Wednesday: ['Open 24 hours'],yes,no,1
Petro Travel Center,+1 501-945-3206,https://www.ta-petro.com/location/ar/petro-north-little-rock,"3205 Valentine Rd Exit 161, North Little Rock, AR 72117",North Little Rock,Arkansas,72117,34.780952,-92.1297722,2.7,1142,Truck repair shop,Friday: ['Open 24 hours']; Monday: ['Open 24 hours']; Saturday: ['Open 24 hours']; Sunday: ['Open 24 hours']; Thursday: ['Open 24 hours']; Tuesday: ['Open 24 hours']; Wednesday: ['Open 24 hours'],yes,no,1
Petroleum Fuel & Terminal Co,+1 501-945-7497,,"3206 Gribble St, North Little Rock, AR 72114",North Little Rock,Arkansas,72114,34.7493568,-92.2306223,4.3,4,Auto repair shop,Friday: ['Open 24 hours']; Monday: ['Open 24 hours']; Saturday: ['Open 24 hours']; Sunday: ['Open 24 hours']; Thursday: ['Open 24 hours']; Tuesday: ['Open 24 hours']; Wednesday: ['Open 24 hours'],yes,no,1
Powers Truck Parts & Service,+1 501-372-4828,https://www.powerstruckparts.com/,"900 Fiber Optic Dr, North Little Rock, AR 72117",North Little Rock,Arkansas,72117,34.7331466,-92.1482086,4.2,34,Truck repair shop,Friday: ['8AM-4:30PM']; Monday: ['8AM-4:30PM']; Saturday: ['Closed']; Sunday: ['Closed']; Thursday: ['8AM-4:30PM']; Tuesday: ['8AM-4:30PM']; Wednesday: ['8AM-4:30PM'],no,no,1
"Quality Truck Repair Services, Inc.",+1 501-955-9356,https://www.qualitytruckrepairar.net/,"1936 Rodgers Rd, North Little Rock, AR 72117",North Little Rock,Arkansas,72117,34.7709313,-92.1744648,4.5,107,Truck repair shop,Friday: ['8AM-5PM']; Monday: ['8AM-5PM']; Saturday: ['Closed']; Sunday: ['Closed']; Thursday: ['8AM-5PM']; Tuesday: ['8AM-5PM']; Wednesday: ['8AM-5PM'],no,no,1
RV Roof Arkansas,+1 870-816-6360,http://rvroof.com/,"4617 W Bethany Rd, North Little Rock, AR 72117",North Little Rock,Arkansas,72117,34.7750912,-92.2120275,5,18,RV repair shop,Friday: ['6AM-2PM']; Monday: ['6AM-2PM']; Saturday: ['Closed']; Sunday: ['Closed']; Thursday: ['6AM-2PM']; Tuesday: ['6AM-2PM']; Wednesday: ['6AM-2PM'],no,no,1
Red’s Diesel & Auto Repair,+1 501-243-0190,https://www.redsdieselandautorepair.com/,"3021 E Broadway St, North Little Rock, AR 72114",North Little Rock,Arkansas,72114,34.7560606,-92.2324702,4.7,23,Auto repair shop,Friday: ['8AM-5PM']; Monday: ['8AM-5PM']; Saturday: ['Closed']; Sunday: ['Closed']; Thursday: ['8AM-5PM']; Tuesday: ['8AM-5PM']; Wednesday: ['8AM-5PM'],no,no,1
SKX Diesel Repair,+1 501-350-8727,,"2403 AR-161, North Little Rock, AR 72117",North Little Rock,Arkansas,72117,34.7754862,-92.2004841,,,Diesel engine repair service,Friday: ['8AM-5PM']; Monday: ['8AM-5PM']; Saturday: ['9AM-5PM']; Sunday: ['Closed']; Thursday: ['8AM-5PM']; Tuesday: ['8AM-5PM']; Wednesday: ['8AM-5PM'],no,no,1
Speedco Truck Lube and Tires,+1 501-945-6047,https://www.loves.com/,"3112 AR-391, North Little Rock, AR 72117",North Little Rock,Arkansas,72117,34.778672,-92.12795,3,650,Truck repair shop,Friday: ['6AM-10PM']; Monday: ['6AM-10PM']; Saturday: ['8AM-6PM']; Sunday: ['8AM-6PM']; Thursday: ['6AM-10PM']; Tuesday: ['6AM-10PM']; Wednesday: ['6AM-10PM'],no,no,1
TA Truck Service,+1 501-945-1602,https://www.ta-petro.com/,"3205 Valentine Rd Exit 161, North Little Rock, AR 72117",North Little Rock,Arkansas,72117,34.782058,-92.1301758,3.5,823,Truck repair shop,Friday: ['Open 24 hours']; Monday: ['Open 24 hours']; Saturday: ['Open 24 hours']; Sunday: ['Open 24 hours']; Thursday: ['Open 24 hours']; Tuesday: ['Open 24 hours']; Wednesday: ['Open 24 hours'],yes,no,1
"Taylor Diesel of Arkansas, an M&D Company",+1 501-945-2326,http://www.taylordiesellittlerock.com/,"2120 E Broadway St, North Little Rock, AR 72114",North Little Rock,Arkansas,72114,34.7552147,-92.2431568,4.7,28,Diesel engine repair service,Friday: ['8AM-5PM']; Monday: ['8AM-5PM']; Saturday: ['Closed']; Sunday: ['Closed']; Thursday: ['8AM-5PM']; Tuesday: ['8AM-5PM']; Wednesday: ['8AM-5PM'],no,no,1
Terex Services,+1 501-945-6100,https://www.terex.com/utilities/en/service/terexservices,"309 Dixie St, North Little Rock, AR 72114",North Little Rock,Arkansas,72114,34.7562496,-92.2266025,4.4,9,Truck repair shop,Friday: ['7AM-3:30PM']; Monday: ['7AM-3:30PM']; Saturday: ['Closed']; Sunday: ['Closed']; Thursday: ['7AM-3:30PM']; Tuesday: ['7AM-3:30PM']; Wednesday: ['7AM-3:30PM'],no,no,1
Thomas Diesel Service,,,"6518 Neely Rd, North Little Rock, AR 72117",North Little Rock,Arkansas,72117,34.7776155,-92.1891226,5,2,Truck repair shop,,no,no,1
Tri-State Thermo King - Little Rock,+1 501-490-1979,http://www.tstk.com/,"10600 Maybelline Rd, North Little Rock, AR 72117",North Little Rock,Arkansas,72117,34.7823537,-92.1442344,4.6,192,Truck repair shop,Friday: ['8AM-5PM']; Monday: ['8AM-5PM']; Saturday: ['Closed']; Sunday: ['Closed']; Thursday: ['8AM-5PM']; Tuesday: ['8AM-5PM']; Wednesday: ['8AM-5PM'],no,no,1
Tri-State Truck Center Inc.,+1 501-490-1122,http://www.tristatetruck.com/,"8901 Diamond Dr, North Little Rock, AR 72117",North Little Rock,Arkansas,72117,34.784423,-92.1445298,3.8,239,Truck repair shop,Friday: ['7AM-6PM']; Monday: ['7AM-6PM']; Saturday: ['8AM-12PM']; Sunday: ['Closed']; Thursday: ['7AM-6PM']; Tuesday: ['7AM-6PM']; Wednesday: ['7AM-6PM'],no,no,1
"United Engines | Little Rock, AR",+1 501-562-5565,https://unitedholdingscorp.com/,"11800 Maybelline Rd, North Little Rock, AR 72117",North Little Rock,Arkansas,72117,34.7832491,-92.1328354,4.3,59,Diesel engine repair service,Friday: ['7AM-6PM']; Monday: ['7AM-6PM']; Saturday: ['Closed']; Sunday: ['Closed']; Thursday: ['7AM-6PM']; Tuesday: ['7AM-6PM']; Wednesday: ['7AM-6PM'],no,no,1
Wayne's World Truck & Trailer Repair,+1 501-541-9574,https://www.facebook.com/pages/category/Truck-Repair-Shop/Waynes-World-Truck-Repairs-107466967500173/,"5325 W Bethany Rd, North Little Rock, AR 72117",North Little Rock,Arkansas,72117,34.7745166,-92.2016546,4.7,46,Truck repair shop,Friday: ['7:30AM-5PM']; Monday: ['7:30AM-5PM']; Saturday: ['Closed']; Sunday: ['Closed']; Thursday: ['7:30AM-5PM']; Tuesday: ['7:30AM-5PM']; Wednesday: ['7:30AM-5PM'],no,no,1
Stacked Commercial Truck & Trailer Repair,+1 870-247-7478,https://www.stackedtruckandtrailerrepair.com/,"5421 Industrial Dr S, Pine Bluff, AR 71602",Pine Bluff,Arkansas,71602,34.2611903,-92.0717256,4.9,36,Truck repair shop,Friday: ['7AM-4PM']; Monday: ['7AM-4PM']; Saturday: ['Closed']; Sunday: ['Closed']; Thursday: ['7AM-4PM']; Tuesday: ['7AM-4PM']; Wednesday: ['7AM-4PM'],no,no,1
Casey’s Diesel and Auto Repairs,+1 501-655-5914,,"258 Bald Knob Rd, Plumerville, AR 72127",Plumerville,Arkansas,72127,35.2021115,-92.6452998,,,Mechanic,Friday: ['7AM-5PM']; Monday: ['7AM-5PM']; Saturday: ['Closed']; Sunday: ['Closed']; Thursday: ['7AM-5PM']; Tuesday: ['7AM-5PM']; Wednesday: ['7AM-5PM'],no,no,1
Bruckner's Truck & Equipment,+1 800-923-6474,https://www.brucknertruck.com/locations/%3Flocation%3Dpottsville%26state%3DArkansas,"620 Mountain Base Rd, Pottsville, AR 72858",Pottsville,Arkansas,72858,35.2489604,-93.0245606,4.5,98,Truck repair shop,Friday: ['7:30AM-5:30PM']; Monday: ['7:30AM-5:30PM']; Saturday: ['7:30AM-12PM']; Sunday: ['Closed']; Thursday: ['7:30AM-5:30PM']; Tuesday: ['7:30AM-5:30PM']; Wednesday: ['7:30AM-5:30PM'],no,no,1
W&B Service Co,+1 479-890-0330,http://www.wbservice.com/,"6302 US-64, Pottsville, AR 72858",Pottsville,Arkansas,72858,35.2513789,-93.0438898,4.9,88,Trailer repair shop,Friday: ['8AM-5PM']; Monday: ['8AM-5PM']; Saturday: ['Closed']; Sunday: ['Closed']; Thursday: ['8AM-5PM']; Tuesday: ['8AM-5PM']; Wednesday: ['8AM-5PM'],no,no,1
RLS Truck and Tire Diesel Service 24 Hour,+1 901-825-3272,,"366 Beck Rd, Proctor, AR 72376",Proctor,Arkansas,72376,35.1566872,-90.3750561,4.7,65,Diesel engine repair service,Friday: ['Open 24 hours']; Monday: ['Open 24 hours']; Saturday: ['Open 24 hours']; Sunday: ['Open 24 hours']; Thursday: ['Open 24 hours']; Tuesday: ['Open 24 hours']; Wednesday: ['Open 24 hours'],yes,no,1
39th Street Truck Repair,,,"308 E 39th St, Russellville, AR 72802",Russellville,Arkansas,72802,35.2375106,-93.1368862,2.1,7,Auto repair shop,Friday: ['8AM-5PM']; Monday: ['8AM-5PM']; Saturday: ['Closed']; Sunday: ['Closed']; Thursday: ['8AM-5PM']; Tuesday: ['8AM-5PM']; Wednesday: ['8AM-5PM'],no,no,1
A & M Mobile Mechanic - Road Service,+1 479-264-3605,,"1900 S Glenwood Ave, Russellville, AR 72802",Russellville,Arkansas,72802,35.2603075,-93.1406376,5,8,Truck repair shop,Friday: ['Open 24 hours']; Monday: ['Open 24 hours']; Saturday: ['Open 24 hours']; Sunday: ['Open 24 hours']; Thursday: ['Open 24 hours']; Tuesday: ['Open 24 hours']; Wednesday: ['Open 24 hours'],yes,yes,2
Americold Logistics,+1 479-967-2900,http://www.americold.com/,"203 Industrial Blvd, Russellville, AR 72802",Russellville,Arkansas,72802,35.26005,-93.068606,3.2,172,Cold storage facility,,no,no,1
Americold Logistics Russellville 324,+1 888-808-4877,https://www.americold.com/,"500 State Rte 324, Russellville, AR 72802",Russellville,Arkansas,72802,35.2717216,-93.0934684,4.2,274,Cold storage facility,Friday: ['7AM-8PM']; Monday: ['7AM-8PM']; Saturday: ['Closed']; Sunday: ['Closed']; Thursday: ['7AM-8PM']; Tuesday: ['7AM-8PM']; Wednesday: ['7AM-8PM'],no,no,1
Americold Logistics Russellville Elmira,+1 479-968-5322,https://www.americold.com/,"300 S Elmira Ave, Russellville, AR 72802",Russellville,Arkansas,72802,35.2741358,-93.1048638,3.3,377,Cold storage facility,,no,no,1
Arkansas Tire & Auto Service,+1 479-968-4304,http://www.arkansastireautoservice.com/,"2304 E Main St, Russellville, AR 72802",Russellville,Arkansas,72802,35.2779443,-93.1062124,4.5,259,Tire shop,Friday: ['8AM-5PM']; Monday: ['8AM-5PM']; Saturday: ['8AM-4PM']; Sunday: ['Closed']; Thursday: ['8AM-5PM']; Tuesday: ['8AM-5PM']; Wednesday: ['8AM-5PM'],no,no,1
B & K Auto & Trailer Sales,+1 479-967-1542,https://critesautosales.com/,"1925 E Gum Log Rd, Russellville, AR 72802",Russellville,Arkansas,72802,35.3220731,-93.038596,3.4,5,Trailer dealer,Friday: ['8:30AM-5PM']; Monday: ['9AM-5:30PM']; Saturday: ['9:30AM-2:30PM']; Sunday: ['Closed']; Thursday: ['9AM-5:30PM']; Tuesday: ['9AM-5:30PM']; Wednesday: ['9AM-5:30PM'],no,no,1
"Battle Cross Towing & Recovery, A ""Playing In Traffic Inc"" Company",+1 479-223-1172,,"6250 Market St, Russellville, AR 72802",Russellville,Arkansas,72802,35.3541781,-93.1234496,4.6,44,Towing service,Friday: ['Open 24 hours']; Monday: ['Open 24 hours']; Saturday: ['Open 24 hours']; Sunday: ['Open 24 hours']; Thursday: ['Open 24 hours']; Tuesday: ['Open 24 hours']; Wednesday: ['Open 24 hours'],yes,no,1
C & C Machinery Inc,+1 479-968-7144,,"2120 E 2nd St, Russellville, AR 72801",Russellville,Arkansas,72801,35.2764518,-93.1091593,4.4,21,Machine shop,Friday: ['8AM-5PM']; Monday: ['8AM-5PM']; Saturday: ['Closed']; Sunday: ['Closed']; Thursday: ['8AM-5PM']; Tuesday: ['8AM-5PM']; Wednesday: ['8AM-5PM'],no,no,1
Caballero's Mobile mechanic & 24/7 Road service,+1 479-747-8056,,"1122 N Boston Ave, Russellville, AR 72801",Russellville,Arkansas,72801,35.2892991,-93.132102,4.7,28,Truck repair shop,Friday: ['Open 24 hours']; Monday: ['Open 24 hours']; Saturday: ['Open 24 hours']; Sunday: ['Open 24 hours']; Thursday: ['Open 24 hours']; Tuesday: ['Open 24 hours']; Wednesday: ['Open 24 hours'],yes,yes,1
Cateye Customs,+1 479-890-3007,https://www.cateyetrailersales.com/,"3005 W Parkway Dr, Russellville, AR 72801",Russellville,Arkansas,72801,35.2919741,-93.1596288,4.8,17,Motorcycle shop,Friday: ['9AM-5PM']; Monday: ['9AM-6PM']; Saturday: ['Closed']; Sunday: ['Closed']; Thursday: ['9AM-6PM']; Tuesday: ['9AM-6PM']; Wednesday: ['9AM-6PM'],no,no,1
Central Rental & Supply,+1 479-890-7400,http://www.centralrentalandsupply.com/,"105 N Sidney Ave, Russellville, AR 72801",Russellville,Arkansas,72801,35.279405,-93.111883,4.3,69,Equipment rental agency,Friday: ['7AM-5PM']; Monday: ['7AM-5PM']; Saturday: ['Closed']; Sunday: ['Closed']; Thursday: ['7AM-5PM']; Tuesday: ['7AM-5PM']; Wednesday: ['7AM-5PM'],no,no,1
City tire and auto,+1 479-567-5128,,"1101 E Parkway Dr, Russellville, AR 72801",Russellville,Arkansas,72801,35.2812925,-93.120005,3.9,21,Tire shop,Friday: ['8AM-6PM']; Monday: ['8AM-6:30PM']; Saturday: ['8AM-6:30PM']; Sunday: ['10AM-4PM']; Thursday: ['8AM-6PM']; Tuesday: ['8AM-6:30PM']; Wednesday: ['8AM-6:30PM'],no,no,1
Cogswell Towing Wrecker and Road Service,+1 479-968-4665,https://cogswelltowing.com/,"3933 E Main St, Russellville, AR 72802",Russellville,Arkansas,72802,35.2728204,-93.075736,4.5,90,Towing service,Friday: ['Open 24 hours']; Monday: ['Open 24 hours']; Saturday: ['Open 24 hours']; Sunday: ['Open 24 hours']; Thursday: ['Open 24 hours']; Tuesday: ['Open 24 hours']; Wednesday: ['Open 24 hours'],yes,no,1
Davis Car Care,+1 479-968-3219,,"3505 W Main St, Russellville, AR 72801",Russellville,Arkansas,72801,35.289802,-93.1667553,4.7,64,Truck repair shop,Friday: ['8AM-5PM']; Monday: ['8AM-5PM']; Saturday: ['Closed']; Sunday: ['Closed']; Thursday: ['8AM-5PM']; Tuesday: ['8AM-5PM']; Wednesday: ['8AM-5PM'],no,no,1
Electric Motor Center Inc.,+1 479-968-2532,,"3222 Bernice Ave, Russellville, AR 72802",Russellville,Arkansas,72802,35.2501217,-93.1236326,4.9,10,Electric motor repair shop,Friday: ['8AM-4:30PM']; Monday: ['8AM-4:30PM']; Saturday: ['Closed']; Sunday: ['Closed']; Thursday: ['8AM-4:30PM']; Tuesday: ['8AM-4:30PM']; Wednesday: ['8AM-4:30PM'],no,no,1
Engine Specialist,+1 479-284-3883,,"12155 AR-105, Russellville, AR 72802",Russellville,Arkansas,72802,35.397668,-92.95542,5,5,Auto repair shop,,no,no,1
Express Tire & Auto Repair,+1 479-967-2212,,"506 E 4th St, Russellville, AR 72801",Russellville,Arkansas,72801,35.2747217,-93.1272167,4.5,40,Auto repair shop,Friday: ['8AM-5PM']; Monday: ['8AM-5PM']; Saturday: ['8AM-12PM']; Sunday: ['Closed']; Thursday: ['8AM-5PM']; Tuesday: ['8AM-5PM']; Wednesday: ['8AM-5PM'],no,no,1
Fleet Tire Point S Tire and Auto Service,+1 479-967-6209,https://pointstire.com/russellville,"300 S Arkansas Ave, Russellville, AR 72801",Russellville,Arkansas,72801,35.2761822,-93.1340908,4.7,106,Tire shop,Friday: ['7:30AM-5PM']; Monday: ['7:30AM-5PM']; Saturday: ['8AM-12PM']; Sunday: ['Closed']; Thursday: ['7:30AM-5PM']; Tuesday: ['7:30AM-5PM']; Wednesday: ['7:30AM-5PM'],no,no,1
G Ray Baker Truck & Garage Inc,+1 479-968-2596,,"1602 AR-124, Russellville, AR 72802",Russellville,Arkansas,72802,35.2999397,-93.1131527,4.5,10,Trucking company,,no,no,1
Glenn's Mobile Road Service and Towing,,,"233 Hidden Valley Ln, Russellville, AR 72802",Russellville,Arkansas,72802,35.3324002,-93.1163829,4.3,19,Truck repair shop,Friday: ['Open 24 hours']; Monday: ['Open 24 hours']; Saturday: ['Open 24 hours']; Sunday: ['Open 24 hours']; Thursday: ['Open 24 hours']; Tuesday: ['Open 24 hours']; Wednesday: ['Open 24 hours'],yes,yes,1
"Go, tire’s shop",+1 479-747-8816,,"3507 S Arkansas Ave, Russellville, AR 72802",Russellville,Arkansas,72802,35.2409357,-93.1391107,5,4,Tire shop,Friday: ['8AM-5PM']; Monday: ['8AM-5PM']; Saturday: ['8AM-5PM']; Sunday: ['Closed']; Thursday: ['8AM-5PM']; Tuesday: ['8AM-5PM']; Wednesday: ['8AM-5PM'],no,no,1
Grace Pro Trailer Sales,+1 479-280-8690,https://graceprotrailers.com/,"215 W Tacoma Ave, Russellville, AR 72801",Russellville,Arkansas,72801,35.2947485,-93.1693736,4.9,87,Trailer dealer,Friday: ['Open 24 hours']; Monday: ['Open 24 hours']; Saturday: ['Open 24 hours']; Sunday: ['Open 24 hours']; Thursday: ['Open 24 hours']; Tuesday: ['Open 24 hours']; Wednesday: ['Open 24 hours'],yes,no,1
Happy Days RV Sales,+1 479-968-6759,http://happydaysrvsales.com/,"3030 S Arkansas Ave, Russellville, AR 72802",Russellville,Arkansas,72802,35.2469376,-93.1389498,4.5,47,RV dealer,Friday: ['8AM-4PM']; Monday: ['8AM-4PM']; Saturday: ['Closed']; Sunday: ['Closed']; Thursday: ['8AM-4PM']; Tuesday: ['8AM-4PM']; Wednesday: ['8AM-4PM'],no,no,1
Harness Garage And Tire,+1 479-968-4259,,"8341 US-64, Russellville, AR 72802",Russellville,Arkansas,72802,35.3253973,-93.2180522,4.3,4,Tire shop,,no,no,1
Hindsman and Son,+1 479-888-6720,https://www.hindsmanandson.com/locations/ar/russellville/auto-repair-1309-e-main-street%3Futm_source%3Dlocal_listing%26utm_medium%3Dorganic%26utm_campaign%3Dstore_9120,"1309 E Main St, Russellville, AR 72801",Russellville,Arkansas,72801,35.2789837,-93.118305,4.6,523,Auto repair shop,Friday: ['8AM-5:30PM']; Monday: ['8AM-5:30PM']; Saturday: ['8AM-4PM']; Sunday: ['Closed']; Thursday: ['8AM-5:30PM']; Tuesday: ['8AM-5:30PM']; Wednesday: ['8AM-5:30PM'],no,no,1
Hodges Heavy Duty Truck Parts,+1 479-967-1333,https://www.hodgesheavydutytruckandtowing.com/,"3821 S Arkansas Ave, Russellville, AR 72802",Russellville,Arkansas,72802,35.2386528,-93.1396813,3.7,100,Truck repair shop,Friday: ['8AM-5:30PM']; Monday: ['8AM-5:30PM']; Saturday: ['8AM-3PM']; Sunday: ['Open 24 hours']; Thursday: ['8AM-5:30PM']; Tuesday: ['8AM-5:30PM']; Wednesday: ['8AM-5:30PM'],yes,no,1
Hodges Towing and Recovery,+1 479-968-5111,http://www.hodgeswrecker.com/,"3821 S Arkansas Ave Ste A, Russellville, AR 72802",Russellville,Arkansas,72802,35.2385344,-93.1397357,4,95,Towing service,Friday: ['8AM-4:30PM']; Monday: ['8AM-4:30PM']; Saturday: ['Closed']; Sunday: ['Closed']; Thursday: ['8AM-4:30PM']; Tuesday: ['8AM-4:30PM']; Wednesday: ['8AM-4:30PM'],no,no,1
Hubbard PowerSports,+1 479-890-6334,http://www.hubbardpowersports.com/%3Futm_source%3Dgoogle%26utm_medium%3Dorganic%26utm_campaign%3DGMB-service,"301 S Knoxville Ave, Russellville, AR 72801",Russellville,Arkansas,72801,35.2756052,-93.1198565,4.8,149,ATV dealer,Friday: ['9AM-5PM']; Monday: ['9AM-5PM']; Saturday: ['10AM-2PM']; Sunday: ['Closed']; Thursday: ['9AM-5PM']; Tuesday: ['9AM-5PM']; Wednesday: ['9AM-5PM'],no,no,1
Ivy's Cove RV Retreat,+1 479-280-1662,http://www.ivyscove.com/,"321 Bradley Cove Rd, Russellville, AR 72802",Russellville,Arkansas,72802,35.2834205,-93.0842437,4.5,313,RV park,,no,no,1
Lift Truck Service Center,+1 479-967-3548,https://lifttruckservicecenterinc.com/company/locations/russellville/%3Futm_source%3DGMB%26utm_medium%3Dlocal%26utm_campaign%3Dltsc-russellville,"2313 E 2nd St, Russellville, AR 72801",Russellville,Arkansas,72801,35.2771303,-93.1059714,4.4,9,Forklift dealer,Friday: ['8AM-5PM']; Monday: ['8AM-5PM']; Saturday: ['Closed']; Sunday: ['Closed']; Thursday: ['8AM-5PM']; Tuesday: ['8AM-5PM']; Wednesday: ['8AM-5PM'],no,no,1
Logan County Marine Inc.,+1 479-880-1551,https://logan-county-marine-inc.myshopify.com/,"1610 E Parkway Dr, Russellville, AR 72802",Russellville,Arkansas,72802,35.2821406,-93.1132886,4,28,Boat repair shop,Friday: ['8AM-5PM']; Monday: ['8AM-5PM']; Saturday: ['Closed']; Sunday: ['Closed']; Thursday: ['8AM-5PM']; Tuesday: ['8AM-5PM']; Wednesday: ['8AM-5PM'],no,no,1
Meza International Truck And Trailer Service Inc,,,"50 Joyce Ln, Russellville, AR 72802",Russellville,Arkansas,72802,35.281111,-93.0879999,5,5,Truck repair shop,,no,no,1
Mike Johnson's Power Sports of Russellville,+1 479-968-7110,http://www.mikejohnsonspowersports.com/,"120 E Parkway Dr, Russellville, AR 72801",Russellville,Arkansas,72801,35.2808853,-93.1323648,4.1,157,Powersports vehicle dealer,Friday: ['8:30AM-5:30AM']; Monday: ['Closed']; Saturday: ['8:30AM-5:30AM']; Sunday: ['Closed']; Thursday: ['8:30AM-5:30AM']; Tuesday: ['8:30AM-5:30PM']; Wednesday: ['8:30AM-5:30PM'],no,no,1
Morgan's RV Service & Repair,+1 479-567-5860,https://www.morgansrvserviceandrepair.com/,"8409 US-64, Russellville, AR 72802",Russellville,Arkansas,72802,35.3254873,-93.2194019,4.7,27,RV repair shop,Friday: ['8AM-4PM']; Monday: ['8AM-4PM']; Saturday: ['9AM-2PM']; Sunday: ['Closed']; Thursday: ['8AM-4PM']; Tuesday: ['8AM-4PM']; Wednesday: ['8AM-4PM'],no,no,1
NiceCampers.com,+1 479-229-1499,https://www.nicecampers.com/,"3814 S Arkansas Ave, Russellville, AR 72802",Russellville,Arkansas,72802,35.2391621,-93.1424508,4.6,115,Trailer dealer,Friday: ['8:30AM-5:30PM']; Monday: ['8:30AM-5:30PM']; Saturday: ['8:30AM-5:30PM']; Sunday: ['Closed']; Thursday: ['8:30AM-5:30PM']; Tuesday: ['8:30AM-5:30PM']; Wednesday: ['8:30AM-5:30PM'],no,no,1
O'Reilly Auto Parts,+1 479-967-2132,https://locations.oreillyauto.com/en-us/ar/russellville/autoparts-362.html,"2005 E Main St, Russellville, AR 72802",Russellville,Arkansas,72802,35.2787217,-93.109796,4.3,268,Auto parts store,Friday: ['7:30AM-10PM']; Monday: ['7:30AM-10PM']; Saturday: ['7:30AM-10PM']; Sunday: ['8AM-9PM']; Thursday: ['7:30AM-10PM']; Tuesday: ['7:30AM-10PM']; Wednesday: ['7:30AM-10PM'],no,no,1
Outdoor Living Center RV Park,+1 479-968-7705,,"10 Outdoor Pl, Russellville, AR 72802",Russellville,Arkansas,72802,35.3106122,-93.1393646,4.4,184,RV park,,no,no,1
"Ozarko Tire Centers, Inc.",+1 479-968-3090,,"488 Okie Doke Rd, Russellville, AR 72802",Russellville,Arkansas,72802,35.231607,-93.1407318,4.7,32,Tire shop,Friday: ['7:30AM-5PM']; Monday: ['7:30AM-5PM']; Saturday: ['Closed']; Sunday: ['Closed']; Thursday: ['7:30AM-5PM']; Tuesday: ['7:30AM-5PM']; Wednesday: ['7:30AM-5PM'],no,no,1
Pana Tires,+1 501-626-9755,,"Russellville, AR 72802",Russellville,Arkansas,72802,35.24067,-93.1392413,4.2,6,Tire shop,,no,no,1
"Quick Truck Wash Russellville Ar , EXIT 84 TRUCK WASH",+1 479-968-9131,http://russellvilletankwash.com/,"Next To Flying J, 43 Interstate Ave, Russellville, AR 72802",Russellville,Arkansas,72802,35.2834014,-93.0872461,4.1,658,Pressure washing service,Friday: ['Open 24 hours']; Monday: ['Open 24 hours']; Saturday: ['Open 24 hours']; Sunday: ['Open 24 hours']; Thursday: ['Open 24 hours']; Tuesday: ['Open 24 hours']; Wednesday: ['Open 24 hours'],yes,no,1
RHINO LININGS OF RUSSELLVILLE,+1 479-968-3370,https://rhinolinings.com/find-applicator/ar/russellville/rhino_truckbed_liners_russellville_ar_72802_69197.html,"304 E 39th St, Russellville, AR 72802",Russellville,Arkansas,72802,35.2375316,-93.137506,5,1,Truck accessories store,,no,no,1
RJ's custom upholstrey & Embroidery,+1 479-219-5115,https://rjchristopher.wixsite.com/rjscustomupholstery,"6368 S Market St, Russellville, AR 72802",Russellville,Arkansas,72802,35.3563729,-93.1228659,5,51,Upholstery shop,Friday: ['8AM-6PM']; Monday: ['8AM-6PM']; Saturday: ['8AM-12PM']; Sunday: ['Closed']; Thursday: ['8AM-6PM']; Tuesday: ['8AM-6PM']; Wednesday: ['8AM-6PM'],no,no,1
Ramon’s Mobile Mechanic & 24/7 Road Service,+1 479-219-8678,,"901 N Knoxville Ave, Russellville, AR 72801",Russellville,Arkansas,72801,35.2857855,-93.1203965,4.8,72,Truck repair shop,Friday: ['Open 24 hours']; Monday: ['Open 24 hours']; Saturday: ['Open 24 hours']; Sunday: ['Open 24 hours']; Thursday: ['Open 24 hours']; Tuesday: ['Open 24 hours']; Wednesday: ['Open 24 hours'],yes,yes,1
Rec Transport,+1 479-880-8825,https://www.woodchipsandmore.com/,"250 Jimmy Lile Rd, Russellville, AR 72802",Russellville,Arkansas,72802,35.2486686,-93.1187896,3.4,5,Trucking company,,no,no,1
Rush Truck Centers - Russellville Service,+1 479-967-5800,https://www.rushtruckcenters.com/locations/32050000-russellville%3Futm_source%3Dgoogle%26utm_medium%3Dorganic%26utm_campaign%3Dgmb-russellville-service,"143 AR-331, Russellville, AR 72802",Russellville,Arkansas,72802,35.2798284,-93.0930841,5,1,Truck repair shop,,no,no,1
Russellville Auto Repair and Wrecker,+1 479-886-0279,http://russellvilleautowrecker.com/,"410 W Parkway Dr, Russellville, AR 72801",Russellville,Arkansas,72801,35.2815234,-93.1357035,4.8,37,Auto repair shop,Friday: ['8AM-5PM']; Monday: ['8AM-5PM']; Saturday: ['Closed']; Sunday: ['Closed']; Thursday: ['8AM-5PM']; Tuesday: ['8AM-5PM']; Wednesday: ['8AM-5PM'],no,no,1
S. F. I.,+1 479-967-7575,http://www.sfixit.com/,"3006 E 16th St, Russellville, AR 72802",Russellville,Arkansas,72802,35.2631156,-93.1000907,4.3,6,Machine shop,Friday: ['8AM-4PM']; Monday: ['8AM-4PM']; Saturday: ['Closed']; Sunday: ['Closed']; Thursday: ['8AM-4PM']; Tuesday: ['8AM-4PM']; Wednesday: ['8AM-4PM'],no,no,1
"Scotty's Storage Trailer Rentals, Inc.",+1 479-858-2550,http://www.scottysstorage.com/,"2720 Bernard Way, Russellville, AR 72802",Russellville,Arkansas,72802,35.273944,-93.1009671,4.1,19,Container supplier,Friday: ['7AM-5PM']; Monday: ['7AM-5PM']; Saturday: ['Closed']; Sunday: ['Closed']; Thursday: ['7AM-5PM']; Tuesday: ['7AM-5PM']; Wednesday: ['7AM-5PM'],no,no,1
Sharma's Fleet Services,+1 307-313-4498,https://sharmasfleetservices.com/,"290 Bradley Cove Rd, Russellville, AR 72802",Russellville,Arkansas,72802,35.2846405,-93.0845427,,,Repair service,Friday: ['Open 24 hours']; Monday: ['Open 24 hours']; Saturday: ['Open 24 hours']; Sunday: ['Open 24 hours']; Thursday: ['Open 24 hours']; Tuesday: ['Open 24 hours']; Wednesday: ['Open 24 hours'],yes,no,1
Southern Tire Mart @ Pilot,+1 479-880-9224,https://stmtires.com/locations/store-STMP-533/,"185 Interstate Ave, Russellville, AR 72802",Russellville,Arkansas,72802,35.2821386,-93.087523,5,1,Truck repair shop,Friday: ['8AM-5PM']; Monday: ['8AM-5PM']; Saturday: ['Closed']; Sunday: ['Closed']; Thursday: ['8AM-5PM']; Tuesday: ['8AM-5PM']; Wednesday: ['8AM-5PM'],no,no,1
Swain's Service Center,+1 479-968-4931,,"3214 Bernice Ave, Russellville, AR 72802",Russellville,Arkansas,72802,35.2498907,-93.1241682,4,19,Auto repair shop,,no,no,1
Trailer Rental at U-Haul,+1 479-498-0933,https://www.uhaul.com/Locations/Trailer-Rentals-near-Russellville-AR-72802/742075/%3Futm_source%3Dgmb%26utm_medium%3Dtrailer%26utm_campaign%3Duhaulsmlm%26utm_content%3D742075,"2821 E Main St, Russellville, AR 72802",Russellville,Arkansas,72802,35.2782182,-93.1014805,3.7,3,Trailer rental service,Friday: ['7AM-8PM']; Monday: ['7AM-7PM']; Saturday: ['7AM-7PM']; Sunday: ['9AM-5PM']; Thursday: ['7AM-7PM']; Tuesday: ['7AM-7PM']; Wednesday: ['7AM-7PM'],no,no,2
Tri-State Thermo King - Russellville,+1 479-968-1947,http://www.tstk.com/,"38 Furniture Rd, Russellville, AR 72802",Russellville,Arkansas,72802,35.2689942,-93.068584,4.6,67,Truck repair shop,Friday: ['8AM-5PM']; Monday: ['8AM-5PM']; Saturday: ['Closed']; Sunday: ['Closed']; Thursday: ['8AM-5PM']; Tuesday: ['8AM-5PM']; Wednesday: ['8AM-5PM'],no,no,1
Triple H machine,+1 479-747-9746,,"918 E 3rd St, Russellville, AR 72801",Russellville,Arkansas,72801,35.2755955,-93.1224536,4,4,Auto repair shop,,no,no,1
Under The Hood Auto Repair LLC,+1 479-886-8632,https://underthehoodauto.co/,"605 Reasoner Ln, Russellville, AR 72802",Russellville,Arkansas,72802,35.3005135,-93.1305971,4.7,119,Auto repair shop,Friday: ['7AM-3PM']; Monday: ['7AM-3PM']; Saturday: ['Closed']; Sunday: ['Closed']; Thursday: ['7AM-3PM']; Tuesday: ['7AM-3PM']; Wednesday: ['7AM-3PM'],no,no,1
Vernon's Auto Truck Repair,+1 479-967-1515,,"3230 Bernice Ave, Russellville, AR 72802",Russellville,Arkansas,72802,35.2496954,-93.125572,4.4,66,Auto repair shop,Friday: ['7AM-4PM']; Monday: ['7AM-4PM']; Saturday: ['Closed']; Sunday: ['7AM-4PM']; Thursday: ['7AM-4PM']; Tuesday: ['7AM-4PM']; Wednesday: ['7AM-4PM'],no,no,1
Wilcox Companies,+1 479-280-9136,http://wilcoxrv.com/,"2703 S Boulder Ave, Russellville, AR 72802",Russellville,Arkansas,72802,35.252756,-93.1366757,4.5,37,RV repair shop,Friday: ['8AM-5PM']; Monday: ['8AM-5PM']; Saturday: ['9AM-2PM']; Sunday: ['Closed']; Thursday: ['8AM-5PM']; Tuesday: ['8AM-5PM']; Wednesday: ['8AM-5PM'],no,no,1
Woody's Boot & Repair,+1 479-968-8980,http://woodysboots.com/,"511 E 4th St, Russellville, AR 72801",Russellville,Arkansas,72801,35.2752161,-93.1274615,4.7,137,Boot store,Friday: ['8AM-6PM']; Monday: ['8AM-6PM']; Saturday: ['9AM-3PM']; Sunday: ['Closed']; Thursday: ['8AM-6PM']; Tuesday: ['8AM-6PM']; Wednesday: ['8AM-6PM'],no,no,1
A1 Diesel Repair & Parking LLC,+1 501-523-5070,,"4907 S Kerr Rd, Scott, AR 72142",Scott,Arkansas,72142,34.7931486,-92.0574465,5,18,Diesel engine repair service,Friday: ['8AM-5PM']; Monday: ['8AM-5PM']; Saturday: ['8AM-5PM']; Sunday: ['Closed']; Thursday: ['8AM-5PM']; Tuesday: ['8AM-5PM']; Wednesday: ['8AM-5PM'],no,no,1
Mobile RV,+1 501-681-5593,https://www.rvsalvageandservice.com/,"70001Pecan Rd, Scott, AR 72142",Scott,Arkansas,72142,34.6964808,-92.0962552,4.1,17,RV repair shop,Friday: ['9AM-4PM']; Monday: ['9AM-4PM']; Saturday: ['Closed']; Sunday: ['Closed']; Thursday: ['9AM-4PM']; Tuesday: ['9AM-4PM']; Wednesday: ['9AM-4PM'],no,yes,1
Delablaine Roadside,+1 479-699-1183,,"200 5th St, Scranton, AR 72863",Scranton,Arkansas,72863,35.3596391,-93.5356878,5,2,Diesel engine repair service,Friday: ['Open 24 hours']; Monday: ['Open 24 hours']; Saturday: ['Open 24 hours']; Sunday: ['Open 24 hours']; Thursday: ['Open 24 hours']; Tuesday: ['Open 24 hours']; Wednesday: ['Open 24 hours'],yes,no,1
Scranton Truck & Trailer,+1 479-938-1111,https://www.scrantontruckandtrailer.com/,"501 Main St, Scranton, AR 72863",Scranton,Arkansas,72863,35.3606006,-93.5355958,4.7,44,Auto repair shop,Friday: ['8AM-5PM']; Monday: ['8AM-5PM']; Saturday: ['Closed']; Sunday: ['Closed']; Thursday: ['8AM-5PM']; Tuesday: ['8AM-5PM']; Wednesday: ['8AM-5PM'],no,no,1
Arkansas Mobile RV Service,+1 501-813-2566,https://m.facebook.com/arkansasmobilervservice,"11 Julia Dr, Sheridan, AR 72150",Sheridan,Arkansas,72150,34.3219652,-92.3882467,5,54,RV repair shop,Friday: ['Open 24 hours']; Monday: ['Open 24 hours']; Saturday: ['Open 24 hours']; Sunday: ['Open 24 hours']; Thursday: ['Open 24 hours']; Tuesday: ['Open 24 hours']; Wednesday: ['Open 24 hours'],yes,yes,1
R&M Diesel Parts & Service,+1 870-941-6160,,"2100 AR-46, Sheridan, AR 72150",Sheridan,Arkansas,72150,34.332916,-92.369976,4,11,Diesel engine repair service,Friday: ['7AM-7PM']; Monday: ['7AM-7PM']; Saturday: ['7AM-7PM']; Sunday: ['7AM-7PM']; Thursday: ['7AM-7PM']; Tuesday: ['7AM-7PM']; Wednesday: ['7AM-7PM'],no,no,1
Forest River RV | Camping World,+1 866-789-0643,https://rv.campingworld.com/dealer/forestriver-sherwood-arkansas,"6721 Warden Rd, Sherwood, AR 72120",Sherwood,Arkansas,72120,34.8194267,-92.1998937,4.5,1384,RV repair shop,Friday: ['9AM-7PM']; Monday: ['9AM-7PM']; Saturday: ['9AM-7PM']; Sunday: ['11AM-5PM']; Thursday: ['9AM-7PM']; Tuesday: ['9AM-7PM']; Wednesday: ['9AM-7PM'],no,no,2
Quality Truck and Trailer Repair,+1 870-771-8602,https://www.qualitytruckfix.com/,"744 AR-463, Trumann, AR 72472",Trumann,Arkansas,72472,35.663805,-90.5072057,4.7,44,Truck repair shop,Friday: ['Open 24 hours']; Monday: ['Open 24 hours']; Saturday: ['Open 24 hours']; Sunday: ['Open 24 hours']; Thursday: ['Open 24 hours']; Tuesday: ['Open 24 hours']; Wednesday: ['Open 24 hours'],yes,no,1
First Choice Mobile RV Repair,+1 501-444-2992,https://www.1stchoicemobilervrepair.com/,"2400 Ray Dean Rd, Tucker, AR 72168",Tucker,Arkansas,72168,34.4190608,-92.1096458,5,30,Repair service,Friday: ['8AM-5PM']; Monday: ['8AM-5PM']; Saturday: ['8AM-5PM']; Sunday: ['Closed']; Thursday: ['8AM-5PM']; Tuesday: ['8AM-5PM']; Wednesday: ['8AM-5PM'],no,yes,1
AEM 24HR MOBILE TRUCK AND TRAILER REPAIR,+1 479-259-5619,http://aem24mobiletruckandtrailer.com/,"735 Redwood Dr, Van Buren, AR 72956",Van Buren,Arkansas,72956,35.4439419,-94.2482472,5,2,Truck repair shop,Friday: ['Open 24 hours']; Monday: ['Open 24 hours']; Saturday: ['Open 24 hours']; Sunday: ['Open 24 hours']; Thursday: ['Open 24 hours']; Tuesday: ['Open 24 hours']; Wednesday: ['Open 24 hours'],yes,yes,1
Arkansas Valley Diesel & Auto Repair,+1 479-474-7467,,"12 Ada Bell Cir, Van Buren, AR 72956",Van Buren,Arkansas,72956,35.4528071,-94.3581136,4.8,62,Auto repair shop,Friday: ['8AM-5PM']; Monday: ['8AM-5PM']; Saturday: ['Closed']; Sunday: ['Closed']; Thursday: ['8AM-5PM']; Tuesday: ['8AM-5PM']; Wednesday: ['8AM-5PM'],no,no,1
High Caliber Diesel Service,+1 479-262-2600,,"2290 S 4th St, Van Buren, AR 72956",Van Buren,Arkansas,72956,35.4180672,-94.3351698,4.8,45,Truck repair shop,Friday: ['Open 24 hours']; Monday: ['Open 24 hours']; Saturday: ['Open 24 hours']; Sunday: ['Open 24 hours']; Thursday: ['Open 24 hours']; Tuesday: ['Open 24 hours']; Wednesday: ['Open 24 hours'],yes,no,1
Highway 64 Truck and Trailer Repair,+1 479-668-3107,https://www.highway64semitruckservice.com/,"5200 Alma Hwy, Van Buren, AR 72956",Van Buren,Arkansas,72956,35.4576809,-94.2901383,4.7,418,Truck repair shop,Friday: ['Open 24 hours']; Monday: ['Open 24 hours']; Saturday: ['Open 24 hours']; Sunday: ['Open 24 hours']; Thursday: ['Open 24 hours']; Tuesday: ['Open 24 hours']; Wednesday: ['Open 24 hours'],yes,no,1
Xtreme Diesel,+1 479-651-3363,https://www.facebook.com/xtremedieselservices/,"6622 Alma Hwy, Van Buren, AR 72956",Van Buren,Arkansas,72956,35.4671407,-94.2644672,4.7,65,Diesel engine repair service,Friday: ['Closed']; Monday: ['8AM-5PM']; Saturday: ['Closed']; Sunday: ['Closed']; Thursday: ['8AM-5PM']; Tuesday: ['8AM-5PM']; Wednesday: ['8AM-5PM'],no,no,1
A-1 Wrecker & Diesel,+1 870-732-1010,https://a1wreckerdiesel.com/%3Futm_source%3Domg-gbp%26utm_medium%3Dwebclick,"1408 Thompson Ave, West Memphis, AR 72301",West Memphis,Arkansas,72301,35.1478494,-90.1666834,3.1,74,Towing service,Friday: ['Open 24 hours']; Monday: ['Open 24 hours']; Saturday: ['Open 24 hours']; Sunday: ['Open 24 hours']; Thursday: ['Open 24 hours']; Tuesday: ['Open 24 hours']; Wednesday: ['Open 24 hours'],yes,no,1
Ant Diesel Repair,+1 901-254-2163,,"2315 N Autumn St, West Memphis, AR 72301",West Memphis,Arkansas,72301,35.140425,-90.1557758,,,Diesel engine repair service,,no,no,1
Boss Truck Shop,+1 870-551-7000,http://www.bosstruckshops.com/,"400 Mound City Rd, West Memphis, AR 72301",West Memphis,Arkansas,72301,35.1498576,-90.1279841,2.7,25,Truck repair shop,Friday: ['7AM-11PM']; Monday: ['7AM-11PM']; Saturday: ['8AM-4PM']; Sunday: ['Closed']; Thursday: ['7AM-11PM']; Tuesday: ['7AM-11PM']; Wednesday: ['7AM-11PM'],no,no,1
Brothers Roadservice,+1 870-902-9291,,"381 Front St, West Memphis, AR 72301",West Memphis,Arkansas,72301,35.1300593,-90.1930063,3.7,3,Diesel engine repair service,Friday: ['Open 24 hours']; Monday: ['Open 24 hours']; Saturday: ['Open 24 hours']; Sunday: ['Open 24 hours']; Thursday: ['Open 24 hours']; Tuesday: ['Open 24 hours']; Wednesday: ['Open 24 hours'],yes,no,1
Cliff Carter's Wrecker Service,+1 870-735-4285,https://cliffcarterbodyshopar.com/,"479 AR-77, West Memphis, AR 72301",West Memphis,Arkansas,72301,35.1745992,-90.1849878,4.8,92,Auto repair shop,Friday: ['Open 24 hours']; Monday: ['Open 24 hours']; Saturday: ['Open 24 hours']; Sunday: ['Open 24 hours']; Thursday: ['Open 24 hours']; Tuesday: ['Open 24 hours']; Wednesday: ['Open 24 hours'],yes,no,1
ELH Truck & Trailer,+1 870-629-5034,http://www.elhtruckrepair.com/,"3657 Southland Dr, West Memphis, AR 72301",West Memphis,Arkansas,72301,35.1600147,-90.1408466,4.3,222,Truck repair shop,Friday: ['8AM-11PM']; Monday: ['8AM-11PM']; Saturday: ['8AM-11PM']; Sunday: ['9AM-5PM']; Thursday: ['8AM-11PM']; Tuesday: ['8AM-11PM']; Wednesday: ['8AM-11PM'],no,no,1
Garretteed Diesel Repair,+1 870-923-3238,,"1511 E Broadway Ave, West Memphis, AR 72301",West Memphis,Arkansas,72301,35.1461453,-90.1657026,1.6,7,Truck repair shop,Friday: ['Open 24 hours']; Monday: ['Open 24 hours']; Saturday: ['Open 24 hours']; Sunday: ['Open 24 hours']; Thursday: ['Open 24 hours']; Tuesday: ['Open 24 hours']; Wednesday: ['Open 24 hours'],yes,no,1
Grade A Mobile Truck & Trailer Repair LLC,+1 901-631-3808,,"610 N Missouri St Ste 5, West Memphis, AR 72301",West Memphis,Arkansas,72301,35.1536145,-90.1851891,5,2,Truck repair shop,Friday: ['Open 24 hours']; Monday: ['Open 24 hours']; Saturday: ['Open 24 hours']; Sunday: ['Open 24 hours']; Thursday: ['Open 24 hours']; Tuesday: ['Open 24 hours']; Wednesday: ['Open 24 hours'],yes,yes,1
McIver Truck & Trailer,+1 662-560-7882,,"4000 I-55, West Memphis, AR 72301",West Memphis,Arkansas,72301,35.149149,-90.133425,4.7,71,Truck repair shop,Friday: ['8AM-5PM']; Monday: ['8AM-5PM']; Saturday: ['Closed']; Sunday: ['Closed']; Thursday: ['8AM-5PM']; Tuesday: ['8AM-5PM']; Wednesday: ['8AM-5PM'],no,no,1
Ouachita Trailer Sales - Memphis,+1 870-394-5985,https://www.ouachitatrailers.com/,"6044 W Broadway Ave, West Memphis, AR 72301",West Memphis,Arkansas,72301,35.1467226,-90.2308765,5,43,Trailer dealer,Friday: ['Closed']; Monday: ['9AM-5PM']; Saturday: ['Closed']; Sunday: ['Closed']; Thursday: ['9AM-5PM']; Tuesday: ['9AM-5PM']; Wednesday: ['9AM-5PM'],no,no,1
PSC - Polar Service Center,+1 870-732-0404,https://polarservicecenters.com/,"615 Petro Cove, West Memphis, AR 72301",West Memphis,Arkansas,72301,35.1524328,-90.1296492,4.2,210,Truck repair shop,Friday: ['7AM-5PM']; Monday: ['7AM-5PM']; Saturday: ['Closed']; Sunday: ['Closed']; Thursday: ['7AM-5PM']; Tuesday: ['7AM-5PM']; Wednesday: ['7AM-5PM'],no,no,1
Speedco Truck Lube and Tires,+1 870-732-9281,https://www.loves.com/locations/951,"4300 Petro Rd, West Memphis, AR 72301",West Memphis,Arkansas,72301,35.1540647,-90.1294027,3.5,686,Truck repair shop,Friday: ['6AM-10PM']; Monday: ['6AM-10PM']; Saturday: ['8AM-6PM']; Sunday: ['8AM-6PM']; Thursday: ['6AM-10PM']; Tuesday: ['6AM-10PM']; Wednesday: ['6AM-10PM'],no,no,1
Speedway tires. Truck & trailer repair,+1 817-210-8750,,"1212 Martin Luther King Jr Dr, West Memphis, AR 72301",West Memphis,Arkansas,72301,35.1600786,-90.1350113,5,12,Tire shop,Friday: ['7:30AM-10PM']; Monday: ['7:30AM-10PM']; Saturday: ['7:30AM-10PM']; Sunday: ['7:30AM-6PM']; Thursday: ['7:30AM-10PM']; Tuesday: ['7:30AM-10PM']; Wednesday: ['7:30AM-10PM'],no,no,1
T.A.C'S Mobile Mechanic and Repair,+1 901-467-5051,,"609 S 3rd St, West Memphis, AR 72301",West Memphis,Arkansas,72301,35.1387822,-90.1823392,4.5,16,Mechanic,Friday: ['Open 24 hours']; Monday: ['Open 24 hours']; Saturday: ['Open 24 hours']; Sunday: ['Open 24 hours']; Thursday: ['Open 24 hours']; Tuesday: ['Open 24 hours']; Wednesday: ['Open 24 hours'],yes,yes,1
TA Truck Service,+1 870-702-5550,https://www.ta-petro.com/,"3900 Petro Rd, West Memphis, AR 72301",West Memphis,Arkansas,72301,35.1540411,-90.1336431,3.3,746,Truck repair shop,Friday: ['Open 24 hours']; Monday: ['Open 24 hours']; Saturday: ['Open 24 hours']; Sunday: ['Open 24 hours']; Thursday: ['Open 24 hours']; Tuesday: ['Open 24 hours']; Wednesday: ['Open 24 hours'],yes,no,1
TDC Automotive LLC,+1 870-394-9537,https://www.tdcautomotive.org/,"389 AR-77, West Memphis, AR 72301",West Memphis,Arkansas,72301,35.1730956,-90.1851708,4.8,115,Auto repair shop,Friday: ['8AM-5PM']; Monday: ['8AM-5PM']; Saturday: ['Closed']; Sunday: ['Closed']; Thursday: ['8AM-5PM']; Tuesday: ['8AM-5PM']; Wednesday: ['8AM-5PM'],no,no,1
TJ's Fab and Mobile Repair Truck & Tanker Service,+1 901-607-6688,https://www.tjsfabandmobile.com/,"803 E Barton Ave, West Memphis, AR 72301",West Memphis,Arkansas,72301,35.1567019,-90.1745572,5,18,Truck repair shop,Friday: ['7AM-5PM']; Monday: ['7AM-5PM']; Saturday: ['Closed']; Sunday: ['Closed']; Thursday: ['7AM-5PM']; Tuesday: ['7AM-5PM']; Wednesday: ['7AM-5PM'],no,yes,1
The Shop,+1 470-786-2366,,"1201 E Jefferson Ave, West Memphis, AR 72301",West Memphis,Arkansas,72301,35.1350777,-90.1695743,,,Truck repair shop,Friday: ['Open 24 hours']; Monday: ['Open 24 hours']; Saturday: ['Open 24 hours']; Sunday: ['Open 24 hours']; Thursday: ['Open 24 hours']; Tuesday: ['Open 24 hours']; Wednesday: ['Open 24 hours'],yes,no,1
The Truck shop and Mobile Truck Repair,+1 870-558-8680,,"400 Mound City Rd, West Memphis, AR 72301",West Memphis,Arkansas,72301,35.1500769,-90.1277642,,,Truck repair shop,,no,yes,1
Tim's Mobile Truck and Trailer Repair,+1 870-636-3720,,"1405 Hickory Cir, West Memphis, AR 72301",West Memphis,Arkansas,72301,35.1550267,-90.2147027,3.4,5,Repair service,Friday: ['8AM-5PM']; Monday: ['8AM-5PM']; Saturday: ['Closed']; Sunday: ['Closed']; Thursday: ['8AM-5PM']; Tuesday: ['8AM-5PM']; Wednesday: ['8AM-5PM'],no,yes,1
Tom Sawyer's RV Park,+1 870-735-9770,http://tomsawyersrvpark.com/,"1286 S 8th St, West Memphis, AR 72301",West Memphis,Arkansas,72301,35.1295823,-90.1670595,4.4,1178,RV park,,no,no,1
TrailersPlus,+1 870-376-5196,https://www.trailersplus.com/Arkansas/West_Memphis/inventory/%3Futm_source%3Dgoogle%26utm_medium%3Dorganic%26utm_campaign%3Dgbp%26y_source%3D1_OTY0OTc1Ni03MTUtbG9jYXRpb24ud2Vic2l0ZQ%253D%253D,"1105 Martin Luther King Jr Dr, West Memphis, AR 72301",West Memphis,Arkansas,72301,35.1574377,-90.1346224,4.8,281,Trailer repair shop,"Friday: ['9AM-5:30PM']; Monday: ['Closed']; Saturday: ['9AM-12PM', '1-5:30PM']; Sunday: ['Closed']; Thursday: ['9AM-5:30PM']; Tuesday: ['9AM-5:30PM']; Wednesday: ['9AM-5:30PM']",no,no,1
Tri State Auto Services,+1 508-933-2587,https://www.facebook.com/profile.php%3Fid%3D61565975578260,"127 Roosevelt Ave, West Memphis, AR 72301",West Memphis,Arkansas,72301,35.1529242,-90.1870559,5,37,Auto repair shop,Friday: ['Open 24 hours']; Monday: ['Open 24 hours']; Saturday: ['Open 24 hours']; Sunday: ['Open 24 hours']; Thursday: ['Open 24 hours']; Tuesday: ['Open 24 hours']; Wednesday: ['Open 24 hours'],yes,no,1
USA Truck Inc,+1 479-471-2500,https://www.dbschenker.com/,"2600 N Service Rd, West Memphis, AR 72301",West Memphis,Arkansas,72301,35.1577444,-90.1530771,3.9,181,Trucking company,,no,no,1
M.T. Truck and Trailer Repair,+1 909-600-8440,https://mttruckandtrailerrepair.com/,"12200 Hibiscus Rd, Adelanto, CA 92301",Adelanto,California,92301,34.5668445,-117.3988077,4.8,21,Truck repair shop,Friday: ['Open 24 hours']; Monday: ['Open 24 hours']; Saturday: ['Open 24 hours']; Sunday: ['Open 24 hours']; Thursday: ['Open 24 hours']; Tuesday: ['Open 24 hours']; Wednesday: ['Open 24 hours'],yes,no,1
Thomas mobile mechanic services,+1 310-999-2711,,"57234 CA-127, Baker, CA 92309",Baker,California,92309,35.270331,-116.0754365,4.9,36,Mechanic,Friday: ['Open 24 hours']; Monday: ['Open 24 hours']; Saturday: ['Open 24 hours']; Sunday: ['Open 24 hours']; Thursday: ['Open 24 hours']; Tuesday: ['Open 24 hours']; Wednesday: ['Open 24 hours'],yes,yes,1
Abel’s Road Service,+1 760-680-8850,,"930 Lillian Dr, Barstow, CA 92311",Barstow,California,92311,34.8901874,-117.0149806,5,19,Mechanic,Friday: ['Open 24 hours']; Monday: ['Open 24 hours']; Saturday: ['Open 24 hours']; Sunday: ['Open 24 hours']; Thursday: ['Open 24 hours']; Tuesday: ['Open 24 hours']; Wednesday: ['Open 24 hours'],yes,no,1
Barstow Automotive,+1 760-256-7108,,"1741 Main St #1, Barstow, CA 92311",Barstow,California,92311,34.8945904,-117.0500202,3.7,31,Auto repair shop,,no,no,1
Barstow Truck Service,+1 760-256-3031,,"2452 Main St, Barstow, CA 92311",Barstow,California,92311,34.8887667,-117.0669808,1,1,Diesel engine repair service,Friday: ['8AM-5PM']; Monday: ['8AM-5PM']; Saturday: ['Closed']; Sunday: ['Closed']; Thursday: ['8AM-5PM']; Tuesday: ['8AM-5PM']; Wednesday: ['8AM-5PM'],no,no,1
Best Roadside Essentials Truck -Trailer Repair,+1 909-491-1790,https://bestroadsideessentials.com/,"2955 Lenwood Rd, Barstow, CA 92311",Barstow,California,92311,34.8581755,-117.089536,4.2,109,Truck repair shop,Friday: ['7AM-9PM']; Monday: ['7AM-9PM']; Saturday: ['7AM-9PM']; Sunday: ['7AM-8PM']; Thursday: ['7AM-9PM']; Tuesday: ['7AM-9PM']; Wednesday: ['7AM-9PM'],no,no,1
Beto's Polishing,+1 442-469-7801,https://betospolishing.com/,"2970 Lenwood Rd, Barstow, CA 92311",Barstow,California,92311,34.8555985,-117.0908518,5,2,Truck repair shop,Friday: ['7AM-7PM']; Monday: ['7AM-7PM']; Saturday: ['7AM-7PM']; Sunday: ['7AM-7PM']; Thursday: ['7AM-7PM']; Tuesday: ['7AM-7PM']; Wednesday: ['7AM-7PM'],no,no,1
Chema’s Tire Road Service,+1 760-995-1297,,"2531 Main St, Barstow, CA 92311",Barstow,California,92311,34.8878833,-117.0730721,5,39,Tire repair shop,Friday: ['Open 24 hours']; Monday: ['Open 24 hours']; Saturday: ['Open 24 hours']; Sunday: ['Closed']; Thursday: ['Open 24 hours']; Tuesday: ['Open 24 hours']; Wednesday: ['Open 24 hours'],yes,no,1
Elite Auto And Fleet,+1 760-957-7735,,"801 Main St #2671, Barstow, CA 92311",Barstow,California,92311,34.8973926,-117.0362228,4.3,70,Auto repair shop,Friday: ['8AM-5PM']; Monday: ['8AM-5PM']; Saturday: ['Closed']; Sunday: ['Closed']; Thursday: ['8AM-5PM']; Tuesday: ['8AM-5PM']; Wednesday: ['8AM-5PM'],no,no,1
Enrique's Truck & Trailer Repair,+1 442-867-8921,https://enriquestruckandtrailerrepair.com/,"25446 Be Joal St, Barstow, CA 92311",Barstow,California,92311,34.8763913,-117.1058806,4.6,45,Truck repair shop,Friday: ['Open 24 hours']; Monday: ['Open 24 hours']; Saturday: ['Open 24 hours']; Sunday: ['Open 24 hours']; Thursday: ['Open 24 hours']; Tuesday: ['Open 24 hours']; Wednesday: ['Open 24 hours'],yes,no,1
Hi Desert Diesel,+1 760-254-2615,,"801 Main St, Barstow, CA 92311",Barstow,California,92311,34.8971733,-117.0364364,4.3,7,Truck repair shop,Friday: ['9AM-5PM']; Monday: ['9AM-5PM']; Saturday: ['Closed']; Sunday: ['Closed']; Thursday: ['9AM-5PM']; Tuesday: ['9AM-5PM']; Wednesday: ['9AM-5PM'],no,no,1
Highway Tire & Diesel Repair,+1 442-867-0436,https://www.highwaytiredieselrepair.com/,"201 E Cottage St, Barstow, CA 92311",Barstow,California,92311,34.9023852,-117.0255692,5,40,Truck repair shop,Friday: ['Open 24 hours']; Monday: ['Open 24 hours']; Saturday: ['Open 24 hours']; Sunday: ['Open 24 hours']; Thursday: ['Open 24 hours']; Tuesday: ['Open 24 hours']; Wednesday: ['Open 24 hours'],yes,no,1
In & Out Truck and Reefer Repair,+1 760-718-8822,http://www.inotruckrepairs.com/,"2441 Main St, Barstow, CA 92311",Barstow,California,92311,34.8890437,-117.0681975,3.7,469,Truck repair shop,Friday: ['7AM-10PM']; Monday: ['7AM-10PM']; Saturday: ['7AM-10PM']; Sunday: ['8AM-6PM']; Thursday: ['7AM-10PM']; Tuesday: ['7AM-10PM']; Wednesday: ['7AM-10PM'],no,no,1
J & S Repair and Service L.L.C.,+1 442-867-1291,https://jsrepairandservice.com/,"24520 Sweeten Ln, Barstow, CA 92311",Barstow,California,92311,34.8643971,-117.1263025,5,5,Truck repair shop,Friday: ['Open 24 hours']; Monday: ['Open 24 hours']; Saturday: ['Open 24 hours']; Sunday: ['Open 24 hours']; Thursday: ['Open 24 hours']; Tuesday: ['Open 24 hours']; Wednesday: ['Open 24 hours'],yes,no,1
J's diesel truck repair,+1 909-232-6594,,"2320 E Main St, Barstow, CA 92311",Barstow,California,92311,34.8817722,-116.9831266,5,5,Diesel engine repair service,Friday: ['Open 24 hours']; Monday: ['Open 24 hours']; Saturday: ['Open 24 hours']; Sunday: ['7AM-12AM']; Thursday: ['Open 24 hours']; Tuesday: ['Open 24 hours']; Wednesday: ['Open 24 hours'],yes,no,1
Koch Mobile Repair,+1 760-713-4968,,"3799 Sweeten Ln, Barstow, CA 92311",Barstow,California,92311,34.8641455,-117.1265564,3.5,17,Truck repair shop,,no,yes,1
Love's Truck Care,+1 760-253-4080,https://www.loves.com/locations/374,"2974 Lenwood Rd, Barstow, CA 92311",Barstow,California,92311,34.8567367,-117.0930606,3.1,73,Truck repair shop,Friday: ['6AM-11PM']; Monday: ['6AM-11PM']; Saturday: ['6AM-11PM']; Sunday: ['6AM-11PM']; Thursday: ['6AM-11PM']; Tuesday: ['6AM-11PM']; Wednesday: ['6AM-11PM'],no,no,1
M&M’s Auto Repair,+1 760-957-7335,http://mmscarrepair.square.site/,"931 Armory Rd, Barstow, CA 92311",Barstow,California,92311,34.8851503,-117.0150645,4.8,51,Auto repair shop,Friday: ['9AM-5PM']; Monday: ['9AM-5PM']; Saturday: ['9AM-2PM']; Sunday: ['Closed']; Thursday: ['9AM-5PM']; Tuesday: ['9AM-5PM']; Wednesday: ['9AM-5PM'],no,no,1
Mobile Roadside Tire Shop,+1 909-737-2813,,"105 Ave F, Barstow, CA 92311",Barstow,California,92311,34.8952656,-117.040754,4.7,30,Tire shop,Friday: ['Open 24 hours']; Monday: ['Open 24 hours']; Saturday: ['Open 24 hours']; Sunday: ['Open 24 hours']; Thursday: ['Open 24 hours']; Tuesday: ['Open 24 hours']; Wednesday: ['Open 24 hours'],yes,yes,1
Mobile Tires ROAD SERVICE 24HRS (Semi Truck ONLY),+1 760-267-3383,https://www.facebook.com/gonzalezmobiletires/,"108 Cal Ave SPC87, Barstow, CA 92311",Barstow,California,92311,34.8892552,-117.0015788,5,12,Tire service,Friday: ['Open 24 hours']; Monday: ['Open 24 hours']; Saturday: ['Open 24 hours']; Sunday: ['3-5PM']; Thursday: ['Open 24 hours']; Tuesday: ['Open 24 hours']; Wednesday: ['Open 24 hours'],yes,yes,1
So-Cal R.V. Center,+1 760-307-5147,,"28745 Old Hwy 58, Barstow, CA 92311",Barstow,California,92311,34.9136181,-117.0333191,4.5,80,RV repair shop,Friday: ['Open 24 hours']; Monday: ['Open 24 hours']; Saturday: ['Open 24 hours']; Sunday: ['Open 24 hours']; Thursday: ['Open 24 hours']; Tuesday: ['Open 24 hours']; Wednesday: ['Open 24 hours'],yes,no,1
TA Travel Center,+1 760-253-2922,https://www.ta-petro.com/location/ca/ta-barstow,"2930 Lenwood Rd, Barstow, CA 92311",Barstow,California,92311,34.8537129,-117.0888898,4,2377,Truck repair shop,Friday: ['Open 24 hours']; Monday: ['Open 24 hours']; Saturday: ['Open 24 hours']; Sunday: ['Open 24 hours']; Thursday: ['Open 24 hours']; Tuesday: ['Open 24 hours']; Wednesday: ['Open 24 hours'],yes,no,1
TA Truck Service,+1 760-237-8845,https://www.ta-petro.com/location/ca/ta-barstow,"2930 Lenwood Rd, Barstow, CA 92311",Barstow,California,92311,34.8531627,-117.0908907,4,203,Truck repair shop,Friday: ['Open 24 hours']; Monday: ['Open 24 hours']; Saturday: ['Open 24 hours']; Sunday: ['Open 24 hours']; Thursday: ['Open 24 hours']; Tuesday: ['Open 24 hours']; Wednesday: ['Open 24 hours'],yes,no,1
The New Vernon Truck Wash & Chrome Shop of Barstow,+1 760-256-0306,http://www.thenewvernontruckwash.com/,"2351 Main St, Barstow, CA 92311",Barstow,California,92311,34.8912412,-117.0629506,4.6,336,Truck accessories store,Friday: ['7AM-9PM']; Monday: ['7AM-9PM']; Saturday: ['7AM-9PM']; Sunday: ['7AM-9PM']; Thursday: ['7AM-9PM']; Tuesday: ['7AM-9PM']; Wednesday: ['7AM-9PM'],no,no,2
Enrique Truck & Trailer Repair,+1 760-577-9537,,"33279 A St, Daggett, CA 92327",Daggett,California,92327,34.8573327,-116.8890738,4.7,44,Truck repair shop,Friday: ['Open 24 hours']; Monday: ['Open 24 hours']; Saturday: ['Open 24 hours']; Sunday: ['Open 24 hours']; Thursday: ['Open 24 hours']; Tuesday: ['Open 24 hours']; Wednesday: ['Open 24 hours'],yes,no,1
I40 Road Service & Truck and trailer Repair - Barstow,+1 760-718-0003,,"38870 Tami Rd, Newberry Springs, CA 92365",Newberry Springs,California,92365,34.95893,-116.662751,4.8,103,Truck repair shop,Friday: ['Open 24 hours']; Monday: ['Open 24 hours']; Saturday: ['Open 24 hours']; Sunday: ['Open 24 hours']; Thursday: ['Open 24 hours']; Tuesday: ['Open 24 hours']; Wednesday: ['Open 24 hours'],yes,no,1
Weekend Hero RV,+1 760-205-3414,http://weekendherorv.com/,"34530 Minneola Rd, Newberry Springs, CA 92365",Newberry Springs,California,92365,34.880449,-116.7689579,5,37,RV repair shop,Friday: ['8AM-3PM']; Monday: ['8AM-5PM']; Saturday: ['10AM-3PM']; Sunday: ['9AM-3PM']; Thursday: ['8AM-5PM']; Tuesday: ['8AM-5PM']; Wednesday: ['8AM-5PM'],no,no,1
SANTA ROSA MOBILE MECHANICS,+1 415-828-5250,http://www.santarosamobilemechanics.com/,"614 Santa Rosa Ave, Santa Rosa, CA 95404",Santa Rosa,California,95404,38.432682,-122.711104,1.7,6,Auto repair shop,Friday: ['Open 24 hours']; Monday: ['Open 24 hours']; Saturday: ['Open 24 hours']; Sunday: ['Open 24 hours']; Thursday: ['Open 24 hours']; Tuesday: ['Open 24 hours']; Wednesday: ['Open 24 hours'],yes,yes,1
Andy’s Truck and Trailer Repair,+1 610-990-1677,http://andystruckandtrailerrepair.com/,"100 E Lea Blvd, Wilmington, DE 19802",Wilmington,Delaware,19802,39.7602882,-75.5199816,4.6,66,Auto repair shop,Friday: ['Open 24 hours']; Monday: ['Open 24 hours']; Saturday: ['Open 24 hours']; Sunday: ['Open 24 hours']; Thursday: ['Open 24 hours']; Tuesday: ['Open 24 hours']; Wednesday: ['Open 24 hours'],yes,no,1
On Demand Automotive,+1 302-384-2849,http://www.ondemandoc.com/,"755 Kiamensi Rd, Wilmington, DE 19804",Wilmington,Delaware,19804,39.7257333,-75.6322537,4.8,60,Auto repair shop,Friday: ['Open 24 hours']; Monday: ['Open 24 hours']; Saturday: ['Open 24 hours']; Sunday: ['Open 24 hours']; Thursday: ['Open 24 hours']; Tuesday: ['Open 24 hours']; Wednesday: ['Open 24 hours'],yes,no,1
Reddot Truck Service Inc.,+1 877-733-3680,https://www.reddottruckservice.com/,"1221 E 12th St, Wilmington, DE 19802",Wilmington,Delaware,19802,39.7417852,-75.5319886,3.4,44,Truck repair shop,Friday: ['Open 24 hours']; Monday: ['Open 24 hours']; Saturday: ['Open 24 hours']; Sunday: ['Open 24 hours']; Thursday: ['Open 24 hours']; Tuesday: ['Open 24 hours']; Wednesday: ['Open 24 hours'],yes,no,1
Truck and Trailer Repair,+1 404-363-0716,https://www.ckltruckrepair.com/,"1880 Joy Lake Rd, Morrow, GA 30260",Morrow,Georgia,30260,33.6081476,-84.3281459,4.7,162,Truck repair shop,Friday: ['8AM-5PM']; Monday: ['8AM-5PM']; Saturday: ['9AM-2PM']; Sunday: ['Closed']; Thursday: ['8AM-5PM']; Tuesday: ['8AM-5PM']; Wednesday: ['8AM-5PM'],no,no,1
Diesel Truck Repair of Wilmington,+1 815-401-9105,http://dtrofwilmington.com/,"500 Davy Ln, Wilmington, IL 60481",Wilmington,Illinois,60481,41.3093377,-88.1583748,4.9,46,Truck repair shop,Friday: ['7AM-5PM']; Monday: ['7AM-5PM']; Saturday: ['7AM-12PM']; Sunday: ['Closed']; Thursday: ['7AM-5PM']; Tuesday: ['7AM-5PM']; Wednesday: ['7AM-5PM'],no,no,1
Meredith Truck and Trailer Repair - Truck/Trailer Roadside Repair,+1 901-500-6612,,"520 MS-309 Suite 002, Byhalia, MS 38611",Byhalia,Mississippi,38611,34.8580393,-89.6915548,4.7,28,Mechanic,Friday: ['Open 24 hours']; Monday: ['Open 24 hours']; Saturday: ['Open 24 hours']; Sunday: ['Open 24 hours']; Thursday: ['Open 24 hours']; Tuesday: ['Open 24 hours']; Wednesday: ['Open 24 hours'],yes,no,1
Cummings Diesel Repair,,,"8523 US-51, Coldwater, MS 38618",Coldwater,Mississippi,38618,34.6753237,-89.9786839,5,18,Diesel engine repair service,Friday: ['8AM-6PM']; Monday: ['8AM-6PM']; Saturday: ['8AM-6PM']; Sunday: ['Closed']; Thursday: ['8AM-6PM']; Tuesday: ['8AM-6PM']; Wednesday: ['8AM-6PM'],no,no,1
A MOBILE MECHANIC SERVICES,+1 601-927-8754,,"270 Marla Ave, Jackson, MS 39204",Jackson,Mississippi,39204,32.2798439,-90.21805,4.3,66,Auto repair shop,Friday: ['Open 24 hours']; Monday: ['Open 24 hours']; Saturday: ['Open 24 hours']; Sunday: ['Open 24 hours']; Thursday: ['Open 24 hours']; Tuesday: ['Open 24 hours']; Wednesday: ['Open 24 hours'],yes,yes,1
ProTech Truck and Trailer,+1 901-361-6242,,"1170 Gwynn Rd Bldg B, Nesbit, MS 38651",Nesbit,Mississippi,38651,34.8779484,-90.0071883,4.2,44,Truck repair shop,Friday: ['Open 24 hours']; Monday: ['Open 24 hours']; Saturday: ['Open 24 hours']; Sunday: ['Open 24 hours']; Thursday: ['Open 24 hours']; Tuesday: ['Open 24 hours']; Wednesday: ['Open 24 hours'],yes,no,1
Camping World RV Service - Olive Branch,+1 888-671-8595,https://rv.campingworld.com/dealer/olive-branch-mississippi/rv-service-repair,"8150 New, Craft Rd, Olive Branch, MS 38654",Olive Branch,Mississippi,38654,34.9792436,-89.862505,5,1,RV repair shop,Friday: ['9AM-6PM']; Monday: ['9AM-6PM']; Saturday: ['9AM-6PM']; Sunday: ['Closed']; Thursday: ['9AM-6PM']; Tuesday: ['9AM-6PM']; Wednesday: ['9AM-6PM'],no,no,1
Little & Sons Truck Repair,+1 662-420-7210,http://littleandsonstruckrepair.com/,"11153 MS-178, Olive Branch, MS 38654",Olive Branch,Mississippi,38654,34.9301791,-89.7925361,4.9,109,Truck repair shop,Friday: ['8AM-5PM']; Monday: ['8AM-5PM']; Saturday: ['Closed']; Sunday: ['Closed']; Thursday: ['8AM-5PM']; Tuesday: ['8AM-5PM']; Wednesday: ['8AM-5PM'],no,no,1
Specialized Truck Repair,+1 662-893-8785,https://www.specializedtruckrepair.com/,"11153 MS-178, Olive Branch, MS 38654",Olive Branch,Mississippi,38654,34.930227,-89.792626,3.7,111,Truck repair shop,,no,no,1
Town & Country Mobile RV Service & Repair,+1 662-890-1623,http://townandcountryrvservice.com/,"9755 College Rd, Olive Branch, MS 38654",Olive Branch,Mississippi,38654,34.9159135,-89.8165615,4.5,93,RV repair shop,Friday: ['8AM-5PM']; Monday: ['8AM-5PM']; Saturday: ['Closed']; Sunday: ['Closed']; Thursday: ['8AM-5PM']; Tuesday: ['8AM-5PM']; Wednesday: ['8AM-5PM'],no,yes,1
Pro Truck Repair Memphis,+1 901-531-9390,https://www.protruckrepair.com/memphis-tn/,"951 Town and Country Dr, Southaven, MS 38671",Southaven,Mississippi,38671,34.9940174,-90.0068149,4.2,10,Truck repair shop,Friday: ['Open 24 hours']; Monday: ['Open 24 hours']; Saturday: ['Open 24 hours']; Sunday: ['Open 24 hours']; Thursday: ['Open 24 hours']; Tuesday: ['Open 24 hours']; Wednesday: ['Open 24 hours'],yes,no,1
Red Dot Auto Mobile Service LLC,+1 901-569-3974,http://reddotautomobileservice.com/,"Southaven, MS 38671",Southaven,Mississippi,38671,34.9837306,-89.9906734,5,41,Mechanic,Friday: ['8AM-6PM']; Monday: ['8AM-6PM']; Saturday: ['Closed']; Sunday: ['Closed']; Thursday: ['8AM-6PM']; Tuesday: ['8AM-6PM']; Wednesday: ['8AM-6PM'],no,yes,1
T & B Truck Repair LLC,+1 662-342-4560,,"2523 Stateline Rd W, Southaven, MS 38671",Southaven,Mississippi,38671,34.9913374,-90.034569,4,44,Truck repair shop,Friday: ['8AM-5PM']; Monday: ['8AM-5PM']; Saturday: ['Closed']; Sunday: ['Closed']; Thursday: ['8AM-5PM']; Tuesday: ['8AM-5PM']; Wednesday: ['8AM-5PM'],no,no,1
DieselWorks LLC,+1 888-619-9817,https://dieselworksnh.com/%3Futm_source%3Domg-gbp%26utm_medium%3Dwebclick,"787 E Conway Rd, Center Conway, NH 03813",Center Conway,New Hampshire,3813,44.0114207,-71.0578792,4.6,14,Truck repair shop,Friday: ['8AM-4:30PM']; Monday: ['8AM-4:30PM']; Saturday: ['Closed']; Sunday: ['Closed']; Thursday: ['8AM-4:30PM']; Tuesday: ['8AM-4:30PM']; Wednesday: ['8AM-4:30PM'],no,no,1
JDM Engine Depot,+1 201-955-9556,https://www.jdmenginedepotinc.com/,"1 Montgomery St, Belleville, NJ 07109",Belleville,New Jersey,7109,40.7932951,-74.1808752,4.6,1611,Used auto parts store,Friday: ['9AM-6PM']; Monday: ['9AM-6PM']; Saturday: ['10AM-4PM']; Sunday: ['Closed']; Thursday: ['9AM-6PM']; Tuesday: ['9AM-6PM']; Wednesday: ['9AM-6PM'],no,no,1
Gerber RV Truck & Bus,+1 201-880-7124,http://www.gerberrvtruckandbus.com/,"60 Burlews Ct, Hackensack, NJ 07601",Hackensack,New Jersey,7601,40.9024551,-74.0398582,4.5,91,RV repair shop,Friday: ['7AM-5:15PM']; Monday: ['7AM-5:15PM']; Saturday: ['Closed']; Sunday: ['Closed']; Thursday: ['7AM-5:15PM']; Tuesday: ['7AM-5:15PM']; Wednesday: ['7AM-5:15PM'],no,no,1
Roadrunner,+1 201-538-0420,https://www.roadrunnernj.com/,"23 2nd St, Kearny, NJ 07032",Kearny,New Jersey,7032,40.7350746,-74.1101741,3.5,115,Truck repair shop,Friday: ['Open 24 hours']; Monday: ['Open 24 hours']; Saturday: ['Open 24 hours']; Sunday: ['Open 24 hours']; Thursday: ['Open 24 hours']; Tuesday: ['Open 24 hours']; Wednesday: ['Open 24 hours'],yes,no,1
Atlantic Mobile RV Repair Services,+1 908-948-8292,https://atlanticmobilervrepairservices.com/,"443 Newman Springs Rd, Lincroft, NJ 07738",Lincroft,New Jersey,7738,40.3359333,-74.103069,5,30,RV repair shop,Friday: ['8AM-6PM']; Monday: ['8AM-6PM']; Saturday: ['8AM-12PM']; Sunday: ['Closed']; Thursday: ['8AM-6PM']; Tuesday: ['8AM-6PM']; Wednesday: ['8AM-6PM'],no,yes,1
Fix It All Trailer Repair,+1 732-828-5161,,"1490 Jersey Ave, North Brunswick Township, NJ 08902",North Brunswick Township,New Jersey,8902,40.4594775,-74.4836505,5,121,Trailer repair shop,Friday: ['9AM-6PM']; Monday: ['9AM-6PM']; Saturday: ['9AM-6PM']; Sunday: ['Closed']; Thursday: ['9AM-6PM']; Tuesday: ['9AM-6PM']; Wednesday: ['9AM-6PM'],no,no,1
RV auto repair,+1 201-392-9575,,"109 47th St, Union City, NJ 07087",Union City,New Jersey,7087,40.778466,-74.017045,4.8,24,Auto repair shop,Friday: ['9AM-7PM']; Monday: ['9AM-7PM']; Saturday: ['8AM-5PM']; Sunday: ['Closed']; Thursday: ['9AM-7PM']; Tuesday: ['9AM-7PM']; Wednesday: ['9AM-7PM'],no,no,1
2 Men & A Wrench Complete Auto Service & Emissions Testing,+1 505-550-9299,http://twomenandawrench.com/,"5705 4th St NW, Albuquerque, NM 87107",Albuquerque,New Mexico,87107,35.1403992,-106.6412192,4.7,136,Auto repair shop,Friday: ['8AM-5PM']; Monday: ['8AM-5PM']; Saturday: ['Closed']; Sunday: ['Closed']; Thursday: ['8AM-5PM']; Tuesday: ['8AM-5PM']; Wednesday: ['8AM-5PM'],no,no,1
360 Mobile Tire services of New Mexico,+1 505-908-5477,https://360mobiletire.com/,"300 Menaul Blvd NE Ste A, Albuquerque, NM 87102",Albuquerque,New Mexico,87102,35.1098088,-106.6394523,4.8,93,Tire shop,Friday: ['Open 24 hours']; Monday: ['Open 24 hours']; Saturday: ['Open 24 hours']; Sunday: ['Open 24 hours']; Thursday: ['Open 24 hours']; Tuesday: ['Open 24 hours']; Wednesday: ['Open 24 hours'],yes,yes,1
A & S AUTO/TRUCK CARE,+1 505-848-8029,http://aandsauto.com/,"4900 2nd St NW, Albuquerque, NM 87107",Albuquerque,New Mexico,87107,35.1320424,-106.6387668,4.1,46,Truck repair shop,Friday: ['8AM-5PM']; Monday: ['8AM-5PM']; Saturday: ['Closed']; Sunday: ['Closed']; Thursday: ['8AM-5PM']; Tuesday: ['8AM-5PM']; Wednesday: ['8AM-5PM'],no,no,1
A&F mobile heavy duty repair & Heavy Duty Towing,+1 505-297-8139,http://heavydutyrepairsnm.com/,"4900 2nd St NW, Albuquerque, NM 87107",Albuquerque,New Mexico,87107,35.1320424,-106.6387668,4.5,63,Mechanic,Friday: ['Open 24 hours']; Monday: ['Open 24 hours']; Saturday: ['Open 24 hours']; Sunday: ['Open 24 hours']; Thursday: ['Open 24 hours']; Tuesday: ['Open 24 hours']; Wednesday: ['Open 24 hours'],yes,yes,1
A&J Trailer Repair,+1 505-269-9175,,"210 Rosemont Ave NE, Albuquerque, NM 87102",Albuquerque,New Mexico,87102,35.0951069,-106.6429692,3,1,Trailer repair shop,,no,no,1
A1 Mobile Tire Service LLC,+1 505-306-1720,https://a1mobiletireservices.com/,"431 Bristlebrush St SW, Albuquerque, NM 87121",Albuquerque,New Mexico,87121,35.0712533,-106.7259537,4.8,153,Tire shop,Friday: ['Open 24 hours']; Monday: ['Open 24 hours']; Saturday: ['Open 24 hours']; Sunday: ['Open 24 hours']; Thursday: ['Open 24 hours']; Tuesday: ['Open 24 hours']; Wednesday: ['Open 24 hours'],yes,yes,1
AAASAP Auto & Truck Repair,+1 505-900-1822,,"780 Nikanda Rd NE, Albuquerque, NM 87107",Albuquerque,New Mexico,87107,35.1319575,-106.628467,3,1,Auto repair shop,Friday: ['8AM-5PM']; Monday: ['8AM-5PM']; Saturday: ['8AM-5PM']; Sunday: ['10AM-6PM']; Thursday: ['8AM-5PM']; Tuesday: ['8AM-5PM']; Wednesday: ['8AM-5PM'],no,no,1
ABQ Fleet Auto Services,+1 505-307-6461,,"1903 4th St NW, Albuquerque, NM 87102",Albuquerque,New Mexico,87102,35.1031177,-106.6485377,4.6,83,Auto repair shop,Friday: ['8AM-3PM']; Monday: ['8AM-3PM']; Saturday: ['Closed']; Sunday: ['Closed']; Thursday: ['8AM-3PM']; Tuesday: ['8AM-3PM']; Wednesday: ['8AM-3PM'],no,no,1
ABQ Mobile RV Repair,+1 505-537-5474,https://abqmobilervrepair.com/,"2738 Paseo Del Canto Dr SW, Albuquerque, NM 87121",Albuquerque,New Mexico,87121,35.038823,-106.726256,5,3,RV repair shop,Friday: ['Open 24 hours']; Monday: ['Open 24 hours']; Saturday: ['Open 24 hours']; Sunday: ['Open 24 hours']; Thursday: ['Open 24 hours']; Tuesday: ['Open 24 hours']; Wednesday: ['Open 24 hours'],yes,yes,1
ABQ Mobile Truck and Trailer Repair,+1 505-560-1834,http://abqmobiletruckandtrailerrepair.com/,"8805 Washington St NE, Albuquerque, NM 87113",Albuquerque,New Mexico,87113,35.1855943,-106.5971386,1.7,9,Truck repair shop,Friday: ['Open 24 hours']; Monday: ['Open 24 hours']; Saturday: ['Open 24 hours']; Sunday: ['Open 24 hours']; Thursday: ['Open 24 hours']; Tuesday: ['Open 24 hours']; Wednesday: ['Open 24 hours'],yes,yes,1
ABQ Mobile Truck and Trailer Repair,+1 505-591-4776,https://www.abqmobiletruckandtrailerrepair.com/4806-jefferson-st-ne-albuquerque-nm-87109,"4806 Jefferson St NE, Albuquerque, NM 87109",Albuquerque,New Mexico,87109,35.1364072,-106.5921543,2.8,4,Truck repair shop,Friday: ['Open 24 hours']; Monday: ['Open 24 hours']; Saturday: ['Open 24 hours']; Sunday: ['Open 24 hours']; Thursday: ['Open 24 hours']; Tuesday: ['Open 24 hours']; Wednesday: ['Open 24 hours'],yes,yes,1
ALBQ Mobile Truck Repair,+1 505-587-1709,http://albuquerquetruckrepair.com/,"2519 Graceland Dr NE, Albuquerque, NM 87110",Albuquerque,New Mexico,87110,35.10833,-106.5971731,2.3,3,Truck repair shop,Friday: ['Open 24 hours']; Monday: ['Open 24 hours']; Saturday: ['Open 24 hours']; Sunday: ['Open 24 hours']; Thursday: ['Open 24 hours']; Tuesday: ['Open 24 hours']; Wednesday: ['Open 24 hours'],yes,yes,1
Advanced Diesel Performance,+1 505-717-1723,https://www.advdieselperformance.com/,"5901 Wilshire Ave NE, Albuquerque, NM 87113",Albuquerque,New Mexico,87113,35.1819812,-106.5783455,4.8,98,Auto repair shop,Friday: ['8AM-5:30PM']; Monday: ['8AM-5:30PM']; Saturday: ['Closed']; Sunday: ['Closed']; Thursday: ['8AM-5:30PM']; Tuesday: ['8AM-5:30PM']; Wednesday: ['8AM-5:30PM'],no,no,1
Aiden's Diesel & Auto Repair,+1 505-242-0669,https://aidensdieselautorepair.com/,"1515 Coors Blvd NW, Albuquerque, NM 87121",Albuquerque,New Mexico,87121,35.1016019,-106.7072429,4.6,413,Auto repair shop,Friday: ['8:30AM-5PM']; Monday: ['8:30AM-5PM']; Saturday: ['8:30AM-3PM']; Sunday: ['Closed']; Thursday: ['8:30AM-5PM']; Tuesday: ['8:30AM-5PM']; Wednesday: ['8:30AM-5PM'],no,no,1
Albuquerque Mobile Truck Repair,+1 505-308-7625,http://mobileautotruckrepairalbuquerque.com/,"620 Haines Ave NW, Albuquerque, NM 87102",Albuquerque,New Mexico,87102,35.103107,-106.6521809,4,5,Truck parts supplier,Friday: ['Open 24 hours']; Monday: ['Open 24 hours']; Saturday: ['Open 24 hours']; Sunday: ['Open 24 hours']; Thursday: ['Open 24 hours']; Tuesday: ['Open 24 hours']; Wednesday: ['Open 24 hours'],yes,yes,1
Albuquerque RV,+1 505-365-1273,http://www.albuquerquerv.com/,"13805 Frontage Rd NW, Albuquerque, NM 87121",Albuquerque,New Mexico,87121,35.0632192,-106.8034118,4.7,471,RV dealer,Friday: ['9AM-6PM']; Monday: ['9AM-6PM']; Saturday: ['9AM-6PM']; Sunday: ['12-5PM']; Thursday: ['9AM-6PM']; Tuesday: ['9AM-6PM']; Wednesday: ['9AM-6PM'],no,no,1
Albuquerque Truck Equipment,+1 505-898-8895,http://ramonaate.wixsite.com/abqtruckequipment,"7920 Ranchitos Loop NE, Albuquerque, NM 87113",Albuquerque,New Mexico,87113,35.170436,-106.6122994,4.2,14,Truck repair shop,Friday: ['8AM-4:30PM']; Monday: ['8AM-4:30PM']; Saturday: ['Closed']; Sunday: ['Closed']; Thursday: ['8AM-4:30PM']; Tuesday: ['8AM-4:30PM']; Wednesday: ['8AM-4:30PM'],no,no,1
Albuquerque's Best Mobile Mechanic,+1 505-336-3735,https://albuquerquesmobilemechanic.com/,"1109 Broadway Blvd SE, Albuquerque, NM 87102",Albuquerque,New Mexico,87102,35.0719748,-106.6459241,2.5,8,Car repair and maintenance service,Friday: ['6AM-9PM']; Monday: ['6AM-9PM']; Saturday: ['6AM-9PM']; Sunday: ['6AM-9PM']; Thursday: ['6AM-9PM']; Tuesday: ['6AM-9PM']; Wednesday: ['6AM-9PM'],no,yes,1
All H.E.A.R.T Fleet Services LLC - Mobile Diesel Semi Truck/Trailer Repair,+1 505-835-4065,https://allheartfleetservices.com/,"3200 Pan American Frontage Rd N, Albuquerque, NM 87107",Albuquerque,New Mexico,87107,35.117006,-106.6235292,3.9,146,Truck repair shop,Friday: ['7AM-6PM']; Monday: ['7AM-6PM']; Saturday: ['7AM-6PM']; Sunday: ['Closed']; Thursday: ['7AM-6PM']; Tuesday: ['7AM-6PM']; Wednesday: ['7AM-6PM'],no,yes,1
Apex Mobile Autotech,+1 505-603-5104,http://apexmobileautotech.net/,"2300 Diamond Mesa Trail SW, Albuquerque, NM 87121",Albuquerque,New Mexico,87121,35.0411754,-106.7359978,4.8,33,Mechanic,Friday: ['Open 24 hours']; Monday: ['Open 24 hours']; Saturday: ['Open 24 hours']; Sunday: ['Open 24 hours']; Thursday: ['Open 24 hours']; Tuesday: ['Open 24 hours']; Wednesday: ['Open 24 hours'],yes,yes,1
Around RV Service,+1 505-544-9944,https://www.allaroundrvserviceabq.com/about-us,"900 Dakota St SE, Albuquerque, NM 87108",Albuquerque,New Mexico,87108,35.0634761,-106.5739507,4.8,16,RV repair shop,Friday: ['8AM-6PM']; Monday: ['8AM-6PM']; Saturday: ['8AM-12PM']; Sunday: ['Closed']; Thursday: ['8AM-6PM']; Tuesday: ['8AM-6PM']; Wednesday: ['8AM-6PM'],no,no,1
Baca's Diesel Services,+1 505-452-2667,,"4701 Broadway Blvd SE A, Albuquerque, NM 87105",Albuquerque,New Mexico,87105,35.009667,-106.6505913,4.7,3,Truck repair shop,,no,no,1
Back2road truck repair,+1 505-220-3541,https://back2roadnm.com/,"1615 Sunshine Terrace SE, Albuquerque, NM 87106",Albuquerque,New Mexico,87106,35.0640334,-106.6303455,4,4,Mechanic,Friday: ['Open 24 hours']; Monday: ['Open 24 hours']; Saturday: ['Open 24 hours']; Sunday: ['Open 24 hours']; Thursday: ['Open 24 hours']; Tuesday: ['Open 24 hours']; Wednesday: ['Open 24 hours'],yes,no,1
Blue Compass RV Albuquerque Parts & Service Center,+1 505-797-8444,https://www.bluecompassrv.com/locations/new-mexico/albuquerque%3Futm_source%3Dgoogle-gmb%26utm_medium%3Dorganic%26utm_campaign%3Dalbuquerque,"8300 Pan American Fwy NE, Albuquerque, NM 87113",Albuquerque,New Mexico,87113,35.1779574,-106.5809774,3.8,117,RV repair shop,Friday: ['8AM-5PM']; Monday: ['8AM-5PM']; Saturday: ['8AM-1PM']; Sunday: ['Closed']; Thursday: ['8AM-5PM']; Tuesday: ['8AM-5PM']; Wednesday: ['8AM-5PM'],no,no,2
Brothers Roadside Service,+1 505-401-8847,,"356 64th St NW, Albuquerque, NM 87105",Albuquerque,New Mexico,87105,35.0856042,-106.7097675,4.4,74,Mechanic,Friday: ['Open 24 hours']; Monday: ['Open 24 hours']; Saturday: ['Open 24 hours']; Sunday: ['Open 24 hours']; Thursday: ['Open 24 hours']; Tuesday: ['Open 24 hours']; Wednesday: ['Open 24 hours'],yes,no,1
Bruckner's Mack & Volvo,+1 877-999-2451,https://www.brucknertruck.com/,"8101 Daytona Road NW, Albuquerque, NM 87121",Albuquerque,New Mexico,87121,35.0891526,-106.7366636,3.7,451,Truck repair shop,Friday: ['7AM-7PM']; Monday: ['7AM-7PM']; Saturday: ['8AM-4PM']; Sunday: ['Closed']; Thursday: ['7AM-7PM']; Tuesday: ['7AM-7PM']; Wednesday: ['7AM-7PM'],no,no,1
By The Book Diesel & Auto Repair,+1 505-344-7758,https://www.bythebookrepairs.com/,"8400 Washington St NE, Albuquerque, NM 87113",Albuquerque,New Mexico,87113,35.1795125,-106.5945756,4.8,180,Truck repair shop,Friday: ['8AM-5PM']; Monday: ['8AM-5:30PM']; Saturday: ['Closed']; Sunday: ['Closed']; Thursday: ['8AM-5:30PM']; Tuesday: ['8AM-5:30PM']; Wednesday: ['8AM-5:30PM'],no,no,1
COSS TRUCK AND TRAILER REPAIR,+1 505-884-0355,,"9920 Avalon Rd NW, Albuquerque, NM 87121",Albuquerque,New Mexico,87121,35.0778277,-106.7460512,3.4,98,Truck repair shop,Friday: ['8AM-8:30PM']; Monday: ['8AM-8:30PM']; Saturday: ['8AM-8:30PM']; Sunday: ['8AM-8PM']; Thursday: ['Closed']; Tuesday: ['8AM-8:30PM']; Wednesday: ['8AM-8:30PM'],no,no,2
Camping World RV Service - Albuquerque,+1 888-630-8978,https://rv.campingworld.com/dealer/albuquerque-new-mexico/rv-service-repair,"14303 Central Ave NW, Albuquerque, NM 87121",Albuquerque,New Mexico,87121,35.0624006,-106.807985,3.7,3,RV repair shop,Friday: ['9AM-6PM']; Monday: ['9AM-6PM']; Saturday: ['9AM-6PM']; Sunday: ['Closed']; Thursday: ['9AM-6PM']; Tuesday: ['9AM-6PM']; Wednesday: ['9AM-6PM'],no,no,1
Cary's RV Services in Albuquerque,+1 505-401-5397,https://carysrvservices.com/albuquerque-nm/,"14305 Central Ave NW, Albuquerque, NM 87121",Albuquerque,New Mexico,87121,35.0608074,-106.8100946,4.9,56,RV repair shop,Friday: ['6AM-9PM']; Monday: ['6AM-9PM']; Saturday: ['6AM-9PM']; Sunday: ['6AM-9PM']; Thursday: ['6AM-9PM']; Tuesday: ['6AM-9PM']; Wednesday: ['6AM-9PM'],no,no,1
Castillo’s Auto & Diesel Repair LLC,+1 505-639-0598,http://castillosautodieselrepairllc.square.site/,"2106 Coors Blvd SW Ste d, Albuquerque, NM 87105",Albuquerque,New Mexico,87105,35.0472871,-106.7095438,5,19,Auto repair shop,Friday: ['8AM-5:30PM']; Monday: ['8AM-5:30PM']; Saturday: ['8AM-3:30PM']; Sunday: ['Closed']; Thursday: ['8AM-5:30PM']; Tuesday: ['8AM-5:30PM']; Wednesday: ['8AM-5:30PM'],no,no,1
Clark Truck Equipment Company Inc.,+1 505-880-8222,https://www.cte-nm.com/,"501 Industrial Ave NE, Albuquerque, NM 87107",Albuquerque,New Mexico,87107,35.122224,-106.6309724,4.6,95,Truck parts supplier,Friday: ['7:30AM-5PM']; Monday: ['7:30AM-5PM']; Saturday: ['Closed']; Sunday: ['Closed']; Thursday: ['7:30AM-5PM']; Tuesday: ['7:30AM-5PM']; Wednesday: ['7:30AM-5PM'],no,no,1
"Construction Truck Equipment,LLC",+1 505-292-8018,https://cte-abq.com/,"10200 Trumbull Ave SE, Albuquerque, NM 87123",Albuquerque,New Mexico,87123,35.0680897,-106.5343315,4.9,14,Truck repair shop,Friday: ['7AM-3:30PM']; Monday: ['7AM-3:30PM']; Saturday: ['Closed']; Sunday: ['Closed']; Thursday: ['7AM-3:30PM']; Tuesday: ['7AM-3:30PM']; Wednesday: ['7AM-3:30PM'],no,no,1
Cummins Sales and Service,+1 505-247-2441,https://www.cummins.com/sales-and-service%3Futm_source%3DGMB%26utm_medium%3Dyext,"1921 Broadway Blvd NE, Albuquerque, NM 87102",Albuquerque,New Mexico,87102,35.1044493,-106.6417674,3.9,139,Truck repair shop,Friday: ['8AM-5PM']; Monday: ['8AM-5PM']; Saturday: ['Closed']; Sunday: ['Closed']; Thursday: ['8AM-5PM']; Tuesday: ['8AM-5PM']; Wednesday: ['8AM-5PM'],no,no,1
Dave’s Heavy Duty Collision & Alignment Center,+1 505-243-3518,https://davesheavycollision.com/,"5010 Jefferson St NE, Albuquerque, NM 87109",Albuquerque,New Mexico,87109,35.1408182,-106.5927241,4.3,48,Truck repair shop,Friday: ['8AM-5PM']; Monday: ['8AM-5PM']; Saturday: ['8AM-5PM']; Sunday: ['Closed']; Thursday: ['8AM-5PM']; Tuesday: ['8AM-5PM']; Wednesday: ['8AM-5PM'],no,no,1
Detroit Diesel,,,"Albuquerque, NM 87121",Albuquerque,New Mexico,87121,35.0677732,-106.7904517,5,1,Mechanic,,no,no,1
Diesel Doctor Services,+1 505-842-6181,,"1127 Boddy Rd SW, Albuquerque, NM 87121",Albuquerque,New Mexico,87121,35.0661214,-106.7034882,4.9,22,Truck repair shop,,no,no,1
Diesel Mobile Repair Services ABQ,+1 505-587-9039,,"I-40, Albuquerque, NM 87106",Albuquerque,New Mexico,87106,35.1071798,-106.6223486,5,90,Truck repair shop,Friday: ['7AM-12AM']; Monday: ['7AM-12AM']; Saturday: ['8AM-8PM']; Sunday: ['Closed']; Thursday: ['7AM-12AM']; Tuesday: ['7AM-12AM']; Wednesday: ['7AM-12AM'],no,yes,1
Diesel Monkey,,,"9319 Central Ave NE, Albuquerque, NM 87123",Albuquerque,New Mexico,87123,35.0735754,-106.5435987,4.1,13,Auto repair shop,,no,no,1
Dl Services Llc,+1 575-777-4045,,"9120 Broadway Blvd SE, Albuquerque, NM 87105",Albuquerque,New Mexico,87105,34.9614617,-106.6592615,4.6,23,Truck repair shop,Friday: ['Open 24 hours']; Monday: ['Open 24 hours']; Saturday: ['Open 24 hours']; Sunday: ['Open 24 hours']; Thursday: ['Open 24 hours']; Tuesday: ['Open 24 hours']; Wednesday: ['Open 24 hours'],yes,no,1
Duke City Garage,+1 505-294-1810,,"12035 Central Ave NE, Albuquerque, NM 87123",Albuquerque,New Mexico,87123,35.070169,-106.512694,4.8,94,Car repair and maintenance service,Friday: ['8AM-12PM']; Monday: ['8AM-5PM']; Saturday: ['Closed']; Sunday: ['Closed']; Thursday: ['8AM-5PM']; Tuesday: ['8AM-5PM']; Wednesday: ['8AM-5PM'],no,no,1
Duke City Truck and Trailer Repair,+1 505-363-3946,,"728 Riverside Dr SW, Albuquerque, NM 87105",Albuquerque,New Mexico,87105,35.0572737,-106.6623999,4.7,13,Truck repair shop,Friday: ['Open 24 hours']; Monday: ['Open 24 hours']; Saturday: ['Open 24 hours']; Sunday: ['Open 24 hours']; Thursday: ['Open 24 hours']; Tuesday: ['Open 24 hours']; Wednesday: ['Open 24 hours'],yes,no,1
Dylan's Precision Diesel,+1 505-999-8389,http://dylansprecisiondiesel.com/,"300 Aspen Ave NW, Albuquerque, NM 87102",Albuquerque,New Mexico,87102,35.1007109,-106.6475459,4.9,48,Diesel engine repair service,Friday: ['9AM-6PM']; Monday: ['9AM-6PM']; Saturday: ['Closed']; Sunday: ['Closed']; Thursday: ['9AM-6PM']; Tuesday: ['9AM-6PM']; Wednesday: ['9AM-6PM'],no,no,1
"En Route RV Repair, LLC",+1 575-973-2453,https://enroutervrepair.com/,"512 Doe Ln SE, Albuquerque, NM 87123",Albuquerque,New Mexico,87123,35.0662255,-106.5121427,5,5,RV repair and maintenance service,Friday: ['9AM-5PM']; Monday: ['9AM-5PM']; Saturday: ['Closed']; Sunday: ['Closed']; Thursday: ['9AM-5PM']; Tuesday: ['9AM-5PM']; Wednesday: ['9AM-5PM'],no,no,1
Fiber Works Inc,+1 505-898-7411,,"326 Paseo Del Norte NE, Albuquerque, NM 87113",Albuquerque,New Mexico,87113,35.1741855,-106.6120962,4.6,52,Truck repair shop,,no,no,1
Foreign Aide Parts & Services,+1 505-255-9417,http://foreignaideabq.com/,"1800 San Pedro Dr NE, Albuquerque, NM 87110",Albuquerque,New Mexico,87110,35.094988,-106.577264,4.5,166,Auto parts store,Friday: ['7AM-6PM']; Monday: ['7AM-6PM']; Saturday: ['Closed']; Sunday: ['Closed']; Thursday: ['7AM-6PM']; Tuesday: ['7AM-6PM']; Wednesday: ['7AM-6PM'],no,no,1
G&F Diesel Service Llc,+1 505-227-7122,,"512 Virginia St SE, Albuquerque, NM 87108",Albuquerque,New Mexico,87108,35.0686321,-106.5523353,5,2,Mechanic,Friday: ['9AM-5:30PM']; Monday: ['9AM-5:30PM']; Saturday: ['Closed']; Sunday: ['Closed']; Thursday: ['9AM-5:30PM']; Tuesday: ['9AM-5:30PM']; Wednesday: ['9AM-5:30PM'],no,no,1
Gabe's mobile RV repair,+1 505-991-4461,,"2107 Edith Blvd SE, Albuquerque, NM 87102",Albuquerque,New Mexico,87102,35.0614251,-106.6431237,4.4,43,RV repair shop,Friday: ['6AM-9PM']; Monday: ['6AM-9PM']; Saturday: ['6AM-9PM']; Sunday: ['6AM-9PM']; Thursday: ['6AM-9PM']; Tuesday: ['6AM-9PM']; Wednesday: ['6AM-9PM'],no,yes,1
Gomez Diesel Service,+1 505-248-1026,https://gomezdieselservice.com/,"3305 Tower Rd SW, Albuquerque, NM 87121",Albuquerque,New Mexico,87121,35.0675694,-106.7050373,4.5,79,Diesel engine repair service,Friday: ['8AM-12AM']; Monday: ['8AM-12AM']; Saturday: ['8AM-12AM']; Sunday: ['8AM-12AM']; Thursday: ['8AM-12AM']; Tuesday: ['8AM-12AM']; Wednesday: ['8AM-12AM'],no,no,1
Good Sense RV & Motors,+1 505-300-4100,https://goodsenserv.com/,"12505 Central Ave NW, Albuquerque, NM 87121",Albuquerque,New Mexico,87121,35.0641043,-106.7830397,4.8,404,RV repair shop,Friday: ['9AM-6PM']; Monday: ['9AM-6PM']; Saturday: ['9AM-6PM']; Sunday: ['10AM-4PM']; Thursday: ['9AM-6PM']; Tuesday: ['9AM-6PM']; Wednesday: ['9AM-6PM'],no,no,1
Heavy Hitters Performance,+1 505-503-7767,https://www.heavyhittersperformance.com/%3Fy_source%3D1_MTYzNjY3OTktNzE1LWxvY2F0aW9uLndlYnNpdGU%253D,"2105 Aztec Rd NE d, Albuquerque, NM 87107",Albuquerque,New Mexico,87107,35.1206666,-106.6214587,4.6,55,Auto repair shop,Friday: ['8AM-5:30PM']; Monday: ['8AM-5:30PM']; Saturday: ['Closed']; Sunday: ['Closed']; Thursday: ['8AM-5:30PM']; Tuesday: ['8AM-5:30PM']; Wednesday: ['8AM-5:30PM'],no,no,1
"I & A AUTO , DIESEL MOBILE MECHANIC",+1 505-508-1072,,"1228 Juan Tabo Blvd NE, Albuquerque, NM 87112",Albuquerque,New Mexico,87112,35.0930015,-106.5147349,4.9,33,Auto repair shop,Friday: ['8:30AM-5PM']; Monday: ['Closed']; Saturday: ['8:30AM-5PM']; Sunday: ['Closed']; Thursday: ['8:30AM-5PM']; Tuesday: ['Closed']; Wednesday: ['8:30AM-5PM'],no,yes,1
Intercity Truck & Trailer Repair Inc,+1 505-878-9510,https://www.intercitytowingnm.com/,"101 Menaul Blvd NE, Albuquerque, NM 87107",Albuquerque,New Mexico,87107,35.1107983,-106.6412998,4.5,103,Truck repair shop,Friday: ['Open 24 hours']; Monday: ['Open 24 hours']; Saturday: ['Open 24 hours']; Sunday: ['Open 24 hours']; Thursday: ['Open 24 hours']; Tuesday: ['Open 24 hours']; Wednesday: ['Open 24 hours'],yes,no,1
Irvin's Diesel Medics,+1 505-563-0407,https://www.idmdiesel.com/,"4516 2nd St NW Ste C, Albuquerque, NM 87107",Albuquerque,New Mexico,87107,35.1286613,-106.6394231,4.6,25,Truck repair shop,Friday: ['9AM-6PM']; Monday: ['9AM-6PM']; Saturday: ['Closed']; Sunday: ['Closed']; Thursday: ['9AM-6PM']; Tuesday: ['9AM-6PM']; Wednesday: ['9AM-6PM'],no,no,1
J & B Trailer World,+1 505-345-0772,http://www.jandbtrailers.com/,"5100 Edith Blvd NE, Albuquerque, NM 87107",Albuquerque,New Mexico,87107,35.1323461,-106.629522,4.1,172,Trailer dealer,Friday: ['8AM-5PM']; Monday: ['8AM-5PM']; Saturday: ['Closed']; Sunday: ['Closed']; Thursday: ['8AM-5PM']; Tuesday: ['8AM-5PM']; Wednesday: ['8AM-5PM'],no,no,1
J And E Roadside Service And Truck Repair,+1 505-235-6221,https://www.janderoadsideserviceandtruckrepair.com/,"416 Menaul Blvd NW, Albuquerque, NM 87107",Albuquerque,New Mexico,87107,35.1106035,-106.6474773,4.7,3,Truck repair shop,Friday: ['8AM-5PM']; Monday: ['8AM-5PM']; Saturday: ['Closed']; Sunday: ['Closed']; Thursday: ['8AM-5PM']; Tuesday: ['8AM-5PM']; Wednesday: ['8AM-5PM'],no,no,1
JJJ roadside assistance Mobile Diesel Mechanic semi truck and mobile Tire service,+1 505-730-5863,https://24hrroadsideassistance.org/,"2124 Fence Rail St SW, Albuquerque, NM 87121",Albuquerque,New Mexico,87121,35.0427704,-106.7446327,4.1,127,Mechanic,Friday: ['Open 24 hours']; Monday: ['Open 24 hours']; Saturday: ['Open 24 hours']; Sunday: ['Open 24 hours']; Thursday: ['Open 24 hours']; Tuesday: ['Open 24 hours']; Wednesday: ['Open 24 hours'],yes,yes,1
La Mesa | RecVan – Albuquerque RV & Motorhome Service,+1 505-717-3931,https://www.lamesarv.com/albuquerque-motorhomes-rvs,"401 Cordero Mesa, Albuquerque, NM 87120",Albuquerque,New Mexico,87120,35.067334,-106.7924597,3.6,25,RV repair shop,Friday: ['8AM-5PM']; Monday: ['8AM-5PM']; Saturday: ['Closed']; Sunday: ['Closed']; Thursday: ['8AM-5PM']; Tuesday: ['8AM-5PM']; Wednesday: ['8AM-5PM'],no,no,1
Love's Truck Care,+1 505-831-5533,https://www.loves.com/locations/614,"12605 Central Ave NW, Albuquerque, NM 87121",Albuquerque,New Mexico,87121,35.064871,-106.7846658,3.2,124,Truck repair shop,Friday: ['Open 24 hours']; Monday: ['Open 24 hours']; Saturday: ['Open 24 hours']; Sunday: ['Open 24 hours']; Thursday: ['Open 24 hours']; Tuesday: ['Open 24 hours']; Wednesday: ['Open 24 hours'],yes,no,1
M.C. Diesel,+1 505-994-0099,https://www.mcdieselnm.com/,"111 Barr Ave SE, Albuquerque, NM 87105",Albuquerque,New Mexico,87105,35.0055507,-106.6595116,4.9,16,Diesel engine repair service,Friday: ['8AM-5PM']; Monday: ['8AM-5PM']; Saturday: ['Closed']; Sunday: ['Closed']; Thursday: ['8AM-5PM']; Tuesday: ['8AM-5PM']; Wednesday: ['8AM-5PM'],no,no,1
MavTeQ Mobile Mechanic,+1 505-433-9249,,"6101 Imperata St NE, Albuquerque, NM 87111",Albuquerque,New Mexico,87111,35.1506667,-106.489088,5,9,Auto repair shop,Friday: ['8AM-5PM']; Monday: ['8AM-5PM']; Saturday: ['Closed']; Sunday: ['Closed']; Thursday: ['8AM-5PM']; Tuesday: ['8AM-5PM']; Wednesday: ['8AM-5PM'],no,yes,1
Max Mobile Autobody Repair,,,"2717 Socorro St NW, Albuquerque, NM 87104",Albuquerque,New Mexico,87104,35.1084845,-106.6780198,4.9,72,Auto body shop,Friday: ['Open 24 hours']; Monday: ['Open 24 hours']; Saturday: ['Open 24 hours']; Sunday: ['Open 24 hours']; Thursday: ['Open 24 hours']; Tuesday: ['Open 24 hours']; Wednesday: ['Open 24 hours'],yes,yes,1
Mc Bride's Spring & Welding,+1 505-242-2174,http://www.mcbridesinc.com/,"1010 2nd St NW, Albuquerque, NM 87102",Albuquerque,New Mexico,87102,35.0929555,-106.647261,4.1,118,Truck repair shop,Friday: ['8AM-5PM']; Monday: ['8AM-5PM']; Saturday: ['8AM-12PM']; Sunday: ['Closed']; Thursday: ['8AM-5PM']; Tuesday: ['8AM-5PM']; Wednesday: ['8AM-5PM'],no,no,1
Mobile Heavy Duty Repairs LLC,+1 505-453-5165,,"1000 Maroa St NW, Albuquerque, NM 87120",Albuquerque,New Mexico,87120,35.0973296,-106.7398117,5,9,Diesel engine repair service,Friday: ['Open 24 hours']; Monday: ['Open 24 hours']; Saturday: ['Open 24 hours']; Sunday: ['Open 24 hours']; Thursday: ['Open 24 hours']; Tuesday: ['Open 24 hours']; Wednesday: ['Open 24 hours'],yes,yes,1
Mobile Mechanic Albuquerque,+1 505-594-4441,https://mobilemechanicalbuquerque.com/,"2401 Menaul Blvd NE, Albuquerque, NM 87107",Albuquerque,New Mexico,87107,35.1095511,-106.6170652,3.5,17,Car repair and maintenance service,Friday: ['6AM-5PM']; Monday: ['6AM-5PM']; Saturday: ['7AM-4PM']; Sunday: ['7AM-4PM']; Thursday: ['6AM-5PM']; Tuesday: ['6AM-5PM']; Wednesday: ['6AM-5PM'],no,yes,1
Montes & Sons,+1 505-221-4438,,"6729 Reading Ave SE, Albuquerque, NM 87105",Albuquerque,New Mexico,87105,34.987738,-106.66331,5,9,Diesel engine repair service,Friday: ['8AM-5:30PM']; Monday: ['8AM-5:30PM']; Saturday: ['8AM-12AM']; Sunday: ['Closed']; Thursday: ['8AM-5:30PM']; Tuesday: ['8AM-5:30PM']; Wednesday: ['8AM-5:30PM'],no,no,1
Mr Mobile Mechanic of Albuquerque,+1 505-421-0750,https://mrmobilemechanic.net/albuquerque,"3702 Osuna Rd NE #714, Albuquerque, NM 87109",Albuquerque,New Mexico,87109,35.1543298,-106.602105,3,2,Auto repair shop,Friday: ['7AM-8PM']; Monday: ['7AM-8PM']; Saturday: ['7AM-8PM']; Sunday: ['7AM-8PM']; Thursday: ['7AM-8PM']; Tuesday: ['7AM-8PM']; Wednesday: ['7AM-8PM'],no,yes,1
Myers RV Albuquerque,+1 505-298-7691,https://www.myersrv.com/%3Futm_source%3Dlocal%26utm_campaign%3Dgmb%26utm_medium%3Dorganic,"12024 Central Ave SE, Albuquerque, NM 87123",Albuquerque,New Mexico,87123,35.0695232,-106.5134936,4.5,463,RV repair shop,Friday: ['8AM-5:30PM']; Monday: ['8AM-5:30PM']; Saturday: ['9AM-5PM']; Sunday: ['11AM-5PM']; Thursday: ['8AM-5:30PM']; Tuesday: ['8AM-5:30PM']; Wednesday: ['8AM-5:30PM'],no,no,1
"NW Fleet Truck/Trailer Repair, Inc.",+1 505-345-9093,,"1310 Broadway Blvd NE, Albuquerque, NM 87102",Albuquerque,New Mexico,87102,35.0956191,-106.6420021,,,Car repair and maintenance service,,no,no,1
New Mexico Diesel Power Inc.,+1 505-821-1776,http://www.nmdieselpower.com/,"7320 San Antonio Dr NE, Albuquerque, NM 87109",Albuquerque,New Mexico,87109,35.1592069,-106.5631977,4.9,88,Diesel engine repair service,Friday: ['6AM-4PM']; Monday: ['6AM-5PM']; Saturday: ['Closed']; Sunday: ['Closed']; Thursday: ['6AM-5PM']; Tuesday: ['6AM-5PM']; Wednesday: ['6AM-5PM'],no,no,1
Old Town Tire & Automotive,+1 505-843-8473,http://oldtowntireandautomotive.com/,"1001 Rio Grande Blvd NW, Albuquerque, NM 87104",Albuquerque,New Mexico,87104,35.1036898,-106.6711294,4.5,258,Auto repair shop,Friday: ['7:30AM-5:30PM']; Monday: ['7:30AM-5:30PM']; Saturday: ['Closed']; Sunday: ['Closed']; Thursday: ['7:30AM-5:30PM']; Tuesday: ['7:30AM-5:30PM']; Wednesday: ['7:30AM-5:30PM'],no,no,1
On-Site Diesel Truck & Trailer Repair,+1 505-400-4958,http://roadrescueabq.com/,"616 Coso Ave SE, Albuquerque, NM 87105",Albuquerque,New Mexico,87105,34.9738651,-106.6594718,4,138,Truck repair shop,Friday: ['Open 24 hours']; Monday: ['Open 24 hours']; Saturday: ['Open 24 hours']; Sunday: ['Open 24 hours']; Thursday: ['Open 24 hours']; Tuesday: ['Open 24 hours']; Wednesday: ['Open 24 hours'],yes,no,1
Onsite Axle Spindle Repair,+1 505-947-7400,,"616 Coso Ave SE, Albuquerque, NM 87105",Albuquerque,New Mexico,87105,34.9738056,-106.6594606,3,14,Trailer repair shop,Friday: ['Open 24 hours']; Monday: ['Open 24 hours']; Saturday: ['Open 24 hours']; Sunday: ['Open 24 hours']; Thursday: ['Open 24 hours']; Tuesday: ['Open 24 hours']; Wednesday: ['Open 24 hours'],yes,no,1
Oxidation RV Repair Service,+1 505-417-9386,,"4516 2nd St NW, Albuquerque, NM 87107",Albuquerque,New Mexico,87107,35.1286613,-106.6394231,5,1,RV repair shop,Friday: ['9AM-5PM']; Monday: ['9AM-5PM']; Saturday: ['Closed']; Sunday: ['Closed']; Thursday: ['9AM-5PM']; Tuesday: ['9AM-5PM']; Wednesday: ['9AM-5PM'],no,no,1
Performance Plus Inc,+1 505-873-7978,http://www.performanceplusmachine.com/,"6900 Huseman Pl SW, Albuquerque, NM 87121",Albuquerque,New Mexico,87121,35.045589,-106.711569,4.4,67,Auto machine shop,Friday: ['8AM-5PM']; Monday: ['8AM-5PM']; Saturday: ['Closed']; Sunday: ['Closed']; Thursday: ['8AM-5PM']; Tuesday: ['8AM-5PM']; Wednesday: ['8AM-5PM'],no,no,1
Pilot Flying J Truck Care Center,+1 505-831-5377,http://pilotflyingj.com/,"9911 Avalon Rd NW, Albuquerque, NM 87121",Albuquerque,New Mexico,87121,35.0798708,-106.7469738,3.8,147,Truck repair shop,Friday: ['Open 24 hours']; Monday: ['Open 24 hours']; Saturday: ['Open 24 hours']; Sunday: ['Open 24 hours']; Thursday: ['Open 24 hours']; Tuesday: ['Open 24 hours']; Wednesday: ['Open 24 hours'],yes,no,2
Portillo’s Road Service On The Go LLC,+1 505-362-4609,https://www.facebook.com/share/17ePpNTnR9/%3Fmibextid%3DwwXIfr,"I40, Albuquerque, NM 87121",Albuquerque,New Mexico,87121,35.1039419,-106.6307643,5,15,Tire repair shop,Friday: ['Open 24 hours']; Monday: ['Closed']; Saturday: ['Open 24 hours']; Sunday: ['12AM-3PM']; Thursday: ['Closed']; Tuesday: ['Closed']; Wednesday: ['Closed'],yes,no,1
R&B Automotive Mobile Mechanic's Albuquerque,+1 505-588-8630,,"1607 Coors Blvd SW, Albuquerque, NM 87105",Albuquerque,New Mexico,87105,35.0552112,-106.7068026,3.7,57,Mechanic,Friday: ['Open 24 hours']; Monday: ['Open 24 hours']; Saturday: ['Open 24 hours']; Sunday: ['Open 24 hours']; Thursday: ['Open 24 hours']; Tuesday: ['Open 24 hours']; Wednesday: ['Open 24 hours'],yes,yes,1
Red's Diesel and Automotive Service LLC.,+1 505-256-1962,,"312 Dakota St SE, Albuquerque, NM 87108",Albuquerque,New Mexico,87108,35.0738133,-106.573753,4.7,30,Auto repair shop,Friday: ['9AM-3PM']; Monday: ['9AM-5PM']; Saturday: ['Closed']; Sunday: ['Closed']; Thursday: ['9AM-5PM']; Tuesday: ['9AM-5PM']; Wednesday: ['9AM-5PM'],no,no,1
Redline Services Diesel Inc,,,"11508 Cochiti Rd SE, Albuquerque, NM 87123",Albuquerque,New Mexico,87123,35.069132,-106.5193726,4.9,9,Mechanic,Friday: ['9AM-5PM']; Monday: ['9AM-5PM']; Saturday: ['Closed']; Sunday: ['Closed']; Thursday: ['9AM-5PM']; Tuesday: ['9AM-5PM']; Wednesday: ['9AM-5PM'],no,no,1
Roberts Truck Center,+1 505-243-7883,https://www.robertstruck.com/,"1623 Aspen Ave NW, Albuquerque, NM 87104",Albuquerque,New Mexico,87104,35.1038133,-106.6615643,4,195,Truck repair shop,Friday: ['7AM-7PM']; Monday: ['7AM-7PM']; Saturday: ['8AM-5PM']; Sunday: ['Closed']; Thursday: ['7AM-7PM']; Tuesday: ['7AM-7PM']; Wednesday: ['7AM-7PM'],no,no,1
Rocky Mountain RV & Marine,+1 505-292-7800,https://www.rmrv.com/%3Futm_source%3Dgmb%26utm_medium%3Dorganic,"12700 Central Ave SE, Albuquerque, NM 87123",Albuquerque,New Mexico,87123,35.0685647,-106.508446,4.7,1796,RV repair shop,Friday: ['8AM-6PM']; Monday: ['8AM-6PM']; Saturday: ['8AM-6PM']; Sunday: ['Closed']; Thursday: ['8AM-6PM']; Tuesday: ['8AM-6PM']; Wednesday: ['8AM-6PM'],no,no,1
Route 66 Auto And Truck,+1 505-573-0792,,"2501 New York Ave NW, Albuquerque, NM 87104",Albuquerque,New Mexico,87104,35.0947083,-106.6779644,4.6,77,Auto repair shop,Friday: ['8AM-5:30PM']; Monday: ['8AM-5:30PM']; Saturday: ['Closed']; Sunday: ['Closed']; Thursday: ['8AM-5:30PM']; Tuesday: ['8AM-5:30PM']; Wednesday: ['8AM-5:30PM'],no,no,1
Route 66 Auto RV Mobile Repair,+1 505-839-2928,http://route66mobilerepair.com/,"932 Old Coors Dr SW, Albuquerque, NM 87121",Albuquerque,New Mexico,87121,35.0696478,-106.7000534,3,74,RV repair shop,Friday: ['Open 24 hours']; Monday: ['Open 24 hours']; Saturday: ['Open 24 hours']; Sunday: ['Open 24 hours']; Thursday: ['Open 24 hours']; Tuesday: ['Open 24 hours']; Wednesday: ['Open 24 hours'],yes,yes,1
Rush Truck Centers - Albuquerque Mobile Service,+1 915-775-6370,https://www.rushtruckcenters.com/locations/16010000-albuquerque%3Futm_source%3Dgoogle%26utm_medium%3Dorganic%26utm_campaign%3Dgmb-albuquerque-mobile-service,"6521 Hanover Rd NW, Albuquerque, NM 87121",Albuquerque,New Mexico,87121,35.1012667,-106.7126835,,,Mechanic,Friday: ['8AM-5PM']; Monday: ['8AM-5PM']; Saturday: ['Closed']; Sunday: ['Closed']; Thursday: ['8AM-5PM']; Tuesday: ['8AM-5PM']; Wednesday: ['8AM-5PM'],no,yes,1
Rush Truck Centers - Albuquerque Service,+1 505-839-3600,https://www.rushtruckcenters.com/locations/16010000-albuquerque%3Futm_source%3Dgoogle%26utm_medium%3Dorganic%26utm_campaign%3Dgmb-albuquerque-service,"6521 Hanover Rd NW, Albuquerque, NM 87121",Albuquerque,New Mexico,87121,35.1013784,-106.712791,3,2,Truck repair shop,Friday: ['7AM-7PM']; Monday: ['7AM-7PM']; Saturday: ['8AM-3PM']; Sunday: ['Closed']; Thursday: ['7AM-7PM']; Tuesday: ['7AM-7PM']; Wednesday: ['7AM-7PM'],no,no,1
Statkus Engines RV Service center,+1 505-765-1614,http://www.statkusengines.com/,"1917 7th St NW, Albuquerque, NM 87102",Albuquerque,New Mexico,87102,35.1048663,-106.6531165,4.6,110,RV repair shop,Friday: ['8AM-12PM']; Monday: ['8AM-4PM']; Saturday: ['Closed']; Sunday: ['Closed']; Thursday: ['8AM-4PM']; Tuesday: ['8AM-4PM']; Wednesday: ['8AM-4PM'],no,no,1
"Stewart & Stevenson | Albuquerque, NM",+1 505-881-3511,https://www.stewartandstevenson.com/location/albuquerque-nm/%3Futm_medium%3Dorganic%26utm_source%3Dgoogle%26utm_source_platform%3Dgbp%26utm_campaign%3Dalbuquerque%26utm_content%3Dwebsite-click,"6565 Hanover Rd NW, Albuquerque, NM 87121",Albuquerque,New Mexico,87121,35.10088,-106.714046,4.1,30,Truck repair shop,Friday: ['7:30AM-5PM']; Monday: ['7:30AM-5PM']; Saturday: ['Closed']; Sunday: ['Closed']; Thursday: ['7:30AM-5PM']; Tuesday: ['7:30AM-5PM']; Wednesday: ['7:30AM-5PM'],no,no,1
TA Travel Center,+1 505-884-1066,https://www.ta-petro.com/location/nm/ta-albuquerque,"2501 University Blvd NE, Albuquerque, NM 87107",Albuquerque,New Mexico,87107,35.1111051,-106.6247611,3.5,1552,Truck repair shop,Friday: ['Open 24 hours']; Monday: ['Open 24 hours']; Saturday: ['Open 24 hours']; Sunday: ['Open 24 hours']; Thursday: ['Open 24 hours']; Tuesday: ['Open 24 hours']; Wednesday: ['Open 24 hours'],yes,no,1
TA Truck Service,+1 505-859-7887,https://www.ta-petro.com/,"2501 University Blvd NE, Albuquerque, NM 87107",Albuquerque,New Mexico,87107,35.1111577,-106.6247611,3.8,450,Truck repair shop,Friday: ['Open 24 hours']; Monday: ['Open 24 hours']; Saturday: ['Open 24 hours']; Sunday: ['Open 24 hours']; Thursday: ['Open 24 hours']; Tuesday: ['Open 24 hours']; Wednesday: ['Open 24 hours'],yes,no,1
TLC Fleet,+1 505-485-6399,http://www.tlcfleet.com/,"10700 Central Ave SE, Albuquerque, NM 87123",Albuquerque,New Mexico,87123,35.0709375,-106.5279074,4.8,51,Auto repair shop,Friday: ['9AM-5PM']; Monday: ['9AM-5PM']; Saturday: ['Closed']; Sunday: ['Closed']; Thursday: ['9AM-5PM']; Tuesday: ['9AM-5PM']; Wednesday: ['9AM-5PM'],no,no,1
Tally Ho Services RV Repair,+1 505-401-3826,http://www.tallyhorv.com/,"Rockcress Dr NW, Albuquerque, NM 87120",Albuquerque,New Mexico,87120,35.1427127,-106.7210333,4.9,182,RV repair shop,Friday: ['8AM-5PM']; Monday: ['8AM-5PM']; Saturday: ['Closed']; Sunday: ['Closed']; Thursday: ['8AM-5PM']; Tuesday: ['8AM-5PM']; Wednesday: ['8AM-5PM'],no,no,1
Tom's RV Service & Sales,+1 505-323-5947,http://www.tomsrvnm.com/,"136 Moon St NE, Albuquerque, NM 87123",Albuquerque,New Mexico,87123,35.0743987,-106.541084,4.5,137,RV repair shop,Friday: ['8AM-4PM']; Monday: ['Closed']; Saturday: ['9AM-2:30PM']; Sunday: ['Closed']; Thursday: ['8AM-4PM']; Tuesday: ['8AM-4PM']; Wednesday: ['8AM-4PM'],no,no,1
Tony's RV Service,+1 505-323-2080,http://tonysrvservice.net/,"1831 Wilmoore Dr SE, Albuquerque, NM 87106",Albuquerque,New Mexico,87106,35.0612513,-106.6233746,4.6,165,RV repair shop,Friday: ['8AM-5PM']; Monday: ['8AM-5PM']; Saturday: ['9AM-5PM']; Sunday: ['Closed']; Thursday: ['8AM-5PM']; Tuesday: ['8AM-5PM']; Wednesday: ['8AM-5PM'],no,no,1
TrailersPlus,+1 505-407-8471,https://www.trailersplus.com/New_Mexico/Albuquerque/inventory/%3Futm_source%3Dgoogle%26utm_medium%3Dorganic%26utm_campaign%3Dgbp%26y_source%3D1_OTY0OTc3Mi03MTUtbG9jYXRpb24ud2Vic2l0ZQ%253D%253D,"7021 Pan American Fwy NE, Albuquerque, NM 87109",Albuquerque,New Mexico,87109,35.157128,-106.589053,4.8,525,Trailer repair shop,"Friday: ['9AM-6PM']; Monday: ['9AM-12PM', '1-6PM']; Saturday: ['9AM-12PM', '1-6PM']; Sunday: ['Closed']; Thursday: ['9AM-6PM']; Tuesday: ['9AM-6PM']; Wednesday: ['9AM-6PM']",no,no,1
Truck and trailer repair LLC - Roadside Mobile Mechanic Service Assistance,+1 833-363-3522,https://servicetruckandtrailer.com/,"4601 Carlton St NW, Albuquerque, NM 87107",Albuquerque,New Mexico,87107,35.1280789,-106.6370283,4.7,70,Truck repair shop,Friday: ['Open 24 hours']; Monday: ['Open 24 hours']; Saturday: ['Open 24 hours']; Sunday: ['Open 24 hours']; Thursday: ['Open 24 hours']; Tuesday: ['Open 24 hours']; Wednesday: ['Open 24 hours'],yes,yes,1
"TruckPro, a FleetPride Company",+1 505-345-2666,https://www.truckpro.com/,"4220 Edith Blvd NE, Albuquerque, NM 87107",Albuquerque,New Mexico,87107,35.1232574,-106.6325382,4.4,52,Truck repair shop,Friday: ['8AM-5PM']; Monday: ['8AM-5PM']; Saturday: ['Closed']; Sunday: ['Closed']; Thursday: ['8AM-5PM']; Tuesday: ['8AM-5PM']; Wednesday: ['8AM-5PM'],no,no,1
Trucks Unique,+1 505-884-5749,https://trucksunique.com/,"4914 Pan American Fwy, Albuquerque, NM 87109",Albuquerque,New Mexico,87109,35.1378861,-106.5991695,4.6,411,Truck accessories store,Friday: ['8AM-5PM']; Monday: ['8AM-5PM']; Saturday: ['10AM-2PM']; Sunday: ['Closed']; Thursday: ['8AM-5PM']; Tuesday: ['8AM-5PM']; Wednesday: ['8AM-5PM'],no,no,1
Vasquez Mobile Auto Repair,+1 720-270-7609,,"7127 Don Xavier Ave SW, Albuquerque, NM 87121",Albuquerque,New Mexico,87121,35.0566851,-106.713023,4.7,77,Auto repair shop,Friday: ['8AM-5PM']; Monday: ['8AM-5PM']; Saturday: ['8AM-2PM']; Sunday: ['Closed']; Thursday: ['8AM-5PM']; Tuesday: ['8AM-5PM']; Wednesday: ['8AM-5PM'],no,yes,1
Wheels Up,+1 505-235-2815,,"2513 Washington St NE, Albuquerque, NM 87110",Albuquerque,New Mexico,87110,35.1079218,-106.5959499,4.7,38,Auto repair shop,Friday: ['9AM-5PM']; Monday: ['9AM-5PM']; Saturday: ['Closed']; Sunday: ['Closed']; Thursday: ['9AM-5PM']; Tuesday: ['9AM-5PM']; Wednesday: ['9AM-5PM'],no,no,1
Your Mobile Car Doctor LLC,+1 505-306-2255,http://bookvictor.com/,"2501 San Pedro Dr NE, Albuquerque, NM 87110",Albuquerque,New Mexico,87110,35.1075652,-106.5779644,4.4,28,Auto repair shop,Friday: ['10AM-6PM']; Monday: ['10AM-6PM']; Saturday: ['Closed']; Sunday: ['Closed']; Thursday: ['10AM-6PM']; Tuesday: ['10AM-6PM']; Wednesday: ['10AM-6PM'],no,yes,1
Love's Truck Care,+1 505-864-6107,https://www.loves.com/locations/726,"1903 Camino Del Llano, Belen, NM 87002",Belen,New Mexico,87002,34.6510392,-106.7927594,4,58,Truck repair shop,Friday: ['6AM-11PM']; Monday: ['6AM-11PM']; Saturday: ['6AM-11PM']; Sunday: ['6AM-11PM']; Thursday: ['6AM-11PM']; Tuesday: ['6AM-11PM']; Wednesday: ['6AM-11PM'],no,no,1
"Sean's RV Service and Repair, LLC.",+1 505-385-7369,https://www.seansrv.com/,"700 Oak St, Bernalillo, NM 87004",Bernalillo,New Mexico,87004,35.3042997,-106.5456944,4.9,141,RV repair shop,Friday: ['8AM-5PM']; Monday: ['8AM-5PM']; Saturday: ['Closed']; Sunday: ['Closed']; Thursday: ['8AM-5PM']; Tuesday: ['8AM-5PM']; Wednesday: ['8AM-2:30PM'],no,no,1
Action RV Specialist Inc,+1 505-294-1654,http://www.actionrv.com/,"1210 Bosque Farms Blvd, Bosque Farms, NM 87068",Bosque Farms,New Mexico,87068,34.8568816,-106.6904462,4.8,319,RV repair shop,Friday: ['8AM-5PM']; Monday: ['8AM-5PM']; Saturday: ['10AM-2PM']; Sunday: ['Closed']; Thursday: ['8AM-5PM']; Tuesday: ['8AM-5PM']; Wednesday: ['8AM-5PM'],no,no,1
24/7 mobile mechanic service,+1 575-366-0327,,"205 Axtell St, Clovis, NM 88101",Clovis,New Mexico,88101,34.3999646,-103.201005,4.4,155,Auto repair shop,Friday: ['Open 24 hours']; Monday: ['Open 24 hours']; Saturday: ['Open 24 hours']; Sunday: ['Open 24 hours']; Thursday: ['Open 24 hours']; Tuesday: ['Open 24 hours']; Wednesday: ['Open 24 hours'],yes,yes,1
505 TRUCK SERVICE LLC AND ROAD SERVICE,+1 505-726-3225,https://505truckservice.vercel.app/,"19 U.S. Route 66, Gallup, NM 87301",Gallup,New Mexico,87301,35.5013211,-108.8431797,4.6,185,Truck repair shop,Friday: ['7AM-6PM']; Monday: ['7AM-6PM']; Saturday: ['7AM-6PM']; Sunday: ['7AM-6PM']; Thursday: ['7AM-6PM']; Tuesday: ['7AM-6PM']; Wednesday: ['7AM-6PM'],no,no,1
A Classy Autorecovery LLC,+1 505-905-6375,,"19 Blue Bird Dr, Gallup, NM 87301",Gallup,New Mexico,87301,35.4823174,-108.8865968,4.9,236,Towing service,Friday: ['Open 24 hours']; Monday: ['Open 24 hours']; Saturday: ['Open 24 hours']; Sunday: ['Open 24 hours']; Thursday: ['Open 24 hours']; Tuesday: ['Open 24 hours']; Wednesday: ['Open 24 hours'],yes,no,1
A-1 Towing Service Co,+1 505-863-5788,https://www.a1towingservicegallup.com/,"19 Coal Basin Rd, Gallup, NM 87301",Gallup,New Mexico,87301,35.5404398,-108.7618879,4.1,67,Towing service,Friday: ['Open 24 hours']; Monday: ['Open 24 hours']; Saturday: ['Open 24 hours']; Sunday: ['Open 24 hours']; Thursday: ['Open 24 hours']; Tuesday: ['Open 24 hours']; Wednesday: ['Open 24 hours'],yes,no,1
A-J Tires & Auto Center Tire Pros,+1 505-722-6965,https://www.ajtires.com/,"500 W Maloney Ave, Gallup, NM 87301",Gallup,New Mexico,87301,35.5300805,-108.7482598,4.7,1119,Auto repair shop,Friday: ['8AM-5PM']; Monday: ['8AM-5PM']; Saturday: ['8AM-3PM']; Sunday: ['Closed']; Thursday: ['8AM-5PM']; Tuesday: ['8AM-5PM']; Wednesday: ['8AM-5PM'],no,no,1
AMASCO,+1 505-722-3130,,"308 W Coal Ave, Gallup, NM 87301",Gallup,New Mexico,87301,35.5267561,-108.7447361,4.7,12,RV supply store,Friday: ['9AM-4PM']; Monday: ['9AM-4PM']; Saturday: ['Closed']; Sunday: ['Closed']; Thursday: ['9AM-4PM']; Tuesday: ['9AM-4PM']; Wednesday: ['9AM-4PM'],no,no,1
"Ace Truck Service, Inc.; Diesel, Truck, Trailer, RV, Mobile Repairs",+1 505-863-1989,http://www.acetruckserviceinc.com/,"3515 W Historic Hwy 66, Gallup, NM 87301",Gallup,New Mexico,87301,35.5038195,-108.8400604,4,210,Truck repair shop,Friday: ['8AM-5PM']; Monday: ['8AM-5PM']; Saturday: ['Closed']; Sunday: ['Closed']; Thursday: ['8AM-5PM']; Tuesday: ['7AM-5PM']; Wednesday: ['8AM-5PM'],no,yes,1
American Muffler And Towing,+1 505-863-5990,http://www.americanmufflerandtowing.com/,"827 N 9th St, Gallup, NM 87301",Gallup,New Mexico,87301,35.535092,-108.755228,4.3,142,Towing service,Friday: ['Open 24 hours']; Monday: ['Open 24 hours']; Saturday: ['Open 24 hours']; Sunday: ['Open 24 hours']; Thursday: ['Open 24 hours']; Tuesday: ['Open 24 hours']; Wednesday: ['Open 24 hours'],yes,no,1
Amigo Quick Lube,+1 505-458-4031,,"Nizhoni Blvd, Gallup, NM 87301",Gallup,New Mexico,87301,35.5081409,-108.740923,3.9,23,Auto repair shop,Friday: ['7:30AM-6PM']; Monday: ['7:30AM-6PM']; Saturday: ['7:30AM-2PM']; Sunday: ['Closed']; Thursday: ['7:30AM-6PM']; Tuesday: ['7:30AM-6PM']; Wednesday: ['7:30AM-6PM'],no,no,1
Auto Care Express,+1 505-722-2288,,"1305 E Hwy 66, Gallup, NM 87301",Gallup,New Mexico,87301,35.5303695,-108.721777,4.7,90,Car repair and maintenance service,Friday: ['9AM-5PM']; Monday: ['9AM-5PM']; Saturday: ['9AM-5PM']; Sunday: ['Closed']; Thursday: ['9AM-5PM']; Tuesday: ['9AM-5PM']; Wednesday: ['9AM-5PM'],no,no,1
Auto Glass & Construction,+1 505-722-4359,,"706 W Maloney Ave, Gallup, NM 87301",Gallup,New Mexico,87301,35.529515,-108.7510704,3.9,119,Window supplier,Friday: ['9AM-5PM']; Monday: ['9AM-5PM']; Saturday: ['9AM-1PM']; Sunday: ['Closed']; Thursday: ['9AM-5PM']; Tuesday: ['9AM-5PM']; Wednesday: ['9AM-5PM'],no,no,1
Auto Works,+1 505-419-4627,https://autoworksnm.com/,"2715 U.S. Route 66, Gallup, NM 87301",Gallup,New Mexico,87301,35.510042,-108.802758,4.8,281,Auto repair shop,Friday: ['8AM-5PM']; Monday: ['8AM-5PM']; Saturday: ['8AM-2PM']; Sunday: ['Closed']; Thursday: ['8AM-5PM']; Tuesday: ['8AM-5PM']; Wednesday: ['8AM-5PM'],no,no,1
Automotive & Industrial Engine Services,+1 505-409-5353,,"1901 Barbara Ave, Gallup, NM 87301",Gallup,New Mexico,87301,35.5174212,-108.7711454,4.6,54,Auto repair shop,Friday: ['8AM-6PM']; Monday: ['8AM-6PM']; Saturday: ['8AM-6PM']; Sunday: ['8AM-6PM']; Thursday: ['8AM-6PM']; Tuesday: ['8AM-6PM']; Wednesday: ['8AM-6PM'],no,no,1
Bahe Automotive Repair,+1 505-488-2018,,"100 All American Dr, Gallup, NM 87301",Gallup,New Mexico,87301,35.5033033,-108.8413164,3.9,14,Auto repair shop,Friday: ['9AM-5PM']; Monday: ['9AM-5PM']; Saturday: ['9AM-4PM']; Sunday: ['Closed']; Thursday: ['9AM-5PM']; Tuesday: ['9AM-5PM']; Wednesday: ['9AM-5PM'],no,no,1
Burloy's Complete Automotive Repair,,,"Yahtahey Loop, Gallup, NM 87301",Gallup,New Mexico,87301,35.6273592,-108.7803817,5,1,Auto repair shop,,no,no,1
Burnout Boyz Garage,+1 505-979-8379,https://z77a.top/business/burnout-boyz-garage-l5dMQgxY,"431 W Historic Hwy 66, Gallup, NM 87301",Gallup,New Mexico,87301,35.5267873,-108.7462912,5,109,Auto repair shop,Friday: ['8AM-5PM']; Monday: ['8AM-5PM']; Saturday: ['Closed']; Sunday: ['Closed']; Thursday: ['8AM-5PM']; Tuesday: ['8AM-5PM']; Wednesday: ['8AM-5PM'],no,no,1
Eagle Tires,+1 505-722-2389,http://eagletires40.wix.com/eagle-tires,"2100 E Hwy 66, Gallup, NM 87301",Gallup,New Mexico,87301,35.5290453,-108.71073,4,95,Tire shop,Friday: ['9AM-5PM']; Monday: ['9AM-5PM']; Saturday: ['9AM-3PM']; Sunday: ['Closed']; Thursday: ['9AM-5PM']; Tuesday: ['9AM-5PM']; Wednesday: ['9AM-5PM'],no,no,1
Foreign Automotive Specialty Service Co.,+1 505-863-6132,http://www.foreignautomotivespecialty.com/,"111 Mine Run St, Gallup, NM 87301",Gallup,New Mexico,87301,35.5282219,-108.7077418,4.4,39,Auto repair shop,Friday: ['9AM-5PM']; Monday: ['9AM-5PM']; Saturday: ['Closed']; Sunday: ['Closed']; Thursday: ['9AM-5PM']; Tuesday: ['9AM-5PM']; Wednesday: ['9AM-5PM'],no,no,1
GMG Roadside Services,+1 505-391-4263,https://roadsideassistancegallup.com/,"1901 Barbara Ave #2, Gallup, NM 87301",Gallup,New Mexico,87301,35.5173888,-108.771216,5,39,Truck repair shop,Friday: ['Open 24 hours']; Monday: ['Open 24 hours']; Saturday: ['Open 24 hours']; Sunday: ['Open 24 hours']; Thursday: ['Open 24 hours']; Tuesday: ['Open 24 hours']; Wednesday: ['Open 24 hours'],yes,no,1
Gallup Truck Stop,+1 505-863-8008,,"7043 NM-118, Gallup, NM 87301",Gallup,New Mexico,87301,35.5041593,-108.835319,3.8,291,Truck stop,Friday: ['Open 24 hours']; Monday: ['Open 24 hours']; Saturday: ['Open 24 hours']; Sunday: ['Open 24 hours']; Thursday: ['Open 24 hours']; Tuesday: ['Open 24 hours']; Wednesday: ['Open 24 hours'],yes,no,2
Goodyear Auto Service,+1 505-863-3875,https://www.goodyear.com/en-us/goodyearautoservice,"307 W Coal Ave, Gallup, NM 87301",Gallup,New Mexico,87301,35.5263824,-108.7444218,4,149,Tire shop,Friday: ['8AM-7PM']; Monday: ['8AM-7PM']; Saturday: ['8AM-7PM']; Sunday: ['Closed']; Thursday: ['8AM-7PM']; Tuesday: ['8AM-7PM']; Wednesday: ['8AM-7PM'],no,no,1
J & J Truck Services,+1 505-726-1535,http://www.jjtruckservice.com/,"2711 W Historic Hwy 66, Gallup, NM 87301",Gallup,New Mexico,87301,35.5103633,-108.80193,3.9,153,Truck repair shop,Friday: ['8AM-5PM']; Monday: ['8AM-5PM']; Saturday: ['Closed']; Sunday: ['Closed']; Thursday: ['8AM-5PM']; Tuesday: ['8AM-5PM']; Wednesday: ['8AM-5PM'],no,no,1
KC Roadside Repair,+1 505-863-9040,,"43 W Chee Dodge Blvd, Gallup, NM 87301",Gallup,New Mexico,87301,35.5068519,-108.849145,4.6,72,Truck repair shop,Friday: ['8AM-5PM']; Monday: ['8AM-5PM']; Saturday: ['8AM-5PM']; Sunday: ['8AM-5PM']; Thursday: ['8AM-5PM']; Tuesday: ['8AM-5PM']; Wednesday: ['8AM-5PM'],no,no,1
Kachina Gateway,+1 505-722-3837,,"137 Co Rd 1, Gallup, NM 87301",Gallup,New Mexico,87301,35.5046715,-108.840491,4.8,13,Truck repair shop,,no,no,1
Krackin Industries,+1 505-488-2308,https://www.krackinindustries.com/,"205 Burke Dr, Gallup, NM 87301",Gallup,New Mexico,87301,35.5283224,-108.725045,4.6,31,Auto repair shop,Friday: ['9AM-5PM']; Monday: ['9AM-5PM']; Saturday: ['Closed']; Sunday: ['Closed']; Thursday: ['9AM-5PM']; Tuesday: ['9AM-5PM']; Wednesday: ['9AM-5PM'],no,no,1
Larrys automotive/66Auto Plus,+1 505-488-2487,,"900 E Hwy 66, Gallup, NM 87301",Gallup,New Mexico,87301,35.5298593,-108.7305366,4.6,156,Auto repair shop,Friday: ['9AM-5PM']; Monday: ['9AM-5PM']; Saturday: ['Closed']; Sunday: ['Closed']; Thursday: ['9AM-5PM']; Tuesday: ['9AM-5PM']; Wednesday: ['9AM-5PM'],no,no,1
Leyba's Auto Clinic,+1 505-863-6088,,"1220 U.S. Route 66, Gallup, NM 87301",Gallup,New Mexico,87301,35.5295148,-108.7232673,4.3,38,Auto repair shop,Friday: ['8:30AM-5PM']; Monday: ['8:30AM-5PM']; Saturday: ['Closed']; Sunday: ['Closed']; Thursday: ['8:30AM-5PM']; Tuesday: ['8:30AM-5PM']; Wednesday: ['8:30AM-5PM'],no,no,1
Love's Truck Care,+1 505-863-3849,https://www.loves.com/locations/215,"3380 W Historic Hwy 66, Gallup, NM 87301",Gallup,New Mexico,87301,35.5065887,-108.8339373,3.7,159,Truck repair shop,Friday: ['Open 24 hours']; Monday: ['Open 24 hours']; Saturday: ['Open 24 hours']; Sunday: ['Open 24 hours']; Thursday: ['Open 24 hours']; Tuesday: ['Open 24 hours']; Wednesday: ['Open 24 hours'],yes,no,2
NKS TRUCK SERVICE,+1 505-722-9761,https://nkstruckservice.wixsite.com/nkstruckservice,"I-40 EXIT 16, 3405 W Historic Hwy 66, Gallup, NM 87301",Gallup,New Mexico,87301,35.5035247,-108.8356934,3.5,126,Truck repair shop,Friday: ['8AM-6PM']; Monday: ['8AM-6PM']; Saturday: ['8AM-6PM']; Sunday: ['Closed']; Thursday: ['8AM-6PM']; Tuesday: ['8AM-6PM']; Wednesday: ['8AM-6PM'],no,no,1
Phone Medic Gallup,+1 505-488-2359,http://www.phone-medic.com/,"1300 W Maloney Ave #302, Gallup, NM 87301",Gallup,New Mexico,87301,35.5312002,-108.7633676,4.5,260,Mobile phone repair shop,Friday: ['10AM-8PM']; Monday: ['11AM-7PM']; Saturday: ['10AM-8PM']; Sunday: ['12-6PM']; Thursday: ['11AM-7PM']; Tuesday: ['11AM-7PM']; Wednesday: ['11AM-7PM'],no,yes,1
Professional Truck & Auto Center,+1 505-863-3953,,"500 E E Hwy 66, Gallup, NM 87301",Gallup,New Mexico,87301,35.529687,-108.736831,4.8,11,Auto body shop,"Friday: ['9AM-12PM', '1-4PM']; Monday: ['9AM-12PM', '1-4PM']; Saturday: ['Closed']; Sunday: ['Closed']; Thursday: ['9AM-12PM', '1-4PM']; Tuesday: ['9AM-12PM', '1-4PM']; Wednesday: ['9AM-12PM', '1-4PM']",no,no,1
R G Truck Services,+1 505-722-5423,,"410 Bortot Dr, Gallup, NM 87301",Gallup,New Mexico,87301,35.5236671,-108.6994696,3.1,171,Truck repair shop,Friday: ['Open 24 hours']; Monday: ['Open 24 hours']; Saturday: ['Open 24 hours']; Sunday: ['Open 24 hours']; Thursday: ['Open 24 hours']; Tuesday: ['Open 24 hours']; Wednesday: ['Open 24 hours'],yes,no,1
Richard's Tire Services,+1 505-722-7529,,"450 Rob-Roy St, Gallup, NM 87301",Gallup,New Mexico,87301,35.5119769,-108.8175842,4.8,26,Tire shop,Friday: ['8AM-5PM']; Monday: ['8AM-5PM']; Saturday: ['Closed']; Sunday: ['Closed']; Thursday: ['8AM-5PM']; Tuesday: ['8AM-5PM']; Wednesday: ['8AM-5PM'],no,no,1
Richards Auto Shop,+1 505-722-6547,,"801 W Wilson Ave, Gallup, NM 87301",Gallup,New Mexico,87301,35.529728,-108.752702,3.9,54,Transmission shop,Friday: ['8AM-6PM']; Monday: ['8AM-6PM']; Saturday: ['8AM-12PM']; Sunday: ['Closed']; Thursday: ['8AM-6PM']; Tuesday: ['8AM-6PM']; Wednesday: ['8AM-6PM'],no,no,1
Sanchez Auto Tire Shop,+1 505-863-6244,,"601 U.S. Rte 66, Gallup, NM 87301",Gallup,New Mexico,87301,35.526184,-108.7479148,4.6,16,Auto repair shop,Friday: ['9AM-5PM']; Monday: ['9AM-5PM']; Saturday: ['9AM-3PM']; Sunday: ['Closed']; Thursday: ['9AM-5PM']; Tuesday: ['9AM-5PM']; Wednesday: ['9AM-5PM'],no,no,1
Speedway Towing,+1 505-863-3775,http://www.speedwaytowinggallup.com/,"545 Allison Rd, Gallup, NM 87301",Gallup,New Mexico,87301,35.5237533,-108.7835693,3.7,112,Towing service,Friday: ['Open 24 hours']; Monday: ['Open 24 hours']; Saturday: ['Open 24 hours']; Sunday: ['Open 24 hours']; Thursday: ['Open 24 hours']; Tuesday: ['Open 24 hours']; Wednesday: ['Open 24 hours'],yes,no,1
TA Travel Center,+1 505-863-6801,https://www.ta-petro.com/location/nm/ta-gallup,"3404 W Historic Hwy 66, Gallup, NM 87301",Gallup,New Mexico,87301,35.5058193,-108.8361561,3.4,1110,Truck repair shop,Friday: ['Open 24 hours']; Monday: ['Open 24 hours']; Saturday: ['Open 24 hours']; Sunday: ['Open 24 hours']; Thursday: ['Open 24 hours']; Tuesday: ['Open 24 hours']; Wednesday: ['Open 24 hours'],yes,no,1
TA Truck Service,+1 505-835-2156,https://www.ta-petro.com/,"3404 W Historic Hwy 66, Gallup, NM 87301",Gallup,New Mexico,87301,35.5058802,-108.8359466,3.8,754,Truck repair shop,Friday: ['Open 24 hours']; Monday: ['Open 24 hours']; Saturday: ['Open 24 hours']; Sunday: ['Open 24 hours']; Thursday: ['Open 24 hours']; Tuesday: ['Open 24 hours']; Wednesday: ['Open 24 hours'],yes,no,1
Top Gun Tow,+1 505-695-3944,https://www.topguntow.com/%3Futm_source%3Domg-gbp%26utm_medium%3Dwebclick,"247 US-491, Gallup, NM 87301",Gallup,New Mexico,87301,35.5507626,-108.7595998,4.8,47,Towing service,Friday: ['Open 24 hours']; Monday: ['Open 24 hours']; Saturday: ['Open 24 hours']; Sunday: ['Open 24 hours']; Thursday: ['Open 24 hours']; Tuesday: ['Open 24 hours']; Wednesday: ['Open 24 hours'],yes,no,1
iFixandRepair GallupWalmart,+1 505-868-7199,https://ifixandrepair.com/stores/gallup-walmart/,"1650 W Maloney Ave, Gallup, NM 87301",Gallup,New Mexico,87301,35.52848,-108.76942,4.9,159,Mobile phone repair shop,Friday: ['10:30AM-8PM']; Monday: ['10:30AM-8PM']; Saturday: ['10:30AM-8PM']; Sunday: ['11AM-8PM']; Thursday: ['10:30AM-8PM']; Tuesday: ['10:30AM-5PM']; Wednesday: ['10:30AM-8PM'],no,yes,1
Angelo's mobile mechanic,+1 505-917-2044,,"1517 Dona Ave, Grants, NM 87020",Grants,New Mexico,87020,35.1675767,-107.8251828,4.8,101,Truck repair shop,Friday: ['Open 24 hours']; Monday: ['Open 24 hours']; Saturday: ['Open 24 hours']; Sunday: ['Open 24 hours']; Thursday: ['Open 24 hours']; Tuesday: ['Open 24 hours']; Wednesday: ['Open 24 hours'],yes,yes,1
Elite Diesel Solutions,+1 505-615-3159,https://builder.bookipi.com/pages/elite-diesel-solutions-llc,"410 Horizon Blvd, Grants, NM 87020",Grants,New Mexico,87020,35.1812598,-107.9062405,3.9,36,Diesel engine repair service,Friday: ['Open 24 hours']; Monday: ['Open 24 hours']; Saturday: ['Open 24 hours']; Sunday: ['Open 24 hours']; Thursday: ['Open 24 hours']; Tuesday: ['Open 24 hours']; Wednesday: ['Open 24 hours'],yes,no,1
505 TRUCK SERVICE LLC AND ROAD SERVICE,+1 505-290-9862,https://505truckservice.top/,"712 U.S. Route 66, Milan, NM 87021",Milan,New Mexico,87021,35.1714216,-107.8903745,4.9,122,Truck repair shop,Friday: ['8AM-4PM']; Monday: ['8AM-6PM']; Saturday: ['Closed']; Sunday: ['8AM-4PM']; Thursday: ['8AM-6PM']; Tuesday: ['8AM-6PM']; Wednesday: ['8AM-6PM'],no,no,1
Alpha Mobile Mechanic Service,+1 505-290-7073,https://alphamobilemechanic.godaddysites.com/,"708 Catalina Ave, Milan, NM 87021",Milan,New Mexico,87021,35.1698838,-107.8936602,4.9,136,Mechanic,Friday: ['Open 24 hours']; Monday: ['Open 24 hours']; Saturday: ['Open 24 hours']; Sunday: ['Open 24 hours']; Thursday: ['Open 24 hours']; Tuesday: ['Open 24 hours']; Wednesday: ['Open 24 hours'],yes,yes,1
Farmboys Diesel and Welding,+1 505-448-6886,,"3215 NM-333, Moriarty, NM 87035",Moriarty,New Mexico,87035,35.0265346,-106.1024781,3.8,107,Truck repair shop,Friday: ['Open 24 hours']; Monday: ['Open 24 hours']; Saturday: ['Open 24 hours']; Sunday: ['Open 24 hours']; Thursday: ['Open 24 hours']; Tuesday: ['Open 24 hours']; Wednesday: ['Open 24 hours'],yes,no,1
NNHDR LLC,+1 352-272-1887,https://rymaps.xyz/business/nnhdr-llc-wt76kv,"820 U.S. Route 66, Moriarty, NM 87035",Moriarty,New Mexico,87035,35.0036186,-106.0289439,4.7,58,Diesel engine repair service,Friday: ['8AM-5PM']; Monday: ['8AM-5PM']; Saturday: ['Closed']; Sunday: ['Closed']; Thursday: ['8AM-5PM']; Tuesday: ['8AM-5PM']; Wednesday: ['8AM-5PM'],no,no,1
TA Truck Service,+1 505-835-2152,https://www.ta-petro.com/,"1700 U.S. Route 66, Moriarty, NM 87035",Moriarty,New Mexico,87035,35.009497,-106.065099,3.5,192,Truck repair shop,Friday: ['Open 24 hours']; Monday: ['Open 24 hours']; Saturday: ['Open 24 hours']; Sunday: ['Open 24 hours']; Thursday: ['Open 24 hours']; Tuesday: ['Open 24 hours']; Wednesday: ['Open 24 hours'],yes,no,1
West Truck Services Center,+1 505-832-6270,,"723 U.S. Route 66, Moriarty, NM 87035",Moriarty,New Mexico,87035,35.0052138,-106.0305942,4.5,131,Truck repair shop,Friday: ['8AM-5PM']; Monday: ['8AM-5PM']; Saturday: ['Closed']; Sunday: ['Closed']; Thursday: ['8AM-5PM']; Tuesday: ['8AM-5PM']; Wednesday: ['8AM-5PM'],no,no,1
AJ Mobile Mechanic LLC,+1 575-707-8085,,"206 Hart Ave, Raton, NM 87740",Raton,New Mexico,87740,36.8801955,-104.442926,4.8,21,Auto repair shop,Friday: ['Open 24 hours']; Monday: ['Open 24 hours']; Saturday: ['Open 24 hours']; Sunday: ['Open 24 hours']; Thursday: ['Open 24 hours']; Tuesday: ['Open 24 hours']; Wednesday: ['Open 24 hours'],yes,yes,1
R&R Fleet Services LLC,+1 505-861-0404,http://rrfleetservicesnm.com/,"2300 NM-304, Rio Communities, NM 87002",Rio Communities,New Mexico,87002,34.6484985,-106.7347856,4.1,99,Truck repair shop,Friday: ['8AM-5PM']; Monday: ['8AM-5PM']; Saturday: ['Closed']; Sunday: ['Closed']; Thursday: ['8AM-5PM']; Tuesday: ['8AM-5PM']; Wednesday: ['8AM-5PM'],no,no,1
"TERRY'S SERVICE CENTER - TIRES, AUTO & TRUCK REPAIR",+1 575-576-2570,https://terrys-servicecenter.com/,"1815 Cemetery Rd, San Jon, NM 88434",San Jon,New Mexico,88434,35.1147723,-103.3342001,4.5,437,Truck repair shop,Friday: ['7AM-6PM']; Monday: ['7AM-6PM']; Saturday: ['7AM-6PM']; Sunday: ['7AM-6PM']; Thursday: ['7AM-6PM']; Tuesday: ['7AM-6PM']; Wednesday: ['7AM-6PM'],no,no,1
Albuquerque Axle Surgeons,+1 505-203-0543,http://www.nmaxlesurgeons.com/,"12 Vintage Ct, Sandia Park, NM 87047",Sandia Park,New Mexico,87047,35.1553256,-106.3230867,5,4,Auto repair shop,Friday: ['Open 24 hours']; Monday: ['Open 24 hours']; Saturday: ['Open 24 hours']; Sunday: ['Open 24 hours']; Thursday: ['Open 24 hours']; Tuesday: ['Open 24 hours']; Wednesday: ['Open 24 hours'],yes,no,1
"Hal Burns Truck, RV & Equipment Service",+1 505-471-1671,http://www.halburns.com/,"14 Cam Charro, Santa Fe, NM 87507",Santa Fe,New Mexico,87507,35.6004888,-106.0526083,4.3,125,Truck repair shop,Friday: ['Open 24 hours']; Monday: ['Open 24 hours']; Saturday: ['Open 24 hours']; Sunday: ['Open 24 hours']; Thursday: ['Open 24 hours']; Tuesday: ['Open 24 hours']; Wednesday: ['Open 24 hours'],yes,no,1
Big Rig Truck Service Inc.,+1 575-472-5296,http://bigrigtruckservice.wordpress.com/,"2660 U.S. Route 66, Santa Rosa, NM 88435",Santa Rosa,New Mexico,88435,34.9432244,-104.6388172,4.8,1154,Truck repair shop,Friday: ['7AM-7PM']; Monday: ['7AM-7PM']; Saturday: ['7AM-7PM']; Sunday: ['7AM-7PM']; Thursday: ['7AM-7PM']; Tuesday: ['7AM-7PM']; Wednesday: ['7AM-7PM'],no,no,1
Johnson Enterprises & Towing,+1 505-617-6092,https://johnsonenterprisesandtowing.com/%3Futm_source%3Domg-gbp%26utm_medium%3Dwebclick,"113 Windmill Rd, Santa Rosa, NM 88435",Santa Rosa,New Mexico,88435,34.9378293,-104.6943888,4.6,99,Truck repair shop,Friday: ['Open 24 hours']; Monday: ['Open 24 hours']; Saturday: ['Open 24 hours']; Sunday: ['Open 24 hours']; Thursday: ['Open 24 hours']; Tuesday: ['Open 24 hours']; Wednesday: ['Open 24 hours'],yes,no,1
Love's Travel Stop,+1 575-472-1160,https://www.loves.com/locations/285,"1028 NM-156, Santa Rosa, NM 88435",Santa Rosa,New Mexico,88435,34.9468142,-104.6378369,3.4,845,Truck stop,Friday: ['Open 24 hours']; Monday: ['Open 24 hours']; Saturday: ['Open 24 hours']; Sunday: ['Open 24 hours']; Thursday: ['Open 24 hours']; Tuesday: ['Open 24 hours']; Wednesday: ['Open 24 hours'],yes,no,2
Ortega's Wrecker Service & Auto Repair,+1 575-472-3204,https://www.ortegaswreckerserviceandautorepair.com/,"446 U.S. Route 66, Santa Rosa, NM 88435",Santa Rosa,New Mexico,88435,34.9403139,-104.6994676,4.5,463,Auto repair shop,Friday: ['8AM-5PM']; Monday: ['8AM-5PM']; Saturday: ['Closed']; Sunday: ['9AM-5PM']; Thursday: ['8AM-5PM']; Tuesday: ['8AM-5PM']; Wednesday: ['8AM-5PM'],no,no,1
Santa Rosa Welding Shop,,,"2311 U.S. Route 66, Santa Rosa, NM 88435",Santa Rosa,New Mexico,88435,34.9454471,-104.6654837,5,4,Welder,,no,no,1
TA Travel Center,+1 575-935-9939,https://www.ta-petro.com/location/nm/ta-santa-rosa,"2634 U.S. Route 66, Santa Rosa, NM 88435",Santa Rosa,New Mexico,88435,34.9441626,-104.6406521,3.6,1893,Truck stop,Friday: ['Open 24 hours']; Monday: ['Open 24 hours']; Saturday: ['Open 24 hours']; Sunday: ['Open 24 hours']; Thursday: ['Open 24 hours']; Tuesday: ['Open 24 hours']; Wednesday: ['Open 24 hours'],yes,no,1
TA Truck Service,+1 575-366-8810,https://www.ta-petro.com/,"2634 U.S. Route 66, Santa Rosa, NM 88435",Santa Rosa,New Mexico,88435,34.9442703,-104.6407036,3.3,132,Truck repair shop,Friday: ['Open 24 hours']; Monday: ['Open 24 hours']; Saturday: ['Open 24 hours']; Sunday: ['Open 24 hours']; Thursday: ['Open 24 hours']; Tuesday: ['Open 24 hours']; Wednesday: ['Open 24 hours'],yes,no,1
West Side Auto Repair,,,"Santa Rosa, NM 88435",Santa Rosa,New Mexico,88435,34.9410815,-104.6993449,5,2,Auto repair shop,,no,no,1
Charlie's Fleet Services,+1 505-281-2449,,"62 S Zamora Rd A, Tijeras, NM 87059",Tijeras,New Mexico,87059,35.0990479,-106.3635143,4.7,61,Truck repair shop,Friday: ['8AM-5PM']; Monday: ['8AM-5PM']; Saturday: ['Closed']; Sunday: ['Closed']; Thursday: ['8AM-5PM']; Tuesday: ['8AM-5PM']; Wednesday: ['8AM-5PM'],no,no,1
"4 J's Towing & Recovery Services, LLC",+1 575-461-1801,http://4jstowingrecovery.com/,"902 S Mountain Rd, Tucumcari, NM 88401",Tucumcari,New Mexico,88401,35.1699203,-103.7017419,4.5,24,Towing service,Friday: ['Open 24 hours']; Monday: ['Open 24 hours']; Saturday: ['Open 24 hours']; Sunday: ['Open 24 hours']; Thursday: ['Open 24 hours']; Tuesday: ['Open 24 hours']; Wednesday: ['Open 24 hours'],yes,no,1
All-Rite Towing & Repair Inc,+1 575-461-1934,,"6351 Quay Rd Am, Tucumcari, NM 88401",Tucumcari,New Mexico,88401,35.1796107,-103.6849048,3.7,94,Truck repair shop,Friday: ['Open 24 hours']; Monday: ['Open 24 hours']; Saturday: ['Open 24 hours']; Sunday: ['Open 24 hours']; Thursday: ['Open 24 hours']; Tuesday: ['Open 24 hours']; Wednesday: ['Open 24 hours'],yes,no,1
American Repair Service,+1 575-815-8476,http://americanrepairservice.net/,"1600 Camino del Coronado, Tucumcari, NM 88401",Tucumcari,New Mexico,88401,35.166556,-103.7472757,4.7,95,Truck repair shop,Friday: ['Open 24 hours']; Monday: ['Open 24 hours']; Saturday: ['Open 24 hours']; Sunday: ['Open 24 hours']; Thursday: ['Open 24 hours']; Tuesday: ['Open 24 hours']; Wednesday: ['Open 24 hours'],yes,no,1
Boss Truck Shop,+1 575-461-8458,http://www.bosstruckshops.com/,"2023 S Mountain Rd, Tucumcari, NM 88401",Tucumcari,New Mexico,88401,35.1586084,-103.7055262,3.6,191,Truck repair shop,Friday: ['7AM-11PM']; Monday: ['7AM-11PM']; Saturday: ['7AM-11PM']; Sunday: ['7AM-11PM']; Thursday: ['7AM-11PM']; Tuesday: ['7AM-11PM']; Wednesday: ['7AM-11PM'],no,no,1
D & A Auto Care,+1 575-461-3117,,"605 S Lake St #2542, Tucumcari, NM 88401",Tucumcari,New Mexico,88401,35.1733986,-103.712479,4.4,79,Auto repair shop,Friday: ['8AM-5PM']; Monday: ['8AM-5PM']; Saturday: ['Closed']; Sunday: ['Closed']; Thursday: ['8AM-5PM']; Tuesday: ['8AM-5PM']; Wednesday: ['8AM-5PM'],no,no,1
Dhillon & Son Truck/Trailer/Tire Repair + Road Service,+1 575-403-1098,https://dhillonandson.com/,"1806 E Rte 66 Blvd, Tucumcari, NM 88401",Tucumcari,New Mexico,88401,35.171071,-103.702668,4,22,Truck repair shop,Friday: ['6AM-12AM']; Monday: ['6AM-12AM']; Saturday: ['6AM-12AM']; Sunday: ['6AM-12AM']; Thursday: ['6AM-12AM']; Tuesday: ['6AM-12AM']; Wednesday: ['6AM-12AM'],no,no,1
I-40 TJ TRUCK TRAILER AUTO RV REPAIR,+1 575-461-3077,,"1808 S Mountain Rd, Tucumcari, NM 88401",Tucumcari,New Mexico,88401,35.1612576,-103.7018491,4.5,426,Truck repair shop,Friday: ['8AM-8PM']; Monday: ['8AM-8PM']; Saturday: ['8AM-8PM']; Sunday: ['8AM-8PM']; Thursday: ['8AM-8PM']; Tuesday: ['8AM-8PM']; Wednesday: ['8AM-8PM'],no,no,1
JONESIE'S MOBILE TIRE SERVICE,+1 575-403-4306,,"1823 E Tucumcari Blvd, Tucumcari, NM 88401",Tucumcari,New Mexico,88401,35.172182,-103.7045243,4.3,23,Tire shop,,no,yes,1
Jack's Truck Repair,+1 575-461-4601,http://jackstowingrepair.com/,"900 S Mountain Rd, Tucumcari, NM 88401",Tucumcari,New Mexico,88401,35.1698574,-103.7017852,4.3,298,Truck repair shop,Friday: ['8AM-5PM']; Monday: ['8AM-5PM']; Saturday: ['8AM-5PM']; Sunday: ['8AM-5PM']; Thursday: ['8AM-5PM']; Tuesday: ['8AM-5PM']; Wednesday: ['8AM-5PM'],no,no,1
John's Truck Service Inc.,+1 575-461-2085,https://johnstruckserviceinc.com/,"6297 Quay Rd AP 0.6, Tucumcari, NM 88401",Tucumcari,New Mexico,88401,35.1715698,-103.7489712,4.6,123,Truck repair shop,Friday: ['8AM-5PM']; Monday: ['8AM-5PM']; Saturday: ['Closed']; Sunday: ['Closed']; Thursday: ['8AM-5PM']; Tuesday: ['8AM-5PM']; Wednesday: ['8AM-5PM'],no,no,1
Kurbo's Garage,+1 575-403-6633,,"3600 E Tucumcari Blvd, Tucumcari, NM 88401",Tucumcari,New Mexico,88401,35.1713969,-103.6830982,4.8,42,Auto repair shop,Friday: ['8AM-8PM']; Monday: ['8AM-8PM']; Saturday: ['8AM-8PM']; Sunday: ['8AM-8PM']; Thursday: ['8AM-8PM']; Tuesday: ['8AM-8PM']; Wednesday: ['8AM-8PM'],no,no,1
Love's Truck Care,+1 575-461-1900,https://www.loves.com/locations/262,"1900 S Mountain Rd, Tucumcari, NM 88401",Tucumcari,New Mexico,88401,35.1588941,-103.7000316,3.2,164,Truck repair shop,Friday: ['Open 24 hours']; Monday: ['Open 24 hours']; Saturday: ['Open 24 hours']; Sunday: ['Open 24 hours']; Thursday: ['Open 24 hours']; Tuesday: ['Open 24 hours']; Wednesday: ['Open 24 hours'],yes,no,2
Quality Lube & Tire,+1 575-461-0773,http://www.qualitylubeandtire.com/,"302 U.S. Route 66, Tucumcari, NM 88401",Tucumcari,New Mexico,88401,35.1715101,-103.7291022,4.8,319,Tire shop,Friday: ['8AM-5PM']; Monday: ['8AM-5PM']; Saturday: ['8AM-12PM']; Sunday: ['Closed']; Thursday: ['8AM-5PM']; Tuesday: ['8AM-5PM']; Wednesday: ['8AM-5PM'],no,no,1
Todd's Garage,+1 575-461-2277,,"102 W Aber St, Tucumcari, NM 88401",Tucumcari,New Mexico,88401,35.1765569,-103.7265346,4.5,54,Auto repair shop,Friday: ['8AM-6PM']; Monday: ['8AM-6PM']; Saturday: ['Closed']; Sunday: ['Closed']; Thursday: ['8AM-6PM']; Tuesday: ['8AM-6PM']; Wednesday: ['8AM-6PM'],no,no,1
Brooklyn Truck Repair,+1 718-301-6111,https://www.brooklyntruckstop.com/,"3708 Fort Hamilton Pkwy, Brooklyn, NY 11218",Brooklyn,New York,11218,40.6441702,-73.9897025,4.3,476,Truck repair shop,Friday: ['Open 24 hours']; Monday: ['Open 24 hours']; Saturday: ['Open 24 hours']; Sunday: ['Open 24 hours']; Thursday: ['Open 24 hours']; Tuesday: ['Open 24 hours']; Wednesday: ['Open 24 hours'],yes,no,1
NYC Mobile RV Repair,+1 347-549-9877,http://nycrv.com/,"2031 Ford St, Brooklyn, NY 11229",Brooklyn,New York,11229,40.6022859,-73.938175,4.9,48,RV repair shop,Friday: ['9AM-4PM']; Monday: ['9AM-6PM']; Saturday: ['Closed']; Sunday: ['9AM-6PM']; Thursday: ['9AM-6PM']; Tuesday: ['9AM-6PM']; Wednesday: ['9AM-6PM'],no,yes,1
WindshieldHUB,+1 888-400-9998,https://www.windshieldhub.com/quote%3Futm_source%3Dgoogle%26utm_medium%3Dlocal%26utm_campaign%3Dgbp%26utm_term%3Dnyc_hq,"295 Madison Ave 12th floor, New York, NY 10017",New York,New York,10017,40.7518596,-73.9795162,4.9,5632,Auto glass shop,Friday: ['Open 24 hours']; Monday: ['Open 24 hours']; Saturday: ['Open 24 hours']; Sunday: ['Open 24 hours']; Thursday: ['Open 24 hours']; Tuesday: ['Open 24 hours']; Wednesday: ['Open 24 hours'],yes,no,1
Tuttle Motorsports,+1 336-298-1022,https://tuttlemotorsportsnc.com/,"4395 US-158, Advance, NC 27006",Advance,North Carolina,27006,35.98821,-80.472846,4.8,54,Auto repair shop,Friday: ['9AM-5PM']; Monday: ['9AM-5PM']; Saturday: ['Closed']; Sunday: ['Closed']; Thursday: ['9AM-5PM']; Tuesday: ['9AM-5PM']; Wednesday: ['9AM-5PM'],no,no,1
Adams Mobile Mechanic LLC,+1 919-915-0797,https://www.facebook.com/profile.php%3Fid%3D61565924873183,"75 W Rd, Angier, NC 27501",Angier,North Carolina,27501,35.4937042,-78.6302571,5,152,Auto repair shop,Friday: ['Open 24 hours']; Monday: ['Open 24 hours']; Saturday: ['Open 24 hours']; Sunday: ['Open 24 hours']; Thursday: ['Open 24 hours']; Tuesday: ['Open 24 hours']; Wednesday: ['Open 24 hours'],yes,yes,1
Thompson RV Service,+1 440-567-8568,https://www.thompsonrvservice.com/,"111 Fieldcrest Dr, Angier, NC 27501",Angier,North Carolina,27501,35.5151877,-78.6190493,,,RV repair shop,Friday: ['Open 24 hours']; Monday: ['Open 24 hours']; Saturday: ['Open 24 hours']; Sunday: ['Closed']; Thursday: ['Open 24 hours']; Tuesday: ['Open 24 hours']; Wednesday: ['Open 24 hours'],yes,no,1
D&H RV & Marine APEX,+1 919-362-4665,http://www.dhrvcenter.com/,"31 Jordan Lake Commons Dr, Apex, NC 27523",Apex,North Carolina,27523,35.7400448,-78.960953,4.4,325,RV repair shop,Friday: ['9AM-5PM']; Monday: ['9AM-5PM']; Saturday: ['10AM-4PM']; Sunday: ['Closed']; Thursday: ['9AM-5PM']; Tuesday: ['9AM-5PM']; Wednesday: ['9AM-5PM'],no,no,1
Jim Campen Trailer Sales,+1 828-684-4284,http://www.jimcampen.com/,"14 Airport Rd, Arden, NC 28704",Arden,North Carolina,28704,35.4593619,-82.51519,4.2,170,Trailer repair shop,Friday: ['9AM-5PM']; Monday: ['9AM-5PM']; Saturday: ['9AM-2PM']; Sunday: ['Closed']; Thursday: ['9AM-5PM']; Tuesday: ['9AM-5PM']; Wednesday: ['9AM-5PM'],no,no,1
AAA - Asheville,+1 828-253-5376,https://locator.acg.aaa.com/nc/asheville/aaa-asheville,"178 Merrimon Ave, Asheville, NC 28801",Asheville,North Carolina,28801,35.60516,-82.5544678,4,667,Insurance agency,Friday: ['8:30AM-6PM']; Monday: ['8:30AM-6PM']; Saturday: ['9AM-1PM']; Sunday: ['Closed']; Thursday: ['8:30AM-6PM']; Tuesday: ['8:30AM-6PM']; Wednesday: ['8:30AM-6PM'],no,no,1
Adam's Auto & Tire LLC.,+1 828-505-0280,http://adamsautotire.com/,"10 London Rd, Asheville, NC 28803",Asheville,North Carolina,28803,35.5651866,-82.5383317,4.7,105,Auto repair shop,,no,no,1
Alternative Automotive Services,+1 828-412-5207,,"920b New Leicester Hwy, Asheville, NC 28806",Asheville,North Carolina,28806,35.617808,-82.652708,5,49,Auto repair shop,Friday: ['8AM-5PM']; Monday: ['8AM-5PM']; Saturday: ['Closed']; Sunday: ['Closed']; Thursday: ['8AM-5PM']; Tuesday: ['8AM-5PM']; Wednesday: ['8AM-5PM'],no,no,1
Appalachian Diesel Works,+1 828-273-8951,,"12 Creek View Dr, Asheville, NC 28806",Asheville,North Carolina,28806,35.6143007,-82.6274787,4.9,34,Diesel engine repair service,Friday: ['9AM-5:30PM']; Monday: ['9AM-5:30PM']; Saturday: ['Closed']; Sunday: ['Closed']; Thursday: ['9AM-5:30PM']; Tuesday: ['9AM-5:30PM']; Wednesday: ['9AM-5:30PM'],no,no,1
Asheville Habitat for Humanity ReStore,+1 828-254-6706,http://www.ashevillehabitat.org/restore,"31 Meadow Rd, Asheville, NC 28803",Asheville,North Carolina,28803,35.5689561,-82.5470706,4.4,523,Thrift store,Friday: ['9AM-6PM']; Monday: ['Closed']; Saturday: ['9AM-6PM']; Sunday: ['Closed']; Thursday: ['9AM-6PM']; Tuesday: ['9AM-6PM']; Wednesday: ['9AM-6PM'],no,no,1
Asheville Mobile Mechanic,+1 828-707-4071,http://ashevillemobilemechanic.com/,"785A New Leicester Hwy, Asheville, NC 28806",Asheville,North Carolina,28806,35.613027,-82.6432559,4.9,201,Car repair and maintenance service,Friday: ['8:30AM-5:30PM']; Monday: ['8:30AM-5:30PM']; Saturday: ['Closed']; Sunday: ['Closed']; Thursday: ['8:30AM-5:30PM']; Tuesday: ['8:30AM-5:30PM']; Wednesday: ['8:30AM-5:30PM'],no,yes,1
Asheville Mobile Truck Repair,+1 828-827-4635,http://ashevillemobiletruckrepair.com/,"119 Thompson St, Asheville, NC 28803",Asheville,North Carolina,28803,35.5734967,-82.5265909,4,4,Truck repair shop,Friday: ['Open 24 hours']; Monday: ['Open 24 hours']; Saturday: ['Open 24 hours']; Sunday: ['Open 24 hours']; Thursday: ['Open 24 hours']; Tuesday: ['Open 24 hours']; Wednesday: ['Open 24 hours'],yes,yes,1
Asheville RPM Mobile Mechanic,+1 828-383-8954,,"1310 Patton Ave, Asheville, NC 28806",Asheville,North Carolina,28806,35.597322,-82.620273,5,6,Auto repair shop,Friday: ['8AM-9PM']; Monday: ['8AM-9PM']; Saturday: ['8AM-9PM']; Sunday: ['Closed']; Thursday: ['8AM-9PM']; Tuesday: ['8AM-9PM']; Wednesday: ['8AM-9PM'],no,yes,1
Blue Ridge Hiking Company,+1 828-713-5451,http://blueridgehikingco.com/,"70 College St, Asheville, NC 28801",Asheville,North Carolina,28801,35.595444,-82.552698,5,329,Outdoor activity organiser,Friday: ['10AM-5PM']; Monday: ['10AM-5PM']; Saturday: ['10AM-5PM']; Sunday: ['11AM-5PM']; Thursday: ['10AM-5PM']; Tuesday: ['10AM-5PM']; Wednesday: ['10AM-5PM'],no,no,1
Carlos' tire shop,+1 828-243-7282,,"415 Deaverview Rd, Asheville, NC 28806",Asheville,North Carolina,28806,35.582461,-82.6248554,4.4,78,Tire shop,Friday: ['8AM-5:30PM']; Monday: ['8AM-5:30PM']; Saturday: ['8AM-4PM']; Sunday: ['Closed']; Thursday: ['8AM-5:30PM']; Tuesday: ['8AM-5:30PM']; Wednesday: ['8AM-5:30PM'],no,no,1
"Carolina Cat - Asheville, NC",+1 828-251-2500,https://carolinacat.com/construction/company/locations/asheville-nc-2/%3Futm_source%3Dgoogle%26utm_medium%3Dorganic%26utm_campaign%3Dgbp%26utm_content%3Dasheville,"40 Interstate Blvd, Asheville, NC 28806",Asheville,North Carolina,28806,35.5502552,-82.6057103,4.3,44,Construction equipment supplier,Friday: ['7AM-5PM']; Monday: ['7AM-5PM']; Saturday: ['Closed']; Sunday: ['Closed']; Thursday: ['7AM-5PM']; Tuesday: ['7AM-5PM']; Wednesday: ['7AM-5PM'],no,no,1
Carolina RV Sales & Service Inc,+1 828-778-0000,http://www.carolinarvnc.com/,"1431 Brevard Rd, Asheville, NC 28806",Asheville,North Carolina,28806,35.5128697,-82.6017751,4.9,81,RV dealer,Friday: ['8AM-4PM']; Monday: ['9AM-5PM']; Saturday: ['Closed']; Sunday: ['Closed']; Thursday: ['9AM-5PM']; Tuesday: ['9AM-5PM']; Wednesday: ['9AM-5PM'],no,no,1
Come to You Automotive Repair (mobile mechanic),+1 828-424-0287,https://sites.google.com/view/cometoyouautomotiverepair/about-us,"2 US-74 ALT, Asheville, NC 28801",Asheville,North Carolina,28801,35.5948895,-82.5520116,4.7,329,Mechanic,Friday: ['Open 24 hours']; Monday: ['Open 24 hours']; Saturday: ['Open 24 hours']; Sunday: ['Open 24 hours']; Thursday: ['Open 24 hours']; Tuesday: ['Open 24 hours']; Wednesday: ['Open 24 hours'],yes,yes,1
Cyclebitz Asheville,+1 828-687-9956,http://www.cyclebitz.com/,"582 Hendersonville Rd Ste 7, Asheville, NC 28803",Asheville,North Carolina,28803,35.5513195,-82.536749,4.4,54,Motorcycle parts store,Friday: ['10AM-6PM']; Monday: ['10AM-6PM']; Saturday: ['10AM-2PM']; Sunday: ['Closed']; Thursday: ['10AM-6PM']; Tuesday: ['10AM-6PM']; Wednesday: ['10AM-6PM'],no,no,1
Diaz tire shop,+1 828-575-2422,,"560 New Leicester Hwy, Asheville, NC 28806",Asheville,North Carolina,28806,35.6121673,-82.6304779,4.6,81,Tire shop,Friday: ['8:30AM-6:30PM']; Monday: ['8:30AM-6:30PM']; Saturday: ['8:30AM-5PM']; Sunday: ['Closed']; Thursday: ['8:30AM-6:30PM']; Tuesday: ['8:30AM-6:30PM']; Wednesday: ['8:30AM-6:30PM'],no,no,1
Fast Lane Towing and Recovery,+1 828-775-3674,,"318 Weaverville Rd, Asheville, NC 28804",Asheville,North Carolina,28804,35.660063,-82.581314,4.3,133,Towing service,Friday: ['Open 24 hours']; Monday: ['Open 24 hours']; Saturday: ['Open 24 hours']; Sunday: ['Open 24 hours']; Thursday: ['Open 24 hours']; Tuesday: ['Open 24 hours']; Wednesday: ['Open 24 hours'],yes,no,1
Firestone Complete Auto Care,+1 828-412-0811,https://www.firestonecompleteautocare.com/north-carolina/asheville/85-tunnel-rd/%3Futm_source%3Dgoogle%26utm_medium%3Dorganic%26utm_campaign%3Dlocalmaps%26cmp%3Doloc_google_localmaps_maps,"85 Tunnel Rd, Asheville, NC 28805",Asheville,North Carolina,28805,35.5948217,-82.5327388,4.1,634,Tire shop,Friday: ['7AM-7PM']; Monday: ['7AM-7PM']; Saturday: ['7AM-6PM']; Sunday: ['8AM-5PM']; Thursday: ['7AM-7PM']; Tuesday: ['7AM-7PM']; Wednesday: ['7AM-7PM'],no,no,1
Firestone Complete Auto Care,+1 828-575-0515,https://www.firestonecompleteautocare.com/north-carolina/asheville/215-patton-ave/%3Futm_source%3Dgoogle%26utm_medium%3Dorganic%26utm_campaign%3Dlocalmaps%26cmp%3Doloc_google_localmaps_maps,"215 Patton Ave, Asheville, NC 28801",Asheville,North Carolina,28801,35.5935671,-82.5608171,4,688,Tire shop,Friday: ['7AM-7PM']; Monday: ['7AM-7PM']; Saturday: ['7AM-6PM']; Sunday: ['8AM-5PM']; Thursday: ['7AM-7PM']; Tuesday: ['7AM-7PM']; Wednesday: ['7AM-7PM'],no,no,1
FleetPride,+1 828-274-5294,https://branches.fleetpride.com/nc/asheville/truckparts-ash.html,"201 Sweeten Creek Industrial Park Rd, Asheville, NC 28803",Asheville,North Carolina,28803,35.5472974,-82.5202255,4.5,94,Truck parts supplier,Friday: ['7:30AM-5PM']; Monday: ['7:30AM-5PM']; Saturday: ['8AM-12PM']; Sunday: ['Closed']; Thursday: ['7:30AM-5PM']; Tuesday: ['7:30AM-5PM']; Wednesday: ['7:30AM-5PM'],no,no,1
Gravelo Workshop - Bicycles & Coffee,+1 828-209-8798,https://www.gravelo-workshop.com/,"793 Merrimon Ave, Asheville, NC 28804",Asheville,North Carolina,28804,35.6259022,-82.5535244,4.6,80,Bicycle Shop,Friday: ['10AM-6PM']; Monday: ['Closed']; Saturday: ['9AM-4PM']; Sunday: ['Closed']; Thursday: ['10AM-6PM']; Tuesday: ['10AM-6PM']; Wednesday: ['10AM-6PM'],no,no,1
Green Star Auto,+1 828-230-6128,http://greenstarautos.com/,"147 Gorman Bridge Rd, Asheville, NC 28804",Asheville,North Carolina,28804,35.6177953,-82.6031162,4.6,14,Car repair and maintenance service,Friday: ['8AM-5PM']; Monday: ['8AM-5PM']; Saturday: ['9AM-2PM']; Sunday: ['Closed']; Thursday: ['8AM-5PM']; Tuesday: ['8AM-5PM']; Wednesday: ['8AM-5PM'],no,no,1
Harry's on the Hill GMC,+1 828-348-7576,https://www.harrysonthehill.com/%3Futm_source%3Dgoogle%26utm_medium%3Dorganic%26utm_campaign%3Dgbp_sales_websitelink,"819 Patton Ave, Asheville, NC 28806",Asheville,North Carolina,28806,35.5892015,-82.5885066,4.5,995,Truck repair shop,Friday: ['9AM-6PM']; Monday: ['9AM-6PM']; Saturday: ['9AM-5PM']; Sunday: ['Closed']; Thursday: ['9AM-6PM']; Tuesday: ['9AM-6PM']; Wednesday: ['9AM-6PM'],no,no,1
Jan Davis Tire Store,+1 828-253-5634,http://www.jandavistire.com/,"209 Patton Ave, Asheville, NC 28801",Asheville,North Carolina,28801,35.5936745,-82.5598939,4.8,352,Tire shop,Friday: ['8AM-5PM']; Monday: ['8AM-5PM']; Saturday: ['Closed']; Sunday: ['Closed']; Thursday: ['8AM-5PM']; Tuesday: ['8AM-5PM']; Wednesday: ['8AM-5PM'],no,no,1
Johnson Auto Recycling,+1 828-667-2053,https://johnsonncusa.com/,"64 Wedgefield Dr, Asheville, NC 28806",Asheville,North Carolina,28806,35.5335808,-82.6096026,4.6,453,Used auto parts store,Friday: ['8AM-5PM']; Monday: ['8AM-5PM']; Saturday: ['Closed']; Sunday: ['Closed']; Thursday: ['8AM-5PM']; Tuesday: ['8AM-5PM']; Wednesday: ['8AM-5PM'],no,no,1
Leonard Truck Outfitters,+1 828-298-0298,http://leonardusa.com/,"800 Tunnel Rd, Asheville, NC 28805",Asheville,North Carolina,28805,35.5869115,-82.5064435,4.6,252,Trailer repair shop,Friday: ['8:30AM-6PM']; Monday: ['8:30AM-6PM']; Saturday: ['9AM-3PM']; Sunday: ['Closed']; Thursday: ['8:30AM-6PM']; Tuesday: ['8:30AM-6PM']; Wednesday: ['8:30AM-6PM'],no,no,1
Liberty Bicycles,+1 828-274-2453,https://www.libertybikes.com/,"1378 Hendersonville Rd Ste g, Asheville, NC 28803",Asheville,North Carolina,28803,35.5236111,-82.5290879,4.9,743,Bicycle Shop,Friday: ['10AM-6PM']; Monday: ['10AM-6PM']; Saturday: ['10AM-5PM']; Sunday: ['Closed']; Thursday: ['10AM-6PM']; Tuesday: ['10AM-6PM']; Wednesday: ['10AM-6PM'],no,no,1
MHC Kenworth - Asheville,+1 828-667-8771,https://mhc.com/locations/mhc-kenworth-asheville,"1895 Old Haywood Rd, Asheville, NC 28806",Asheville,North Carolina,28806,35.565276,-82.631096,4.1,151,Trailer repair shop,Friday: ['7AM-7PM']; Monday: ['7AM-7PM']; Saturday: ['7:30AM-4PM']; Sunday: ['Closed']; Thursday: ['7AM-7PM']; Tuesday: ['7AM-7PM']; Wednesday: ['7AM-7PM'],no,no,1
MR Motorcycle,+1 828-277-8600,http://www.mr-motorcycle.com/,"774 Hendersonville Rd, Asheville, NC 28803",Asheville,North Carolina,28803,35.5452821,-82.5333024,4.4,953,Motorcycle dealer,Friday: ['9AM-6PM']; Monday: ['Closed']; Saturday: ['9AM-5PM']; Sunday: ['Closed']; Thursday: ['9AM-6PM']; Tuesday: ['9AM-6PM']; Wednesday: ['9AM-6PM'],no,no,1
Mavis Tires & Brakes,+1 828-630-8598,https://www.mavis.com/locations/asheville-nc/%3Futm_source%3Dyext%26utm_medium%3Dorganic%26utm_campaign%3Dgmb%26stnum%3D4290,"162 Tunnel Rd, Asheville, NC 28805",Asheville,North Carolina,28805,35.5891473,-82.5293407,4.7,1070,Tire shop,Friday: ['8AM-6PM']; Monday: ['8AM-6PM']; Saturday: ['8AM-5PM']; Sunday: ['9AM-5PM']; Thursday: ['8AM-8:30PM']; Tuesday: ['8AM-6PM']; Wednesday: ['8AM-6PM'],no,no,1
Moe's mobile mechanic,+1 828-337-0721,,"67 Buchanan Ave, Asheville, NC 28801",Asheville,North Carolina,28801,35.5859552,-82.5506952,4.3,17,Auto repair shop,,no,yes,1
Mountain Trailer Ventures,+1 828-230-7702,https://mountaintailerventures.com/,"3090 Sweeten Creek Rd, Asheville, NC 28803",Asheville,North Carolina,28803,35.4998072,-82.517948,5,14,Trailer dealer,Friday: ['8:30AM-5PM']; Monday: ['8:30AM-5PM']; Saturday: ['Closed']; Sunday: ['Closed']; Thursday: ['8:30AM-5PM']; Tuesday: ['8:30AM-5AM']; Wednesday: ['8:30AM-5PM'],no,no,1
Mountain View Tire & Service,+1 828-252-9681,http://mvtire.com/,"32 Tunnel Rd, Asheville, NC 28805",Asheville,North Carolina,28805,35.5968253,-82.5338395,3.8,22,Tire shop,Friday: ['7:30AM-6PM']; Monday: ['7:30AM-6PM']; Saturday: ['7:30AM-1PM']; Sunday: ['Closed']; Thursday: ['7:30AM-6PM']; Tuesday: ['7:30AM-6PM']; Wednesday: ['7:30AM-6PM'],no,no,1
Northern Tool + Equipment,+1 828-255-4742,https://www.northerntool.com/store/ashevillenc-store-asheville-nc,"1625 Patton Ave, Asheville, NC 28806",Asheville,North Carolina,28806,35.572513,-82.6180838,4.4,541,Trailer supply store,Friday: ['7AM-7PM']; Monday: ['7AM-7PM']; Saturday: ['8AM-6PM']; Sunday: ['9AM-5PM']; Thursday: ['7AM-7PM']; Tuesday: ['7AM-7PM']; Wednesday: ['7AM-7PM'],no,no,1
Olen Hensley Automotive Inc.,+1 828-258-1738,http://www.olenhensleyautomotive.com/,"221 Amboy Rd, Asheville, NC 28806",Asheville,North Carolina,28806,35.5672361,-82.5765243,4.7,43,Truck repair shop,Friday: ['8AM-1PM']; Monday: ['8AM-5PM']; Saturday: ['Closed']; Sunday: ['Closed']; Thursday: ['8AM-5PM']; Tuesday: ['8AM-5PM']; Wednesday: ['8AM-5PM'],no,no,1
Penske Truck Rental,+1 828-667-9341,https://www.pensketruckrental.com/locations/us/north_carolina/asheville/001910/%3Futm_source%3Dgoogle%26utm_medium%3Dorganic%26utm_campaign%3Dgbp-HPTL-0019-10,"233 Sardis Rd, Asheville, NC 28806",Asheville,North Carolina,28806,35.5393206,-82.6292666,4.3,153,Truck rental agency,Friday: ['7AM-5PM']; Monday: ['7AM-5PM']; Saturday: ['8AM-2PM']; Sunday: ['8AM-12PM']; Thursday: ['7AM-5PM']; Tuesday: ['7AM-5PM']; Wednesday: ['7AM-5PM'],no,no,1
REI,+1 828-687-0918,https://www.rei.com/stores/asheville%3Fy_source%3D1_MTQ1MzQzNi03MTUtbG9jYXRpb24ud2Vic2l0ZQ%253D%253D,"31 Schenck Pkwy, Asheville, NC 28803",Asheville,North Carolina,28803,35.485715,-82.553642,4.5,652,Camping store,Friday: ['9AM-8PM']; Monday: ['9AM-8PM']; Saturday: ['9AM-8PM']; Sunday: ['10AM-6PM']; Thursday: ['9AM-8PM']; Tuesday: ['9AM-8PM']; Wednesday: ['9AM-8PM'],no,no,1
RV Truck Auto,+1 828-633-6455,http://rvtauto.com/,"26 Sardis Hill Dr, Asheville, NC 28806",Asheville,North Carolina,28806,35.5320908,-82.6194944,3.3,19,Truck repair shop,Friday: ['7:30AM-5PM']; Monday: ['7:30AM-5PM']; Saturday: ['Closed']; Sunday: ['Closed']; Thursday: ['7:30AM-5PM']; Tuesday: ['7:30AM-5PM']; Wednesday: ['7:30AM-5PM'],no,no,1
Reese Wheel And Tire /Reece Tire Deals,+1 828-252-2254,http://reesewheelandtire.com/,"283 Weaverville Rd, Asheville, NC 28804",Asheville,North Carolina,28804,35.6569069,-82.57909,4.3,147,Tire shop,Friday: ['8AM-5PM']; Monday: ['8AM-5PM']; Saturday: ['Closed']; Sunday: ['Closed']; Thursday: ['8AM-5PM']; Tuesday: ['8AM-5PM']; Wednesday: ['8AM-5PM'],no,no,1
Rice's Towing & Recovery Inc,+1 828-298-3377,http://ricestow.com/,"45 Gaines Ave, Asheville, NC 28803",Asheville,North Carolina,28803,35.5472526,-82.532135,4.7,333,Auto repair shop,Friday: ['8:30AM-6PM']; Monday: ['8:30AM-6PM']; Saturday: ['10AM-6PM']; Sunday: ['Closed']; Thursday: ['8:30AM-6PM']; Tuesday: ['8:30AM-6PM']; Wednesday: ['8:30AM-6PM'],no,no,1
Sky Overland,+1 828-484-2474,http://skyoverland.com/,"4 Vermont Ave, Asheville, NC 28806",Asheville,North Carolina,28806,35.578069,-82.594337,5,9,Van rental agency,Friday: ['Open 24 hours']; Monday: ['Open 24 hours']; Saturday: ['Open 24 hours']; Sunday: ['Open 24 hours']; Thursday: ['Open 24 hours']; Tuesday: ['Open 24 hours']; Wednesday: ['Open 24 hours'],yes,no,1
Swan's Tire House Inc.,+1 828-255-1829,,"226 New Leicester Hwy, Asheville, NC 28806",Asheville,North Carolina,28806,35.592695,-82.6154078,5,172,Tire shop,Friday: ['Closed']; Monday: ['8AM-5PM']; Saturday: ['Closed']; Sunday: ['Closed']; Thursday: ['8AM-5PM']; Tuesday: ['8AM-5PM']; Wednesday: ['8AM-5PM'],no,no,1
Tesla Supercharger,+1 877-798-3752,https://tesla.com/charge,"40 Westgate Pkwy, Asheville, NC 28806",Asheville,North Carolina,28806,35.5921,-82.574277,4.8,11,Electric vehicle charging station,Friday: ['Open 24 hours']; Monday: ['Open 24 hours']; Saturday: ['Open 24 hours']; Sunday: ['Open 24 hours']; Thursday: ['Open 24 hours']; Tuesday: ['Open 24 hours']; Wednesday: ['Open 24 hours'],yes,no,1
The Peterbilt Store - Asheville,+1 828-579-3200,https://www.thepetestore.com/w/asheville-nc,"223 Amboy Rd, Asheville, NC 28806",Asheville,North Carolina,28806,35.5681823,-82.576157,4.4,11,Truck repair shop,Friday: ['7AM-5PM']; Monday: ['7AM-5PM']; Saturday: ['Closed']; Sunday: ['Closed']; Thursday: ['7AM-5PM']; Tuesday: ['7AM-5PM']; Wednesday: ['7AM-5PM'],no,no,1
Truck & Trailer SERVICES,+1 828-301-8543,https://828roadassist.com/,"90 99999 Bruce Rd, Asheville, NC 28806",Asheville,North Carolina,28806,35.5574069,-82.6383496,4.7,34,Truck repair shop,Friday: ['Open 24 hours']; Monday: ['Open 24 hours']; Saturday: ['Open 24 hours']; Sunday: ['Open 24 hours']; Thursday: ['Open 24 hours']; Tuesday: ['Open 24 hours']; Wednesday: ['Open 24 hours'],yes,no,1
U-Haul Moving & Storage of E Asheville,+1 828-298-8551,https://www.uhaul.com/Locations/Truck-Rentals-near-Asheville-NC-28805/867056/%3Futm_source%3Dgmb%26utm_medium%3Dprimary%26utm_campaign%3Duhaulsmlm%26utm_content%3D867056,"387 Swannanoa River Rd, Asheville, NC 28805",Asheville,North Carolina,28805,35.579327,-82.51824,2.6,253,Truck rental agency,Friday: ['7AM-8PM']; Monday: ['7AM-7PM']; Saturday: ['7AM-7PM']; Sunday: ['9AM-5PM']; Thursday: ['7AM-7PM']; Tuesday: ['7AM-7PM']; Wednesday: ['7AM-7PM'],no,no,1
U-Haul Moving & Storage of South Asheville,+1 828-483-5707,https://www.uhaul.com/Locations/Truck-Rentals-near-Asheville-NC-28803/867071/%3Futm_source%3Dgmb%26utm_medium%3Dprimary%26utm_campaign%3Duhaulsmlm%26utm_content%3D867071,"3161 Sweeten Creek Rd, Asheville, NC 28803",Asheville,North Carolina,28803,35.493328,-82.5204302,3.2,336,Truck rental agency,Friday: ['7AM-8PM']; Monday: ['7AM-7PM']; Saturday: ['7AM-7PM']; Sunday: ['9AM-5PM']; Thursday: ['7AM-7PM']; Tuesday: ['7AM-7PM']; Wednesday: ['7AM-7PM'],no,no,2
WNC RV Services LLC,+1 828-553-7111,https://rvservices.net/,"120 Highland Center Blvd, Asheville, NC 28806",Asheville,North Carolina,28806,35.5572988,-82.6375769,4.8,69,RV repair shop,Friday: ['9AM-4PM']; Monday: ['9AM-5PM']; Saturday: ['Closed']; Sunday: ['Closed']; Thursday: ['9AM-5PM']; Tuesday: ['9AM-5PM']; Wednesday: ['9AM-5PM'],no,no,1
Walker Tire - NC,+1 828-255-8200,https://www.walker-tire.com/,"529 Emma Rd, Asheville, NC 28806",Asheville,North Carolina,28806,35.5958762,-82.5919041,4.4,328,Tire shop,Friday: ['8AM-5PM']; Monday: ['8AM-5PM']; Saturday: ['Closed']; Sunday: ['Closed']; Thursday: ['8AM-5PM']; Tuesday: ['8AM-5PM']; Wednesday: ['8AM-5PM'],no,no,1
Quick Fix Of North Carolina,+1 904-597-6538,,"Merrywood Dr NE, Belville, NC 28451",Belville,North Carolina,28451,34.2982439,-78.0688204,,,Diesel engine repair service,Friday: ['Open 24 hours']; Monday: ['Open 24 hours']; Saturday: ['Open 24 hours']; Sunday: ['Open 24 hours']; Thursday: ['Open 24 hours']; Tuesday: ['Open 24 hours']; Wednesday: ['Open 24 hours'],yes,no,1
Blue Compass RV South Raleigh,+1 919-934-4710,https://www.bluecompassrv.com/locations/north-carolina/south-raleigh%3Futm_source%3Dgoogle-gmb%26utm_medium%3Dorganic%26utm_campaign%3Dsouthraleigh,"805 Old Roberts Rd, Benson, NC 27504",Benson,North Carolina,27504,35.5221937,-78.5604731,4.3,442,RV repair shop,Friday: ['9AM-7PM']; Monday: ['9AM-7PM']; Saturday: ['9AM-5PM']; Sunday: ['11AM-4PM']; Thursday: ['9AM-7PM']; Tuesday: ['9AM-7PM']; Wednesday: ['9AM-7PM'],no,no,1
Top Notch RV LLC,+1 919-621-5166,,"578-141 Old Roberts Rd, Benson, NC 27504",Benson,North Carolina,27504,35.5250498,-78.5551387,5,10,RV dealer,Friday: ['10AM-6PM']; Monday: ['Closed']; Saturday: ['9AM-2PM']; Sunday: ['Closed']; Thursday: ['10AM-6PM']; Tuesday: ['10AM-6PM']; Wednesday: ['10AM-6PM'],no,no,1
American Diesel and Tire LLC,+1 910-712-2776,,"350 Benton Rd SE, Bolivia, NC 28422",Bolivia,North Carolina,28422,34.028807,-78.2464354,3.5,6,Diesel engine repair service,Friday: ['Open 24 hours']; Monday: ['Open 24 hours']; Saturday: ['Open 24 hours']; Sunday: ['Open 24 hours']; Thursday: ['Open 24 hours']; Tuesday: ['Open 24 hours']; Wednesday: ['Open 24 hours'],yes,no,1
"Burt & Ernie's Diesel Service, LLC",+1 910-742-1594,,"4370 Reynolds Ln SE, Bolivia, NC 28422",Bolivia,North Carolina,28422,34.0791291,-78.1389054,5,4,Truck repair shop,Friday: ['8AM-5PM']; Monday: ['8AM-5PM']; Saturday: ['Closed']; Sunday: ['Closed']; Thursday: ['8AM-5PM']; Tuesday: ['8AM-5PM']; Wednesday: ['8AM-5PM'],no,no,1
Piedmont Performance Diesel & Off-Road,+1 336-954-1516,http://www.piedmontperformance.com/,"7177 Brown Summit Rd, Browns Summit, NC 27214",Browns Summit,North Carolina,27214,36.2024671,-79.7105034,4.8,,Truck repair shop,Thursday: ['8AM-5PM'],no,no,1
C & L Diesel,+1 828-320-6672,,"232 Copperhead Ln, Burgaw, NC 28425",Burgaw,North Carolina,28425,34.564169,-77.8423786,3.7,3,Truck repair shop,Friday: ['8AM-5PM']; Monday: ['8AM-5PM']; Saturday: ['8AM-12PM']; Sunday: ['Closed']; Thursday: ['8AM-5PM']; Tuesday: ['8AM-5PM']; Wednesday: ['8AM-5PM'],no,no,1
Central Carolina Diesel Repair,+1 336-907-0129,https://ccdieselrepair.com/,"2250 Hatchery Rd, Burlington, NC 27215",Burlington,North Carolina,27215,36.0617092,-79.4662232,4.7,,Truck repair shop,Thursday: ['8AM-6PM'],yes,no,2
Diesel Engine & Heavy Equipment Repair,+1 336-227-8782,https://www.derequipment.com/,"1547 N Graham Hopedale Rd, Burlington, NC 27217",Burlington,North Carolina,27217,36.120668,-79.408542,4.5,,Truck repair shop,Thursday: ['8AM-5PM'],no,no,1
Rudy's Performance Parts,+1 866-757-6537,https://rudysdiesel.com/,"7422 Whitsett Park Rd, Burlington, NC 27215",Burlington,North Carolina,27215,36.0631863,-79.542089,4.7,707,Auto parts store,Friday: ['8AM-5:30PM']; Monday: ['8AM-5:30PM']; Saturday: ['Closed']; Sunday: ['Closed']; Thursday: ['8AM-5:30PM']; Tuesday: ['8AM-5:30PM']; Wednesday: ['8AM-5:30PM'],no,no,1
Shotwell's Mobile Trailer Rpr,+1 336-227-6547,,"2656 Union Ridge Rd, Burlington, NC 27217",Burlington,North Carolina,27217,36.1470126,-79.4251644,4.9,16,Trailer repair shop,,no,yes,1
Youngs discount auto mobile mechanics,+1 336-355-8564,https://youngs-discount-mobile-mechanics.square.site/,"1422 Beaumont Ct, Burlington, NC 27217",Burlington,North Carolina,27217,36.100784,-79.41437,4.7,246,Car repair and maintenance service,Friday: ['Open 24 hours']; Monday: ['Open 24 hours']; Saturday: ['Open 24 hours']; Sunday: ['Open 24 hours']; Thursday: ['Open 24 hours']; Tuesday: ['Open 24 hours']; Wednesday: ['Open 24 hours'],yes,yes,1
Faircloth Diesel Repair LLC,+1 919-451-6865,,"207 E F St, Butner, NC 27509",Butner,North Carolina,27509,36.1422236,-78.7623981,,,Truck repair shop,,no,no,1
Asheville Welding,+1 828-365-8799,http://avlwelding.com/,"179 Big Cove Rd, Candler, NC 28715",Candler,North Carolina,28715,35.562201,-82.739095,4.9,58,Welder,Friday: ['8AM-5PM']; Monday: ['8AM-5PM']; Saturday: ['Closed']; Sunday: ['Closed']; Thursday: ['8AM-5PM']; Tuesday: ['8AM-5PM']; Wednesday: ['8AM-5PM'],no,no,1
Diesel Power Truck Center,+1 828-303-2009,https://dieselpowertruckcenter.com/,"2348 Smokey Park Hwy Ste 204, Candler, NC 28715",Candler,North Carolina,28715,35.5417405,-82.7442115,4.4,326,Truck repair shop,Friday: ['7AM-1:30AM']; Monday: ['7AM-1:30AM']; Saturday: ['Closed']; Sunday: ['Closed']; Thursday: ['7AM-1:30AM']; Tuesday: ['7AM-1:30AM']; Wednesday: ['7AM-1:30AM'],no,no,1
East Coast Truck Shop,+1 828-230-3756,,"120 Dogwood Rd, Candler, NC 28715",Candler,North Carolina,28715,35.555093,-82.6924986,4.8,32,Auto body shop,Friday: ['8AM-4PM']; Monday: ['8AM-4PM']; Saturday: ['Closed']; Sunday: ['Closed']; Thursday: ['8AM-4PM']; Tuesday: ['8AM-4PM']; Wednesday: ['8AM-4PM'],no,no,1
Mountain Power Performance,+1 828-989-5153,http://www.mountainpowerperformance.com/,"1470 Smokey Park Hwy, Candler, NC 28715",Candler,North Carolina,28715,35.544411,-82.6810152,4.2,89,Diesel engine repair service,Friday: ['8AM-5PM']; Monday: ['8AM-5PM']; Saturday: ['9AM-12PM']; Sunday: ['Closed']; Thursday: ['8AM-5PM']; Tuesday: ['8AM-5PM']; Wednesday: ['8AM-5PM'],no,no,1
Road King Trailers Inc.,+1 828-670-8012,https://www.roadkingtrailers.com/,"2240 Smokey Park Hwy, Candler, NC 28715",Candler,North Carolina,28715,35.5429456,-82.7345557,4.1,26,Trailer manufacturer,Friday: ['8AM-4:30PM']; Monday: ['8AM-4:30PM']; Saturday: ['Closed']; Sunday: ['Closed']; Thursday: ['8AM-4:30PM']; Tuesday: ['8AM-4:30PM']; Wednesday: ['8AM-4:30PM'],no,no,1
TA Truck Service,+1 828-641-9658,https://www.ta-petro.com/,"153 Wiggins Rd, Candler, NC 28715",Candler,North Carolina,28715,35.5431955,-82.7541911,3.6,35,Truck repair shop,Friday: ['Open 24 hours']; Monday: ['Open 24 hours']; Saturday: ['Open 24 hours']; Sunday: ['Open 24 hours']; Thursday: ['Open 24 hours']; Tuesday: ['Open 24 hours']; Wednesday: ['Open 24 hours'],yes,no,1
TRUCK&TRAILER ROADSIDE ASSISTENCE,+1 828-483-2149,https://www.truck-trailer-roadside-assistance.com/,"1760 Smokey Park Hwy, Candler, NC 28715",Candler,North Carolina,28715,35.5441978,-82.6960406,4.3,6,Mechanical engineer,Friday: ['7AM-9PM']; Monday: ['7AM-9PM']; Saturday: ['7AM-9PM']; Sunday: ['7AM-9PM']; Thursday: ['7AM-9PM']; Tuesday: ['7AM-9PM']; Wednesday: ['7AM-9PM'],no,no,1
Truck to Trailer | Truck Sales & Parts,+1 252-220-8829,https://trucktotrailerparts.com/,"2230 Smokey Park Hwy #114, Candler, NC 28715",Candler,North Carolina,28715,35.5429685,-82.7312581,4.7,93,Truck parts supplier,Friday: ['8AM-7PM']; Monday: ['8AM-7PM']; Saturday: ['Closed']; Sunday: ['Closed']; Thursday: ['8AM-7PM']; Tuesday: ['8AM-7PM']; Wednesday: ['8AM-7PM'],no,no,1
RV Onsite Services,+1 919-280-0095,,"1249 Kildaire Farm Rd, Cary, NC 27511",Cary,North Carolina,27511,35.7630133,-78.7824961,,,Auto repair shop,,no,no,1
Triangle Auto & Truck Repair,+1 919-467-1376,,"3511 NC-55, Cary, NC 27519",Cary,North Carolina,27519,35.8041367,-78.8722772,4.7,98,Truck repair shop,Friday: ['7:30AM-5PM']; Monday: ['7:30AM-5PM']; Saturday: ['Closed']; Sunday: ['Closed']; Thursday: ['7:30AM-5PM']; Tuesday: ['7:30AM-5PM']; Wednesday: ['7:30AM-5PM'],no,no,1
Rex & Sons RV,+1 910-793-2894,https://www.rexandsonsrvs.com/,"5625 Barbados Blvd, Castle Hayne, NC 28429",Castle Hayne,North Carolina,28429,34.35015,-77.881808,4.6,292,Trailer repair shop,Friday: ['8:30AM-5PM']; Monday: ['8:30AM-5PM']; Saturday: ['9AM-1PM']; Sunday: ['Closed']; Thursday: ['8:30AM-5PM']; Tuesday: ['8:30AM-5PM']; Wednesday: ['8:30AM-5PM'],no,no,1
Tidewater Fleet Maintenance LLC,+1 910-619-6840,https://tidewaterfleetmaintenance.com/,"6303 Castle Hayne Rd Unit 2, Castle Hayne, NC 28429",Castle Hayne,North Carolina,28429,34.360532,-77.8994302,5,1,Truck repair shop,Friday: ['10AM-6:30PM']; Monday: ['10AM-4:30PM']; Saturday: ['10:30AM-2PM']; Sunday: ['Closed']; Thursday: ['10AM-4:30PM']; Tuesday: ['10AM-4:30PM']; Wednesday: ['10AM-4:30PM'],no,no,1
Compass Rose Mobile RV Service,+1 919-391-7836,https://www.compassrosemobilervservice.com/,"Old Greensboro Rd, Chapel Hill, NC 27516",Chapel Hill,North Carolina,27516,35.8960772,-79.1788576,5,13,RV repair shop,Friday: ['8AM-5PM']; Monday: ['8AM-5PM']; Saturday: ['Closed']; Sunday: ['Closed']; Thursday: ['8AM-5PM']; Tuesday: ['8AM-5PM']; Wednesday: ['8AM-5PM'],no,yes,1
Robert's RV Repair,+1 919-704-6082,https://robertsrvrepairnc.com/,"1712 Farrington Point Rd Unit 2, Chapel Hill, NC 27517",Chapel Hill,North Carolina,27517,35.8187839,-79.0162812,4.6,10,RV repair shop,Friday: ['9AM-5PM']; Monday: ['9AM-5PM']; Saturday: ['Closed']; Sunday: ['Closed']; Thursday: ['9AM-5PM']; Tuesday: ['9AM-5PM']; Wednesday: ['9AM-5PM'],no,no,1
CaroMeck Diesel PM,+1 980-636-7671,https://www.instagram.com/caromeckdieselpm/,"4613 Statesville Rd, Charlotte, NC 28269",Charlotte,North Carolina,28269,35.2836098,-80.8358388,5,5,Diesel engine repair service,Friday: ['Open 24 hours']; Monday: ['Open 24 hours']; Saturday: ['Open 24 hours']; Sunday: ['Open 24 hours']; Thursday: ['Open 24 hours']; Tuesday: ['Open 24 hours']; Wednesday: ['Open 24 hours'],yes,no,1
"Carolina Trailer Repair & Fabrications, LLC",+1 704-951-7756,http://www.carolinatrailerrepair.com/,"11701 Mt Holly Rd Building 28, Charlotte, NC 28214",Charlotte,North Carolina,28214,35.2960367,-80.9970726,4.8,22,Trailer repair shop,Friday: ['7AM-5PM']; Monday: ['7AM-5PM']; Saturday: ['Closed']; Sunday: ['Closed']; Thursday: ['7AM-5PM']; Tuesday: ['7AM-5PM']; Wednesday: ['7AM-5PM'],no,no,1
Elite Rv Repairs,+1 980-318-8124,https://www.facebook.com/elitervrepairs/,"E Independence Blvd, Charlotte, NC 28212",Charlotte,North Carolina,28212,35.1933096,-80.7654792,4.7,62,RV repair shop,Friday: ['11AM-7PM']; Monday: ['11AM-7PM']; Saturday: ['11AM-7PM']; Sunday: ['Closed']; Thursday: ['11AM-7PM']; Tuesday: ['11AM-7PM']; Wednesday: ['11AM-7PM'],no,no,1
Dewey's Diesel & Tire,+1 828-464-5944,https://deweysdieselandtire.com/,"2515 JB Rd, Claremont, NC 28610",Claremont,North Carolina,28610,35.7011916,-81.1227879,4.9,32,Diesel engine repair service,Friday: ['Open 24 hours']; Monday: ['Open 24 hours']; Saturday: ['Open 24 hours']; Sunday: ['Open 24 hours']; Thursday: ['Open 24 hours']; Tuesday: ['Open 24 hours']; Wednesday: ['Open 24 hours'],yes,no,1
Frank's R.V. Repair,+1 919-359-8456,http://www.rvrepairnorthcarolina.com/,"1142 Corbett Rd, Clayton, NC 27520",Clayton,North Carolina,27520,35.6113343,-78.5005638,4.4,56,RV repair shop,Friday: ['8:30AM-5PM']; Monday: ['Closed']; Saturday: ['Closed']; Sunday: ['Closed']; Thursday: ['8:30AM-5PM']; Tuesday: ['8:30AM-5PM']; Wednesday: ['8:30AM-5PM'],no,no,1
JC's Heavy Diesel and Automotive,+1 336-681-3203,,"Climax, NC 27233",Climax,North Carolina,27233,35.9128932,-79.7176482,5,,Diesel engine repair service,Thursday: ['8AM-5PM'],no,no,1
Blue Compass RV Greensboro,+1 336-993-4518,https://www.bluecompassrv.com/locations/north-carolina/greensboro%3Futm_source%3Dgoogle-gmb%26utm_medium%3Dorganic%26utm_campaign%3Dgreensboro,"8510 Norcross Rd, Colfax, NC 27235",Colfax,North Carolina,27235,36.0935995,-80.0031124,4.4,359,RV repair shop,Friday: ['9AM-7PM']; Monday: ['9AM-7PM']; Saturday: ['9AM-5PM']; Sunday: ['11AM-4PM']; Thursday: ['9AM-7PM']; Tuesday: ['9AM-7PM']; Wednesday: ['9AM-7PM'],no,no,1
"Clarke Power Services, Inc.",+1 336-292-9240,https://www.clarkepowerservices.com/locations/greensboro-nc,"8510 Farrington Rd, Colfax, NC 27235",Colfax,North Carolina,27235,36.0972775,-79.998046,4.3,92,Truck repair shop,"Friday: ['8AM-5PM']; Monday: ['8AM-5PM']; Saturday: ['8AM-12AM']; Sunday: ['12-7AM', '8AM-12AM']; Thursday: ['8AM-5PM']; Tuesday: ['8AM-5PM']; Wednesday: ['8AM-5PM']",no,no,1
"Colfax Trailer & Repair, LLC",+1 336-993-8511,http://colfaxtrailer.com/,"217 Little Santee Rd, Colfax, NC 27235",Colfax,North Carolina,27235,36.1001353,-79.9898503,4.6,136,Trailer repair shop,Friday: ['8AM-5PM']; Monday: ['8AM-5PM']; Saturday: ['Closed']; Sunday: ['Closed']; Thursday: ['8AM-5PM']; Tuesday: ['8AM-5PM']; Wednesday: ['8AM-5PM'],no,no,1
Parrish Truck Tire Center,+1 336-334-9979,https://parrishtrucktires.com/,"8515 Farrington Rd, Colfax, NC 27235",Colfax,North Carolina,27235,36.0961991,-79.9979467,4.5,,Truck repair shop,Thursday: ['7:30AM-5PM'],no,no,1
Professional Trailer Repair,+1 336-665-0592,http://www.protrailerrepair.com/,"216 Little Santee Rd, Colfax, NC 27235",Colfax,North Carolina,27235,36.1006869,-79.9907651,4.5,50,Trailer repair shop,Friday: ['8AM-4:30PM']; Monday: ['8AM-4:30PM']; Saturday: ['Closed']; Sunday: ['Closed']; Thursday: ['8AM-4:30PM']; Tuesday: ['8AM-4:30PM']; Wednesday: ['8AM-4:30PM'],no,no,1
SMR Diesel Repair & Transmissions,+1 336-231-9427,https://smrperformance.net/,"8426 A, Norcross Rd, Colfax, NC 27235",Colfax,North Carolina,27235,36.0923843,-80.0005264,4.4,150,Diesel engine repair service,Friday: ['8AM-5PM']; Monday: ['7:30AM-5:30PM']; Saturday: ['Closed']; Sunday: ['Closed']; Thursday: ['7:30AM-5:30PM']; Tuesday: ['7:30AM-5:30PM']; Wednesday: ['7:30AM-5:30PM'],no,no,1
TranSource Truck & Trailer Centers: NC,+1 336-996-6060,https://www.transourcetrucks.com/,"8700 Triad Dr, Colfax, NC 27235",Colfax,North Carolina,27235,36.0961177,-80.0047431,4.6,,Trailer dealer,Thursday: ['7AM-10PM'],no,no,1
Creedmoor Diesel & Welding Repair,+1 919-528-2977,,"401 N Durham Ave, Creedmoor, NC 27522",Creedmoor,North Carolina,27522,36.1206221,-78.6941549,4.7,59,Truck repair shop,Friday: ['7AM-5PM']; Monday: ['7AM-5PM']; Saturday: ['Closed']; Sunday: ['Closed']; Thursday: ['7AM-5PM']; Tuesday: ['7AM-5PM']; Wednesday: ['7AM-5PM'],no,no,1
Stream RV,+1 919-891-9577,https://www.streamrv.com/%3Futm_source%3Dgoogle%26utm_medium%3Dgmb%26utm_campaign%3Dseo,"171 Village Ct, Creedmoor, NC 27522",Creedmoor,North Carolina,27522,36.1426162,-78.7263565,4.9,172,RV repair shop,Friday: ['9AM-4:30PM']; Monday: ['9AM-4:30PM']; Saturday: ['Closed']; Sunday: ['Closed']; Thursday: ['9AM-4:30PM']; Tuesday: ['9AM-4:30PM']; Wednesday: ['9AM-4:30PM'],no,no,1
Northwest Carolina Truck & Trailer Repair,+1 336-865-0442,http://www.northwestcarolina.com/,"10020 US-601 Suite 2, Dobson, NC 27017",Dobson,North Carolina,27017,36.2791867,-80.7163525,4.8,81,Truck repair shop,Friday: ['8AM-5PM']; Monday: ['8AM-5PM']; Saturday: ['Closed']; Sunday: ['Closed']; Thursday: ['8AM-5PM']; Tuesday: ['8AM-5PM']; Wednesday: ['8AM-5PM'],no,no,1
RV-Pros,+1 919-752-7575,https://rv-pros.com/,"951 Bud Hawkins Rd, Dunn, NC 28334",Dunn,North Carolina,28334,35.2785692,-78.6119061,4.7,71,RV repair shop,Friday: ['8AM-5PM']; Monday: ['8AM-5PM']; Saturday: ['Closed']; Sunday: ['Closed']; Thursday: ['8AM-5PM']; Tuesday: ['8AM-5PM']; Wednesday: ['8AM-5PM'],no,no,1
"#77 Auto Repair, Inc.",+1 919-294-4227,https://number77autorepairinc.com/,"1023 Holloway St, Durham, NC 27701",Durham,North Carolina,27701,35.9946379,-78.882056,4.8,98,Auto repair shop,Friday: ['9AM-5PM']; Monday: ['9AM-5PM']; Saturday: ['Closed']; Sunday: ['Closed']; Thursday: ['9AM-5PM']; Tuesday: ['9AM-5PM']; Wednesday: ['9AM-5PM'],no,no,1
A&M Diesel Techs – Towing & Fleet Services,+1 919-822-3002,http://www.amdieseltechs.com/,"1247 3600 N Duke St #1, Durham, NC 27704",Durham,North Carolina,27704,36.0491699,-78.90498,5,1,Truck repair shop,,no,no,1
Advanced Maintenance,+1 919-309-2424,http://www.advancedmaintenance.com/locations_nc_durham.html,"2007 Cheek Rd, Durham, NC 27704",Durham,North Carolina,27704,36.00593,-78.8601603,3.9,61,Truck repair shop,Friday: ['8AM-5PM']; Monday: ['8AM-5PM']; Saturday: ['Closed']; Sunday: ['Closed']; Thursday: ['8AM-5PM']; Tuesday: ['8AM-5PM']; Wednesday: ['8AM-5PM'],no,no,1
All Knight Service and Repair,+1 919-836-6437,,"12 Waystone Pl, Durham, NC 27703",Durham,North Carolina,27703,35.9930366,-78.8325795,,,Diesel engine repair service,Friday: ['Open 24 hours']; Monday: ['Open 24 hours']; Saturday: ['Open 24 hours']; Sunday: ['Open 24 hours']; Thursday: ['Open 24 hours']; Tuesday: ['Open 24 hours']; Wednesday: ['Open 24 hours'],yes,no,1
Best Choice Automotive,+1 919-683-8504,,"2001 Cheek Rd, Durham, NC 27704",Durham,North Carolina,27704,36.0056056,-78.8612528,4.1,46,Auto repair shop,,no,no,1
Bullins,+1 919-683-8360,,"917 N Hardee St, Durham, NC 27703",Durham,North Carolina,27703,36.0084908,-78.8677761,4.2,26,Diesel engine repair service,Friday: ['8AM-5PM']; Monday: ['8AM-5PM']; Saturday: ['Closed']; Sunday: ['Closed']; Thursday: ['8AM-5PM']; Tuesday: ['8AM-5PM']; Wednesday: ['8AM-5PM'],no,no,1
C and C Automotive,+1 919-220-5633,https://www.autorepairdurhamnc.com/,"129 Wolfpack Dr, Durham, NC 27704",Durham,North Carolina,27704,36.0538683,-78.8741781,4.8,138,Auto repair shop,Friday: ['8AM-6PM']; Monday: ['8AM-6PM']; Saturday: ['Closed']; Sunday: ['Closed']; Thursday: ['8AM-6PM']; Tuesday: ['8AM-6PM']; Wednesday: ['8AM-6PM'],no,no,1
CPR Towing & Truck Repair,+1 919-888-1888,https://cprtowinginc.com/,"2209 Dominion St Ste 100, Durham, NC 27704",Durham,North Carolina,27704,36.0201211,-78.8804949,4.3,193,Truck repair shop,Friday: ['Open 24 hours']; Monday: ['Open 24 hours']; Saturday: ['Open 24 hours']; Sunday: ['Open 24 hours']; Thursday: ['Open 24 hours']; Tuesday: ['Open 24 hours']; Wednesday: ['Open 24 hours'],yes,no,1
Carolina Diesel Doctors,+1 919-228-8344,,"5412 US-70, Durham, NC 27705",Durham,North Carolina,27705,36.036548,-79.0042411,4,4,Auto repair shop,Friday: ['8AM-5PM']; Monday: ['8AM-5PM']; Saturday: ['Closed']; Sunday: ['Closed']; Thursday: ['8AM-5PM']; Tuesday: ['8AM-5PM']; Wednesday: ['8AM-5PM'],no,no,1
Chapel Hill Tire - Hillsborough Rd,+1 919-251-5506,https://www.chapelhilltire.com/locations/durham-hillsborough-rd,"2504 Hillsborough Rd, Durham, NC 27705",Durham,North Carolina,27705,36.0109706,-78.9277563,4.7,1154,Tire shop,Friday: ['8AM-5PM']; Monday: ['8AM-5PM']; Saturday: ['Closed']; Sunday: ['Closed']; Thursday: ['8AM-5PM']; Tuesday: ['8AM-5PM']; Wednesday: ['8AM-5PM'],no,no,1
Concession Works,,,"923 E Trinity Ave Ste g, Durham, NC 27704",Durham,North Carolina,27704,36.0064425,-78.882108,5,1,Truck accessories store,Friday: ['8:30AM-5PM']; Monday: ['8:30AM-5PM']; Saturday: ['Closed']; Sunday: ['Closed']; Thursday: ['8:30AM-5PM']; Tuesday: ['8:30AM-5PM']; Wednesday: ['8:30AM-5PM'],no,no,1
Durham Tires,+1 919-220-8473,https://durhamtire.com/,"2839 N Roxboro St, Durham, NC 27704",Durham,North Carolina,27704,36.0278661,-78.8902537,4.9,366,Tire shop,Friday: ['7:30AM-5:30PM']; Monday: ['7:30AM-5:30PM']; Saturday: ['Closed']; Sunday: ['Closed']; Thursday: ['7:30AM-5:30PM']; Tuesday: ['7:30AM-5:30PM']; Wednesday: ['7:30AM-5:30PM'],no,no,1
Durham Transmission Repair,+1 919-471-2506,https://durhamtransmissionrepair.com/,"4503 N Roxboro St, Durham, NC 27704",Durham,North Carolina,27704,36.0566869,-78.9036718,4.9,456,Transmission shop,Friday: ['8AM-5PM']; Monday: ['8AM-6PM']; Saturday: ['Closed']; Sunday: ['Closed']; Thursday: ['8AM-6PM']; Tuesday: ['8AM-6PM']; Wednesday: ['8AM-6PM'],no,no,1
Fleet Recue Truck Repair,+1 984-315-3301,,"4723 Fayetteville Rd, Durham, NC 27713",Durham,North Carolina,27713,35.9346975,-78.9091162,,,Truck repair shop,Friday: ['8AM-5PM']; Monday: ['8AM-5PM']; Saturday: ['8AM-2PM']; Sunday: ['Closed']; Thursday: ['8AM-5PM']; Tuesday: ['8AM-5PM']; Wednesday: ['8AM-5PM'],no,no,1
Horus Mobile Mechanics Auto Repairs LLC,+1 919-637-8833,https://mechanics2go-roadsideassistance-mobileautorepairs.com/forums/index.php,"518 N Hardee St, Durham, NC 27703",Durham,North Carolina,27703,35.9986563,-78.8640461,4.5,320,Truck repair shop,Friday: ['3:30-11:30PM']; Monday: ['5AM-11PM']; Saturday: ['5AM-11PM']; Sunday: ['5AM-11PM']; Thursday: ['5AM-11PM']; Tuesday: ['5AM-11PM']; Wednesday: ['5AM-11PM'],no,yes,1
J&J DIESEL MECHANIC TOWING & BODY REPAIR LLC,+1 919-940-0736,https://jjdieseltruck.com/,"5412 US-70, Durham, NC 27705",Durham,North Carolina,27705,36.037723,-79.0058371,4.4,84,Truck repair shop,Friday: ['8AM-6PM']; Monday: ['8AM-6PM']; Saturday: ['8AM-2:30PM']; Sunday: ['Closed']; Thursday: ['8AM-6PM']; Tuesday: ['8AM-6PM']; Wednesday: ['8AM-6PM'],no,no,1
JWM Truck And Trailer Repair,+1 781-632-3977,,"2000 Avondale Dr, Durham, NC 27705",Durham,North Carolina,27705,36.0161939,-78.8850928,4.8,64,Truck repair shop,Friday: ['Open 24 hours']; Monday: ['Open 24 hours']; Saturday: ['Open 24 hours']; Sunday: ['Open 24 hours']; Thursday: ['Open 24 hours']; Tuesday: ['Open 24 hours']; Wednesday: ['Open 24 hours'],yes,no,1
Jorge's Mechanic Shop Inc,+1 919-824-3926,,"702 S Hoover Rd, Durham, NC 27703",Durham,North Carolina,27703,35.9808429,-78.864145,4.5,47,Auto repair shop,Friday: ['8AM-6PM']; Monday: ['8AM-6PM']; Saturday: ['8AM-6PM']; Sunday: ['Closed']; Thursday: ['8AM-6PM']; Tuesday: ['8AM-6PM']; Wednesday: ['8AM-6PM'],no,no,1
Leonard Truck Outfitters,+1 919-477-5835,http://leonardusa.com/,"3700 Hillsborough Rd, Durham, NC 27705",Durham,North Carolina,27705,36.0240124,-78.9568208,4.5,132,Trailer repair shop,Friday: ['9AM-6PM']; Monday: ['9AM-6PM']; Saturday: ['Closed']; Sunday: ['Closed']; Thursday: ['9AM-6PM']; Tuesday: ['9AM-6PM']; Wednesday: ['9AM-6PM'],no,no,1
MHC Kenworth - Durham,+1 919-682-5481,https://mhc.com/locations/mhc-kenworth-durham,"3600 Interworth, Durham, NC 27704",Durham,North Carolina,27704,36.040489,-78.8215162,4.2,174,Trailer repair shop,Friday: ['7AM-12AM']; Monday: ['7AM-12AM']; Saturday: ['7AM-3:30PM']; Sunday: ['Closed']; Thursday: ['7AM-12AM']; Tuesday: ['7AM-12AM']; Wednesday: ['7AM-12AM'],no,no,1
"Mobile Welding Tech, LLC.",+1 919-495-0715,https://mobileweldingtech.com/,"2401 US-70, Durham, NC 27703",Durham,North Carolina,27703,35.9423046,-78.8232021,5,116,Welder,Friday: ['8AM-5PM']; Monday: ['8AM-5PM']; Saturday: ['8AM-5AM']; Sunday: ['8AM-5AM']; Thursday: ['8AM-5PM']; Tuesday: ['8AM-5PM']; Wednesday: ['8AM-5PM'],no,yes,1
N-Tune Automotive,+1 919-401-2612,,"411 Erwin Rd, Durham, NC 27707",Durham,North Carolina,27707,35.9614995,-79.012811,4.7,79,Auto repair shop,Friday: ['8AM-5PM']; Monday: ['8AM-5PM']; Saturday: ['Closed']; Sunday: ['Closed']; Thursday: ['8AM-5PM']; Tuesday: ['8AM-5PM']; Wednesday: ['8AM-5PM'],no,no,1
"National Fleet Management, Inc.",+1 919-323-4116,https://www.nationalfleetmgt.com/%3Futm_campaign%3Dgmb,"3303 US-70, Durham, NC 27703",Durham,North Carolina,27703,35.9331324,-78.8091293,4.1,58,Truck repair shop,Friday: ['7AM-12AM']; Monday: ['7AM-12AM']; Saturday: ['8AM-4PM']; Sunday: ['Closed']; Thursday: ['7AM-12AM']; Tuesday: ['7AM-12AM']; Wednesday: ['7AM-12AM'],no,no,1
Northeastern Truck & Trailer,,https://northeastern-trailer.edan.io/,"204 S Miami Blvd, Durham, NC 27703",Durham,North Carolina,27703,35.9846166,-78.8623874,,,Auto repair shop,,no,no,1
Parrish's Mobile Service,+1 919-482-2561,"https://parrishsmobileserv.wixsite.com/website%23:~:text%3DWe%2520bring%2520the%2520mobile%2520shop,in%2520the%2520future%2520(no%2520obligations).","3834 Cheek Rd, Durham, NC 27704",Durham,North Carolina,27704,36.0219029,-78.8100774,5,15,Auto repair shop,Friday: ['Open 24 hours']; Monday: ['Open 24 hours']; Saturday: ['Open 24 hours']; Sunday: ['Open 24 hours']; Thursday: ['Open 24 hours']; Tuesday: ['Open 24 hours']; Wednesday: ['Open 24 hours'],yes,yes,1
"Pathway RV Services, LLC",+1 919-899-5578,https://pathwayrvservices.com/,"5144 Revere Rd, Durham, NC 27713",Durham,North Carolina,27713,35.8925768,-78.9092712,5,10,RV repair shop,,no,no,1
Portable Outdoor Equipment,+1 919-471-1197,http://www.portableoutdoorequipmentnc.com/,"4914 N Roxboro St, Durham, NC 27704",Durham,North Carolina,27704,36.0658988,-78.9050369,4.5,76,Lawn mower store,Friday: ['8AM-5PM']; Monday: ['8AM-5PM']; Saturday: ['Closed']; Sunday: ['Closed']; Thursday: ['8AM-5PM']; Tuesday: ['8AM-5PM']; Wednesday: ['8AM-5PM'],no,no,1
RV on Call,,https://www.rvoncall.com/,"201 Winterberry Ridge Dr, Durham, NC 27713",Durham,North Carolina,27713,35.9205146,-78.9454634,4.7,39,RV repair shop,Friday: ['1-9PM']; Monday: ['5-9PM']; Saturday: ['8AM-9PM']; Sunday: ['8AM-6PM']; Thursday: ['5-9PM']; Tuesday: ['5-9PM']; Wednesday: ['5-9PM'],no,no,1
Reliable Towing Service,+1 919-682-1601,,"601 Trent Dr, Durham, NC 27705",Durham,North Carolina,27705,36.0108818,-78.9319156,5,71,Towing service,Friday: ['8AM-8PM']; Monday: ['8AM-8PM']; Saturday: ['8AM-4PM']; Sunday: ['9AM-8PM']; Thursday: ['8AM-8PM']; Tuesday: ['8AM-8PM']; Wednesday: ['8AM-8PM'],no,no,1
Roberts Truck & Auto Center,+1 919-683-6333,http://www.robertstruckandautocenter.com/,"2703 Cheek Rd, Durham, NC 27704",Durham,North Carolina,27704,36.0065079,-78.8444388,4.7,19,Truck repair shop,Friday: ['8AM-5PM']; Monday: ['8AM-5PM']; Saturday: ['Closed']; Sunday: ['Closed']; Thursday: ['8AM-5PM']; Tuesday: ['8AM-5PM']; Wednesday: ['8AM-5PM'],no,no,1
S & S Towing & Heavy Transport,+1 919-812-5153,http://www.sstow.com/,"1130 Lynn Rd, Durham, NC 27703",Durham,North Carolina,27703,35.970102,-78.8483245,4.2,31,Towing service,Friday: ['Open 24 hours']; Monday: ['Open 24 hours']; Saturday: ['Open 24 hours']; Sunday: ['Open 24 hours']; Thursday: ['Open 24 hours']; Tuesday: ['Open 24 hours']; Wednesday: ['Open 24 hours'],yes,no,1
"Satco Truck Equipment, Inc.",+1 919-383-5547,http://www.satcotruck.com/,"2007 Cheek Rd, Durham, NC 27704",Durham,North Carolina,27704,36.0057491,-78.8607234,4.7,9,Truck repair shop,Friday: ['7:30AM-4:30PM']; Monday: ['7:30AM-4:30PM']; Saturday: ['Closed']; Sunday: ['Closed']; Thursday: ['7:30AM-4:30PM']; Tuesday: ['7:30AM-4:30PM']; Wednesday: ['7:30AM-4:30PM'],no,no,1
Snider Fleet Solutions,+1 919-941-9700,http://www.sniderfleet.com/,"2129 Brunson Rd, Durham, NC 27703",Durham,North Carolina,27703,35.929569,-78.8464141,4.5,42,Tire shop,Friday: ['7:30AM-5PM']; Monday: ['7:30AM-5PM']; Saturday: ['Closed']; Sunday: ['Closed']; Thursday: ['7:30AM-5PM']; Tuesday: ['7:30AM-5PM']; Wednesday: ['7:30AM-5PM'],no,no,1
Steve's Auto Repair,+1 919-937-0645,,"1200 E Main St, Durham, NC 27701",Durham,North Carolina,27701,35.9808544,-78.8901584,5,5,Auto repair shop,,no,no,1
Swedish Imports,+1 919-493-4545,http://www.swedishimports.net/,"5404 Durham-Chapel Hill Blvd, Durham, NC 27707",Durham,North Carolina,27707,35.9532351,-78.9954691,4.9,589,Auto repair shop,Friday: ['8AM-6PM']; Monday: ['8AM-6PM']; Saturday: ['Closed']; Sunday: ['Closed']; Thursday: ['8AM-6PM']; Tuesday: ['8AM-6PM']; Wednesday: ['8AM-6PM'],no,no,1
Tactical Truck Repair & Towing,+1 984-209-1766,https://www.tacticaltruckrepair.com/,"4100 Fiesta Rd, Durham, NC 27703",Durham,North Carolina,27703,36.0072537,-78.798899,3.9,221,Truck repair shop,Friday: ['Open 24 hours']; Monday: ['Open 24 hours']; Saturday: ['Open 24 hours']; Sunday: ['Open 24 hours']; Thursday: ['Open 24 hours']; Tuesday: ['Open 24 hours']; Wednesday: ['Open 24 hours'],yes,no,1
Take 5 Oil Change,+1 919-373-2639,https://www.take5.com/locations/oil-change/north-carolina/durham/31811/,"70 Meredith Dr, Durham, NC 27713",Durham,North Carolina,27713,35.9009053,-78.8967972,4.9,167,Oil change service,Friday: ['7AM-8PM']; Monday: ['7AM-8PM']; Saturday: ['8AM-7PM']; Sunday: ['9AM-5PM']; Thursday: ['7AM-8PM']; Tuesday: ['7AM-8PM']; Wednesday: ['7AM-8PM'],no,no,1
Tidewater Marine and Truck 24hour mobile,+1 800-913-8970,,"tidewater mechanic, 2320 Presidential Dr #114, Durham, NC 27703",Durham,North Carolina,27703,35.927555,-78.8431854,5,5,Truck repair shop,,no,yes,1
Tire Solutions | Durham Commercial Tire Shop,+1 919-602-0000,https://tiresolutionsnc.com/durham-nc/,"402 Muldee St, Durham, NC 27703",Durham,North Carolina,27703,35.9978513,-78.862386,4.6,112,Tire shop,Friday: ['7:30AM-5PM']; Monday: ['7:30AM-5PM']; Saturday: ['Closed']; Sunday: ['Closed']; Thursday: ['7:30AM-5PM']; Tuesday: ['7:30AM-5PM']; Wednesday: ['7:30AM-5PM'],no,no,1
Trailer Hitches at U-Haul,+1 919-682-9302,https://www.uhaul.com/Locations/Trailer-Hitches-near-Durham-NC-27707/782017/%3Futm_source%3Dgmb%26utm_medium%3Dhitch%26utm_campaign%3Duhaulsmlm%26utm_content%3D782017,"4411 Durham-Chapel Hill Blvd, Durham, NC 27707",Durham,North Carolina,27707,35.963722,-78.9709765,3.7,55,Trailer supply store,Friday: ['7AM-8PM']; Monday: ['7AM-7PM']; Saturday: ['7AM-7PM']; Sunday: ['9AM-5PM']; Thursday: ['7AM-7PM']; Tuesday: ['7AM-7PM']; Wednesday: ['7AM-7PM'],no,no,1
TransTech CDL Training,+1 844-633-9308,https://trans-tech.net/our-locations/raleigh-nc/%3Futm_source%3DGMB%26utm_campaign%3Dlocal_listing%26utm_medium%3Dorganic%26utm_content%3Draleigh,"312 S Miami Blvd, Durham, NC 27703",Durham,North Carolina,27703,35.983264,-78.8615328,4.8,155,Truck driving school,Friday: ['7AM-5PM']; Monday: ['7AM-5PM']; Saturday: ['Closed']; Sunday: ['Closed']; Thursday: ['7AM-5PM']; Tuesday: ['7AM-5PM']; Wednesday: ['7AM-5PM'],no,no,1
Triangle Mobile Hitch,+1 844-994-4824,https://www.trianglehitch.com/,"4510 Cheshire Ct, Durham, NC 27705",Durham,North Carolina,27705,36.04004,-78.9696369,5,88,Truck accessories store,Friday: ['8AM-5PM']; Monday: ['8AM-5PM']; Saturday: ['8AM-5PM']; Sunday: ['Closed']; Thursday: ['8AM-5PM']; Tuesday: ['8AM-5PM']; Wednesday: ['8AM-5PM'],no,yes,1
University Service Center,+1 919-490-1265,,"1101 University Dr, Durham, NC 27707",Durham,North Carolina,27707,35.9862393,-78.908884,4.2,88,Auto repair shop,Friday: ['7:30AM-5:30PM']; Monday: ['7:30AM-5:30PM']; Saturday: ['7:30AM-2PM']; Sunday: ['Closed']; Thursday: ['7:30AM-5:30PM']; Tuesday: ['7:30AM-5:30PM']; Wednesday: ['7:30AM-5:30PM'],no,no,1
Up Front Trailer Rental LLC,,,"2309 Kate St, Durham, NC 27703",Durham,North Carolina,27703,35.9793233,-78.8744674,,,Trailer rental service,Friday: ['Open 24 hours']; Monday: ['Open 24 hours']; Saturday: ['Open 24 hours']; Sunday: ['Open 24 hours']; Thursday: ['Open 24 hours']; Tuesday: ['Open 24 hours']; Wednesday: ['Open 24 hours'],yes,no,1
Wade's Service,+1 919-286-3146,,"1911 Guess Rd, Durham, NC 27705",Durham,North Carolina,27705,36.021954,-78.9174274,4.2,39,Truck rental agency,Friday: ['8:30AM-6PM']; Monday: ['8:30AM-6PM']; Saturday: ['8AM-6:30PM']; Sunday: ['9AM-5PM']; Thursday: ['8:30AM-6PM']; Tuesday: ['8:30AM-6PM']; Wednesday: ['8:30AM-6PM'],no,no,1
Water World Marine,+1 919-596-3000,http://www.waterworldinc.com/,"135 S Miami Blvd, Durham, NC 27703",Durham,North Carolina,27703,35.9862513,-78.8624394,4.3,92,Boat dealer,Friday: ['10AM-6PM']; Monday: ['Closed']; Saturday: ['10AM-4PM']; Sunday: ['Closed']; Thursday: ['10AM-6PM']; Tuesday: ['10AM-6PM']; Wednesday: ['10AM-6PM'],no,no,1
Triad Truck & Trailer Repair,+1 336-395-3030,http://www.tttrepair.com/,"3118 Pagetown Rd, Elon, NC 27244",Elon,North Carolina,27244,36.2577748,-79.4620644,4.7,,Truck repair shop,Thursday: ['8AM-6PM'],no,no,1
"Mario's RV Repair, Inc.",+1 919-210-9695,http://mariosrvrepair.com/,"1794 Old Stage Rd S, Erwin, NC 28339",Erwin,North Carolina,28339,35.366695,-78.717096,4.8,51,RV repair shop,Friday: ['9AM-4PM']; Monday: ['9AM-4PM']; Saturday: ['Closed']; Sunday: ['Closed']; Thursday: ['9AM-4PM']; Tuesday: ['9AM-4PM']; Wednesday: ['9AM-4PM'],no,no,1
Jack's Truck & Trailer Repair. (tractor trailer repair),+1 828-777-6699,,"587 Old Fort Rd, Fairview, NC 28730",Fairview,North Carolina,28730,35.540429,-82.396646,4.6,55,Truck repair shop,Friday: ['Open 24 hours']; Monday: ['Open 24 hours']; Saturday: ['Open 24 hours']; Sunday: ['Open 24 hours']; Thursday: ['Open 24 hours']; Tuesday: ['Open 24 hours']; Wednesday: ['Open 24 hours'],yes,no,1
FleetPro Truck Center Inc,+1 828-407-1020,http://fleetprotruckcenter.com/,"4989 Hendersonville Rd, Fletcher, NC 28732",Fletcher,North Carolina,28732,35.4144216,-82.5087845,4.7,75,Truck repair shop,Friday: ['8AM-5PM']; Monday: ['8AM-5PM']; Saturday: ['Closed']; Sunday: ['Closed']; Thursday: ['8AM-5PM']; Tuesday: ['8AM-5PM']; Wednesday: ['8AM-5PM'],no,no,1
A2B Trailer Repair,+1 919-410-9927,https://www.facebook.com/pages/category/Agricultural-Service/A2B-Trailer-Repair-102419124998240/posts/,"10035 U.S. Hwy 301 S, Four Oaks, NC 27524",Four Oaks,North Carolina,27524,35.4152416,-78.4975514,5,53,Trailer repair shop,Friday: ['7:30AM-5:30PM']; Monday: ['7:30AM-5:30PM']; Saturday: ['8AM-1PM']; Sunday: ['Closed']; Thursday: ['7:30AM-5:30PM']; Tuesday: ['7:30AM-5:30PM']; Wednesday: ['7:30AM-5:30PM'],no,no,1
Will Jrs mobile truck repair,+1 919-671-9628,,"26 Barnetts Way, Franklinton, NC 27525",Franklinton,North Carolina,27525,36.1360962,-78.4948156,5,15,Mechanic,Friday: ['Open 24 hours']; Monday: ['Open 24 hours']; Saturday: ['Open 24 hours']; Sunday: ['Open 24 hours']; Thursday: ['Open 24 hours']; Tuesday: ['Open 24 hours']; Wednesday: ['Open 24 hours'],yes,yes,1
Patriot Mobile RV Repair LLC,+1 919-903-1880,https://www.patriotmobilerepairs.com/,"Mobile only, Fuquay-Varina, NC 27526",Fuquay-Varina,North Carolina,27526,35.585214,-78.7997341,4.9,22,RV repair shop,Friday: ['9AM-6PM']; Monday: ['9AM-6PM']; Saturday: ['Closed']; Sunday: ['Closed']; Thursday: ['9AM-6PM']; Tuesday: ['9AM-6PM']; Wednesday: ['9AM-6PM'],no,yes,1
Triangle RV Repair LLC,+1 919-346-7154,https://www.trianglervrepair.com/,"5542 Cokesbury Rd, Fuquay-Varina, NC 27526",Fuquay-Varina,North Carolina,27526,35.5476459,-78.8805642,4.8,37,RV repair shop,,no,no,1
Advanced Maintenance,+1 888-607-2408,http://www.advancedmaintenance.com/,"2001 Citation Dr, Garner, NC 27529",Garner,North Carolina,27529,35.7265469,-78.5738395,1.8,13,Truck repair shop,Friday: ['8AM-5PM']; Monday: ['8AM-5PM']; Saturday: ['Closed']; Sunday: ['Closed']; Thursday: ['8AM-5PM']; Tuesday: ['8AM-5PM']; Wednesday: ['8AM-5PM'],no,no,1
Big Tex Trailer World,+1 984-600-7711,https://www.bigtextrailerworld.com/locations/raleigh/%3Futm_source%3DGBP%26utm_medium%3Dorganic,"1504 Mechanical Blvd, Garner, NC 27529",Garner,North Carolina,27529,35.7213302,-78.6345321,5,130,Trailer repair shop,Friday: ['8AM-5PM']; Monday: ['8AM-5PM']; Saturday: ['Closed']; Sunday: ['Closed']; Thursday: ['8AM-5PM']; Tuesday: ['8AM-5PM']; Wednesday: ['8AM-5PM'],no,no,1
Camping World - Garner,+1 888-795-3805,https://rv.campingworld.com/dealer/garner-north-carolina,"2300 US-70 BUS, Garner, NC 27529",Garner,North Carolina,27529,35.6812413,-78.5337524,3.9,1619,Trailer repair shop,Friday: ['9AM-7PM']; Monday: ['9AM-7PM']; Saturday: ['9AM-6PM']; Sunday: ['11AM-5PM']; Thursday: ['9AM-7PM']; Tuesday: ['9AM-7PM']; Wednesday: ['9AM-7PM'],no,no,2
Chason Diesel Service,+1 919-772-7167,,"513 Dynamic Dr, Garner, NC 27529",Garner,North Carolina,27529,35.7223109,-78.635709,4.3,69,Auto repair shop,Friday: ['8AM-5PM']; Monday: ['8AM-5PM']; Saturday: ['Closed']; Sunday: ['Closed']; Thursday: ['8AM-5PM']; Tuesday: ['8AM-5PM']; Wednesday: ['8AM-5PM'],no,no,1
Corey’s Mobile Truck & Trailer Repair LLC,+1 252-373-6107,,"Jones Sausage Rd, Garner, NC 27529",Garner,North Carolina,27529,35.7187649,-78.5888965,4.1,30,Truck repair shop,Friday: ['Open 24 hours']; Monday: ['Open 24 hours']; Saturday: ['Open 24 hours']; Sunday: ['Open 24 hours']; Thursday: ['Open 24 hours']; Tuesday: ['Open 24 hours']; Wednesday: ['Open 24 hours'],yes,yes,1
East Coast Towing,+1 919-679-9164,https://www.eastcoasttowing.com/,"3834 Centurion Dr, Garner, NC 27529",Garner,North Carolina,27529,35.7294319,-78.5703516,4.9,594,Towing service,Friday: ['Open 24 hours']; Monday: ['Open 24 hours']; Saturday: ['Open 24 hours']; Sunday: ['Open 24 hours']; Thursday: ['Open 24 hours']; Tuesday: ['Open 24 hours']; Wednesday: ['Open 24 hours'],yes,no,1
FleetPride Service Center,+1 919-779-2320,https://branches.fleetpride.com/nc/garner/truckparts-ral-sc.html,"3901 Jones Sausage Rd, Garner, NC 27529",Garner,North Carolina,27529,35.7263548,-78.5782672,3.8,17,Truck repair shop,Friday: ['7:30AM-5PM']; Monday: ['7:30AM-5PM']; Saturday: ['Closed']; Sunday: ['Closed']; Thursday: ['7:30AM-5PM']; Tuesday: ['7:30AM-5PM']; Wednesday: ['7:30AM-5PM'],no,no,2
Freeze Mobile Mechanic,+1 919-744-7635,http://freezemobilemechanic.com/,"2624 Timber Dr Ste 328, Garner, NC 27529",Garner,North Carolina,27529,35.7145332,-78.6356847,4.9,52,Car repair and maintenance service,Friday: ['7AM-6PM']; Monday: ['7AM-6PM']; Saturday: ['Closed']; Sunday: ['Closed']; Thursday: ['7AM-6PM']; Tuesday: ['7AM-6PM']; Wednesday: ['7AM-6PM'],no,yes,1
"Gregory Poole Equipment Company - Garner, NC",+1 984-789-5156,https://www.gregorypoole.com/sales-reps-locations/locations/garner-north-carolina/%3Futm_source%3Dgoogle%26utm_medium%3Dorganic%26utm_campaign%3Dgbp%26utm_term%3Dgarner,"3201 Integrity Dr, Garner, NC 27529",Garner,North Carolina,27529,35.72578,-78.583251,4.1,61,Truck repair shop,Friday: ['7:30AM-5PM']; Monday: ['7:30AM-5PM']; Saturday: ['Closed']; Sunday: ['Closed']; Thursday: ['7:30AM-5PM']; Tuesday: ['7:30AM-5PM']; Wednesday: ['7:30AM-5PM'],no,no,1
Holmes Welding & Radiator,+1 919-977-9373,https://www.raleighwelder.com/,"425 Loop Rd, Garner, NC 27529",Garner,North Carolina,27529,35.7187567,-78.6342256,4.9,35,Welder,Friday: ['8AM-5PM']; Monday: ['8AM-5PM']; Saturday: ['Closed']; Sunday: ['Closed']; Thursday: ['8AM-5PM']; Tuesday: ['8AM-5PM']; Wednesday: ['8AM-5PM'],no,no,1
Johnson & Johnson Import & Domestic Specialists,+1 919-773-2314,https://www.jjimport.com/,"2033 W Garner Rd, Garner, NC 27529",Garner,North Carolina,27529,35.7286889,-78.6266547,4.5,215,Auto repair shop,Friday: ['7:30AM-4:30PM']; Monday: ['7:30AM-5:30PM']; Saturday: ['Closed']; Sunday: ['Closed']; Thursday: ['7:30AM-5:30PM']; Tuesday: ['7:30AM-5:30PM']; Wednesday: ['7:30AM-5:30PM'],no,no,1
"Southeast Utility Trailer, LLC",+1 919-773-4000,https://www.southeastutilitytrailers.com/,"3301 Integrity Dr, Garner, NC 27529",Garner,North Carolina,27529,35.7291557,-78.584571,4.4,111,Trailer repair shop,Friday: ['7AM-5PM']; Monday: ['7AM-5PM']; Saturday: ['Closed']; Sunday: ['Closed']; Thursday: ['7AM-5PM']; Tuesday: ['7AM-5PM']; Wednesday: ['7AM-5PM'],no,no,1
Stone Truck Parts,+1 919-772-4546,,"1120 US-70, Garner, NC 27529",Garner,North Carolina,27529,35.7186798,-78.6359075,4.2,50,Trailer repair shop,Friday: ['8AM-5PM']; Monday: ['8AM-5PM']; Saturday: ['Closed']; Sunday: ['Closed']; Thursday: ['8AM-5PM']; Tuesday: ['8AM-5PM']; Wednesday: ['8AM-5PM'],no,no,1
Super Trucks NC Inc,+1 919-829-1007,https://www.supertrucksnc.com/,"515 Village Ct, Garner, NC 27529",Garner,North Carolina,27529,35.7070583,-78.6187347,4.3,163,Truck repair shop,Friday: ['9AM-6PM']; Monday: ['9AM-6PM']; Saturday: ['Closed']; Sunday: ['Closed']; Thursday: ['9AM-6PM']; Tuesday: ['9AM-6PM']; Wednesday: ['9AM-6PM'],no,no,1
Trailer Rental at U-Haul,+1 919-779-3196,https://www.uhaul.com/Locations/Trailer-Rentals-near-Garner-NC-27529/961067/%3Futm_source%3Dgmb%26utm_medium%3Dtrailer%26utm_campaign%3Duhaulsmlm%26utm_content%3D961067,"1702 Mechanical Blvd, Garner, NC 27529",Garner,North Carolina,27529,35.7247717,-78.646886,3.7,6,Trailer rental service,Friday: ['7AM-8PM']; Monday: ['7AM-7PM']; Saturday: ['7AM-7PM']; Sunday: ['9AM-5PM']; Thursday: ['7AM-7PM']; Tuesday: ['7AM-7PM']; Wednesday: ['7AM-7PM'],no,no,1
Archie & Sons Diesel Repair,+1 919-221-0008,https://www.archieandsonsdieselrepair.com/,"2379 US-13 A, Goldsboro, NC 27534",Goldsboro,North Carolina,27534,35.401385,-77.901704,5,107,Diesel engine repair service,Friday: ['9AM-4PM']; Monday: ['9AM-4PM']; Saturday: ['Closed']; Sunday: ['Closed']; Thursday: ['9AM-4PM']; Tuesday: ['9AM-4PM']; Wednesday: ['9AM-4PM'],no,no,1
Luke's Camper & Rv Repair,+1 919-222-6733,https://lukescamperrvrepairrubberroofs.weebly.com/,"151 Woodpeck Rd, Goldsboro, NC 27534",Goldsboro,North Carolina,27534,35.3420145,-77.9105779,3.9,34,RV repair shop,Friday: ['7AM-9PM']; Monday: ['7AM-9PM']; Saturday: ['7AM-5PM']; Sunday: ['9AM-3PM']; Thursday: ['7AM-9PM']; Tuesday: ['7AM-9PM']; Wednesday: ['7AM-9PM'],no,no,1
Tecmobile LLC,+1 321-239-2314,,"5210 Goshawk Ln, Graham, NC 27253",Graham,North Carolina,27253,35.972894,-79.2962446,5,11,Truck repair shop,Friday: ['8AM-5PM']; Monday: ['8AM-5PM']; Saturday: ['Closed']; Sunday: ['Closed']; Thursday: ['8AM-5PM']; Tuesday: ['8AM-5PM']; Wednesday: ['8AM-5PM'],no,yes,1
ABR Truck & Trailer Repair,+1 336-313-1924,,"1009 S Elm St, Greensboro, NC 27406",Greensboro,North Carolina,27406,36.0584523,-79.7909938,4.6,10,Truck repair shop,Friday: ['8AM-6PM']; Monday: ['8AM-6PM']; Saturday: ['8AM-5PM']; Sunday: ['Closed']; Thursday: ['8AM-6PM']; Tuesday: ['8AM-6PM']; Wednesday: ['8AM-6PM'],no,no,1
ARB Diesel,+1 336-965-4210,,"1009S S Elm St, Greensboro, NC 27406",Greensboro,North Carolina,27406,36.058431,-79.7910511,4.7,6,Auto repair shop,Friday: ['8AM-6PM']; Monday: ['8AM-6PM']; Saturday: ['8AM-6PM']; Sunday: ['Closed']; Thursday: ['8AM-6PM']; Tuesday: ['8AM-6PM']; Wednesday: ['8AM-6PM'],no,no,1
Auto Service By Ray,+1 336-294-8286,,"700 Edwardia Dr, Greensboro, NC 27409",Greensboro,North Carolina,27409,36.0541124,-79.8736824,4.7,51,Auto repair shop,Friday: ['9AM-6PM']; Monday: ['9AM-6PM']; Saturday: ['Closed']; Sunday: ['Closed']; Thursday: ['9AM-6PM']; Tuesday: ['9AM-6PM']; Wednesday: ['9AM-6PM'],no,no,1
Autologic of Greensboro,+1 336-510-7823,http://autologicgso.com/,"1114 Grecade St, Greensboro, NC 27408",Greensboro,North Carolina,27408,36.085823,-79.804402,4.7,126,Auto repair shop,Friday: ['8AM-12:30PM']; Monday: ['8AM-5:30PM']; Saturday: ['Closed']; Sunday: ['Closed']; Thursday: ['8AM-5:30PM']; Tuesday: ['8AM-5:30PM']; Wednesday: ['8AM-5:30PM'],no,no,1
Autotrends Downtown,+1 336-360-5093,https://www.theautotrends.com/,"431 Battleground Ave, Greensboro, NC 27401",Greensboro,North Carolina,27401,36.0776786,-79.7933813,4.8,772,Auto repair shop,Friday: ['7:30AM-6PM']; Monday: ['7:30AM-6PM']; Saturday: ['Closed']; Sunday: ['Closed']; Thursday: ['7:30AM-6PM']; Tuesday: ['7:30AM-6PM']; Wednesday: ['7:30AM-6PM'],no,no,1
B&B Truck Repair,+1 336-852-2541,,"Brandt St, Greensboro, NC 27407",Greensboro,North Carolina,27407,36.0563565,-79.8434733,3.5,12,Truck repair shop,Friday: ['8AM-5PM']; Monday: ['8AM-5PM']; Saturday: ['Closed']; Sunday: ['Closed']; Thursday: ['8AM-5PM']; Tuesday: ['8AM-5PM']; Wednesday: ['8AM-5PM'],no,no,1
BB Wheeler truck repair,+1 434-347-9566,http://ddtruckrepair.com/,"1073 Boulder Rd, Greensboro, NC 27409",Greensboro,North Carolina,27409,36.0570486,-79.9349125,4.8,6,Truck repair shop,,no,no,1
Battleground Automotive,+1 336-545-1999,,"111A N Church St, Greensboro, NC 27401",Greensboro,North Carolina,27401,36.072602,-79.7873585,4.7,23,Auto repair shop,,no,no,1
Brothers New and Used Tires Auto mechanics and mobile services,+1 240-672-4162,,"4626 W Gate City Blvd, Greensboro, NC 27407",Greensboro,North Carolina,27407,36.031344,-79.8688161,4.9,116,Car repair and maintenance service,Friday: ['Open 24 hours']; Monday: ['Open 24 hours']; Saturday: ['Open 24 hours']; Sunday: ['Open 24 hours']; Thursday: ['Open 24 hours']; Tuesday: ['Open 24 hours']; Wednesday: ['Open 24 hours'],yes,yes,1
Callahan's Auto Service Center,+1 336-286-2020,http://callahansautomotive.com/,"2926 Battleground Ave, Greensboro, NC 27408",Greensboro,North Carolina,27408,36.1141312,-79.8338846,4.8,,Auto repair shop,Thursday: ['8AM-5PM'],no,no,1
Camping World RV Collision Center,+1 888-248-8159,https://rv.campingworld.com/dealer/colfax-north-carolina/rv-collision,"1069 Boulder Rd, Greensboro, NC 27409",Greensboro,North Carolina,27409,36.05766,-79.93466,3.3,21,RV repair shop,Friday: ['9AM-6PM']; Monday: ['9AM-6PM']; Saturday: ['9AM-6PM']; Sunday: ['Closed']; Thursday: ['9AM-6PM']; Tuesday: ['9AM-6PM']; Wednesday: ['9AM-6PM'],no,no,2
Carolina Trailer & Equipment,+1 336-292-0722,https://www.carolinatrailerandequipment.com/,"4519 S Holden Rd, Greensboro, NC 27406",Greensboro,North Carolina,27406,35.9962758,-79.8293303,4.9,,Equipment supplier,Thursday: ['8AM-5PM'],no,no,1
Chucks Diesel and Auto Repair,+1 336-965-4353,,"7206 Cessna Dr, Greensboro, NC 27409",Greensboro,North Carolina,27409,36.0852525,-79.9473166,4.7,,Truck repair shop,Thursday: ['8AM-5PM'],no,no,1
City Automotive,+1 336-763-0070,http://cityautomotiveautos.com/,"3818 W Gate City Blvd, Greensboro, NC 27407",Greensboro,North Carolina,27407,36.0382876,-79.8567523,4.6,128,Auto repair shop,Friday: ['8AM-5PM']; Monday: ['8AM-5PM']; Saturday: ['8AM-1PM']; Sunday: ['Closed']; Thursday: ['8AM-5PM']; Tuesday: ['8AM-5PM']; Wednesday: ['8AM-5PM'],no,no,1
Cottman Transmission and Total Auto Care,+1 336-742-3251,https://triadtransmission.com/greensboro/,"3724 Spring Garden St, Greensboro, NC 27407",Greensboro,North Carolina,27407,36.061391,-79.8565098,4.5,522,Transmission shop,Friday: ['8AM-6PM']; Monday: ['8AM-6PM']; Saturday: ['Closed']; Sunday: ['Closed']; Thursday: ['8AM-6PM']; Tuesday: ['8AM-6PM']; Wednesday: ['8AM-6PM'],no,no,1
Cummins Sales and Service,+1 336-275-4531,https://www.cummins.com/sales-and-service%3Futm_source%3DGMB%26utm_medium%3Dyext,"512 Teague St, Greensboro, NC 27406",Greensboro,North Carolina,27406,36.0315931,-79.8043563,3.8,,Truck repair shop,Thursday: ['8AM-5PM'],no,no,1
DH Fleet Service LLC,+1 336-269-2757,http://www.dh-fleet.com/,"5149 Randleman Rd, Greensboro, NC 27406",Greensboro,North Carolina,27406,35.9299002,-79.8122091,5,11,Truck repair shop,Friday: ['8AM-8PM']; Monday: ['8AM-8PM']; Saturday: ['9AM-5PM']; Sunday: ['Closed']; Thursday: ['8AM-8PM']; Tuesday: ['8AM-8PM']; Wednesday: ['8AM-8PM'],no,no,1
DMS Truck Outfitters,+1 336-851-1445,http://www.dmstruck.com/,"4608 W Gate City Blvd, Greensboro, NC 27407",Greensboro,North Carolina,27407,36.0323537,-79.8680484,4.8,,Truck accessories store,Thursday: ['8AM-4PM'],no,no,1
Danny's Transmission Repair,+1 336-317-2270,,"3616 Miller Dr #3020, Greensboro, NC 27405",Greensboro,North Carolina,27405,36.1295879,-79.7355608,4.8,51,Transmission shop,Friday: ['Closed']; Monday: ['8AM-5PM']; Saturday: ['Closed']; Sunday: ['Closed']; Thursday: ['8AM-5PM']; Tuesday: ['8AM-5PM']; Wednesday: ['8AM-5PM'],no,no,1
Diesel Equipment Co,+1 336-373-8331,https://dieselequipment.com/store/site/home,"220 Atwell Ave #212, Greensboro, NC 27406",Greensboro,North Carolina,27406,36.0301023,-79.7872188,4.8,29,Truck parts supplier,Friday: ['8AM-5PM']; Monday: ['8AM-5PM']; Saturday: ['Closed']; Sunday: ['Closed']; Thursday: ['8AM-5PM']; Tuesday: ['8AM-5PM']; Wednesday: ['8AM-5PM'],no,no,1
Direct Transport,,,"316 Edwardia Dr, Greensboro, NC 27409",Greensboro,North Carolina,27409,36.0658174,-79.8871645,3,2,Diesel engine repair service,,no,no,1
Dixon Fleet Services,+1 919-830-8498,https://dixonfleetservices.com/,"806 Green Valley Rd Ste 200, Greensboro, NC 27408",Greensboro,North Carolina,27408,36.0909616,-79.815932,,,Truck repair shop,Friday: ['Open 24 hours']; Monday: ['Open 24 hours']; Saturday: ['Open 24 hours']; Sunday: ['Open 24 hours']; Thursday: ['Open 24 hours']; Tuesday: ['Open 24 hours']; Wednesday: ['Open 24 hours'],yes,no,2
European Accent Ltd,+1 336-852-7803,https://www.facebook.com/europeanaccents/,"2009 Freeman Mill Rd, Greensboro, NC 27406",Greensboro,North Carolina,27406,36.0470175,-79.8106112,4.9,55,Auto repair shop,Friday: ['8AM-12PM']; Monday: ['8AM-5PM']; Saturday: ['Closed']; Sunday: ['Closed']; Thursday: ['8AM-5PM']; Tuesday: ['8AM-5PM']; Wednesday: ['8AM-5PM'],no,no,1
Everyday Performance Auto,+1 336-686-3220,http://everydayperformanceauto.com/,"3500 McKnight Mill Rd, Greensboro, NC 27405",Greensboro,North Carolina,27405,36.1289256,-79.7308166,4.8,56,Auto repair shop,Friday: ['9AM-5:30PM']; Monday: ['9AM-5:30PM']; Saturday: ['Closed']; Sunday: ['Closed']; Thursday: ['9AM-5:30PM']; Tuesday: ['9AM-5:30PM']; Wednesday: ['9AM-5:30PM'],no,no,1
"FleetPro Truck Center, Inc",+1 336-900-5597,https://www.fleetprotruckcenter.com/,"150 Blue Bell Rd, Greensboro, NC 27406",Greensboro,North Carolina,27406,36.0270257,-79.7872892,4.7,14,Truck repair shop,Friday: ['8AM-5PM']; Monday: ['8AM-5PM']; Saturday: ['Closed']; Sunday: ['Closed']; Thursday: ['8AM-5PM']; Tuesday: ['8AM-5PM']; Wednesday: ['8AM-5PM'],no,no,1
Flemingfield Automotive LLC,+1 336-375-8281,,"163 Flemingfield Rd, Greensboro, NC 27405",Greensboro,North Carolina,27405,36.0955672,-79.7112571,4.8,39,Diesel engine repair service,Friday: ['8AM-5PM']; Monday: ['8AM-5PM']; Saturday: ['Closed']; Sunday: ['Closed']; Thursday: ['8AM-5PM']; Tuesday: ['8AM-5PM']; Wednesday: ['8AM-5PM'],no,no,1
Forbes Motor Co Inc,+1 336-379-8227,,"107 Broadway Dr #4403, Greensboro, NC 27406",Greensboro,North Carolina,27406,36.0302481,-79.7937091,5,5,Truck repair shop,Friday: ['8AM-8PM']; Monday: ['8AM-8PM']; Saturday: ['Closed']; Sunday: ['Closed']; Thursday: ['8AM-8PM']; Tuesday: ['8AM-8PM']; Wednesday: ['8AM-8PM'],no,no,1
Force TK- Greensboro,+1 336-855-7756,https://www.forcetk.com/,"6612 W Market St, Greensboro, NC 27409",Greensboro,North Carolina,27409,36.0773004,-79.9200532,4.4,,Truck repair shop,Thursday: ['8AM-5PM'],no,no,1
GSO Mobile RV Repair,+1 336-736-4480,http://gsorv.repair/,"806 Green Valley Rd Ste 200 PMB 1132, Greensboro, NC 27408",Greensboro,North Carolina,27408,36.0911382,-79.815852,5,98,RV repair shop,Friday: ['Open 24 hours']; Monday: ['Open 24 hours']; Saturday: ['Open 24 hours']; Sunday: ['Open 24 hours']; Thursday: ['Open 24 hours']; Tuesday: ['Open 24 hours']; Wednesday: ['Open 24 hours'],yes,yes,1
Gate City Trailers,+1 336-314-3638,https://www.gatecitytrailers.com/,"5737 Drake Rd, Greensboro, NC 27406",Greensboro,North Carolina,27406,35.9468823,-79.85332,5,5,Trailer repair shop,Friday: ['7AM-5:30PM']; Monday: ['7AM-5:30PM']; Saturday: ['8AM-1PM']; Sunday: ['Closed']; Thursday: ['7AM-5:30PM']; Tuesday: ['7AM-5:30PM']; Wednesday: ['7AM-5:30PM'],no,no,1
General Motor Repair & Service Inc,+1 336-292-1715,http://www.generalmotorrepair.com/,"2206 Westbrook St, Greensboro, NC 27407",Greensboro,North Carolina,27407,36.0584443,-79.8296071,4.8,,Electric motor repair shop,Thursday: ['8AM-4:30PM'],no,no,1
Greensboro AutoTech,+1 336-665-7070,http://greensboroautotech.com/,"200 S Regional Rd #108, Greensboro, NC 27409",Greensboro,North Carolina,27409,36.08958,-79.95443,4.9,154,Auto repair shop,Friday: ['8AM-4PM']; Monday: ['8AM-5PM']; Saturday: ['Closed']; Sunday: ['Closed']; Thursday: ['8AM-5PM']; Tuesday: ['8AM-5PM']; Wednesday: ['8AM-5PM'],no,no,1
Greensboro Onsite Truck Repair,+1 336-920-7604,http://greensborotruckrepair.com/,"7705 Boeing Dr, Greensboro, NC 27409",Greensboro,North Carolina,27409,36.0805735,-79.950075,2.3,9,Truck repair shop,Friday: ['Open 24 hours']; Monday: ['Open 24 hours']; Saturday: ['Open 24 hours']; Sunday: ['Open 24 hours']; Thursday: ['Open 24 hours']; Tuesday: ['Open 24 hours']; Wednesday: ['Open 24 hours'],yes,no,1
Greensboro Small Engine Repair,+1 336-223-5414,https://greensborosmallenginerepair.com/,"3205 Edgewater Dr, Greensboro, NC 27403",Greensboro,North Carolina,27403,36.0825729,-79.8354445,5,,Small engine repair service,Thursday: ['8AM-4PM'],no,no,1
Greensboro Trailer Sales & Service Inc,+1 336-272-4571,http://www.greensborotrailer.net/,"2800 Liberty Rd, Greensboro, NC 27406",Greensboro,North Carolina,27406,36.0319815,-79.7711203,4.9,37,Trailer repair shop,Friday: ['7:30AM-4:30PM']; Monday: ['7:30AM-4:30PM']; Saturday: ['Closed']; Sunday: ['Closed']; Thursday: ['7:30AM-4:30PM']; Tuesday: ['7:30AM-4:30PM']; Wednesday: ['7:30AM-4:30PM'],no,no,1
Greensboro Truck Repair,+1 336-936-5407,http://greensboromobiletruckrepair.com/,"840 Huffman St, Greensboro, NC 27405",Greensboro,North Carolina,27405,36.0824141,-79.7635854,,,Truck repair shop,Friday: ['Open 24 hours']; Monday: ['Open 24 hours']; Saturday: ['Open 24 hours']; Sunday: ['Open 24 hours']; Thursday: ['Open 24 hours']; Tuesday: ['Open 24 hours']; Wednesday: ['Open 24 hours'],yes,no,1
Hudson Autoworks,+1 336-772-0685,http://www.hudsonautoworks.com/%3Futm_source%3Dbing%26utm_medium%3Dorganic%26utm_campaign%3Dbing,"812 Post St, Greensboro, NC 27405",Greensboro,North Carolina,27405,36.0822196,-79.7654759,4.8,509,Used car dealer,Friday: ['8AM-5:30PM']; Monday: ['8AM-5:30PM']; Saturday: ['10AM-3PM']; Sunday: ['Closed']; Thursday: ['8AM-5:30PM']; Tuesday: ['8AM-5:30PM']; Wednesday: ['8AM-5:30PM'],no,no,1
J&M Automotive XPRESS,+1 336-285-1589,https://jandmauto.godaddysites.com/,"2302 W Meadowview Rd Ste B, Greensboro, NC 27407",Greensboro,North Carolina,27407,36.0494966,-79.8421415,4.4,21,Mechanic,Friday: ['Open 24 hours']; Monday: ['Open 24 hours']; Saturday: ['Open 24 hours']; Sunday: ['Closed']; Thursday: ['Open 24 hours']; Tuesday: ['Open 24 hours']; Wednesday: ['Open 24 hours'],yes,no,1
JP's Truck Service,+1 336-889-0828,,"3000 Forestside Dr, Greensboro, NC 27406",Greensboro,North Carolina,27406,36.0411359,-79.7335074,4.7,47,Truck repair shop,Friday: ['8AM-5PM']; Monday: ['8AM-5PM']; Saturday: ['Closed']; Sunday: ['Closed']; Thursday: ['8AM-5PM']; Tuesday: ['8AM-5PM']; Wednesday: ['8AM-5PM'],no,no,1
Jamie's Automotive Machine Shp,+1 336-292-5017,,"4925 Bartlett St, Greensboro, NC 27409",Greensboro,North Carolina,27409,36.0626163,-79.8831051,4.8,,Auto machine shop,Thursday: ['9AM-7PM'],no,no,1
Jay Dalton Auto Tech,+1 336-272-1207,,"902 E Lindsay St, Greensboro, NC 27405",Greensboro,North Carolina,27405,36.0845442,-79.7695573,4.3,155,Auto repair shop,"Friday: ['8AM-12PM', '1:15-5PM']; Monday: ['8AM-12PM', '1:15-5PM']; Saturday: ['Closed']; Sunday: ['Closed']; Thursday: ['8AM-12PM', '1:15-5PM']; Tuesday: ['8AM-12PM', '1:15-5PM']; Wednesday: ['8AM-12PM', '1:15-5PM']",no,no,1
Jimco Trailer and RV,+1 336-552-0419,http://www.jimconc.com/,"640 North Carolina Hwy 150, Greensboro, NC 27455",Greensboro,North Carolina,27455,36.2123104,-79.8223174,4.8,22,RV repair shop,Friday: ['9AM-5PM']; Monday: ['9AM-5PM']; Saturday: ['Closed']; Sunday: ['Closed']; Thursday: ['9AM-5PM']; Tuesday: ['9AM-5PM']; Wednesday: ['9AM-5PM'],no,no,1
Key' s Block & Repair Co.,+1 336-274-3060,,"3501 Sunnycrest Ave, Greensboro, NC 27405",Greensboro,North Carolina,27405,36.0870722,-79.7483776,5,,Machine shop,Thursday: ['8AM-4PM'],no,no,1
Leonard Truck Outfitters,+1 336-294-3293,http://leonardusa.com/,"4010 W Wendover Ave, Greensboro, NC 27407",Greensboro,North Carolina,27407,36.0601427,-79.8823388,4.8,194,Trailer repair shop,Friday: ['8AM-6PM']; Monday: ['8AM-6PM']; Saturday: ['9AM-3PM']; Sunday: ['Closed']; Thursday: ['8AM-6PM']; Tuesday: ['8AM-6PM']; Wednesday: ['8AM-6PM'],no,no,1
McCarthy Tire Service,+1 336-668-0091,https://locations.mccarthytire.com/piedmont-truck-tires-inc-6010df240d18,"312 S Regional Rd, Greensboro, NC 27409",Greensboro,North Carolina,27409,36.0853911,-79.9559192,4.4,,Truck repair shop,Thursday: ['7:30AM-4PM'],no,no,1
Melvin's Mobile Auto,+1 336-686-5423,,"Greensboro, NC 27403",Greensboro,North Carolina,27403,36.0732884,-79.8241082,3.9,14,Auto repair shop,,no,yes,1
Mobile Mechanic of Greensboro,+1 336-827-9518,,"519 E Washington St, Greensboro, NC 27401",Greensboro,North Carolina,27401,36.0702441,-79.7824423,2.3,6,Auto repair shop,Friday: ['8AM-7PM']; Monday: ['8AM-7PM']; Saturday: ['8AM-7PM']; Sunday: ['8AM-7PM']; Thursday: ['8AM-7PM']; Tuesday: ['8AM-7PM']; Wednesday: ['8AM-7PM'],no,yes,1
Mobile Trailer Repair,+1 336-986-2566,,"E Vandalia Rd, Greensboro, NC 27406",Greensboro,North Carolina,27406,36.0163675,-79.7873025,5,1,Trailer repair shop,,no,yes,1
Motion Trailer Worx - Sales/Service/Repair and Parts (Greensboro),+1 336-333-6311,https://www.mtxtrailer.com/,"2920 S Elm-Eugene St, Greensboro, NC 27406",Greensboro,North Carolina,27406,36.030995,-79.793535,4.9,523,Trailer repair shop,Friday: ['8AM-5PM']; Monday: ['8AM-5PM']; Saturday: ['8AM-12PM']; Sunday: ['Closed']; Thursday: ['8AM-5PM']; Tuesday: ['8AM-5PM']; Wednesday: ['8AM-5PM'],no,no,1
Mountain trailers,,,"117 S Elm St, Greensboro, NC 27401",Greensboro,North Carolina,27401,36.0718331,-79.7899563,,,Trailer repair shop,,no,no,1
"National Fleet Management, Inc.",+1 336-837-0441,https://www.nationalfleetmgt.com/,"1061 Boulder Rd, Greensboro, NC 27409",Greensboro,North Carolina,27409,36.0586434,-79.9347561,4.3,26,Truck repair shop,Friday: ['7AM-11PM']; Monday: ['7AM-11PM']; Saturday: ['8AM-5PM']; Sunday: ['Closed']; Thursday: ['7AM-11PM']; Tuesday: ['7AM-11PM']; Wednesday: ['7AM-11PM'],no,no,1
Owensby (Trailer-Hitch-Center),+1 336-299-5660,http://www.facebook.com/owensbyenterprises,"5816 W Gate City Blvd, Greensboro, NC 27407",Greensboro,North Carolina,27407,36.0128858,-79.8992645,4.6,78,Trailer repair shop,Friday: ['8AM-5PM']; Monday: ['8AM-5PM']; Saturday: ['Closed']; Sunday: ['Closed']; Thursday: ['8AM-5PM']; Tuesday: ['8AM-5PM']; Wednesday: ['8AM-5PM'],no,no,1
Parrish Automotive Repair & Maintenance,+1 336-347-9376,,"Mobile mechanic no address, 1919 A, 1919 Spring Garden St, Greensboro, NC 27403",Greensboro,North Carolina,27403,36.0634781,-79.8255319,4.8,33,Auto repair shop,Friday: ['9AM-8PM']; Monday: ['9AM-8PM']; Saturday: ['1-8PM']; Sunday: ['Closed']; Thursday: ['9AM-8PM']; Tuesday: ['9AM-8PM']; Wednesday: ['9AM-8PM'],no,no,1
Piedmont Trucks,+1 336-668-2401,http://www.piedmonttrucks.com/,"412 S Regional Rd G, Greensboro, NC 27409",Greensboro,North Carolina,27409,36.0842783,-79.9570848,4.7,13,Auto repair shop,Friday: ['7AM-7PM']; Monday: ['7AM-7PM']; Saturday: ['7:30AM-12PM']; Sunday: ['Closed']; Thursday: ['7AM-7PM']; Tuesday: ['7AM-7PM']; Wednesday: ['7AM-7PM'],no,no,2
Powerhouse Diesel and Automotive,+1 336-307-9426,http://phdieselandauto.com/,"4151 Corbin Rd, Greensboro, NC 27405",Greensboro,North Carolina,27405,36.1380316,-79.7405232,4,8,Auto repair shop,Friday: ['9AM-7PM']; Monday: ['9AM-7PM']; Saturday: ['Closed']; Sunday: ['Closed']; Thursday: ['9AM-7PM']; Tuesday: ['9AM-7PM']; Wednesday: ['9AM-7PM'],no,no,1
R-Spec Machining LLC,+1 336-275-5883,https://rspecmachining.com/,"111 N Church St, Greensboro, NC 27401",Greensboro,North Carolina,27401,36.0727474,-79.787073,5,2,Auto machine shop,Friday: ['8AM-4PM']; Monday: ['8AM-5PM']; Saturday: ['Closed']; Sunday: ['Closed']; Thursday: ['8AM-5PM']; Tuesday: ['8AM-5PM']; Wednesday: ['8AM-5PM'],no,no,2
RV Glass Repair Services,+1 336-273-7661,http://www.rvglassrepairservices.com/,"510 N Spring St, Greensboro, NC 27401",Greensboro,North Carolina,27401,36.0788136,-79.796463,4.8,34,RV repair shop,Friday: ['8AM-5PM']; Monday: ['8AM-5:30PM']; Saturday: ['Closed']; Sunday: ['Closed']; Thursday: ['8AM-5:30PM']; Tuesday: ['8AM-5:30PM']; Wednesday: ['8AM-5:30PM'],no,no,1
Southeast Automotive,+1 336-674-5731,,"5612 Hagan-Stone Park Rd, Greensboro, NC 27406",Greensboro,North Carolina,27406,35.9706256,-79.7103599,4.9,30,Auto repair shop,,no,no,1
Statewide Trailer Alignment Frame,+1 336-294-1352,https://www.stafinc.com/,"2229 Bishop Rd, Greensboro, NC 27406",Greensboro,North Carolina,27406,35.9924087,-79.8598785,4.7,114,Trailer repair shop,Friday: ['8AM-5PM']; Monday: ['8AM-5PM']; Saturday: ['Closed']; Sunday: ['Closed']; Thursday: ['8AM-5PM']; Tuesday: ['8AM-5PM']; Wednesday: ['8AM-5PM'],no,no,1
Strickland Brothers 10 Minute Oil Change,+1 336-919-2050,https://sboilchange.com/locations/greensboro-nc-0079/%3Futm_source%3Dgbp%26utm_medium%3Dorganic%26utm_campaign%3Dyext,"3223 Battleground Ave, Greensboro, NC 27408",Greensboro,North Carolina,27408,36.1196585,-79.8420854,4.9,1194,Oil change service,Friday: ['8AM-7PM']; Monday: ['8AM-7PM']; Saturday: ['8AM-6PM']; Sunday: ['10AM-5PM']; Thursday: ['8AM-7PM']; Tuesday: ['8AM-7PM']; Wednesday: ['8AM-7PM'],no,no,1
THE BRAKEMASTER MOBILE AUTO REPAIR,+1 336-681-1966,,"2602 Spring Garden St, Greensboro, NC 27403",Greensboro,North Carolina,27403,36.0643832,-79.8361356,4.3,149,Auto repair shop,Friday: ['8AM-5PM']; Monday: ['8AM-5PM']; Saturday: ['Closed']; Sunday: ['Closed']; Thursday: ['8AM-5PM']; Tuesday: ['8AM-5PM']; Wednesday: ['8AM-5PM'],no,yes,1
Terry Labonte RV Service,+1 336-447-1541,,"7100 Landmark Center Blvd, Greensboro, NC 27407",Greensboro,North Carolina,27407,36.0491007,-79.8997305,4.3,37,RV repair shop,Friday: ['7AM-8PM']; Monday: ['7AM-8PM']; Saturday: ['9AM-6PM']; Sunday: ['Closed']; Thursday: ['7AM-8PM']; Tuesday: ['7AM-8PM']; Wednesday: ['7AM-8PM'],no,no,1
Thompson Diesel Truck Repair and Towing,+1 336-808-5225,https://thompsondieseltruckrepair.com/,"3121 S Elm-Eugene St, Greensboro, NC 27406",Greensboro,North Carolina,27406,36.0244759,-79.7898003,4.7,43,Diesel engine repair service,Friday: ['8AM-5PM']; Monday: ['8AM-5PM']; Saturday: ['Closed']; Sunday: ['Closed']; Thursday: ['8AM-5PM']; Tuesday: ['8AM-5PM']; Wednesday: ['8AM-5PM'],no,no,1
Trailco Fleet Service,+1 336-668-2294,,"7609 Canoe Rd, Greensboro, NC 27409",Greensboro,North Carolina,27409,36.0950009,-79.9546511,4.8,27,Small engine repair service,Friday: ['8AM-5PM']; Monday: ['8AM-5PM']; Saturday: ['Closed']; Sunday: ['Closed']; Thursday: ['8AM-5PM']; Tuesday: ['8AM-5PM']; Wednesday: ['8AM-5PM'],no,no,1
Triad Truck and Tank,+1 336-854-1041,http://www.triadtandt.com/,"6808 W Market St, Greensboro, NC 27409",Greensboro,North Carolina,27409,36.0788603,-79.9226692,4.4,46,Truck repair shop,Friday: ['Open 24 hours']; Monday: ['Open 24 hours']; Saturday: ['Open 24 hours']; Sunday: ['Open 24 hours']; Thursday: ['Open 24 hours']; Tuesday: ['Open 24 hours']; Wednesday: ['Open 24 hours'],yes,no,1
Triad diesel repair,+1 743-209-9254,,"1310 Town St, Greensboro, NC 27407",Greensboro,North Carolina,27407,36.0547577,-79.8451938,5,2,Diesel engine repair service,,no,no,1
"TruckPro, a FleetPride Company",+1 336-665-1411,https://www.truckpro.com/,"405 S Regional Rd, Greensboro, NC 27409",Greensboro,North Carolina,27409,36.0852032,-79.9546542,4.5,,Truck parts supplier,Thursday: ['7:30AM-5PM'],no,no,1
Twin State Trailers,+1 336-542-5990,http://www.tstrailer.com/,"7701 Boeing Dr, Greensboro, NC 27409",Greensboro,North Carolina,27409,36.0804977,-79.9492171,4,29,Trailer repair shop,Friday: ['8AM-4:30PM']; Monday: ['8AM-4:30PM']; Saturday: ['Closed']; Sunday: ['Closed']; Thursday: ['8AM-4:30PM']; Tuesday: ['8AM-4:30PM']; Wednesday: ['8AM-4:30PM'],no,no,1
US Truck & Trailer Sales Inc,+1 336-852-0993,,"3510 Soto St, Greensboro, NC 27406",Greensboro,North Carolina,27406,36.0260972,-79.8215562,4.5,16,Truck repair shop,Friday: ['7:30AM-4PM']; Monday: ['7:30AM-4PM']; Saturday: ['Closed']; Sunday: ['Closed']; Thursday: ['7:30AM-4PM']; Tuesday: ['7:30AM-4PM']; Wednesday: ['7:30AM-4PM'],no,no,1
Vanguard Truck Centers,+1 336-993-2106,https://vanguardtrucks.com/location/north-carolina/greensboro/,"7940 National Service Rd, Greensboro, NC 27409",Greensboro,North Carolina,27409,36.0856761,-79.9793628,3.8,,Truck dealer,Thursday: ['7AM-7PM'],no,no,1
Velocity Truck Centers,+1 336-668-0911,https://www.velocitytruckcenters.com/location/greensboro,"6420 Burnt Poplar Rd, Greensboro, NC 27409",Greensboro,North Carolina,27409,36.0773506,-79.9462203,3.9,,Truck repair shop,Thursday: ['7AM-7PM'],no,no,1
Xtreme Diesel,+1 336-898-1173,,"2108 Colby St, Greensboro, NC 27407",Greensboro,North Carolina,27407,36.0392306,-79.8549503,3.2,31,Tractor repair shop,Friday: ['Open 24 hours']; Monday: ['Open 24 hours']; Saturday: ['Open 24 hours']; Sunday: ['Open 24 hours']; Thursday: ['Open 24 hours']; Tuesday: ['Open 24 hours']; Wednesday: ['Open 24 hours'],yes,no,1
mobile mechanical service,+1 620-417-5539,,"3508 North Carolina Hwy 150, Greensboro, NC 27455",Greensboro,North Carolina,27455,36.2243147,-79.7726265,5,1,Auto repair shop,Friday: ['Open 24 hours']; Monday: ['Open 24 hours']; Saturday: ['Open 24 hours']; Sunday: ['Open 24 hours']; Thursday: ['Open 24 hours']; Tuesday: ['Open 24 hours']; Wednesday: ['Open 24 hours'],yes,yes,1
Carolina Diesel Performance,+1 336-523-5118,https://carolinadieselperf.com/,"1601 US-21, Hamptonville, NC 27020",Hamptonville,North Carolina,27020,36.0702266,-80.7469213,5,10,Diesel engine repair service,Friday: ['8AM-5PM']; Monday: ['8AM-5PM']; Saturday: ['Closed']; Sunday: ['Closed']; Thursday: ['8AM-5PM']; Tuesday: ['8AM-5PM']; Wednesday: ['8AM-5PM'],no,no,1
Jordans diesel and automotive truck shop,+1 434-480-1955,,"256 Flemingtown Rd, Henderson, NC 27537",Henderson,North Carolina,27537,36.3952149,-78.3397292,3.8,56,Truck repair shop,Friday: ['Open 24 hours']; Monday: ['Open 24 hours']; Saturday: ['Open 24 hours']; Sunday: ['Open 24 hours']; Thursday: ['Open 24 hours']; Tuesday: ['Open 24 hours']; Wednesday: ['Open 24 hours'],yes,no,1
"Big Rig Truck and Trailer Repair,LLC",+1 828-713-2086,,"528 Whispering Hills Dr, Hendersonville, NC 28791",Hendersonville,North Carolina,28791,35.386948,-82.482108,3.5,27,Truck repair shop,Friday: ['Open 24 hours']; Monday: ['Open 24 hours']; Saturday: ['Open 24 hours']; Sunday: ['Open 24 hours']; Thursday: ['Open 24 hours']; Tuesday: ['Open 24 hours']; Wednesday: ['Open 24 hours'],yes,no,1
Camping World - Hendersonville,+1 888-762-4539,https://rv.campingworld.com/dealer/hendersonville-north-carolina,"2918 N Rugby Rd, Hendersonville, NC 28791",Hendersonville,North Carolina,28791,35.4027034,-82.5152016,4.2,4230,Trailer repair shop,Friday: ['9AM-7PM']; Monday: ['9AM-7PM']; Saturday: ['9AM-6PM']; Sunday: ['11AM-5PM']; Thursday: ['9AM-7PM']; Tuesday: ['9AM-7PM']; Wednesday: ['9AM-7PM'],no,no,1
Fletcher Truck & Trailer,+1 828-333-9877,,"5707 Asheville Hwy, Hendersonville, NC 28791",Hendersonville,North Carolina,28791,35.3942083,-82.5074004,2.4,10,Truck repair shop,Friday: ['8AM-5PM']; Monday: ['8AM-5PM']; Saturday: ['Closed']; Sunday: ['Closed']; Thursday: ['8AM-5PM']; Tuesday: ['8AM-5PM']; Wednesday: ['8AM-5PM'],no,no,1
Jim Campen Trailer Sales,+1 828-684-8889,http://www.jimcampen.com/,"6037 Asheville Hwy, Hendersonville, NC 28791",Hendersonville,North Carolina,28791,35.4046781,-82.511793,4.2,85,Trailer dealer,Friday: ['8AM-5PM']; Monday: ['8AM-5PM']; Saturday: ['8AM-2PM']; Sunday: ['Closed']; Thursday: ['8AM-5PM']; Tuesday: ['8AM-5PM']; Wednesday: ['8AM-5PM'],no,no,1
Miles RV Center,+1 828-681-2002,http://www.milesrvcenter.com/,"6056 Asheville Hwy, Hendersonville, NC 28791",Hendersonville,North Carolina,28791,35.4049118,-82.5108772,4.6,425,RV dealer,Friday: ['9AM-6PM']; Monday: ['9AM-6PM']; Saturday: ['9AM-4PM']; Sunday: ['Closed']; Thursday: ['9AM-6PM']; Tuesday: ['9AM-6PM']; Wednesday: ['9AM-6PM'],no,no,1
Mountain Diesel & Heavy Equipment Repair,+1 828-691-9180,,"3265 Chimney Rock Rd, Hendersonville, NC 28792",Hendersonville,North Carolina,28792,35.3766295,-82.3899459,4.4,30,Diesel engine repair service,,no,no,1
Pisgah Truck and Trailer Repair,+1 828-771-9408,,"5707 Asheville Hwy, Hendersonville, NC 28791",Hendersonville,North Carolina,28791,35.3943067,-82.5071743,4.2,17,Truck repair shop,Friday: ['8AM-5PM']; Monday: ['8AM-5PM']; Saturday: ['8AM-5PM']; Sunday: ['Closed']; Thursday: ['8AM-5PM']; Tuesday: ['8AM-5PM']; Wednesday: ['8AM-5PM'],no,no,1
"Truck & Trailer Repair, INC",+1 828-324-7504,http://www.truckandtrailerrepair.net/,"2076 Old Shelby Rd, Hickory, NC 28602",Hickory,North Carolina,28602,35.6994171,-81.3924865,4.2,28,Truck repair shop,Friday: ['8AM-5PM']; Monday: ['8AM-5PM']; Saturday: ['Closed']; Sunday: ['Closed']; Thursday: ['8AM-5PM']; Tuesday: ['8AM-5PM']; Wednesday: ['8AM-5PM'],no,no,1
Diesel & Gasoline Performance,+1 336-866-1439,,"2600 Westchester Dr, High Point, NC 27262",High Point,North Carolina,27262,35.935162,-80.0355793,5,10,Auto repair shop,Friday: ['7AM-5PM']; Monday: ['7AM-5PM']; Saturday: ['7AM-3PM']; Sunday: ['Closed']; Thursday: ['7AM-5PM']; Tuesday: ['7AM-5PM']; Wednesday: ['7AM-5PM'],no,no,1
Diesel Kong LLC,+1 336-497-7349,https://www.facebook.com/share/15hJbzHRKT/%3Fmibextid%3DwwXIfr,"1113 Roberts Ln, High Point, NC 27260",High Point,North Carolina,27260,35.9516577,-79.9613475,5,,Truck repair shop,Thursday: ['9AM-8PM'],no,no,1
MTR abe LLC,+1 743-600-1179,,"324 N Scientific St, High Point, NC 27260",High Point,North Carolina,27260,35.981045,-79.94892,3.5,23,Diesel engine repair service,Friday: ['10AM-6PM']; Monday: ['10AM-6PM']; Saturday: ['10AM-6PM']; Sunday: ['10AM-6PM']; Thursday: ['10AM-6PM']; Tuesday: ['10AM-6PM']; Wednesday: ['10AM-6PM'],no,no,1
Paramount Truck Service,+1 336-776-0090,http://paramounttruckservice.com/,"2144 Surrett Dr, High Point, NC 27263",High Point,North Carolina,27263,35.9238223,-80.0009635,4.6,96,Truck repair shop,Friday: ['8AM-5PM']; Monday: ['8AM-5PM']; Saturday: ['Closed']; Sunday: ['Closed']; Thursday: ['8AM-5PM']; Tuesday: ['8AM-5PM']; Wednesday: ['8AM-5PM'],no,no,1
R&S auto diesel truck repair.,+1 336-669-5172,,"6022 Circle Dr Exd, High Point, NC 27263",High Point,North Carolina,27263,35.915015,-80.0114116,5,5,Mechanic,Friday: ['8AM-6PM']; Monday: ['8AM-6PM']; Saturday: ['8AM-6PM']; Sunday: ['8AM-6PM']; Thursday: ['8AM-6PM']; Tuesday: ['8AM-6PM']; Wednesday: ['8AM-6PM'],no,no,1
Ricks mobile mechanic,+1 336-689-7793,https://nextdoor.com/pages/ricks-mobile-mechanic-repair/,"2309 Geddie Pl, High Point, NC 27260",High Point,North Carolina,27260,35.9647045,-79.9652772,3.9,175,Car repair and maintenance service,Friday: ['Open 24 hours']; Monday: ['Open 24 hours']; Saturday: ['Open 24 hours']; Sunday: ['Open 24 hours']; Thursday: ['Open 24 hours']; Tuesday: ['Open 24 hours']; Wednesday: ['Open 24 hours'],yes,yes,1
Styline Diesel Service Center,+1 336-822-8222,,"1264 Jackson Lake Rd, High Point, NC 27263",High Point,North Carolina,27263,35.950178,-79.9406685,,,Diesel engine repair service,Thursday: ['7AM-3:30PM'],no,no,1
Tire Service By JLM Diesel Truck LLC,+1 240-671-8550,https://tireservicebyjlmdieseltruckllc.com/,"1512 W Green Dr, High Point, NC 27260",High Point,North Carolina,27260,35.9379582,-80.013731,4.8,20,Tire shop,Friday: ['Open 24 hours']; Monday: ['Open 24 hours']; Saturday: ['Open 24 hours']; Sunday: ['Open 24 hours']; Thursday: ['Open 24 hours']; Tuesday: ['Open 24 hours']; Wednesday: ['Open 24 hours'],yes,no,1
Micah’s Diesel Repair,+1 919-886-2566,https://www.facebook.com/profile.php%3Fid%3D61561990311823%26mibextid%3DLQQJ4d,"1304 St Marys Rd, Hillsborough, NC 27278",Hillsborough,North Carolina,27278,36.0831726,-79.0772821,5,3,Auto repair shop,,no,no,1
Ashby's Diesel,+1 910-329-1005,http://ashbysdiesel.com/,"8971 Wilmington Hwy, Holly Ridge, NC 28445",Holly Ridge,North Carolina,28445,34.5106901,-77.5318366,4.2,64,Diesel engine repair service,"Friday: ['8AM-12PM', '1-5PM']; Monday: ['9AM-12PM', '1-5PM']; Saturday: ['Closed']; Sunday: ['Closed']; Thursday: ['8AM-12PM', '1-5PM']; Tuesday: ['8AM-12PM', '1-5PM']; Wednesday: ['8AM-12PM', '1-5PM']",no,no,1
Greenline Diesel & Auto Repair,+1 910-333-3227,https://greenlinedieselperformance.com/,"2290 Wilmington Hwy, Jacksonville, NC 28540",Jacksonville,North Carolina,28540,34.7223186,-77.4779137,4.2,84,Truck repair shop,Friday: ['8AM-5:30PM']; Monday: ['8AM-5:30PM']; Saturday: ['Closed']; Sunday: ['Closed']; Thursday: ['8AM-5:30PM']; Tuesday: ['8AM-5:30PM']; Wednesday: ['8AM-5:30PM'],no,no,1
ACS Diesel & Gasoline Repair,+1 336-991-8865,,"6527 I-85BL, Jamestown, NC 27282",Jamestown,North Carolina,27282,35.9664619,-79.9281071,4.8,,Car repair and maintenance service,Thursday: ['8AM-6PM'],no,no,1
Honor Diesel Center,+1 833-344-6667,http://www.honordiesel.com/,"102 Hershey Dr, Kenly, NC 27542",Kenly,North Carolina,27542,35.5841743,-78.1500126,4.9,33,Truck repair shop,Friday: ['8AM-7PM']; Monday: ['8AM-7PM']; Saturday: ['Closed']; Sunday: ['10AM-5PM']; Thursday: ['8AM-7PM']; Tuesday: ['8AM-7PM']; Wednesday: ['8AM-7PM'],no,no,1
Competition Truck Repair,+1 336-257-8124,https://www.ctrkville.com/,"171 Fulp Rd, Kernersville, NC 27284",Kernersville,North Carolina,27284,36.138046,-80.114427,4.9,266,Truck repair shop,Friday: ['12PM-12AM']; Monday: ['12PM-12AM']; Saturday: ['Closed']; Sunday: ['Closed']; Thursday: ['12PM-12AM']; Tuesday: ['12PM-12AM']; Wednesday: ['12PM-12AM'],no,no,1
Diamond Automotive of the Triad,+1 336-992-0444,http://www.diamondautomotiveofthetriad.com/,"210 Industrial Way Dr, Kernersville, NC 27284",Kernersville,North Carolina,27284,36.1158333,-80.0563333,4.5,99,Truck repair shop,Friday: ['8AM-5PM']; Monday: ['8AM-5PM']; Saturday: ['Closed']; Sunday: ['Closed']; Thursday: ['8AM-5PM']; Tuesday: ['8AM-5PM']; Wednesday: ['8AM-5PM'],no,no,1
Diesel Domain,+1 336-708-8498,https://dieseldomain.com/,"5599 Kerwin Cir, Kernersville, NC 27284",Kernersville,North Carolina,27284,36.1368506,-80.11734,4.4,20,Truck repair shop,Friday: ['8AM-5PM']; Monday: ['8AM-5PM']; Saturday: ['9AM-4PM']; Sunday: ['Closed']; Thursday: ['8AM-5PM']; Tuesday: ['8AM-5PM']; Wednesday: ['8AM-5PM'],no,no,1
Pryor's Diesel Service,+1 336-906-2694,,"2457 W Mountain St, Kernersville, NC 27284",Kernersville,North Carolina,27284,36.1238086,-80.1459116,5,6,Truck repair shop,,no,no,1
RV Roof Greensboro,+1 336-338-7707,https://www.rvroofgreensboro.com/,"1235 S Park Dr, Kernersville, NC 27284",Kernersville,North Carolina,27284,36.103887,-80.0673335,4.9,60,RV repair shop,Friday: ['8AM-5PM']; Monday: ['8AM-5PM']; Saturday: ['Closed']; Sunday: ['Closed']; Thursday: ['8AM-5PM']; Tuesday: ['8AM-5PM']; Wednesday: ['8AM-5PM'],no,no,1
RV Specialist of the Triad LLC,,http://www.rvspecialistt.com/,"E Mountain St, Kernersville, NC 27284",Kernersville,North Carolina,27284,36.1143366,-80.0514618,3.9,27,RV repair shop,,no,no,1
Ramble Trailerworks,+1 336-559-7626,https://www.rambletrailerworks.com/,"1323 S Park Dr, Kernersville, NC 27284",Kernersville,North Carolina,27284,36.1046323,-80.0659777,5,36,RV repair shop,Friday: ['9AM-5PM']; Monday: ['9AM-5PM']; Saturday: ['Closed']; Sunday: ['Closed']; Thursday: ['9AM-5PM']; Tuesday: ['9AM-5PM']; Wednesday: ['9AM-5PM'],no,no,1
Total Diesel Repair,+1 336-450-9022,http://www.totaldieselrepairs.com/,"1202 E Mountain St, Kernersville, NC 27284",Kernersville,North Carolina,27284,36.1108329,-80.0449931,4.6,233,Truck repair shop,Friday: ['8AM-5PM']; Monday: ['8AM-5PM']; Saturday: ['Closed']; Sunday: ['Closed']; Thursday: ['8AM-5PM']; Tuesday: ['8AM-5PM']; Wednesday: ['8AM-5PM'],no,no,1
NC Elite RV Specialist,+1 336-777-6278,https://www.nceliterv.com/w,"205 Old Newsome Rd, King, NC 27021",King,North Carolina,27021,36.2621291,-80.3685146,4.2,5,RV repair shop,Friday: ['8AM-5PM']; Monday: ['8AM-5PM']; Saturday: ['Closed']; Sunday: ['Closed']; Thursday: ['8AM-5PM']; Tuesday: ['8AM-5PM']; Wednesday: ['8AM-5PM'],no,no,1
Overby's Truck and Trailer Repair - Mobile Mechanic,+1 336-813-8342,https://usmapiz.org/details/overby-s-truck-and-trailer-repair-mobile-mechanic-ChIJta9,"1156 Kentland Dr, King, NC 27021",King,North Carolina,27021,36.3370289,-80.3359979,5,24,Mechanic,Friday: ['Open 24 hours']; Monday: ['Open 24 hours']; Saturday: ['Closed']; Sunday: ['Closed']; Thursday: ['Open 24 hours']; Tuesday: ['Open 24 hours']; Wednesday: ['Open 24 hours'],yes,yes,1
Kittrell RV Repair,+1 252-432-9252,,"1172 US-1 suite 2, Kittrell, NC 27544",Kittrell,North Carolina,27544,36.2239175,-78.4434705,5,2,RV repair shop,Friday: ['9AM-5PM']; Monday: ['9AM-5PM']; Saturday: ['Closed']; Sunday: ['Closed']; Thursday: ['9AM-5PM']; Tuesday: ['9AM-5PM']; Wednesday: ['9AM-4PM'],no,no,1
Carolina Camper Works Service,+1 919-266-0667,http://carolinacamperworks.com/,"8820 Knightdale Blvd, Knightdale, NC 27545",Knightdale,North Carolina,27545,35.8033146,-78.437255,4.6,61,RV repair shop,Friday: ['9AM-6PM']; Monday: ['9AM-6PM']; Saturday: ['Closed']; Sunday: ['Closed']; Thursday: ['9AM-6PM']; Tuesday: ['9AM-6PM']; Wednesday: ['9AM-6PM'],no,no,1
Tameless Performance,+1 828-505-8195,http://tamelessperformance.com/,"2852 New Leicester Hwy, Leicester, NC 28748",Leicester,North Carolina,28748,35.6567619,-82.7024113,4.6,55,Truck repair shop,Friday: ['8AM-5PM']; Monday: ['8AM-5PM']; Saturday: ['Closed']; Sunday: ['Closed']; Thursday: ['8AM-5PM']; Tuesday: ['8AM-5PM']; Wednesday: ['8AM-5PM'],no,no,1
C&J Diesel Repair,+1 910-540-8091,,"9990 Chappell Loop Rd SE, Leland, NC 28451",Leland,North Carolina,28451,34.2191441,-78.0025305,5,2,Auto repair shop,Friday: ['8AM-5PM']; Monday: ['8AM-5PM']; Saturday: ['Closed']; Sunday: ['Closed']; Thursday: ['8AM-5PM']; Tuesday: ['8AM-5PM']; Wednesday: ['8AM-5PM'],no,no,1
Davis Diesel,+1 910-880-5879,https://www.davisdsl.com/,"9599 Ploof Rd SE, Leland, NC 28451",Leland,North Carolina,28451,34.2165862,-78.0118014,4,20,Diesel engine repair service,Friday: ['7AM-5PM']; Monday: ['7AM-5PM']; Saturday: ['Closed']; Sunday: ['Closed']; Thursday: ['7AM-5PM']; Tuesday: ['7AM-5PM']; Wednesday: ['7AM-5PM'],no,no,2
Prospect Diesel Performance,,,"9049 Industrial Blvd NE, Leland, NC 28451",Leland,North Carolina,28451,34.2727874,-78.0641539,3.7,3,Diesel engine repair service,Friday: ['9AM-6PM']; Monday: ['9AM-6PM']; Saturday: ['9AM-6PM']; Sunday: ['Closed']; Thursday: ['9AM-6PM']; Tuesday: ['9AM-6PM']; Wednesday: ['9AM-6PM'],no,no,1
ShellShock Diesel LLC,+1 910-633-8117,,"9282 Industrial Blvd NE, Leland, NC 28451",Leland,North Carolina,28451,34.2702017,-78.054985,5,9,Auto repair shop,Friday: ['8:30AM-4:30PM']; Monday: ['8:30AM-4:30PM']; Saturday: ['Closed']; Sunday: ['Closed']; Thursday: ['8:30AM-4:30PM']; Tuesday: ['8:30AM-4:30PM']; Wednesday: ['8:30AM-4:30PM'],no,no,1
Southern Boys Truck Repair,+1 910-655-4050,,"3608 Andrew Jackson Hwy NE, Leland, NC 28451",Leland,North Carolina,28451,34.285887,-78.1343313,4.9,64,Truck repair shop,Friday: ['7:30AM-4:30PM']; Monday: ['7:30AM-4:30PM']; Saturday: ['Closed']; Sunday: ['Closed']; Thursday: ['7:30AM-4:30PM']; Tuesday: ['7:30AM-4:30PM']; Wednesday: ['7:30AM-4:30PM'],no,no,1
R V Performance Specialist,+1 336-945-9944,https://rvperformancespecialist.com/,"7976 Concord Church Rd, Lewisville, NC 27023",Lewisville,North Carolina,27023,36.0882067,-80.4303875,5,13,Auto repair shop,Friday: ['Closed']; Monday: ['8AM-5:30PM']; Saturday: ['Closed']; Sunday: ['Closed']; Thursday: ['8AM-5:30PM']; Tuesday: ['8AM-5:30PM']; Wednesday: ['8AM-5:30PM'],no,no,1
Davidson Trailer Repair Inc,+1 336-357-0347,http://www.davidsontrailerrepair.com/,"1716 Jr Order Home Rd, Lexington, NC 27292",Lexington,North Carolina,27292,35.7605653,-80.2899019,4.6,40,Trailer repair shop,Friday: ['8AM-4:30PM']; Monday: ['8AM-4:30PM']; Saturday: ['Closed']; Sunday: ['Closed']; Thursday: ['8AM-4:30PM']; Tuesday: ['8AM-4:30PM']; Wednesday: ['8AM-4:30PM'],no,no,1
Grady's Truck Repair,+1 336-893-7963,,"8971 Old U.S. Hwy 52, Lexington, NC 27295",Lexington,North Carolina,27295,35.9416971,-80.2281448,4.7,40,Truck repair shop,Friday: ['9AM-5PM']; Monday: ['9AM-5PM']; Saturday: ['Closed']; Sunday: ['Closed']; Thursday: ['9AM-5PM']; Tuesday: ['9AM-5PM']; Wednesday: ['9AM-5PM'],no,no,1
North Davidson Automotive,+1 336-850-6587,https://northdavidsonautomotive.com/,"7047 Old U.S. Hwy 52, Lexington, NC 27295",Lexington,North Carolina,27295,35.9207278,-80.248781,4.9,288,Auto repair shop,Friday: ['7:30AM-6PM']; Monday: ['7:30AM-6PM']; Saturday: ['Closed']; Sunday: ['Closed']; Thursday: ['7:30AM-6PM']; Tuesday: ['7:30AM-6PM']; Wednesday: ['7:30AM-6PM'],no,no,1
"Superior Trailer Solutions, Inc.",+1 336-331-7562,http://www.superiortrailersolutions.com/,"212 Cedar Ln Dr, Lexington, NC 27292",Lexington,North Carolina,27292,35.7765388,-80.2673568,4.7,16,Trailer repair shop,Friday: ['8AM-5PM']; Monday: ['8AM-5PM']; Saturday: ['Closed']; Sunday: ['Closed']; Thursday: ['8AM-5PM']; Tuesday: ['8AM-5PM']; Wednesday: ['8AM-5PM'],no,no,1
Tesh & Sons Trailer Manufacturing,+1 336-764-0473,http://teshandsonsmfg.com/,"1370 Payne Rd, Lexington, NC 27295",Lexington,North Carolina,27295,35.9616391,-80.252209,4.5,13,Trailer dealer,Friday: ['8AM-3PM']; Monday: ['8AM-5PM']; Saturday: ['Closed']; Sunday: ['Closed']; Thursday: ['8AM-5PM']; Tuesday: ['8AM-5PM']; Wednesday: ['8AM-5PM'],no,no,1
The Trailer Doctor,+1 336-250-4703,http://thetrailerdoctor.com/,"388 Dixon St, Lexington, NC 27292",Lexington,North Carolina,27292,35.7761595,-80.3185881,4.9,16,Trailer repair shop,Friday: ['8AM-5PM']; Monday: ['8AM-5PM']; Saturday: ['Closed']; Sunday: ['Closed']; Thursday: ['8AM-5PM']; Tuesday: ['8AM-5PM']; Wednesday: ['8AM-5PM'],no,no,1
Triad RV Repair LLC,+1 336-619-0034,https://triadrvrepair.com/,"939 Welcome-Arcadia Rd, Lexington, NC 27295",Lexington,North Carolina,27295,35.914078,-80.2688133,4.8,195,RV repair shop,Friday: ['8AM-4PM']; Monday: ['8AM-5PM']; Saturday: ['Closed']; Sunday: ['Closed']; Thursday: ['8AM-5PM']; Tuesday: ['8AM-5PM']; Wednesday: ['8AM-5PM'],no,no,1
Clapp's Diesel Repair Inc.,+1 336-233-2074,,"3110 NC-62 E, Liberty, NC 27298",Liberty,North Carolina,27298,35.9666668,-79.5762952,4.2,13,Truck repair shop,Friday: ['8AM-5PM']; Monday: ['8AM-5PM']; Saturday: ['Closed']; Sunday: ['Closed']; Thursday: ['8AM-5PM']; Tuesday: ['8AM-5PM']; Wednesday: ['8AM-5PM'],no,no,1
NC Diesel Performance Truck Repair,+1 336-975-8091,https://www.ncdieselperformance.net/,"1523 Midtown Dr, Lincolnton, NC 28092",Lincolnton,North Carolina,28092,35.44395,-81.271578,4.1,35,Truck repair shop,Friday: ['8AM-5PM']; Monday: ['8AM-5PM']; Saturday: ['Closed']; Sunday: ['Closed']; Thursday: ['8AM-5PM']; Tuesday: ['8AM-5PM']; Wednesday: ['8AM-5PM'],no,no,1
TRAILER AND DIESEL REPAIR,+1 980-355-9933,,"110 Clarks Crk Rd, Lincolnton, NC 28092",Lincolnton,North Carolina,28092,35.5058099,-81.24083,4.5,91,Trailer repair shop,Friday: ['9AM-5PM']; Monday: ['9AM-5PM']; Saturday: ['9AM-5PM']; Sunday: ['Closed']; Thursday: ['9AM-5PM']; Tuesday: ['9AM-5PM']; Wednesday: ['9AM-5PM'],no,no,1
HammerDown Truck Shop,+1 919-497-7362,,"8074 2541, 2541 Laurel Mill Rd, Louisburg, NC 27549",Louisburg,North Carolina,27549,36.1896683,-78.1144291,4.3,13,Truck repair shop,Friday: ['Open 24 hours']; Monday: ['Open 24 hours']; Saturday: ['Open 24 hours']; Sunday: ['Open 24 hours']; Thursday: ['Open 24 hours']; Tuesday: ['Open 24 hours']; Wednesday: ['Open 24 hours'],yes,no,1
Cox Diesel Repair & Paint LLC,+1 336-613-9032,https://m.facebook.com/Coxautomotive/,"101 N Franklin St, Madison, NC 27025",Madison,North Carolina,27025,36.3876383,-79.9620672,5,7,Diesel engine repair service,Friday: ['8AM-6PM']; Monday: ['8AM-6PM']; Saturday: ['Closed']; Sunday: ['Closed']; Thursday: ['8AM-6PM']; Tuesday: ['8AM-6PM']; Wednesday: ['8AM-6PM'],no,no,1
Appalachian RV Repair - Parts & Service,+1 828-442-1578,http://appalachianrvrepair.com/,"5606 Nc 226 S, Marion, NC 28752",Marion,North Carolina,28752,35.6425898,-81.9335536,4.8,160,RV repair shop,Friday: ['8AM-5PM']; Monday: ['8AM-5PM']; Saturday: ['Closed']; Sunday: ['Closed']; Thursday: ['8AM-5PM']; Tuesday: ['8AM-5PM']; Wednesday: ['8AM-5PM'],no,no,1
McCurry's Diesel Roadside Repair LLC,+1 828-460-4357,https://www.mccurrys-diesel-roadside-repair-llc.com/,"245 Grassy Hollow Dr, Marion, NC 28752",Marion,North Carolina,28752,35.5550897,-82.0091106,4.6,54,Repair service,Friday: ['Open 24 hours']; Monday: ['Open 24 hours']; Saturday: ['Open 24 hours']; Sunday: ['Open 24 hours']; Thursday: ['Open 24 hours']; Tuesday: ['Open 24 hours']; Wednesday: ['Open 24 hours'],yes,no,1
Big Trav's Mobile Auto Repair & HD Diesel Repair LLC,+1 336-772-6268,,"5305 McLeansville Rd, McLeansville, NC 27301",McLeansville,North Carolina,27301,36.0982202,-79.6693088,4.6,36,Truck repair shop,Friday: ['9AM-6PM']; Monday: ['9AM-6PM']; Saturday: ['9AM-5PM']; Sunday: ['10AM-3PM']; Thursday: ['9AM-6PM']; Tuesday: ['9AM-6PM']; Wednesday: ['9AM-6PM'],no,yes,1
JWM Truck and Trailer Repair,+1 336-514-5630,,"6413 US-70, Mebane, NC 27302",Mebane,North Carolina,27302,36.0871481,-79.2290126,4.8,37,Truck repair shop,Friday: ['Open 24 hours']; Monday: ['Open 24 hours']; Saturday: ['Open 24 hours']; Sunday: ['Open 24 hours']; Thursday: ['Open 24 hours']; Tuesday: ['Open 24 hours']; Wednesday: ['Open 24 hours'],yes,no,1
Sharp Mobile Truck Repair,+1 336-524-5796,,"136 Holly Ridge Ln, Mebane, NC 27302",Mebane,North Carolina,27302,36.0763931,-79.2851716,4.8,,Truck repair shop,Thursday: ['Open 24 hours'],yes,yes,1
South Hill Diesel,,,"125 N Gibson Rd, Mebane, NC 27302",Mebane,North Carolina,27302,36.0950913,-79.3078546,5,12,Diesel engine repair service,,no,no,1
TA Truck Service,+1 919-304-7478,https://www.ta-petro.com/,"500 Buckhorn Rd, Mebane, NC 27302",Mebane,North Carolina,27302,36.0773815,-79.2287451,3.7,303,Truck repair shop,Friday: ['6AM-11PM']; Monday: ['6AM-11PM']; Saturday: ['6AM-11PM']; Sunday: ['6AM-11PM']; Thursday: ['6AM-11PM']; Tuesday: ['6AM-11PM']; Wednesday: ['6AM-11PM'],no,no,1
United Diesel Inc,+1 919-563-8840,https://uniteddieselnc.com/,"514 Mattress Factory Rd, Mebane, NC 27302",Mebane,North Carolina,27302,36.0854196,-79.2460292,4.6,40,Truck repair shop,Friday: ['7AM-5PM']; Monday: ['7AM-5PM']; Saturday: ['Closed']; Sunday: ['Closed']; Thursday: ['7AM-5PM']; Tuesday: ['7AM-5PM']; Wednesday: ['7AM-5PM'],no,no,1
Reese Trailer Sales,+1 828-684-3996,https://www.reesetrailers.com/,"73 Oren Dr, Mills River, NC 28759",Mills River,North Carolina,28759,35.4077327,-82.5547734,4.7,136,Trailer repair shop,Friday: ['8AM-5PM']; Monday: ['8AM-5PM']; Saturday: ['8AM-12PM']; Sunday: ['Closed']; Thursday: ['8AM-5PM']; Tuesday: ['8AM-5PM']; Wednesday: ['8AM-5PM'],no,no,1
ECO Diesel Dynamics (By Appt. Only),+1 704-999-5509,https://ecodieseldynamics.com/,"482 Cana Rd, Mocksville, NC 27028",Mocksville,North Carolina,27028,35.9499609,-80.5869008,5,19,Diesel engine repair service,,no,no,1
Mid Carolina Diesel,+1 336-753-1832,https://midcarolinadiesel.com/,"108 Evans Rd, Mocksville, NC 27028",Mocksville,North Carolina,27028,35.9188301,-80.5950208,4.4,14,Diesel engine repair service,Friday: ['8AM-4PM']; Monday: ['8AM-4PM']; Saturday: ['Closed']; Sunday: ['Closed']; Thursday: ['8AM-4PM']; Tuesday: ['8AM-4PM']; Wednesday: ['8AM-4PM'],no,no,1
TA Travel Center,+1 336-751-3815,https://www.ta-petro.com/location/nc/ta-mocksville,"1670 U.S. Hwy 601 N, Mocksville, NC 27028",Mocksville,North Carolina,27028,35.9251466,-80.5917963,4,1285,Truck repair shop,Friday: ['Open 24 hours']; Monday: ['Open 24 hours']; Saturday: ['Open 24 hours']; Sunday: ['Open 24 hours']; Thursday: ['Open 24 hours']; Tuesday: ['Open 24 hours']; Wednesday: ['Open 24 hours'],yes,no,1
William Trailer Care,+1 252-286-1915,,"679 Maysville School Rd, Mt Olive, NC 28365",Mt Olive,North Carolina,28365,35.107338,-78.004872,,,Trailer repair shop,Friday: ['9AM-5PM']; Monday: ['9AM-5PM']; Saturday: ['9AM-5PM']; Sunday: ['Closed']; Thursday: ['9AM-5PM']; Tuesday: ['9AM-5PM']; Wednesday: ['9AM-5PM'],no,no,1
JR’s Truck & Trailer Repair,+1 336-452-2000,,"1574 Mountain View Rd, North Wilkesboro, NC 28659",North Wilkesboro,North Carolina,28659,36.2100633,-81.133246,4.5,26,Truck repair shop,Friday: ['Open 24 hours']; Monday: ['Open 24 hours']; Saturday: ['Open 24 hours']; Sunday: ['Open 24 hours']; Thursday: ['Open 24 hours']; Tuesday: ['Open 24 hours']; Wednesday: ['Open 24 hours'],yes,no,1
Huff Auto & Diesel Repair Services,+1 919-725-8117,,"3233 Sam Usry Rd, Oxford, NC 27565",Oxford,North Carolina,27565,36.2198409,-78.5953578,5,12,Mechanic,Friday: ['8AM-5PM']; Monday: ['8AM-5PM']; Saturday: ['9AM-12PM']; Sunday: ['Closed']; Thursday: ['8AM-5PM']; Tuesday: ['8AM-5PM']; Wednesday: ['8AM-5PM'],no,no,1
"Tar Heel Mobile RV Service ,LLC",+1 336-368-0190,http://tarheelmobilervservice.com/,"111 E 52 Bypass, Pilot Mountain, NC 27041",Pilot Mountain,North Carolina,27041,36.3898044,-80.4650047,4.6,83,RV repair shop,Friday: ['8AM-5PM']; Monday: ['8AM-5PM']; Saturday: ['Closed']; Sunday: ['Closed']; Thursday: ['8AM-5PM']; Tuesday: ['8AM-5PM']; Wednesday: ['8AM-5PM'],no,yes,1
Goats RV Repairs,+1 336-337-6380,http://goatsrvrepairs.com/,"1581 Old Winston Rd, Pinnacle, NC 27043",Pinnacle,North Carolina,27043,36.3505732,-80.4426047,5,45,RV repair shop,Friday: ['8AM-5PM']; Monday: ['8AM-5PM']; Saturday: ['Closed']; Sunday: ['Closed']; Thursday: ['8AM-5PM']; Tuesday: ['8AM-5PM']; Wednesday: ['8AM-5PM'],no,no,1
Carolina Diesel Repair,+1 336-674-2444,,"4620 Pleasant Garden Rd, Pleasant Garden, NC 27313",Pleasant Garden,North Carolina,27313,35.9695832,-79.7653382,4.7,10,Engine rebuilding service,Friday: ['7AM-12PM']; Monday: ['8AM-4PM']; Saturday: ['Closed']; Sunday: ['Closed']; Thursday: ['8AM-4PM']; Tuesday: ['8AM-4PM']; Wednesday: ['8AM-4PM'],no,no,1
A & J Automotive,+1 919-230-0933,https://mainstreetauto.com/location/aj-automotive/,"5001 Departure Dr D, Raleigh, NC 27616",Raleigh,North Carolina,27616,35.849717,-78.5964002,4.8,503,Auto repair shop,Friday: ['8AM-5:30PM']; Monday: ['8AM-5:30PM']; Saturday: ['Closed']; Sunday: ['Closed']; Thursday: ['8AM-5:30PM']; Tuesday: ['8AM-5:30PM']; Wednesday: ['8AM-5:30PM'],no,no,1
AFC Upholstery,+1 919-828-7771,https://afcupholstery.com/,"817 New Bern Ave #1, Raleigh, NC 27601",Raleigh,North Carolina,27601,35.7803078,-78.6260349,4.8,181,Upholstery shop,Friday: ['8AM-9PM']; Monday: ['8AM-9PM']; Saturday: ['8AM-9PM']; Sunday: ['10AM-9PM']; Thursday: ['8AM-9PM']; Tuesday: ['8AM-9PM']; Wednesday: ['8AM-9PM'],no,no,1
AJ's Mobile Mechanics Raleigh,,,"414 Buck Jones Rd, Raleigh, NC 27606",Raleigh,North Carolina,27606,35.778814,-78.7329631,4.2,6,Mechanic,,no,yes,1
Alliance Auto & Truck repair,+1 919-758-0446,,"1015 Corporation Pkwy, Raleigh, NC 27610",Raleigh,North Carolina,27610,35.7910903,-78.5709523,4,4,Auto repair shop,Friday: ['Open 24 hours']; Monday: ['Open 24 hours']; Saturday: ['Open 24 hours']; Sunday: ['Closed']; Thursday: ['Open 24 hours']; Tuesday: ['Open 24 hours']; Wednesday: ['Open 24 hours'],yes,no,1
Allied Trailers Sales & Rental,+1 919-789-8203,http://alliedtrailers.com/,"5812 Lease Ln, Raleigh, NC 27617",Raleigh,North Carolina,27617,35.8956341,-78.7435125,5,1,Trailer rental service,Friday: ['8AM-5PM']; Monday: ['8AM-5PM']; Saturday: ['Closed']; Sunday: ['Closed']; Thursday: ['8AM-5AM']; Tuesday: ['8AM-5PM']; Wednesday: ['8AM-5PM'],no,no,1
Atlantic Auto and Diesel LLC,+1 919-815-0432,https://www.atlanticautodiesel.com/,"3820 Opportunity Ln, Raleigh, NC 27603",Raleigh,North Carolina,27603,35.6610414,-78.7062094,4.9,29,Diesel engine repair service,Friday: ['8AM-5PM']; Monday: ['8AM-5PM']; Saturday: ['Closed']; Sunday: ['Closed']; Thursday: ['8AM-5PM']; Tuesday: ['8AM-5PM']; Wednesday: ['8AM-5PM'],no,no,1
Auto Specialties Inc,+1 919-779-6722,,"925 Grovemont Rd, Raleigh, NC 27603",Raleigh,North Carolina,27603,35.709563,-78.6560041,5,21,Auto repair shop,Friday: ['7AM-7PM']; Monday: ['7AM-7PM']; Saturday: ['Closed']; Sunday: ['Closed']; Thursday: ['7AM-7PM']; Tuesday: ['7AM-7PM']; Wednesday: ['7AM-7PM'],no,no,1
Barbour's Towing & Truck Repair,+1 919-790-3827,https://barbourstowing.com/,"300 S Rogers Ln, Raleigh, NC 27610",Raleigh,North Carolina,27610,35.7730536,-78.554027,4.3,1095,Truck repair shop,Friday: ['Open 24 hours']; Monday: ['Open 24 hours']; Saturday: ['Open 24 hours']; Sunday: ['Open 24 hours']; Thursday: ['Open 24 hours']; Tuesday: ['Open 24 hours']; Wednesday: ['Open 24 hours'],yes,no,2
Baskerville Mobile Auto Repair,+1 434-321-7999,,"Raleigh, NC 27616",Raleigh,North Carolina,27616,35.8774409,-78.5547283,4.5,13,Auto repair shop,Friday: ['7AM-12AM']; Monday: ['7AM-10PM']; Saturday: ['7AM-12AM']; Sunday: ['7AM-12AM']; Thursday: ['7AM-10PM']; Tuesday: ['7AM-10PM']; Wednesday: ['7AM-10PM'],no,yes,1
Beard RV,+1 919-550-0082,http://www.beardrv.com/,"5317 Fayetteville Rd, Raleigh, NC 27603",Raleigh,North Carolina,27603,35.707059,-78.6594262,4.7,155,Trailer repair shop,Friday: ['8:30AM-6PM']; Monday: ['8:30AM-6PM']; Saturday: ['8:30AM-6PM']; Sunday: ['Closed']; Thursday: ['8:30AM-6PM']; Tuesday: ['8:30AM-6PM']; Wednesday: ['8:30AM-6PM'],no,no,1
Benchmark Autoworks,+1 919-664-8009,http://www.benchmarkautoworks.com/,"227 W Davie St, Raleigh, NC 27601",Raleigh,North Carolina,27601,35.7754459,-78.64343,4.7,196,Auto repair shop,Friday: ['8:30AM-5PM']; Monday: ['8:30AM-5PM']; Saturday: ['Closed']; Sunday: ['Closed']; Thursday: ['8:30AM-5PM']; Tuesday: ['8:30AM-5PM']; Wednesday: ['8:30AM-5PM'],no,no,1
Black's Tire & Auto Service,+1 919-872-8800,https://www.blackstire.com/Contact/Contact-A-Location/Mode/28/4201-Capital-Blvd-Raleigh-NC-27604/details,"4201 Capital Blvd, Raleigh, NC 27604",Raleigh,North Carolina,27604,35.8381234,-78.5814877,4.7,905,Tire shop,Friday: ['7:30AM-5:30PM']; Monday: ['7:30AM-5:30PM']; Saturday: ['7:30AM-1PM']; Sunday: ['Closed']; Thursday: ['7:30AM-5:30PM']; Tuesday: ['7:30AM-5:30PM']; Wednesday: ['7:30AM-5:30PM'],no,no,1
Blows Auto Care,+1 919-591-6543,http://blowsautocare.com/,"5201 Sinclair Dr, Raleigh, NC 27616",Raleigh,North Carolina,27616,35.861789,-78.5506494,4.4,136,Mechanic,Friday: ['Open 24 hours']; Monday: ['Open 24 hours']; Saturday: ['Open 24 hours']; Sunday: ['Open 24 hours']; Thursday: ['Open 24 hours']; Tuesday: ['Open 24 hours']; Wednesday: ['Open 24 hours'],yes,no,1
Blue Compass RV Raleigh,+1 919-231-8710,https://www.bluecompassrv.com/locations/north-carolina/raleigh%3Futm_source%3Dgoogle-gmb%26utm_medium%3Dorganic%26utm_campaign%3Draleigh,"4208 New Bern Ave, Raleigh, NC 27610",Raleigh,North Carolina,27610,35.7981203,-78.5653276,4.5,941,RV repair shop,Friday: ['8:30AM-6PM']; Monday: ['8:30AM-6PM']; Saturday: ['8:30AM-5PM']; Sunday: ['11AM-4PM']; Thursday: ['8:30AM-6PM']; Tuesday: ['8:30AM-6PM']; Wednesday: ['8:30AM-6PM'],no,no,1
Brisbon Automotive,+1 984-209-4595,https://www.brisbonauto.com/,"6508 Mt Herman Rd, Raleigh, NC 27617",Raleigh,North Carolina,27617,35.9098383,-78.7695472,4.9,30,Truck repair shop,Friday: ['8AM-5PM']; Monday: ['8AM-5PM']; Saturday: ['Closed']; Sunday: ['Closed']; Thursday: ['8AM-5PM']; Tuesday: ['8AM-5PM']; Wednesday: ['8AM-5PM'],no,no,1
Bryan's Auto Repair,+1 919-791-7841,https://m.facebook.com/bryanbryansautorepair/,"306 Sherwee Dr, Raleigh, NC 27603",Raleigh,North Carolina,27603,35.7337775,-78.6457103,4.4,165,Auto repair shop,Friday: ['9AM-7PM']; Monday: ['9AM-7PM']; Saturday: ['9AM-7PM']; Sunday: ['Closed']; Thursday: ['9AM-7PM']; Tuesday: ['9AM-7PM']; Wednesday: ['9AM-7PM'],no,no,1
"Capital City Customs, Inc.",+1 919-772-3005,https://www.capitalcitycustomsinc.com/,"7625 Lake Wheeler Rd, Raleigh, NC 27603",Raleigh,North Carolina,27603,35.6764554,-78.7011991,4,5,RV repair shop,Friday: ['9AM-5PM']; Monday: ['9AM-5PM']; Saturday: ['Closed']; Sunday: ['Closed']; Thursday: ['9AM-5PM']; Tuesday: ['9AM-5PM']; Wednesday: ['9AM-5PM'],no,no,1
Choice Auto Repair,+1 919-233-0033,https://choiceautorepair.com/,"500 Nowell Rd, Raleigh, NC 27607",Raleigh,North Carolina,27607,35.7881009,-78.7332415,4.8,514,Auto repair shop,Friday: ['8AM-5:30PM']; Monday: ['8AM-5:30PM']; Saturday: ['Closed']; Sunday: ['Closed']; Thursday: ['8AM-5:30PM']; Tuesday: ['8AM-5:30PM']; Wednesday: ['8AM-5:30PM'],no,no,1
"City of Raleigh: Vehicle Fleet Services, Heavy Equipment Shop - Parts Dept.",+1 919-996-5633,https://raleighnc.gov/vehicle-fleet-services,"4120 New Bern Ave Office# 121, Raleigh, NC 27610",Raleigh,North Carolina,27610,35.7953215,-78.565977,,,Local government office,Friday: ['6:30AM-3PM']; Monday: ['6:30AM-3PM']; Saturday: ['Closed']; Sunday: ['Closed']; Thursday: ['6:30AM-3PM']; Tuesday: ['6:30AM-3PM']; Wednesday: ['6:30AM-3PM'],no,no,1
Classic Collision,+1 919-250-9422,https://classiccollision.com/locations/classic-collision-south-rogers/,"301 S Rogers Ln, Raleigh, NC 27610",Raleigh,North Carolina,27610,35.7720829,-78.5538091,4.9,210,Auto body shop,Friday: ['7:30AM-5:30PM']; Monday: ['7:30AM-5:30PM']; Saturday: ['8AM-12PM']; Sunday: ['Closed']; Thursday: ['7:30AM-5:30PM']; Tuesday: ['7:30AM-5:30PM']; Wednesday: ['7:30AM-5:30PM'],no,no,1
Colony Tire and Service,+1 919-615-2665,https://colonytire.com/locations/raleigh-north-carolina/,"3116 Capital Blvd, Raleigh, NC 27604",Raleigh,North Carolina,27604,35.8222456,-78.5875654,4.7,50,Truck repair shop,Friday: ['7:30AM-5PM']; Monday: ['7:30AM-5PM']; Saturday: ['Closed']; Sunday: ['Closed']; Thursday: ['7:30AM-5PM']; Tuesday: ['7:30AM-5PM']; Wednesday: ['7:30AM-5PM'],no,no,1
Cycle Gear,+1 919-329-7858,https://www.cyclegear.com/stores/cycle-gear-raleigh-north-carolina-store-53,"336 Tryon Rd, Raleigh, NC 27603",Raleigh,North Carolina,27603,35.7316923,-78.649641,4.8,2540,Motorcycle shop,Friday: ['10AM-8PM']; Monday: ['10AM-8PM']; Saturday: ['10AM-7PM']; Sunday: ['10AM-7PM']; Thursday: ['10AM-8PM']; Tuesday: ['10AM-8PM']; Wednesday: ['10AM-8PM'],no,no,1
Dale's Welding Service,+1 919-872-6969,http://www.daleswelding.com/,"7352 Berkshire Downs Dr, Raleigh, NC 27616",Raleigh,North Carolina,27616,35.8768682,-78.5560925,5,5,Welder,Friday: ['9AM-5PM']; Monday: ['9AM-5PM']; Saturday: ['Closed']; Sunday: ['Closed']; Thursday: ['9AM-5PM']; Tuesday: ['9AM-5PM']; Wednesday: ['9AM-5PM'],no,no,1
Dixon Fleet Services,+1 919-501-8055,https://www.dixonfleetservices.com/,"4801 Glenwood Ave Ste 200, Raleigh, NC 27612",Raleigh,North Carolina,27612,35.843023,-78.6822368,3.6,13,Truck repair shop,Friday: ['Open 24 hours']; Monday: ['Open 24 hours']; Saturday: ['Open 24 hours']; Sunday: ['Open 24 hours']; Thursday: ['Open 24 hours']; Tuesday: ['Open 24 hours']; Wednesday: ['Open 24 hours'],yes,no,1
Duty Tire & Service Center,+1 919-772-6100,https://www.dutytire.net/,"405 Tryon Rd, Raleigh, NC 27603",Raleigh,North Carolina,27603,35.7308361,-78.6522426,4.6,223,Auto repair shop,Friday: ['7:30AM-5:30PM']; Monday: ['7:30AM-5:30PM']; Saturday: ['7:30AM-1PM']; Sunday: ['Closed']; Thursday: ['7:30AM-5:30PM']; Tuesday: ['7:30AM-5:30PM']; Wednesday: ['7:30AM-5:30PM'],no,no,1
East Coast Fleet Service,+1 919-344-0683,https://eastcoastfleetservice.com/,"100 Rupert Rd, Raleigh, NC 27603",Raleigh,North Carolina,27603,35.7164764,-78.6645475,5,45,Truck repair shop,Friday: ['Open 24 hours']; Monday: ['Open 24 hours']; Saturday: ['Open 24 hours']; Sunday: ['Open 24 hours']; Thursday: ['Open 24 hours']; Tuesday: ['Open 24 hours']; Wednesday: ['Open 24 hours'],yes,no,1
East Coast Towing,+1 919-858-2715,https://eastcoasttowing.com/,"100 Rupert Rd, Raleigh, NC 27603",Raleigh,North Carolina,27603,35.7164742,-78.6646545,4.8,1607,Towing service,Friday: ['Open 24 hours']; Monday: ['Open 24 hours']; Saturday: ['Open 24 hours']; Sunday: ['Open 24 hours']; Thursday: ['Open 24 hours']; Tuesday: ['Open 24 hours']; Wednesday: ['Open 24 hours'],yes,no,1
Epic Auto Center,+1 919-876-3533,https://epicautocenter.com/,"2617 Rowland Rd Ste 114, Raleigh, NC 27615",Raleigh,North Carolina,27615,35.8780176,-78.5931743,4.8,261,Auto repair shop,Friday: ['8AM-5PM']; Monday: ['8AM-5PM']; Saturday: ['Closed']; Sunday: ['Closed']; Thursday: ['8AM-5PM']; Tuesday: ['8AM-5PM']; Wednesday: ['8AM-5PM'],no,no,1
Ervin Rigsbee,+1 919-625-0220,,"Raleigh, NC 27605",Raleigh,North Carolina,27605,35.7927535,-78.6541248,,,Trailer dealer,Friday: ['8AM-5:30PM']; Monday: ['8AM-5:30PM']; Saturday: ['8AM-12PM']; Sunday: ['Closed']; Thursday: ['8AM-5:30PM']; Tuesday: ['8AM-5:30PM']; Wednesday: ['8AM-5:30PM'],no,no,1
Euro Motors,+1 919-743-3356,https://www.euromotorsdowntown.com/,"2407 Paula St D, Raleigh, NC 27608",Raleigh,North Carolina,27608,35.8133261,-78.6255021,4.7,172,Auto repair shop,Friday: ['10AM-6PM']; Monday: ['10AM-6PM']; Saturday: ['Closed']; Sunday: ['Closed']; Thursday: ['10AM-6PM']; Tuesday: ['10AM-6PM']; Wednesday: ['10AM-6PM'],no,no,1
Euromotion,+1 984-217-3141,https://euro-motion.com/%3Futm_campaign%3Dgmb,"981 Trinity Rd, Raleigh, NC 27607",Raleigh,North Carolina,27607,35.791866,-78.7522478,4.7,234,Auto repair shop,Friday: ['8AM-5PM']; Monday: ['8AM-5PM']; Saturday: ['Closed']; Sunday: ['Closed']; Thursday: ['8AM-5PM']; Tuesday: ['8AM-5PM']; Wednesday: ['8AM-5PM'],no,no,1
Express Mobile Mechanic,+1 919-986-0547,https://www.expmobilemechanic.com/contact-us,"3922 Western Blvd, Raleigh, NC 27606",Raleigh,North Carolina,27606,35.7861093,-78.6917681,4.2,5,Mechanical engineer,Friday: ['Open 24 hours']; Monday: ['Open 24 hours']; Saturday: ['Open 24 hours']; Sunday: ['Closed']; Thursday: ['Open 24 hours']; Tuesday: ['Open 24 hours']; Wednesday: ['Open 24 hours'],yes,yes,1
Extra Space Storage,+1 919-263-2461,https://www.extraspace.com/storage/facilities/us/north_carolina/raleigh/4027/%3Fcid%3Dorg::maps%26utm_source%3Dgoogle%26utm_medium%3Dorganic%26utm_campaign%3Dorg::maps,"410 W South St, Raleigh, NC 27601",Raleigh,North Carolina,27601,35.772729,-78.6454488,4.9,649,Self-storage facility,Friday: ['6AM-10PM']; Monday: ['6AM-10PM']; Saturday: ['6AM-10PM']; Sunday: ['6AM-10PM']; Thursday: ['6AM-10PM']; Tuesday: ['6AM-10PM']; Wednesday: ['6AM-10PM'],no,no,1
Exxon,,https://www.exxonmobilfuels.com/en/find-gas-station/200312527,"1709 Lake Wheeler Rd, Raleigh, NC 27603",Raleigh,North Carolina,27603,35.7601744,-78.6610229,3.7,142,Gas station,Friday: ['Open 24 hours']; Monday: ['Open 24 hours']; Saturday: ['Open 24 hours']; Sunday: ['Open 24 hours']; Thursday: ['Open 24 hours']; Tuesday: ['Open 24 hours']; Wednesday: ['Open 24 hours'],yes,no,1
Firestone Complete Auto Care,+1 919-805-3461,https://www.firestonecompleteautocare.com/north-carolina/raleigh/6000-glenwood-ave/%3Futm_source%3Dgoogle%26utm_medium%3Dorganic%26utm_campaign%3Dlocalmaps%26cmp%3Doloc_google_localmaps_maps,"6000 Glenwood Ave, Raleigh, NC 27612",Raleigh,North Carolina,27612,35.854853,-78.6997534,4,502,Tire shop,Friday: ['7AM-7PM']; Monday: ['7AM-7PM']; Saturday: ['7AM-6PM']; Sunday: ['8AM-5PM']; Thursday: ['7AM-7PM']; Tuesday: ['7AM-7PM']; Wednesday: ['7AM-7PM'],no,no,1
Full Throttle Towing,+1 984-204-6239,https://fullthrottletowing.xyz/,"600 Wade Ave, Raleigh, NC 27605",Raleigh,North Carolina,27605,35.7970733,-78.6499771,4.7,30,Towing service,Friday: ['Open 24 hours']; Monday: ['Open 24 hours']; Saturday: ['Open 24 hours']; Sunday: ['Open 24 hours']; Thursday: ['Open 24 hours']; Tuesday: ['Open 24 hours']; Wednesday: ['Open 24 hours'],yes,no,1
Go Slow Tow,+1 919-779-7717,http://www.goslowtow.com/,"7324 Fayetteville Rd, Raleigh, NC 27603",Raleigh,North Carolina,27603,35.6734504,-78.6907348,5,13,Trailer rental service,Friday: ['9AM-6PM']; Monday: ['9AM-6PM']; Saturday: ['9AM-4PM']; Sunday: ['Closed']; Thursday: ['9AM-6PM']; Tuesday: ['9AM-6PM']; Wednesday: ['Closed'],no,no,1
Gower's Brake & Alignment,+1 919-834-5909,https://gowersbrakeandalignment.com/,"2720 S Saunders St, Raleigh, NC 27603",Raleigh,North Carolina,27603,35.7435493,-78.6495568,4.9,310,Auto repair shop,Friday: ['8AM-5:30PM']; Monday: ['8AM-5:30PM']; Saturday: ['Closed']; Sunday: ['Closed']; Thursday: ['8AM-5:30PM']; Tuesday: ['8AM-5:30PM']; Wednesday: ['8AM-5:30PM'],no,no,1
"Gregory Poole Equipment Company - Raleigh, NC",+1 984-833-3610,https://www.gregorypoole.com/sales-reps-locations/locations/raleigh-north-carolina/%3Futm_source%3Dgoogle%26utm_medium%3Dorganic%26utm_campaign%3Dgmb%26utm_content%3Draleigh,"4807 Beryl Rd, Raleigh, NC 27606",Raleigh,North Carolina,27606,35.793284,-78.7069221,4,59,Equipment rental agency,Friday: ['7:30AM-5PM']; Monday: ['7:30AM-5PM']; Saturday: ['Closed']; Sunday: ['Closed']; Thursday: ['7:30AM-5PM']; Tuesday: ['7:30AM-5PM']; Wednesday: ['7:30AM-5PM'],no,no,1
HRT Performance,+1 919-833-8671,http://www.hausermachine.com/,"4500 Preslyn Dr D, Raleigh, NC 27616",Raleigh,North Carolina,27616,35.8933121,-78.5706447,4.3,6,Auto machine shop,Friday: ['8AM-5PM']; Monday: ['8AM-5PM']; Saturday: ['Closed']; Sunday: ['Closed']; Thursday: ['8AM-5PM']; Tuesday: ['8AM-5PM']; Wednesday: ['8AM-5PM'],no,no,1
Herc Rentals,+1 919-834-2527,https://www.hercrentals.com/locations/north-carolina/raleigh/raleigh.html%3Futm_source%3DGMB%26utm_medium%3Dorganic%26utm_campaign%3DRaleigh-NC-9325-USA,"1409 Capital Blvd, Raleigh, NC 27603",Raleigh,North Carolina,27603,35.8015337,-78.6329404,4.5,39,Equipment rental agency,Friday: ['7AM-5PM']; Monday: ['7AM-5PM']; Saturday: ['Closed']; Sunday: ['Closed']; Thursday: ['7AM-5PM']; Tuesday: ['7AM-5PM']; Wednesday: ['7AM-5PM'],no,no,1
Holmes Mobile Tire & Battery Service,+1 919-414-5353,http://www.holmesroadside.com/,"417 Habitat Ct, Raleigh, NC 27610",Raleigh,North Carolina,27610,35.769782,-78.5969797,4.8,150,Tire shop,Friday: ['Open 24 hours']; Monday: ['Open 24 hours']; Saturday: ['Open 24 hours']; Sunday: ['Open 24 hours']; Thursday: ['Open 24 hours']; Tuesday: ['Open 24 hours']; Wednesday: ['Open 24 hours'],yes,yes,1
Inland Boat Company,+1 919-401-6073,https://www.inlandboatcompany.com/%3Futm_source%3Dgoogle%26utm_medium%3Dorganic%26utm_campaign%3Draleigh_google_business_profile,"8801 Creedmoor Rd #1819, Raleigh, NC 27615",Raleigh,North Carolina,27615,35.9135724,-78.6822919,4.9,274,Boat dealer,Friday: ['10AM-6PM']; Monday: ['Closed']; Saturday: ['9AM-3PM']; Sunday: ['Closed']; Thursday: ['10AM-6PM']; Tuesday: ['10AM-6PM']; Wednesday: ['10AM-6PM'],no,no,1
JD's Roadside Assistance,,https://jim.com/a/jim_jds-roadside-assista%3Fpreview%3Dtrue%26app_version%3D1.3.49,"837 Genford Ct, Raleigh, NC 27609",Raleigh,North Carolina,27609,35.8684985,-78.649264,4.9,189,Car repair and maintenance service,Friday: ['Open 24 hours']; Monday: ['Open 24 hours']; Saturday: ['Open 24 hours']; Sunday: ['Open 24 hours']; Thursday: ['Open 24 hours']; Tuesday: ['Open 24 hours']; Wednesday: ['Open 24 hours'],yes,no,1
Jay's Heavy Duty Repair and Towing,+1 919-977-0897,https://jaysheavyduty.com/%3Futm_source%3Domg-gbp%26utm_medium%3Dwebclick,"3805 Opportunity Ln, Raleigh, NC 27603",Raleigh,North Carolina,27603,35.660205,-78.7047084,4.8,20,Truck repair shop,Friday: ['Open 24 hours']; Monday: ['Open 24 hours']; Saturday: ['Open 24 hours']; Sunday: ['Open 24 hours']; Thursday: ['Open 24 hours']; Tuesday: ['Open 24 hours']; Wednesday: ['Open 24 hours'],yes,no,1
Joseph Motors Inc,+1 919-661-2886,https://www.josephmotorsnc.com/,"8300 Fayetteville Rd, Raleigh, NC 27603",Raleigh,North Carolina,27603,35.6622102,-78.7033199,4.9,64,Used truck dealer,Friday: ['9AM-6PM']; Monday: ['9AM-6PM']; Saturday: ['Closed']; Sunday: ['Closed']; Thursday: ['9AM-6PM']; Tuesday: ['9AM-6PM']; Wednesday: ['9AM-6PM'],no,no,1
Julian's Auto,+1 919-454-8196,,"1804 Gorman St, Raleigh, NC 27606",Raleigh,North Carolina,27606,35.7746409,-78.6894918,5,39,Mechanic,Friday: ['9AM-5PM']; Monday: ['9AM-5PM']; Saturday: ['9AM-5PM']; Sunday: ['Closed']; Thursday: ['9AM-5PM']; Tuesday: ['9AM-5PM']; Wednesday: ['9AM-5PM'],no,no,1
Leo Tires,+1 919-828-7046,https://instagram.com/1616leotireshop%3Figshid%3DYmMyMTA2M2Y%3D,"1616 Automotive Way, Raleigh, NC 27604",Raleigh,North Carolina,27604,35.8003129,-78.6233712,3.8,235,Tire shop,Friday: ['8AM-5:30PM']; Monday: ['8AM-5:30PM']; Saturday: ['8AM-4PM']; Sunday: ['9AM-5PM']; Thursday: ['8AM-5:30PM']; Tuesday: ['8AM-5:30PM']; Wednesday: ['8AM-5:30PM'],no,no,1
Leonard Truck Outfitters,+1 919-872-4442,http://leonardusa.com/,"4239 Capital Blvd, Raleigh, NC 27604",Raleigh,North Carolina,27604,35.8399678,-78.5806836,4.7,358,Trailer repair shop,Friday: ['8AM-6:30PM']; Monday: ['8AM-6:30PM']; Saturday: ['9AM-3PM']; Sunday: ['Closed']; Thursday: ['8AM-6:30PM']; Tuesday: ['8AM-6:30PM']; Wednesday: ['8AM-6:30PM'],no,no,1
Leonard Truck Outfitters,+1 919-329-7324,http://leonardusa.com/,"5226 Fayetteville Rd, Raleigh, NC 27603",Raleigh,North Carolina,27603,35.7097435,-78.6599138,4.8,248,Trailer repair shop,Friday: ['9AM-6PM']; Monday: ['9AM-6PM']; Saturday: ['Closed']; Sunday: ['Closed']; Thursday: ['9AM-6PM']; Tuesday: ['9AM-6PM']; Wednesday: ['9AM-6PM'],no,no,1
Lilley International Service Center,+1 919-832-5871,https://lilleyinternational.com/semi-truck-repair-diesel-engine-raleigh-nc/%3Futm_source%3DGMB%26utm_medium%3Dorganic%26utm_campaign%3Draleigh-service-center%26utm_content%3Dlisting,"1526 S Blount St, Raleigh, NC 27603",Raleigh,North Carolina,27603,35.7581484,-78.6379832,4.2,5,Truck repair shop,Friday: ['7:30AM-5PM']; Monday: ['7:30AM-5PM']; Saturday: ['Closed']; Sunday: ['Closed']; Thursday: ['7:30AM-5PM']; Tuesday: ['7:30AM-5PM']; Wednesday: ['7:30AM-5PM'],no,no,2
Lopez tires,+1 984-800-3878,,"323 Kennedy St, Raleigh, NC 27610",Raleigh,North Carolina,27610,35.7765341,-78.608878,5,5,Tire shop,Friday: ['8AM-6PM']; Monday: ['8AM-6PM']; Saturday: ['9AM-4PM']; Sunday: ['Closed']; Thursday: ['8AM-6PM']; Tuesday: ['8AM-6PM']; Wednesday: ['8AM-6PM'],no,no,1
MHC Kenworth - Raleigh,+1 919-878-3901,https://mhc.com/locations/mhc-kenworth-raleigh,"7500 Reba Dr, Raleigh, NC 27616",Raleigh,North Carolina,27616,35.8827276,-78.5774475,4.5,349,Trailer repair shop,Friday: ['7AM-11PM']; Monday: ['7AM-11PM']; Saturday: ['8AM-4PM']; Sunday: ['Closed']; Thursday: ['7AM-11PM']; Tuesday: ['7AM-11PM']; Wednesday: ['7AM-11PM'],no,no,1
MJ Brothers Auto & Truck Repair,+1 919-521-5101,https://mjbrothersautorepair.com/,"1060 Corporation Pkwy, Raleigh, NC 27610",Raleigh,North Carolina,27610,35.7928198,-78.5683666,4.8,166,Truck repair shop,Friday: ['8AM-5PM']; Monday: ['8AM-5PM']; Saturday: ['Closed']; Sunday: ['Closed']; Thursday: ['8AM-5PM']; Tuesday: ['8AM-5PM']; Wednesday: ['8AM-5PM'],no,no,1
Maaco Auto Body Shop & Painting,+1 919-999-2910,https://www.maaco.com/locations/nc/raleigh-12178/%3Futm_source%3Dgoogle%26utm_medium%3Dorganic%26utm_campaign%3Dgbp_website,"5100 Atlantic Ave, Raleigh, NC 27616",Raleigh,North Carolina,27616,35.8532744,-78.598659,4.1,450,Auto body shop,Friday: ['8AM-5:30PM']; Monday: ['8AM-5:30PM']; Saturday: ['Closed']; Sunday: ['Closed']; Thursday: ['8AM-5:30PM']; Tuesday: ['8AM-5:30PM']; Wednesday: ['8AM-5:30PM'],no,no,1
Marvel Auto Transport,+1 833-627-8351,https://www.marvelautotransport.com/,"19 W Hargett St Unit 406, Raleigh, NC 27601",Raleigh,North Carolina,27601,35.7782135,-78.6399723,4.6,725,Vehicle shipping agent,Friday: ['8AM-11PM']; Monday: ['8AM-11PM']; Saturday: ['9AM-11PM']; Sunday: ['9AM-5PM']; Thursday: ['8AM-11PM']; Tuesday: ['8AM-11PM']; Wednesday: ['8AM-11PM'],no,no,1
Mckeever rv,,,"5317 Fayetteville Rd, Raleigh, NC 27603",Raleigh,North Carolina,27603,35.7070773,-78.6594289,,,RV dealer,,no,no,1
Meaningful Solutions LLC,+1 919-862-4153,,"N/a, Raleigh, NC 27610",Raleigh,North Carolina,27610,35.7468841,-78.5527971,5,25,Auto repair shop,Friday: ['Open 24 hours']; Monday: ['Open 24 hours']; Saturday: ['Open 24 hours']; Sunday: ['Open 24 hours']; Thursday: ['Open 24 hours']; Tuesday: ['Open 24 hours']; Wednesday: ['Open 24 hours'],yes,no,1
Mechanics To Go,+1 919-744-4147,http://www.mobilemechanicstogo.com/,"27 Rupert Rd, Raleigh, NC 27603",Raleigh,North Carolina,27603,35.7196231,-78.6618822,4.8,73,Truck repair shop,Friday: ['8AM-4PM']; Monday: ['8AM-4PM']; Saturday: ['Closed']; Sunday: ['Closed']; Thursday: ['8AM-4PM']; Tuesday: ['8AM-4PM']; Wednesday: ['8AM-4PM'],no,no,1
Melex Fuel Injection Systems,+1 919-872-9393,https://www.melexdiesel.com/,"4121, 3208 Wellington Ct #110, Raleigh, NC 27615",Raleigh,North Carolina,27615,35.886207,-78.5812055,5,1,Diesel engine repair service,Friday: ['9AM-6PM']; Monday: ['9AM-6PM']; Saturday: ['Closed']; Sunday: ['Closed']; Thursday: ['9AM-6PM']; Tuesday: ['9AM-6PM']; Wednesday: ['9AM-6PM'],no,no,1
Messer Transmission Inc,+1 919-834-2612,http://messertransmissioninc.com/,"705 N Person St, Raleigh, NC 27604",Raleigh,North Carolina,27604,35.7894282,-78.6350413,4.8,55,Truck repair shop,Friday: ['8AM-1PM']; Monday: ['8AM-4:30PM']; Saturday: ['Closed']; Sunday: ['Closed']; Thursday: ['8AM-4:30PM']; Tuesday: ['8AM-4:30PM']; Wednesday: ['8AM-4:30PM'],no,no,1
Mission Valley Service Station,+1 919-832-5383,,"2709 Western Blvd, Raleigh, NC 27606",Raleigh,North Carolina,27606,35.7807129,-78.6764386,4.8,309,Auto repair shop,Friday: ['7AM-6PM']; Monday: ['7AM-6PM']; Saturday: ['7AM-5PM']; Sunday: ['Closed']; Thursday: ['7AM-6PM']; Tuesday: ['7AM-6PM']; Wednesday: ['7AM-6PM'],no,no,1
Mobile Diesel Inc,+1 919-335-4800,https://mobiledieselmedic.com/emergency-backup-diesel-engines,"10600 Pride Rock Ct, Raleigh, NC 27614",Raleigh,North Carolina,27614,35.9169214,-78.5784388,,,Diesel engine repair service,Friday: ['8AM-6PM']; Monday: ['8AM-6PM']; Saturday: ['Closed']; Sunday: ['Closed']; Thursday: ['8AM-6PM']; Tuesday: ['8AM-6PM']; Wednesday: ['8AM-6PM'],no,yes,1
Mobile Mechanic,+1 919-514-3208,https://mobileautorepairpros.com/nc/onsite-mechanic-raleigh,"301 Circle Ln Unit b, Raleigh, NC 27603",Raleigh,North Carolina,27603,35.7323444,-78.6487018,5,2,Auto repair shop,Friday: ['7AM-8PM']; Monday: ['7AM-8PM']; Saturday: ['7AM-8PM']; Sunday: ['7AM-8PM']; Thursday: ['7AM-8PM']; Tuesday: ['7AM-8PM']; Wednesday: ['7AM-8PM'],no,yes,1
Motor Rite,+1 919-625-3667,https://motorrite.com/,"1001 Corporation Pkwy Ste 100, Raleigh, NC 27610",Raleigh,North Carolina,27610,35.7907629,-78.5716063,4.8,6,Car repair and maintenance service,Friday: ['8AM-5PM']; Monday: ['8AM-5PM']; Saturday: ['Closed']; Sunday: ['Closed']; Thursday: ['8AM-5PM']; Tuesday: ['8AM-5PM']; Wednesday: ['8AM-5PM'],no,no,1
Murrays Tire,+1 919-821-0573,http://murraystirebargains.com/,"1202 S Saunders St, Raleigh, NC 27603",Raleigh,North Carolina,27603,35.7642887,-78.6496993,4.8,2369,Tire shop,Friday: ['8AM-5PM']; Monday: ['8AM-5PM']; Saturday: ['8AM-3PM']; Sunday: ['Closed']; Thursday: ['8AM-5PM']; Tuesday: ['8AM-5PM']; Wednesday: ['8AM-5PM'],no,no,1
My Engine Store,+1 919-212-0074,http://www.myenginestore.com/,"3944 New Bern Ave, Raleigh, NC 27610",Raleigh,North Carolina,27610,35.7987194,-78.5692263,3.8,22,Engine rebuilding service,Friday: ['8AM-6PM']; Monday: ['8AM-6PM']; Saturday: ['8AM-5PM']; Sunday: ['Closed']; Thursday: ['8AM-6PM']; Tuesday: ['8AM-6PM']; Wednesday: ['8AM-6PM'],no,no,1
NAPA Auto Parts - RALEIGH,+1 919-833-7381,https://www.napaonline.com/en/NC/Raleigh/store/27559%3Fcid%3Dpl_gpc_google_dac_27559_ao,"705 E Six Forks Rd, Raleigh, NC 27609",Raleigh,North Carolina,27609,35.81916,-78.620141,4.5,148,Auto parts store,Friday: ['7:30AM-6PM']; Monday: ['7:30AM-6PM']; Saturday: ['8AM-4PM']; Sunday: ['Closed']; Thursday: ['7:30AM-6PM']; Tuesday: ['7:30AM-6PM']; Wednesday: ['7:30AM-6PM'],no,no,1
Nick's Towing & roadside (( we buy cars running or not )),+1 919-771-6701,http://nickstowingandroadside.com/,"1711 Lake Wheeler Rd, Raleigh, NC 27603",Raleigh,North Carolina,27603,35.7597398,-78.6613229,5,1111,Towing service,Friday: ['8AM-11PM']; Monday: ['8AM-11:30PM']; Saturday: ['9AM-5PM']; Sunday: ['9AM-5PM']; Thursday: ['8AM-11:30PM']; Tuesday: ['8AM-11PM']; Wednesday: ['9AM-12AM'],no,no,1
Northern Tool + Equipment,+1 919-861-6690,https://www.northerntool.com/store/eastraleighnc-store-raleigh-nc,"4927 New Bern Ave, Raleigh, NC 27610",Raleigh,North Carolina,27610,35.7966949,-78.5523513,4.3,499,Trailer supply store,Friday: ['7AM-7PM']; Monday: ['7AM-7PM']; Saturday: ['8AM-6PM']; Sunday: ['9AM-5PM']; Thursday: ['7AM-7PM']; Tuesday: ['7AM-7PM']; Wednesday: ['7AM-7PM'],no,no,1
Oakwood Automotive,+1 919-744-0158,http://oakwoodautomotive.com/,"1014 S Saunders St, Raleigh, NC 27603",Raleigh,North Carolina,27603,35.768344,-78.6489827,5,6,Auto restoration service,Friday: ['8AM-6PM']; Monday: ['8AM-6PM']; Saturday: ['Closed']; Sunday: ['Closed']; Thursday: ['8AM-6PM']; Tuesday: ['8AM-6PM']; Wednesday: ['8AM-6PM'],no,no,1
"Off Grid RV Services, LLC",,https://offgridrvservices.com/,"7336 Lake Wheeler Rd, Raleigh, NC 27603",Raleigh,North Carolina,27603,35.6817288,-78.7015244,5,10,RV repair shop,Friday: ['8AM-6PM']; Monday: ['8AM-6PM']; Saturday: ['9AM-2PM']; Sunday: ['Closed']; Thursday: ['8AM-6PM']; Tuesday: ['8AM-6PM']; Wednesday: ['8AM-6PM'],no,no,1
Onsite Raleigh Mobile Mechanic,+1 984-367-5175,https://onsiteraleighmobilemechanic.com/,"2021 Cameron St, Raleigh, NC 27605",Raleigh,North Carolina,27605,35.7900469,-78.6602614,4.3,6,Mechanic,Friday: ['6AM-11PM']; Monday: ['6AM-11PM']; Saturday: ['6AM-11PM']; Sunday: ['6AM-11PM']; Thursday: ['6AM-11PM']; Tuesday: ['6AM-11PM']; Wednesday: ['6AM-11PM'],no,yes,1
Pep Boys Auto Service & Tires,+1 984-212-8056,https://www.pepboys.com/stores/nc/raleigh/3921-western-blvd%3FCid%3Dgbp_appt_AN:PB%257CPB:G%257CTT:GBP%257CCG:CONVERSION%257CCD:SERVICE,"3921 Western Blvd, Raleigh, NC 27606",Raleigh,North Carolina,27606,35.783942,-78.6918739,4.1,368,Tire shop,Friday: ['7AM-7PM']; Monday: ['7AM-7PM']; Saturday: ['7AM-7PM']; Sunday: ['9AM-6PM']; Thursday: ['7AM-7PM']; Tuesday: ['7AM-7PM']; Wednesday: ['7AM-7PM'],no,no,1
Prime Time Mobile Detailing,+1 919-436-0143,http://primetimemobiledetail.com/,"335 Sherwee Dr #101, Raleigh, NC 27603",Raleigh,North Carolina,27603,35.7331627,-78.6480013,4.7,552,Car detailing service,Friday: ['8AM-5PM']; Monday: ['8AM-5PM']; Saturday: ['8AM-12PM']; Sunday: ['8AM-12PM']; Thursday: ['8AM-5PM']; Tuesday: ['8AM-5PM']; Wednesday: ['8AM-5PM'],no,yes,1
Proficient A+ Mobile Mechanics,+1 984-477-1899,,"1200 Capital Blvd, Raleigh, NC 27603",Raleigh,North Carolina,27603,35.7976894,-78.6389517,3,18,Auto repair shop,Friday: ['Open 24 hours']; Monday: ['Open 24 hours']; Saturday: ['Open 24 hours']; Sunday: ['Open 24 hours']; Thursday: ['Open 24 hours']; Tuesday: ['Open 24 hours']; Wednesday: ['Open 24 hours'],yes,yes,1
RA Hitch & Truck Outfitters,+1 919-267-9595,https://rahitch.com/,"321 Leagan Dr, Raleigh, NC 27603",Raleigh,North Carolina,27603,35.7281057,-78.6471986,4.9,273,Truck accessories store,Friday: ['8AM-5PM']; Monday: ['8AM-5PM']; Saturday: ['Closed']; Sunday: ['Closed']; Thursday: ['8AM-5PM']; Tuesday: ['8AM-5PM']; Wednesday: ['8AM-5PM'],no,no,1
Raleigh Ice,+1 919-402-3831,http://raleighice.com/,"555 Fayetteville St Suite 201, Raleigh, NC 27601",Raleigh,North Carolina,27601,35.7733259,-78.6390633,4.6,16,Trailer rental service,Friday: ['Open 24 hours']; Monday: ['Open 24 hours']; Saturday: ['Open 24 hours']; Sunday: ['Open 24 hours']; Thursday: ['Open 24 hours']; Tuesday: ['Open 24 hours']; Wednesday: ['Open 24 hours'],yes,no,1
Raleigh On-Site Truck Repair,+1 919-887-8234,https://mobiletruckrepairraleigh.com/,"816 N West St, Raleigh, NC 27603",Raleigh,North Carolina,27603,35.7904068,-78.6444454,1,2,Truck repair shop,Friday: ['Open 24 hours']; Monday: ['Open 24 hours']; Saturday: ['Open 24 hours']; Sunday: ['Open 24 hours']; Thursday: ['Open 24 hours']; Tuesday: ['Open 24 hours']; Wednesday: ['Open 24 hours'],yes,no,1
Raleigh Super Mobile Truck Repair,+1 919-343-9538,http://raleighncmobiletruckrepair.com/,"2304 Capital Blvd, Raleigh, NC 27604",Raleigh,North Carolina,27604,35.8098327,-78.612776,5,1,Truck repair shop,,no,yes,1
Raleigh Tire & Auto,+1 919-755-1875,,"1800 Capital Blvd, Raleigh, NC 27604",Raleigh,North Carolina,27604,35.8025784,-78.6192642,4.5,61,Tire shop,Friday: ['8AM-3PM']; Monday: ['8AM-5PM']; Saturday: ['Closed']; Sunday: ['Closed']; Thursday: ['8AM-5PM']; Tuesday: ['8AM-5PM']; Wednesday: ['8AM-5PM'],no,no,1
Red Rover Service,+1 336-499-1996,https://redroverservice.com/,"417 W Peace St, Raleigh, NC 27603",Raleigh,North Carolina,27603,35.7880193,-78.6450156,5,8,Truck repair shop,,no,no,1
Reggie's Mobile Jumpstart Services,+1 984-284-7216,,"5214 Falls of Neuse Rd, Raleigh, NC 27609",Raleigh,North Carolina,27609,35.8527316,-78.6145179,4,2,Auto repair shop,Friday: ['Open 24 hours']; Monday: ['Open 24 hours']; Saturday: ['Open 24 hours']; Sunday: ['Open 24 hours']; Thursday: ['Open 24 hours']; Tuesday: ['Open 24 hours']; Wednesday: ['Open 24 hours'],yes,yes,1
Relentless Collision,+1 919-747-9165,https://www.relentlesscollision.com/relentless-collision-repair-raleigh/,"2620 Westinghouse Blvd, Raleigh, NC 27604",Raleigh,North Carolina,27604,35.8167772,-78.5974564,4.6,198,Auto body shop,Friday: ['8AM-5PM']; Monday: ['8AM-5PM']; Saturday: ['Closed']; Sunday: ['Closed']; Thursday: ['8AM-5PM']; Tuesday: ['8AM-5PM']; Wednesday: ['8AM-5PM'],no,no,1
Rig Rescue Hub,+1 984-379-6581,https://www.rigrescuehub.com/,"4801 Glenwood Ave Sweet 200, Raleigh, NC 27612",Raleigh,North Carolina,27612,35.843023,-78.6822368,5,4,Diesel engine repair service,Friday: ['Open 24 hours']; Monday: ['Open 24 hours']; Saturday: ['Open 24 hours']; Sunday: ['Open 24 hours']; Thursday: ['Open 24 hours']; Tuesday: ['Open 24 hours']; Wednesday: ['Open 24 hours'],yes,no,1
Rim & Tire Warehouse NC,+1 919-890-5024,https://www.rimtirenc.com/,"2930 Capital Blvd, Raleigh, NC 27604",Raleigh,North Carolina,27604,35.8191343,-78.5940424,4.4,702,Wheel store,Friday: ['9AM-8PM']; Monday: ['9AM-7PM']; Saturday: ['9AM-8PM']; Sunday: ['Closed']; Thursday: ['9AM-7PM']; Tuesday: ['9AM-7PM']; Wednesday: ['9AM-7PM'],no,no,1
Roadside Mobile Mechanic,+1 984-223-5335,https://mobilemechanicsraleigh.com/,"400 N West St, Raleigh, NC 27603",Raleigh,North Carolina,27603,35.784733,-78.6454146,4.2,9,Car repair and maintenance service,Friday: ['Open 24 hours']; Monday: ['Open 24 hours']; Saturday: ['Open 24 hours']; Sunday: ['Open 24 hours']; Thursday: ['Open 24 hours']; Tuesday: ['Open 24 hours']; Wednesday: ['Open 24 hours'],yes,yes,1
Rockside Tire Sales & Services,+1 919-772-5101,http://rocksidetire.com/,"4835 Fayetteville Rd, Raleigh, NC 27603",Raleigh,North Carolina,27603,35.7141158,-78.6563579,4.3,379,Tire shop,Friday: ['8AM-5:30PM']; Monday: ['8AM-5:30PM']; Saturday: ['8AM-5:30PM']; Sunday: ['10AM-4:30PM']; Thursday: ['8AM-5:30PM']; Tuesday: ['8AM-5:30PM']; Wednesday: ['8AM-5:30PM'],no,no,1
Russ’ Trailer Repair -Raleigh,+1 910-919-1736,http://russtrailerrepair.com/,"N Raleigh Blvd, Raleigh, NC 27013",Raleigh,North Carolina,27013,35.7893582,-78.6132164,3.7,3,Trailer repair shop,Friday: ['Open 24 hours']; Monday: ['Open 24 hours']; Saturday: ['Open 24 hours']; Sunday: ['Open 24 hours']; Thursday: ['Open 24 hours']; Tuesday: ['Open 24 hours']; Wednesday: ['Open 24 hours'],yes,no,2
Simple Mobile Mechanic LLC,+1 919-862-7882,,"1205 St Ives Ct, Raleigh, NC 27610",Raleigh,North Carolina,27610,35.7487088,-78.6178953,4.9,33,Car repair and maintenance service,Friday: ['9AM-5PM']; Monday: ['9AM-5PM']; Saturday: ['10AM-5PM']; Sunday: ['Closed']; Thursday: ['9AM-5PM']; Tuesday: ['9AM-5PM']; Wednesday: ['9AM-5PM'],no,yes,1
Snider Fleet Solutions,+1 919-231-6690,http://www.sniderfleet.com/,"1250 Intrepid Ct, Raleigh, NC 27610",Raleigh,North Carolina,27610,35.764467,-78.5564617,4.1,118,Tire shop,Friday: ['7:30AM-5PM']; Monday: ['7:30AM-5PM']; Saturday: ['Closed']; Sunday: ['Closed']; Thursday: ['7:30AM-5PM']; Tuesday: ['7:30AM-5PM']; Wednesday: ['7:30AM-5PM'],no,no,1
Spiffy Brothers Trailer Rentals,+1 919-664-9942,https://www.facebook.com/profile.php%3Fid%3D61583944800696,"9650 Strickland Rd, Raleigh, NC 27615",Raleigh,North Carolina,27615,35.90384,-78.6564573,5,6,Trailer rental service,Friday: ['8AM-8PM']; Monday: ['8AM-8PM']; Saturday: ['8AM-8PM']; Sunday: ['1-8PM']; Thursday: ['8AM-8PM']; Tuesday: ['8AM-8PM']; Wednesday: ['8AM-8PM'],no,no,1
TCA Automotive Mobile Mechanic,+1 984-238-3516,,"4405 Fox Rd, Raleigh, NC 27616",Raleigh,North Carolina,27616,35.8485611,-78.5637814,5,17,Auto repair shop,Friday: ['5PM-12AM']; Monday: ['5PM-12AM']; Saturday: ['Open 24 hours']; Sunday: ['Open 24 hours']; Thursday: ['5PM-12AM']; Tuesday: ['5PM-12AM']; Wednesday: ['5PM-12AM'],yes,yes,1
TLG Peterbilt - Raleigh,+1 910-892-7105,https://www.tlgtrucks.com/locations/tlg-peterbilt-raleigh%3Fy_source%3D1_Mzg5OTY2Mi03MTUtbG9jYXRpb24ud2Vic2l0ZQ%253D%253D,"4204 Global St, Raleigh, NC 27610",Raleigh,North Carolina,27610,35.7812714,-78.5655732,4.2,222,Truck repair shop,Friday: ['6AM-7PM']; Monday: ['6AM-7PM']; Saturday: ['7AM-4PM']; Sunday: ['7AM-4PM']; Thursday: ['6AM-7PM']; Tuesday: ['6AM-7PM']; Wednesday: ['6AM-7PM'],no,no,1
Technik Imports,+1 919-635-6269,https://www.blackforesttechnik.com/raleigh,"2220 Capital Blvd Ste #106, Raleigh, NC 27604",Raleigh,North Carolina,27604,35.8071621,-78.6143883,5,116,Auto repair shop,Friday: ['9AM-6PM']; Monday: ['9AM-6PM']; Saturday: ['Closed']; Sunday: ['Closed']; Thursday: ['9AM-6PM']; Tuesday: ['9AM-6PM']; Wednesday: ['9AM-6PM'],no,no,1
The One Stop Shop,+1 704-606-3846,https://the-1-stop-shop.com/,"2730 Wolf Village Way, Raleigh, NC 27607",Raleigh,North Carolina,27607,35.7862524,-78.6846474,5,31,Mechanic,Friday: ['9AM-5PM']; Monday: ['9AM-5PM']; Saturday: ['12-5PM']; Sunday: ['12-5PM']; Thursday: ['9AM-5PM']; Tuesday: ['9AM-5PM']; Wednesday: ['9AM-5PM'],no,no,1
Thompson Buick GMC,+1 919-578-9770,https://www.thompsoncars.net/%3Futm_source%3Dgoogle%26utm_medium%3Dorganic%26utm_campaign%3Dgbp%2Bsales,"2600 Wake Forest Rd Ste b, Raleigh, NC 27609",Raleigh,North Carolina,27609,35.8170808,-78.6235223,4.3,1749,Auto repair shop,Friday: ['9AM-6PM']; Monday: ['9AM-8PM']; Saturday: ['9AM-6PM']; Sunday: ['Closed']; Thursday: ['9AM-8PM']; Tuesday: ['9AM-8PM']; Wednesday: ['9AM-8PM'],no,no,1
Tire Guy,+1 919-828-4809,http://tireguync.com/,"630 Rock Quarry Rd, Raleigh, NC 27610",Raleigh,North Carolina,27610,35.7708704,-78.6208725,4.3,904,Tire shop,Friday: ['8AM-5:30PM']; Monday: ['8AM-5:30PM']; Saturday: ['8AM-4PM']; Sunday: ['Closed']; Thursday: ['8AM-5:30PM']; Tuesday: ['8AM-5:30PM']; Wednesday: ['8AM-5:30PM'],no,no,1
Top Gear Tow Truck Service,+1 984-254-3658,http://topgeartowtruckservice.biz/,"2702 Cartier Dr, Raleigh, NC 27608",Raleigh,North Carolina,27608,35.8147723,-78.661226,4,19,Towing service,Friday: ['Open 24 hours']; Monday: ['Open 24 hours']; Saturday: ['Open 24 hours']; Sunday: ['Open 24 hours']; Thursday: ['Open 24 hours']; Tuesday: ['Open 24 hours']; Wednesday: ['Open 24 hours'],yes,no,1
Top Notch Rv Repair,+1 919-971-6391,https://www.topnotchrv.net/,"1708 Honeysuckle Rd, Raleigh, NC 27609",Raleigh,North Carolina,27609,35.8412347,-78.6078418,4.8,67,RV repair shop,Friday: ['7AM-6PM']; Monday: ['7AM-6PM']; Saturday: ['Closed']; Sunday: ['Closed']; Thursday: ['7AM-6PM']; Tuesday: ['7AM-6PM']; Wednesday: ['7AM-6PM'],no,no,1
Torque European Car Care,+1 984-205-1999,http://torqueeuro.com/,"8800 Wadford Dr, Raleigh, NC 27616",Raleigh,North Carolina,27616,35.898964,-78.556173,4.9,642,Auto repair shop,Friday: ['8AM-5PM']; Monday: ['8AM-5PM']; Saturday: ['Closed']; Sunday: ['Closed']; Thursday: ['8AM-5PM']; Tuesday: ['8AM-5PM']; Wednesday: ['8AM-5PM'],no,no,1
Trailer Hitches at U-Haul,+1 919-821-1450,https://www.uhaul.com/Locations/Trailer-Hitches-near-Raleigh-NC-27603/782050/%3Futm_source%3Dgmb%26utm_medium%3Dhitch%26utm_campaign%3Duhaulsmlm%26utm_content%3D782050,"716 Capital Blvd, Raleigh, NC 27603",Raleigh,North Carolina,27603,35.7909424,-78.6422439,1,1,Trailer supply store,Friday: ['7AM-8PM']; Monday: ['7AM-7PM']; Saturday: ['7AM-7PM']; Sunday: ['9AM-5PM']; Thursday: ['7AM-7PM']; Tuesday: ['7AM-7PM']; Wednesday: ['7AM-7PM'],no,no,2
Trailer Rental at U-Haul,+1 919-876-3001,https://www.uhaul.com/Locations/Trailer-Rentals-near-Raleigh-NC-27604/782068/%3Futm_source%3Dgmb%26utm_medium%3Dtrailer%26utm_campaign%3Duhaulsmlm%26utm_content%3D782068,"3001 Capital Blvd, Raleigh, NC 27604",Raleigh,North Carolina,27604,35.8207534,-78.5925498,5,2,Trailer rental service,Friday: ['7AM-8PM']; Monday: ['7AM-7PM']; Saturday: ['7AM-7PM']; Sunday: ['9AM-5PM']; Thursday: ['7AM-7PM']; Tuesday: ['7AM-7PM']; Wednesday: ['7AM-7PM'],no,no,3
Trailer Rental at U-Haul,+1 919-890-0163,https://www.uhaul.com/Locations/Trailer-Rentals-near-Raleigh-NC-27615/782072/%3Futm_source%3Dgmb%26utm_medium%3Dtrailer%26utm_campaign%3Duhaulsmlm%26utm_content%3D782072,"5600 Atlantic Ave, Raleigh, NC 27615",Raleigh,North Carolina,27615,35.8617209,-78.5997207,5,4,Trailer rental service,Friday: ['7AM-8PM']; Monday: ['7AM-7PM']; Saturday: ['7AM-7PM']; Sunday: ['9AM-5PM']; Thursday: ['7AM-7PM']; Tuesday: ['7AM-7PM']; Wednesday: ['7AM-7PM'],no,no,2
TranSource Truck & Trailer Centers,+1 919-782-8785,http://www.transourcetrucks.com/,"8808 Midway West Rd, Raleigh, NC 27617",Raleigh,North Carolina,27617,35.906029,-78.755001,3.8,137,Truck repair shop,Friday: ['7AM-10PM']; Monday: ['7AM-10PM']; Saturday: ['7AM-3PM']; Sunday: ['Closed']; Thursday: ['7AM-10PM']; Tuesday: ['7AM-10PM']; Wednesday: ['7AM-10PM'],no,no,1
TransMedics,+1 919-954-8699,https://transmedicsraleigh.com/,"5120 Old Wake Forest Rd, Raleigh, NC 27609",Raleigh,North Carolina,27609,35.8504336,-78.6050546,4.7,385,Auto repair shop,Friday: ['8AM-5PM']; Monday: ['8AM-5PM']; Saturday: ['Closed']; Sunday: ['Closed']; Thursday: ['8AM-5PM']; Tuesday: ['8AM-5PM']; Wednesday: ['8AM-5PM'],no,no,1
Triad Trailers LLC & U-Haul,+1 919-782-6007,https://triadtrailers.com/,"5831 Triangle Dr, Raleigh, NC 27617",Raleigh,North Carolina,27617,35.8968381,-78.7445238,4.7,23,Trailer repair shop,Friday: ['9AM-3PM']; Monday: ['9AM-3PM']; Saturday: ['9AM-12PM']; Sunday: ['Closed']; Thursday: ['9AM-3PM']; Tuesday: ['9AM-3PM']; Wednesday: ['9AM-3PM'],no,no,1
Triangle Diesel Works,+1 919-701-2001,,"4600 Trademark Drive, Raleigh, NC 27610",Raleigh,North Carolina,27610,35.7667715,-78.55585,2.3,3,Truck repair shop,Friday: ['Open 24 hours']; Monday: ['Open 24 hours']; Saturday: ['Open 24 hours']; Sunday: ['Open 24 hours']; Thursday: ['Open 24 hours']; Tuesday: ['Open 24 hours']; Wednesday: ['Open 24 hours'],yes,no,1
Triangle European,+1 919-582-7699,https://triangleeuropean.co/,"3333 Capital Blvd, Raleigh, NC 27604",Raleigh,North Carolina,27604,35.8263662,-78.5871541,4.5,141,Auto repair shop,Friday: ['8AM-5:30PM']; Monday: ['8AM-5:30PM']; Saturday: ['Closed']; Sunday: ['Closed']; Thursday: ['8AM-5:30PM']; Tuesday: ['8AM-5:30PM']; Wednesday: ['8AM-5:30PM'],no,no,1
Triangle Fleet Services,+1 919-659-5497,https://www.trianglefleetservices.com/,"3180 Bush St, Raleigh, NC 27609",Raleigh,North Carolina,27609,35.8232908,-78.6133523,5,304,Truck repair shop,Friday: ['8AM-4PM']; Monday: ['8AM-4PM']; Saturday: ['Closed']; Sunday: ['Closed']; Thursday: ['8AM-4PM']; Tuesday: ['8AM-4PM']; Wednesday: ['8AM-4PM'],no,no,1
Undergrads Movers Raleigh,+1 919-415-1194,https://undergrads.com/movers-raleigh-nc/%3Futm_source%3Dgoogle%26utm_medium%3Dorganic%26utm_campaign%3Dgbp,"117 Park Ave, Raleigh, NC 27605",Raleigh,North Carolina,27605,35.7827952,-78.6581108,4.9,463,Mover,Friday: ['8AM-10PM']; Monday: ['8AM-10PM']; Saturday: ['8AM-10PM']; Sunday: ['8AM-10PM']; Thursday: ['8AM-10PM']; Tuesday: ['8AM-10PM']; Wednesday: ['8AM-10PM'],no,no,1
Velocity Truck Centers,+1 919-231-2900,https://www.velocitytruckcenters.com/location/raleigh,"3500 Yonkers Rd, Raleigh, NC 27604",Raleigh,North Carolina,27604,35.794707,-78.585893,3.7,314,Truck repair shop,Friday: ['7AM-5PM']; Monday: ['7AM-5PM']; Saturday: ['Closed']; Sunday: ['Closed']; Thursday: ['7AM-5PM']; Tuesday: ['7AM-5PM']; Wednesday: ['7AM-5PM'],no,no,1
Village Motor Works,+1 919-752-4610,https://vmwraleigh.com/,"234 S Boylan Ave, Raleigh, NC 27603",Raleigh,North Carolina,27603,35.7771942,-78.6501042,4.6,143,Auto repair shop,Friday: ['7:30AM-5:30PM']; Monday: ['7:30AM-5:30PM']; Saturday: ['Closed']; Sunday: ['Closed']; Thursday: ['7:30AM-5:30PM']; Tuesday: ['7:30AM-5:30PM']; Wednesday: ['7:30AM-5:30PM'],no,no,1
West German Garage,+1 919-851-1236,https://www.westgerman.com/,"5611 Hillsborough St, Raleigh, NC 27606",Raleigh,North Carolina,27606,35.7860604,-78.7214147,4.5,83,Auto repair shop,Friday: ['8AM-5PM']; Monday: ['8AM-5PM']; Saturday: ['Closed']; Sunday: ['Closed']; Thursday: ['8AM-5PM']; Tuesday: ['8AM-5PM']; Wednesday: ['8AM-5PM'],no,no,1
Xpress Auto Transport,+1 919-887-6515,https://www.xpressautoship.com/city/raleigh-north-carolina/,"333 Fayetteville St #340, Raleigh, NC 27601",Raleigh,North Carolina,27601,35.7757463,-78.639152,4.6,13,Vehicle shipping agent,Friday: ['6AM-11PM']; Monday: ['6AM-11PM']; Saturday: ['6AM-11PM']; Sunday: ['6AM-11PM']; Thursday: ['6AM-11PM']; Tuesday: ['6AM-11PM']; Wednesday: ['6AM-11PM'],no,no,1
Youngblood's Performance Auto,+1 919-773-7713,,"142 Sommerville Park Rd, Raleigh, NC 27603",Raleigh,North Carolina,27603,35.6937557,-78.651237,4.5,36,Auto repair shop,Friday: ['6AM-4PM']; Monday: ['6AM-4PM']; Saturday: ['Closed']; Sunday: ['Closed']; Thursday: ['6AM-4PM']; Tuesday: ['6AM-4PM']; Wednesday: ['6AM-4PM'],no,no,1
High Speed Performance Inc.,+1 336-617-4580,http://highspeedperformanceshop.com/,"142 Regal Dr Building 3, Randleman, NC 27317",Randleman,North Carolina,27317,35.8704421,-79.7936103,4.7,,Diesel engine repair service,Thursday: ['8AM-5PM'],no,no,1
Lake Valley Customs RV/Camper,+1 252-529-7721,,"623 Robertsons Boat Landing Rd, Roanoke Rapids, NC 27870",Roanoke Rapids,North Carolina,27870,36.4765284,-77.705312,2.8,4,RV repair shop,Friday: ['8AM-5PM']; Monday: ['8AM-5PM']; Saturday: ['Closed']; Sunday: ['Closed']; Thursday: ['8AM-5PM']; Tuesday: ['8AM-5PM']; Wednesday: ['8AM-5PM'],no,no,1
Coastal Trailer Repair,+1 910-442-8344,https://www.coastaltrailerrepair.com/,"724 Ridgecrest Ln, Rocky Point, NC 28457",Rocky Point,North Carolina,28457,34.3785651,-77.9299391,5,21,Trailer repair shop,,no,no,1
Mobile Automotive Repairs,+1 910-274-6442,http://wilmingtonmobileautomotiverepair.com/,"123 Harts Ln, Rocky Point, NC 28457",Rocky Point,North Carolina,28457,34.3822049,-77.8933314,4.7,25,Auto repair shop,Friday: ['8AM-5PM']; Monday: ['8AM-5PM']; Saturday: ['9AM-2PM']; Sunday: ['Closed']; Thursday: ['8AM-5PM']; Tuesday: ['8AM-5PM']; Wednesday: ['8AM-5PM'],no,yes,1
TranSource Trucks- Wilmington,+1 888-494-6336,http://www.transourcetrucks.com/,"104 Daisy Scott Rd, Rocky Point, NC 28457",Rocky Point,North Carolina,28457,34.443024,-77.873014,4.3,93,Truck repair shop,Friday: ['7AM-5:30PM']; Monday: ['7AM-5:30PM']; Saturday: ['Closed']; Sunday: ['Closed']; Thursday: ['7AM-5:30PM']; Tuesday: ['7AM-5:30PM']; Wednesday: ['7AM-5:30PM'],no,no,1
Blue Compass RV Winston-Salem,+1 888-746-2351,https://www.bluecompassrv.com/locations/north-carolina/winston-salem%3Futm_source%3Dgoogle-gmb%26utm_medium%3Dorganic%26utm_campaign%3Dwinstonsalem,"6725 University Pkwy, Rural Hall, NC 27045",Rural Hall,North Carolina,27045,36.2142665,-80.2830465,4.4,1156,RV repair shop,Friday: ['9AM-6PM']; Monday: ['9AM-6PM']; Saturday: ['8:30AM-5PM']; Sunday: ['11AM-4PM']; Thursday: ['9AM-6PM']; Tuesday: ['9AM-6PM']; Wednesday: ['9AM-6PM'],no,no,1
RVRX Mobile RV Repair LLC,+1 336-692-5984,https://rvrx.net/,"1073 Tuttle Rd, Rural Hall, NC 27045",Rural Hall,North Carolina,27045,36.2565131,-80.3341464,5,93,RV repair and maintenance service,Friday: ['8AM-6PM']; Monday: ['8AM-6PM']; Saturday: ['Closed']; Sunday: ['Closed']; Thursday: ['8AM-6PM']; Tuesday: ['8AM-6PM']; Wednesday: ['8AM-6PM'],no,yes,1
RV MOBILE REPAIR,+1 828-447-6298,,"196 Big Sky Dr, Rutherfordton, NC 28139",Rutherfordton,North Carolina,28139,35.3774836,-82.0562569,3.9,53,RV repair shop,Friday: ['Open 24 hours']; Monday: ['Open 24 hours']; Saturday: ['Open 24 hours']; Sunday: ['Open 24 hours']; Thursday: ['Open 24 hours']; Tuesday: ['Open 24 hours']; Wednesday: ['Open 24 hours'],yes,yes,1
Salisbury Truck & Trailer Repair,+1 704-223-5808,https://salisburytruckandtrailerrepair.com/%3Futm_source%3Domg-gbp%26utm_medium%3Dwebclick,"480 Mill Run Rd, Salisbury, NC 28144",Salisbury,North Carolina,28144,35.676632,-80.4200955,4.4,41,Truck repair shop,Friday: ['8AM-5PM']; Monday: ['8AM-6PM']; Saturday: ['9AM-5PM']; Sunday: ['Closed']; Thursday: ['8AM-6PM']; Tuesday: ['8AM-6PM']; Wednesday: ['8AM-6PM'],no,no,1
Campers Inn RV,+1 984-223-2203,https://www.campersinn.com/raleigh%3Futm_source%3Dgoogle%26utm_medium%3Dorganic%26utm_campaign%3Dgmb-listing%26utm_content%3Dral,"1501 Outlet Center Dr, Selma, NC 27576",Selma,North Carolina,27576,35.5155876,-78.300388,4.1,577,RV repair shop,Friday: ['9AM-6PM']; Monday: ['9AM-6PM']; Saturday: ['9AM-5PM']; Sunday: ['Closed']; Thursday: ['9AM-6PM']; Tuesday: ['9AM-6PM']; Wednesday: ['9AM-6PM'],no,no,1
LFM Truck Repair,+1 919-351-0008,,"301 N Raiford St, Selma, NC 27576",Selma,North Carolina,27576,35.5376265,-78.2821347,5,93,Truck repair shop,Friday: ['7AM-5PM']; Monday: ['7AM-5PM']; Saturday: ['7AM-12PM']; Sunday: ['Closed']; Thursday: ['7AM-5PM']; Tuesday: ['7AM-5PM']; Wednesday: ['7AM-5PM'],no,no,1
Link's RV Services LLC,+1 443-859-5333,http://linksrvrepair.com/,"428 Campground Rd, Selma, NC 27576",Selma,North Carolina,27576,35.5301302,-78.2618416,4.8,44,RV repair shop,Friday: ['6AM-8PM']; Monday: ['6AM-8PM']; Saturday: ['Closed']; Sunday: ['Closed']; Thursday: ['6AM-8PM']; Tuesday: ['6AM-8PM']; Wednesday: ['6AM-8PM'],no,no,1
RV Repair and Service Center at Campers Inn RV of Raleigh,+1 919-634-3822,https://www.campersinn.com/raleigh/rv-service%3Futm_source%3Dorganic%26utm_medium%3Dgmb%26utm_campaign%3Dral-service,"1501 Outlet Center Dr, Selma, NC 27576",Selma,North Carolina,27576,35.5155865,-78.3003887,4.2,5,RV repair shop,Friday: ['8AM-6PM']; Monday: ['8AM-6PM']; Saturday: ['8AM-5PM']; Sunday: ['Closed']; Thursday: ['8AM-6PM']; Tuesday: ['8AM-6PM']; Wednesday: ['8AM-6PM'],no,no,1
NC Truck And Diesel,+1 919-934-9345,http://www.nctruckanddiesel.com/,"74 Fire Dept Rd, Smithfield, NC 27577",Smithfield,North Carolina,27577,35.5825307,-78.3558983,4.7,166,Truck repair shop,Friday: ['8AM-5PM']; Monday: ['8AM-5PM']; Saturday: ['Closed']; Sunday: ['Closed']; Thursday: ['8AM-5PM']; Tuesday: ['8AM-5PM']; Wednesday: ['8AM-5PM'],no,no,1
18 Wheels Repair LLC,+1 336-521-2916,,"514 Monroe St, Statesville, NC 28677",Statesville,North Carolina,28677,35.7734223,-80.8756372,4,9,Truck repair shop,Friday: ['9AM-6PM']; Monday: ['9AM-6PM']; Saturday: ['Closed']; Sunday: ['Closed']; Thursday: ['8AM-6PM']; Tuesday: ['9AM-6PM']; Wednesday: ['9AM-6PM'],no,no,1
Affordable Towing & Auto Repair,+1 704-876-2135,https://affordabletowingandrepair.com/,"1169 Turnersburg Hwy, Statesville, NC 28625",Statesville,North Carolina,28625,35.8609317,-80.845693,4.3,178,Auto repair shop,Friday: ['7AM-8PM']; Monday: ['7AM-8PM']; Saturday: ['Open 24 hours']; Sunday: ['Open 24 hours']; Thursday: ['7AM-8PM']; Tuesday: ['7AM-8PM']; Wednesday: ['7AM-8PM'],yes,no,1
Auto Equipment Inc,+1 704-872-4116,http://www.autoequipmentinc.com/,"2846 Salisbury Rd, Statesville, NC 28677",Statesville,North Carolina,28677,35.7562159,-80.7791259,4.7,44,Truck dealer,Friday: ['8AM-5PM']; Monday: ['8AM-5PM']; Saturday: ['Closed']; Sunday: ['Closed']; Thursday: ['8AM-5PM']; Tuesday: ['8AM-5PM']; Wednesday: ['8AM-5PM'],no,no,1
Bunton & Lebe's Inc,+1 704-872-7621,,"917 Salisbury Rd, Statesville, NC 28677",Statesville,North Carolina,28677,35.7757908,-80.8684365,4.7,138,Tire shop,Friday: ['8AM-5PM']; Monday: ['8AM-5PM']; Saturday: ['Closed']; Sunday: ['Closed']; Thursday: ['8AM-5PM']; Tuesday: ['8AM-5PM']; Wednesday: ['8AM-5PM'],no,no,1
C&E Truck & Auto Services LLC,+1 704-380-3595,https://www.facebook.com/pages/CE-Truck-Auto-Services/237497336456037,"3906 Wilkesboro Hwy, Statesville, NC 28625",Statesville,North Carolina,28625,35.9197221,-80.9540441,4.6,58,Auto repair shop,Friday: ['8AM-5PM']; Monday: ['8AM-5PM']; Saturday: ['Closed']; Sunday: ['Closed']; Thursday: ['8AM-5PM']; Tuesday: ['8AM-5PM']; Wednesday: ['8AM-5PM'],no,no,1
Camping World RV Service - Statesville,+1 877-874-4502,https://rv.campingworld.com/dealer/statesville-north-carolina/rv-service-repair,"1220 Morland Dr, Statesville, NC 28677",Statesville,North Carolina,28677,35.7660832,-80.8611492,5,1,RV repair shop,Friday: ['9AM-6PM']; Monday: ['9AM-6PM']; Saturday: ['9AM-6PM']; Sunday: ['Closed']; Thursday: ['9AM-6PM']; Tuesday: ['9AM-6PM']; Wednesday: ['9AM-6PM'],no,no,1
Carolina Diesel Services LLC,+1 704-871-1979,,"1455 Winston Ave, Statesville, NC 28677",Statesville,North Carolina,28677,35.7688217,-80.9038406,4.3,21,Truck repair shop,Friday: ['8AM-5PM']; Monday: ['8AM-5PM']; Saturday: ['Closed']; Sunday: ['Closed']; Thursday: ['8AM-5PM']; Tuesday: ['8AM-5PM']; Wednesday: ['8AM-5PM'],no,no,2
"Carolina Industrial Trucks - Statesville, NC",+1 704-924-8523,https://www.citrucks.com/,"2600 Salisbury Hwy, Statesville, NC 28677",Statesville,North Carolina,28677,35.7579172,-80.7902045,3,4,Forklift dealer,Friday: ['7:30AM-5PM']; Monday: ['7:30AM-5PM']; Saturday: ['Closed']; Sunday: ['Closed']; Thursday: ['7:30AM-5PM']; Tuesday: ['7:30AM-5PM']; Wednesday: ['7:30AM-5PM'],no,no,1
Carris Reels Inc,+1 704-872-0981,https://carris.com/,"1475 Winston Ave, Statesville, NC 28677",Statesville,North Carolina,28677,35.7673992,-80.9064659,4.6,39,Woodworker,Friday: ['7AM-2PM']; Monday: ['7AM-2PM']; Saturday: ['Closed']; Sunday: ['Closed']; Thursday: ['7AM-2PM']; Tuesday: ['7AM-2PM']; Wednesday: ['7AM-2PM'],no,no,1
Chapman's Travelers Service,+1 704-873-4121,,"103 C St, Statesville, NC 28677",Statesville,North Carolina,28677,35.7928681,-80.934395,4.5,130,Auto repair shop,Friday: ['8AM-5PM']; Monday: ['8AM-5PM']; Saturday: ['8AM-12PM']; Sunday: ['Closed']; Thursday: ['8AM-5PM']; Tuesday: ['8AM-5PM']; Wednesday: ['8AM-5PM'],no,no,1
"Deaton Truck & Tire Service, Inc",+1 877-332-8660,https://deatonfleetsolutions.com/,"711 Tomlin Mill Rd #960, Statesville, NC 28625",Statesville,North Carolina,28625,35.9087675,-80.8388532,4.3,3,Repair service,,no,no,1
Double C Trailer Repair LLC,+1 828-578-3112,,"106 Grace Lynn Dr, Statesville, NC 28677",Statesville,North Carolina,28677,35.7492847,-80.9898795,5,4,Repair service,Friday: ['7AM-5PM']; Monday: ['7AM-5PM']; Saturday: ['Closed']; Sunday: ['Closed']; Thursday: ['7AM-5PM']; Tuesday: ['7AM-5PM']; Wednesday: ['7AM-5PM'],no,no,1
Excel Truck Group - Statesville,+1 704-252-5400,https://www.exceltruckgroup.com/locations/statesville/,"2221 International Dr, Statesville, NC 28625",Statesville,North Carolina,28625,35.8107127,-80.849103,4.6,395,Truck repair shop,Friday: ['7AM-6PM']; Monday: ['7AM-6PM']; Saturday: ['8AM-12PM']; Sunday: ['Closed']; Thursday: ['7AM-6PM']; Tuesday: ['7AM-6PM']; Wednesday: ['7AM-6PM'],no,no,1
"FSH TRUCK AND TRAILER SERVICE, TRUCK WASH",+1 704-657-6246,,"810 Jackson St, Statesville, NC 28677",Statesville,North Carolina,28677,35.7728728,-80.8774705,4.1,9,Mechanic,Friday: ['Open 24 hours']; Monday: ['8AM-6PM']; Saturday: ['8AM-6PM']; Sunday: ['Open 24 hours']; Thursday: ['8AM-12AM']; Tuesday: ['8AM-6PM']; Wednesday: ['8AM-6PM'],yes,no,1
Gallaher Fleet Solutions,+1 704-960-8951,https://www.gallaherfleetsolutions.com/,"945-A Monroe St, Statesville, NC 28677",Statesville,North Carolina,28677,35.7735599,-80.8646142,4.7,170,Truck repair shop,Friday: ['7AM-5PM']; Monday: ['7AM-5PM']; Saturday: ['Closed']; Sunday: ['Closed']; Thursday: ['7AM-5PM']; Tuesday: ['7AM-5PM']; Wednesday: ['7AM-5PM'],no,no,1
Holland Transfer Co,+1 704-872-4269,http://www.hollandtransferco.com/,"2227 Salisbury Hwy, Statesville, NC 28677",Statesville,North Carolina,28677,35.7580587,-80.8210935,3.9,13,Transportation service,Friday: ['8AM-4:30PM']; Monday: ['8AM-4:30PM']; Saturday: ['Closed']; Sunday: ['Closed']; Thursday: ['8AM-4:30PM']; Tuesday: ['8AM-4:30PM']; Wednesday: ['8AM-4:30PM'],no,no,2
Holland Truck & Trailer Repair LLC,+1 704-768-2961,https://www.hollandlogistics.com/truck-and-trailer-repair,"2088 Salisbury Hwy, Statesville, NC 28677",Statesville,North Carolina,28677,35.75956,-80.83075,5,29,Truck repair shop,Friday: ['8AM-4:30PM']; Monday: ['8AM-4:30PM']; Saturday: ['Closed']; Sunday: ['Closed']; Thursday: ['8AM-4:30PM']; Tuesday: ['8AM-4:30PM']; Wednesday: ['8AM-4:30PM'],no,no,1
"John Woodie Enterprises, Inc.",+1 704-878-2941,http://www.jweinc.com/,"1836 Shelton Ave, Statesville, NC 28677",Statesville,North Carolina,28677,35.7602996,-80.8875503,4.7,25,Forestry service,Friday: ['7:30AM-5PM']; Monday: ['7:30AM-5PM']; Saturday: ['Closed']; Sunday: ['Closed']; Thursday: ['7:30AM-5PM']; Tuesday: ['7:30AM-5PM']; Wednesday: ['7:30AM-5PM'],no,no,1
K&C Auto Diesel,+1 615-663-2921,,"136 Dublin Ct, Statesville, NC 28677",Statesville,North Carolina,28677,35.7585072,-80.9597558,,,Mechanic,,no,no,1
Leonard Truck Outfitters,+1 336-515-9740,http://leonardusa.com/,"1114 Salisbury Rd, Statesville, NC 28625",Statesville,North Carolina,28625,35.7740548,-80.8613353,4.8,109,Truck accessories store,Friday: ['8:30AM-6PM']; Monday: ['8:30AM-6PM']; Saturday: ['9AM-3PM']; Sunday: ['Closed']; Thursday: ['8:30AM-6PM']; Tuesday: ['8:30AM-6PM']; Wednesday: ['8:30AM-6PM'],no,no,1
Lift Max Pros,+1 844-567-2477,https://liftmaxpros.com/,"1111 Johnson Dr, Statesville, NC 28677",Statesville,North Carolina,28677,35.7718788,-80.9099431,4.6,5,Truck accessories store,Friday: ['9AM-5PM']; Monday: ['9AM-5PM']; Saturday: ['Closed']; Sunday: ['Closed']; Thursday: ['9AM-5PM']; Tuesday: ['9AM-5PM']; Wednesday: ['9AM-5PM'],no,no,1
Love's Truck Care,+1 704-838-1539,https://www.loves.com/locations/497,"229 Mocksville Hwy, Statesville, NC 28625",Statesville,North Carolina,28625,35.8127561,-80.835063,4.2,202,Truck repair shop,Friday: ['6AM-11PM']; Monday: ['6AM-11PM']; Saturday: ['6AM-11PM']; Sunday: ['6AM-11PM']; Thursday: ['6AM-11PM']; Tuesday: ['6AM-11PM']; Wednesday: ['6AM-11PM'],no,no,1
Mobile Auto Repair,+1 888-608-6324,https://mobileautorepair.com/,"2001 E Cloaninger Ave, Statesville, NC 28625",Statesville,North Carolina,28625,35.7783079,-80.8539828,4.8,76,Car repair and maintenance service,Friday: ['7AM-8PM']; Monday: ['7AM-8PM']; Saturday: ['8AM-8PM']; Sunday: ['10AM-2PM']; Thursday: ['7AM-8PM']; Tuesday: ['7AM-8PM']; Wednesday: ['7AM-8PM'],no,yes,1
Mobile Mechanic of Statesville,+1 888-391-6324,http://mobilemechanic.com/,"2001 E Cloaninger Ave, Statesville, NC 28625",Statesville,North Carolina,28625,35.7783031,-80.8539628,4.2,11,Truck repair shop,Friday: ['9AM-7PM']; Monday: ['9AM-7PM']; Saturday: ['9AM-7PM']; Sunday: ['Closed']; Thursday: ['9AM-7PM']; Tuesday: ['9AM-7PM']; Wednesday: ['9AM-7PM'],no,yes,1
NC AUTO REPAIR,+1 980-223-2957,,"1015 Davie Ave, Statesville, NC 28677",Statesville,North Carolina,28677,35.7958384,-80.8728628,4.7,88,Auto repair shop,Friday: ['8AM-5PM']; Monday: ['8AM-5PM']; Saturday: ['8AM-12PM']; Sunday: ['Closed']; Thursday: ['8AM-5PM']; Tuesday: ['8AM-5PM']; Wednesday: ['8AM-5PM'],no,no,1
"National Fleet Management, Inc.",+1 704-883-8385,https://www.nationalfleetmgt.com/%3Futm_campaign%3Dgmb,"1426 Northside Dr, Statesville, NC 28625",Statesville,North Carolina,28625,35.7998158,-80.9164806,4,25,Truck repair shop,Friday: ['7AM-12AM']; Monday: ['7AM-12AM']; Saturday: ['8AM-4PM']; Sunday: ['Closed']; Thursday: ['7AM-12AM']; Tuesday: ['7AM-12AM']; Wednesday: ['7AM-12AM'],no,no,2
Parrish Truck Tire Center,+1 704-872-6565,https://parrishtrucktires.com/,"1336 Northside Dr, Statesville, NC 28625",Statesville,North Carolina,28625,35.8006739,-80.9132202,4.7,167,Truck repair shop,Friday: ['7:30AM-5PM']; Monday: ['7:30AM-5PM']; Saturday: ['Closed']; Sunday: ['Closed']; Thursday: ['7:30AM-5PM']; Tuesday: ['7:30AM-5PM']; Wednesday: ['7:30AM-5PM'],no,no,1
Ramsey Mobile Affordable Services LLC,+1 980-223-2781,https://ramseymobileservices.squarespace.com/,"1110 Freedom Rd, Statesville, NC 28625",Statesville,North Carolina,28625,35.7805572,-80.841855,4.2,5,Mechanic,Friday: ['8AM-1PM']; Monday: ['9AM-5PM']; Saturday: ['Closed']; Sunday: ['9AM-1PM']; Thursday: ['9AM-5PM']; Tuesday: ['Closed']; Wednesday: ['9AM-5PM'],no,yes,1
"Randy Marion Ford Lincoln, LLC Lincoln Service",+1 704-897-0801,https://www.randymarionford.com/%3Futm_source%3Dgmbsvc%26utm_medium%3Dsocial%26mcmid%3Dgmbsvc,"1030 Gateway Crossing Dr, Statesville, NC 28677",Statesville,North Carolina,28677,35.7770276,-80.8664731,4.8,456,Auto repair shop,Friday: ['7:30AM-8PM']; Monday: ['7:30AM-8PM']; Saturday: ['8AM-4PM']; Sunday: ['Closed']; Thursday: ['7:30AM-8PM']; Tuesday: ['7:30AM-8PM']; Wednesday: ['7:30AM-8PM'],no,no,1
"Southeast Utility Trailer, LLC",+1 704-838-1144,https://southeastutilitytrailer.com/,"2956 Amity Hill Rd, Statesville, NC 28677",Statesville,North Carolina,28677,35.7227702,-80.8562098,4.2,95,Trailer repair shop,Friday: ['8AM-5PM']; Monday: ['8AM-5PM']; Saturday: ['Closed']; Sunday: ['Closed']; Thursday: ['8AM-5PM']; Tuesday: ['8AM-5PM']; Wednesday: ['8AM-5PM'],no,no,1
Statesville Truck Trailer,+1 704-872-9151,,"2200 International Dr, Statesville, NC 28625",Statesville,North Carolina,28625,35.8102278,-80.8478207,4.4,18,Truck repair shop,,no,no,2
Tarheel Tire & Auto,+1 704-883-5774,https://tarheelcustomz.com/,"264 Wilson Park Rd, Statesville, NC 28625",Statesville,North Carolina,28625,35.8144416,-80.8403885,4.8,60,Truck repair shop,Friday: ['8AM-5:30PM']; Monday: ['8AM-5:30PM']; Saturday: ['Closed']; Sunday: ['Closed']; Thursday: ['8AM-5:30PM']; Tuesday: ['8AM-5:30PM']; Wednesday: ['8AM-5:30PM'],no,no,1
Ultimate Towing & Recovery,+1 704-380-2613,https://ultimatetows.com/%3Futm_source%3Dgoogle%26utm_medium%3Dgmb-statesville%26utm_campaign%3Dweb-click,"1112 Johnson Dr, Statesville, NC 28677",Statesville,North Carolina,28677,35.7725719,-80.9097775,4.4,255,Towing service,Friday: ['Open 24 hours']; Monday: ['Open 24 hours']; Saturday: ['Open 24 hours']; Sunday: ['Open 24 hours']; Thursday: ['Open 24 hours']; Tuesday: ['Open 24 hours']; Wednesday: ['Open 24 hours'],yes,no,1
We Do Diesels Plus,+1 704-546-2525,https://wedodieselsllc.com/,"268 Hayes Farm Rd, Statesville, NC 28625",Statesville,North Carolina,28625,35.9050331,-80.7142562,4.5,22,Truck repair shop,Friday: ['7AM-3:30PM']; Monday: ['8AM-4:30PM']; Saturday: ['Closed']; Sunday: ['Closed']; Thursday: ['8AM-4:30PM']; Tuesday: ['8AM-4:30PM']; Wednesday: ['8AM-4:30PM'],no,no,1
Wompn Diesel Mobile Diesel Service,+1 704-516-1240,,"151 Sams Way, Statesville, NC 28625",Statesville,North Carolina,28625,35.8425405,-80.9468869,5,51,Truck repair shop,Friday: ['Open 24 hours']; Monday: ['Open 24 hours']; Saturday: ['Open 24 hours']; Sunday: ['Open 24 hours']; Thursday: ['Open 24 hours']; Tuesday: ['Open 24 hours']; Wednesday: ['Open 24 hours'],yes,yes,1
Mangum's Truck & Auto,+1 919-528-3310,,"1191 Julian Daniel Rd, Stem, NC 27581",Stem,North Carolina,27581,36.181594,-78.7344688,4.8,82,Truck repair shop,Friday: ['8AM-6PM']; Monday: ['8AM-6PM']; Saturday: ['8:30AM-2PM']; Sunday: ['Closed']; Thursday: ['8AM-6PM']; Tuesday: ['8AM-6PM']; Wednesday: ['8AM-6PM'],no,no,1
Oliver Diesel & Auto Repair,+1 336-644-9200,http://www.oliverdieselnc.com/,"7779 NC-68, Stokesdale, NC 27357",Stokesdale,North Carolina,27357,36.2272818,-79.9902956,4.6,,Auto repair shop,Thursday: ['7:30AM-5:30PM'],no,no,1
W & W Diesel,+1 910-754-8086,http://wwdieselservice.com/,"2270 Ocean Hwy W Ste 1, Supply, NC 28462",Supply,North Carolina,28462,33.9944994,-78.3436568,4.9,36,Diesel engine repair service,Friday: ['8AM-4PM']; Monday: ['8AM-5PM']; Saturday: ['Closed']; Sunday: ['Closed']; Thursday: ['8AM-5PM']; Tuesday: ['8AM-5PM']; Wednesday: ['8AM-5PM'],no,no,1
ACE ROADSIDE SERVICE,+1 828-606-5978,https://aceroadsideservice.com/,"111 Old Patton Cove Rd, Swannanoa, NC 28778",Swannanoa,North Carolina,28778,35.5963022,-82.4053626,4.4,71,Truck repair shop,Friday: ['8AM-5PM']; Monday: ['8AM-5PM']; Saturday: ['Closed']; Sunday: ['Closed']; Thursday: ['8AM-5PM']; Tuesday: ['8AM-5PM']; Wednesday: ['8AM-5PM'],no,no,1
Valley Truck Service,+1 828-686-7003,http://www.valleytruckservice.net/,"2780 US-70, Swannanoa, NC 28778",Swannanoa,North Carolina,28778,35.6015014,-82.370079,4.8,70,Truck repair shop,Friday: ['Closed']; Monday: ['8AM-5PM']; Saturday: ['Closed']; Sunday: ['Closed']; Thursday: ['8AM-5PM']; Tuesday: ['8AM-5PM']; Wednesday: ['8AM-5PM'],no,no,1
Foothills RV Repair Inc,+1 828-635-0060,,"1207 Carrigan Rd, Taylorsville, NC 28681",Taylorsville,North Carolina,28681,35.8983413,-81.198256,4.7,35,RV repair shop,Friday: ['9AM-5PM']; Monday: ['9AM-5PM']; Saturday: ['Closed']; Sunday: ['Closed']; Thursday: ['9AM-5PM']; Tuesday: ['9AM-5PM']; Wednesday: ['9AM-5PM'],no,no,1
BJ’S Camper & RV Repair LLC,+1 336-554-0204,https://m.facebook.com/profile.php/%3Fid%3D100089902931788,"1490 National Hwy, Thomasville, NC 27360",Thomasville,North Carolina,27360,35.9263016,-80.0565638,5,129,RV repair shop,Friday: ['Open 24 hours']; Monday: ['Open 24 hours']; Saturday: ['Open 24 hours']; Sunday: ['Open 24 hours']; Thursday: ['Open 24 hours']; Tuesday: ['Open 24 hours']; Wednesday: ['Open 24 hours'],yes,no,1
NC Trailers,+1 336-475-5054,https://nctrailers.com/,"221 Boots Evans Rd, Thomasville, NC 27360",Thomasville,North Carolina,27360,35.8710301,-80.1565029,4.8,1643,Trailer repair shop,Friday: ['9AM-5:30PM']; Monday: ['9AM-5:30PM']; Saturday: ['9AM-2PM']; Sunday: ['Closed']; Thursday: ['9AM-5:30PM']; Tuesday: ['9AM-5:30PM']; Wednesday: ['9AM-5:30PM'],no,no,1
"Pure Diesel Repair, Inc.",+1 336-448-0324,https://puredieselnc.com/,"360 Commercial Park Dr, Thomasville, NC 27360",Thomasville,North Carolina,27360,35.8331214,-80.0763832,4.9,68,Diesel engine repair service,Friday: ['8AM-12PM']; Monday: ['7:30AM-5:30PM']; Saturday: ['Closed']; Sunday: ['Closed']; Thursday: ['7:30AM-5:30PM']; Tuesday: ['7:30AM-5:30PM']; Wednesday: ['7:30AM-5:30PM'],no,no,1
Thomasville Diesel Truck Service,+1 336-889-5388,http://www.thomasvillediesel.com/,"7 Teague Rd, Thomasville, NC 27360",Thomasville,North Carolina,27360,35.9208262,-80.0598809,4.4,78,Truck repair shop,Friday: ['8AM-5PM']; Monday: ['8AM-5PM']; Saturday: ['Closed']; Sunday: ['Closed']; Thursday: ['8AM-5PM']; Tuesday: ['8AM-5PM']; Wednesday: ['8AM-5PM'],no,no,1
Campfire RV Service & Repair LLC,+1 919-698-3507,http://www.campfirervservicerepair.com/,"83 Rocky Bluff Ln, Timberlake, NC 27583",Timberlake,North Carolina,27583,36.2747643,-78.9279042,5,17,RV repair shop,Friday: ['9AM-5PM']; Monday: ['9AM-5PM']; Saturday: ['Closed']; Sunday: ['Closed']; Thursday: ['9AM-5PM']; Tuesday: ['9AM-5PM']; Wednesday: ['9AM-5PM'],no,no,1
"First Response RV Services, LLC",+1 336-685-1514,http://www.frrvs.com/,"Lynn Cir W, Trinity, NC 27370",Trinity,North Carolina,27370,35.8167257,-80.0341709,5,8,RV repair shop,Friday: ['9AM-5PM']; Monday: ['9AM-5PM']; Saturday: ['Closed']; Sunday: ['Closed']; Thursday: ['9AM-5PM']; Tuesday: ['9AM-5PM']; Wednesday: ['9AM-5PM'],no,no,1
"Express Mobile Truck Repair, LLC.",+1 919-603-7059,,"1304 Teacup Spring Ct, Wake Forest, NC 27587",Wake Forest,North Carolina,27587,35.9518429,-78.4643936,3.6,13,Truck repair shop,Friday: ['Open 24 hours']; Monday: ['Open 24 hours']; Saturday: ['Open 24 hours']; Sunday: ['Open 24 hours']; Thursday: ['Open 24 hours']; Tuesday: ['Open 24 hours']; Wednesday: ['Open 24 hours'],yes,yes,1
Raleigh Auto Electrical & Diagnostics,+1 919-292-4843,http://raleighautoelectrical.com/%3Futm_source%3Dgmb%26utm_medium%3Dreferral,"5103 Unicon Dr Ste E, Wake Forest, NC 27587",Wake Forest,North Carolina,27587,35.9271814,-78.5376978,4.9,131,Auto repair shop,Friday: ['9AM-7PM']; Monday: ['9AM-7PM']; Saturday: ['Closed']; Sunday: ['Closed']; Thursday: ['9AM-7PM']; Tuesday: ['9AM-7PM']; Wednesday: ['9AM-7PM'],no,no,1
I-40 Truck & Trailer Repair,+1 828-926-5590,http://i40trucktrailerrepair.com/,"2470 Crabtree Rd, Waynesville, NC 28785",Waynesville,North Carolina,28785,35.5555766,-82.9517995,4.8,56,Truck repair shop,Friday: ['Open 24 hours']; Monday: ['Open 24 hours']; Saturday: ['Open 24 hours']; Sunday: ['Open 24 hours']; Thursday: ['Open 24 hours']; Tuesday: ['Open 24 hours']; Wednesday: ['Open 24 hours'],yes,no,1
Circle G Trailer Repair,+1 919-604-5076,,"9529 Earpsboro Chamblee Rd, Wendell, NC 27591",Wendell,North Carolina,27591,35.7876014,-78.3146293,4.8,18,Trailer repair shop,Friday: ['8AM-5PM']; Monday: ['8AM-5PM']; Saturday: ['Closed']; Sunday: ['Closed']; Thursday: ['8AM-5PM']; Tuesday: ['8AM-5PM']; Wednesday: ['8AM-5PM'],no,no,1
Wheel Works (Mobile Trailer Repair Shop),+1 919-365-5500,https://www.wheelworksnc.com/,"6300 Robertson Pond Rd, Wendell, NC 27591",Wendell,North Carolina,27591,35.8161235,-78.4154416,4.5,8,Trailer repair shop,Friday: ['8AM-5PM']; Monday: ['8AM-5PM']; Saturday: ['Closed']; Sunday: ['Closed']; Thursday: ['8AM-5PM']; Tuesday: ['8AM-5PM']; Wednesday: ['8AM-5PM'],no,yes,1
TA Truck Service,+1 336-449-6060,https://www.ta-petro.com/,"1101 NC-61, Whitsett, NC 27377",Whitsett,North Carolina,27377,36.0637422,-79.5629869,3.9,747,Truck repair shop,Friday: ['Open 24 hours']; Monday: ['Open 24 hours']; Saturday: ['Open 24 hours']; Sunday: ['Open 24 hours']; Thursday: ['Open 24 hours']; Tuesday: ['Open 24 hours']; Wednesday: ['Open 24 hours'],yes,no,2
Trailer Labs,+1 919-628-8569,https://trailerlabs.co/,"175 Roping Horn Way, Willow Spring, NC 27592",Willow Spring,North Carolina,27592,35.541501,-78.5732491,4.9,78,Trailer repair shop,Friday: ['Open 24 hours']; Monday: ['Open 24 hours']; Saturday: ['Open 24 hours']; Sunday: ['Open 24 hours']; Thursday: ['Open 24 hours']; Tuesday: ['Open 24 hours']; Wednesday: ['Open 24 hours'],yes,no,1
A & B Performance LLC,+1 910-508-4875,,"6413 Windmill Way suite a, Wilmington, NC 28405",Wilmington,North Carolina,28405,34.2589451,-77.8459881,4.6,22,Auto repair shop,Friday: ['9AM-6PM']; Monday: ['9AM-6PM']; Saturday: ['Closed']; Sunday: ['Closed']; Thursday: ['9AM-6PM']; Tuesday: ['9AM-6PM']; Wednesday: ['9AM-6PM'],no,no,1
ARCHERS HEAVY HAULING AND DIESEL REPAIR,+1 910-599-8896,,"2012 Castle Hayne Rd, Wilmington, NC 28401",Wilmington,North Carolina,28401,34.2759867,-77.9246295,3.6,16,Diesel engine repair service,Friday: ['8:30AM-5:30PM']; Monday: ['8:30AM-5:30PM']; Saturday: ['Closed']; Sunday: ['Closed']; Thursday: ['8:30AM-5:30PM']; Tuesday: ['8:30AM-5:30PM']; Wednesday: ['8:30AM-5:30PM'],no,no,1
Advanced Automotive & RV,+1 910-452-4661,http://www.advancedautomotiveonline.net/,"6503 Windmill Way, Wilmington, NC 28405",Wilmington,North Carolina,28405,34.2597304,-77.8437155,4.9,67,Truck repair shop,Friday: ['8AM-5PM']; Monday: ['8AM-5PM']; Saturday: ['Closed']; Sunday: ['Closed']; Thursday: ['8AM-5PM']; Tuesday: ['8AM-5PM']; Wednesday: ['8AM-5PM'],no,no,1
Advanced Maintenance,+1 888-452-9206,http://advancedmaintenance.com/locations_nc_wilmington.html,"2820 N Kerr Ave, Wilmington, NC 28405",Wilmington,North Carolina,28405,34.2904132,-77.8995627,3.2,25,Truck repair shop,Friday: ['Open 24 hours']; Monday: ['Open 24 hours']; Saturday: ['Open 24 hours']; Sunday: ['Open 24 hours']; Thursday: ['Open 24 hours']; Tuesday: ['Open 24 hours']; Wednesday: ['Open 24 hours'],yes,no,1
All Motors Automotive,+1 910-769-0476,http://www.allmotorsautomotive.com/,"3301 Kitty Hawk Rd, Wilmington, NC 28405",Wilmington,North Carolina,28405,34.294235,-77.899814,4.9,140,Truck repair shop,Friday: ['8AM-5PM']; Monday: ['8AM-5PM']; Saturday: ['Closed']; Sunday: ['Closed']; Thursday: ['8AM-5PM']; Tuesday: ['8AM-5PM']; Wednesday: ['8AM-5PM'],no,no,1
Bluewater Marine & RV Service & Transport,+1 910-256-8328,http://www.bluewater-marine-rv.com/,"2010 Capital Dr, Wilmington, NC 28405",Wilmington,North Carolina,28405,34.2813679,-77.8748742,4.5,8,RV repair shop,Friday: ['8AM-5PM']; Monday: ['8AM-5PM']; Saturday: ['8AM-5PM']; Sunday: ['8AM-5PM']; Thursday: ['8AM-5PM']; Tuesday: ['8AM-5PM']; Wednesday: ['8AM-5PM'],no,no,1
Boaty's Boat House,+1 910-395-2350,http://www.boatysboathouse.com/,"1200 Castle Hayne Rd, Wilmington, NC 28401",Wilmington,North Carolina,28401,34.2590276,-77.9385892,3,4,Boat repair shop,Friday: ['7:30AM-6:30PM']; Monday: ['7:30AM-6:30PM']; Saturday: ['9AM-1PM']; Sunday: ['Closed']; Thursday: ['7:30AM-6:30PM']; Tuesday: ['7:30AM-6:30PM']; Wednesday: ['7:30AM-6:30PM'],no,no,1
Brand New Brakes - Mobile Brake Repair,+1 910-398-2716,http://www.brandnewbrakes.com/,"2509 College Rd Unit C, Wilmington, NC 28412",Wilmington,North Carolina,28412,34.1988803,-77.8883358,5,603,Brake shop,Friday: ['8AM-9PM']; Monday: ['8AM-9PM']; Saturday: ['10AM-9PM']; Sunday: ['10AM-9PM']; Thursday: ['8AM-9PM']; Tuesday: ['8AM-9PM']; Wednesday: ['8AM-9PM'],no,yes,1
Bryant & Sons Unlimited Inc.,+1 910-362-0320,https://www.bryantsons.com/%3Futm_source%3Domg-gbp%26utm_medium%3Dwebclick,"351 Shipyard Blvd, Wilmington, NC 28412",Wilmington,North Carolina,28412,34.1919529,-77.9385326,4.2,59,Truck repair shop,Friday: ['Open 24 hours']; Monday: ['Open 24 hours']; Saturday: ['Open 24 hours']; Sunday: ['Open 24 hours']; Thursday: ['Open 24 hours']; Tuesday: ['Open 24 hours']; Wednesday: ['Open 24 hours'],yes,no,1
Bulldog RV Solutions LLC,+1 910-232-6890,https://bulldogrvsolutions.com/,"4914 Carol St, Wilmington, NC 28412",Wilmington,North Carolina,28412,34.1464523,-77.9116025,4.9,88,RV repair shop,Friday: ['8AM-5PM']; Monday: ['8AM-5PM']; Saturday: ['8AM-12PM']; Sunday: ['Closed']; Thursday: ['8AM-5PM']; Tuesday: ['8AM-5PM']; Wednesday: ['8AM-5PM'],no,no,1
Cape Fear Auto Clinic & Tires,+1 910-789-0450,http://capefearautoclinic.com/,"120 Bryan Rd, Wilmington, NC 28412",Wilmington,North Carolina,28412,34.1704889,-77.9445242,4.8,110,Auto repair shop,Friday: ['9AM-5:30PM']; Monday: ['9AM-5:30PM']; Saturday: ['Closed']; Sunday: ['Closed']; Thursday: ['9AM-5:30PM']; Tuesday: ['9AM-5:30PM']; Wednesday: ['9AM-5:30PM'],no,yes,2
Cape Fear Customs,+1 910-769-6900,https://www.capefearcustoms.com/,"6121 Market St, Wilmington, NC 28405",Wilmington,North Carolina,28405,34.2541246,-77.8502454,4.9,729,Auto repair shop,Friday: ['8AM-5:30PM']; Monday: ['8AM-5:30PM']; Saturday: ['Closed']; Sunday: ['Closed']; Thursday: ['8AM-5:30PM']; Tuesday: ['8AM-5:30PM']; Wednesday: ['8AM-5:30PM'],no,no,1
Cape Fear Services Center Inc,+1 910-343-8668,,"2102 US-421, Wilmington, NC 28401",Wilmington,North Carolina,28401,34.203324,-77.9408317,5,1,Truck repair shop,,no,no,1
Carolina Coastal Marine,+1 910-809-2628,http://carolinacoastalmarine.com/,"405 Cornelius Harnett Dr Ste 1, Wilmington, NC 28401",Wilmington,North Carolina,28401,34.2539194,-77.9457107,5,157,Boat repair shop,Friday: ['Closed']; Monday: ['Closed']; Saturday: ['Closed']; Sunday: ['Closed']; Thursday: ['8AM-4PM']; Tuesday: ['8AM-4PM']; Wednesday: ['8AM-4PM'],no,no,1
"Clarke Power Services, Inc.",+1 910-392-7220,https://www.clarkepowerservices.com/locations/wilmington-nc,"6725 Netherlands Dr, Wilmington, NC 28405",Wilmington,North Carolina,28405,34.263142,-77.836947,4.7,26,Truck repair shop,Friday: ['7AM-4PM']; Monday: ['7AM-4PM']; Saturday: ['Closed']; Sunday: ['Closed']; Thursday: ['7AM-4PM']; Tuesday: ['7AM-4PM']; Wednesday: ['7AM-4PM'],no,no,1
Class a rv,+1 910-524-3928,,"519 1/2 Silver Lake Rd, Wilmington, NC 28412",Wilmington,North Carolina,28412,34.144,-77.9108301,5,1,RV repair shop,Friday: ['8AM-6PM']; Monday: ['8AM-6PM']; Saturday: ['8AM-6PM']; Sunday: ['8AM-6PM']; Thursday: ['8AM-6PM']; Tuesday: ['8AM-6PM']; Wednesday: ['8AM-6PM'],yes,no,2
Coastal Carrier Moving & Storage Company,+1 910-996-3361,https://coastalcarrier.com/nc/wilmington-movers/%3Futm_source%3Dgmb%26utm_medium%3Dorganic%26utm_campaign%3Dlisting%26utm_content%3Dwilmington,"3121 Wrightsville Ave, Wilmington, NC 28403",Wilmington,North Carolina,28403,34.225329,-77.9040905,4.9,1006,Mover,Friday: ['Open 24 hours']; Monday: ['Open 24 hours']; Saturday: ['Open 24 hours']; Sunday: ['Open 24 hours']; Thursday: ['Open 24 hours']; Tuesday: ['Open 24 hours']; Wednesday: ['Open 24 hours'],yes,no,1
Coastal Rebuilders,+1 910-762-4335,https://coastalrebuilders.com/,"38 Covil Ave, Wilmington, NC 28403",Wilmington,North Carolina,28403,34.2387395,-77.9046612,4.8,217,Auto repair shop,Friday: ['8AM-5PM']; Monday: ['8AM-5PM']; Saturday: ['Closed']; Sunday: ['Closed']; Thursday: ['8AM-5PM']; Tuesday: ['8AM-5PM']; Wednesday: ['8AM-5PM'],no,no,1
Current Marine LLC,+1 910-297-7139,,"6428 Amsterdam Way, Wilmington, NC 28405",Wilmington,North Carolina,28405,34.2607342,-77.8442769,5,166,Boat repair shop,Friday: ['9AM-5PM']; Monday: ['9AM-5PM']; Saturday: ['Closed']; Sunday: ['Closed']; Thursday: ['9AM-5PM']; Tuesday: ['9AM-5PM']; Wednesday: ['9AM-5PM'],no,no,1
D&G Express Mobile Mechanic,+1 317-954-2195,https://dgexpressauto.com/,"1705 S 41st St, Wilmington, NC 28403",Wilmington,North Carolina,28403,34.2064137,-77.8954852,4.9,40,Auto repair shop,Friday: ['8AM-6PM']; Monday: ['8AM-6PM']; Saturday: ['Closed']; Sunday: ['Closed']; Thursday: ['8AM-6PM']; Tuesday: ['8AM-6PM']; Wednesday: ['8AM-6PM'],no,yes,1
DeMann Marine Power,+1 910-791-6222,http://demannmarine.com/,"107 Bryan Rd, Wilmington, NC 28412",Wilmington,North Carolina,28412,34.1709799,-77.9476505,5,14,Marine supply store,Friday: ['8AM-5PM']; Monday: ['8AM-5PM']; Saturday: ['Closed']; Sunday: ['Closed']; Thursday: ['8AM-5PM']; Tuesday: ['8AM-5PM']; Wednesday: ['8AM-5PM'],no,no,1
Diesel Parts of Carolina,+1 910-251-8202,,"5220 US-421, Wilmington, NC 28401",Wilmington,North Carolina,28401,34.3228168,-77.9931193,4.6,41,Diesel engine dealer,Friday: ['7AM-4:30PM']; Monday: ['7AM-5PM']; Saturday: ['Closed']; Sunday: ['Closed']; Thursday: ['7AM-5PM']; Tuesday: ['7AM-5PM']; Wednesday: ['7AM-5PM'],no,no,1
Double D Trailers (Horse Trailers),+1 910-444-2880,https://www.doubledtrailers.com/about-us/,"7719 Market St, Wilmington, NC 28404",Wilmington,North Carolina,28404,34.285464,-77.806995,4.7,61,Trailer manufacturer,Friday: ['8AM-5PM']; Monday: ['8AM-5PM']; Saturday: ['Closed']; Sunday: ['Closed']; Thursday: ['8AM-5PM']; Tuesday: ['8AM-5PM']; Wednesday: ['8AM-5PM'],no,no,1
East Carolina Off-Road,+1 910-821-5222,http://www.eastcarolinaoffroadandfabrication.com/,"6418 Market St, Wilmington, NC 28405",Wilmington,North Carolina,28405,34.2554594,-77.8428476,4.9,122,Truck accessories store,Friday: ['8AM-5PM']; Monday: ['8AM-5PM']; Saturday: ['Closed']; Sunday: ['Closed']; Thursday: ['8AM-5PM']; Tuesday: ['8AM-5PM']; Wednesday: ['8AM-5PM'],no,no,1
East Coast Autos and Trailers,+1 910-762-4555,http://www.eastcoastautosandtrailers.com/,"2535 Blue Clay Rd, Wilmington, NC 28405",Wilmington,North Carolina,28405,34.2846721,-77.9142857,4.5,184,Trailer repair shop,Friday: ['8AM-5PM']; Monday: ['8AM-5PM']; Saturday: ['9AM-2PM']; Sunday: ['Closed']; Thursday: ['8AM-5PM']; Tuesday: ['8AM-5PM']; Wednesday: ['8AM-5PM'],no,no,1
East Coast Euro Werks,+1 910-859-7757,http://www.eceurowerks.com/,"5737 Oleander Dr, Wilmington, NC 28403",Wilmington,North Carolina,28403,34.20951,-77.8480958,4.9,813,Auto repair shop,Friday: ['8AM-5PM']; Monday: ['8AM-5PM']; Saturday: ['Closed']; Sunday: ['Closed']; Thursday: ['8AM-5PM']; Tuesday: ['8AM-5PM']; Wednesday: ['8AM-5PM'],no,no,1
FleetPride,+1 910-762-8761,https://branches.fleetpride.com/nc/wilmington/truckparts-wnc.html,"3234 US-421, Wilmington, NC 28401",Wilmington,North Carolina,28401,34.2868811,-77.9657797,4.3,44,Truck parts supplier,Friday: ['7:30AM-5PM']; Monday: ['7:30AM-5PM']; Saturday: ['8AM-12PM']; Sunday: ['Closed']; Thursday: ['7:30AM-5PM']; Tuesday: ['7:30AM-5PM']; Wednesday: ['7:30AM-5PM'],no,no,1
Hospital Automotive Car Care,+1 910-343-4231,http://www.hospitalautomotive.com/,"46 Covil Ave, Wilmington, NC 28403",Wilmington,North Carolina,28403,34.2382183,-77.9049274,4.9,83,Auto repair shop,Friday: ['8AM-5PM']; Monday: ['8AM-5PM']; Saturday: ['Closed']; Sunday: ['Closed']; Thursday: ['8AM-5PM']; Tuesday: ['8AM-5PM']; Wednesday: ['8AM-5PM'],no,no,1
Howard RV Center,+1 910-791-5371,http://www.hrvc.com/,"6811 Market St, Wilmington, NC 28405",Wilmington,North Carolina,28405,34.2604151,-77.8321998,4.4,248,RV dealer,Friday: ['8:30AM-5PM']; Monday: ['8:30AM-5PM']; Saturday: ['Closed']; Sunday: ['Closed']; Thursday: ['8:30AM-5PM']; Tuesday: ['8:30AM-5PM']; Wednesday: ['8:30AM-5PM'],no,no,1
Howard RV Center - Service Dept.,+1 910-792-6911,http://www.hrvc.com/,"6811 Market St building b, Wilmington, NC 28405",Wilmington,North Carolina,28405,34.2607337,-77.8325303,4.6,5,RV repair shop,Friday: ['8AM-5PM']; Monday: ['8AM-5PM']; Saturday: ['Closed']; Sunday: ['Closed']; Thursday: ['8AM-5PM']; Tuesday: ['8AM-5PM']; Wednesday: ['8AM-5PM'],no,no,1
Injector Renew 2,+1 910-200-5763,http://www.injectorrenew2.com/,"6421 Berridge Dr, Wilmington, NC 28412",Wilmington,North Carolina,28412,34.1016236,-77.90088,4.8,5,Boat repair shop,,no,no,1
JBE Marine,+1 910-371-8528,https://www.jbemarine.com/,"1536 Castle Hayne Rd Ste 19, Wilmington, NC 28401",Wilmington,North Carolina,28401,34.2660835,-77.9264609,5,3,Boat repair shop,Friday: ['8AM-5PM']; Monday: ['8AM-5PM']; Saturday: ['Closed']; Sunday: ['Closed']; Thursday: ['8AM-5PM']; Tuesday: ['8AM-5PM']; Wednesday: ['8AM-5PM'],no,no,1
Jake The Mobile Mechanic,+1 910-374-0062,,"5550 Carolina Beach Rd, Wilmington, NC 28412",Wilmington,North Carolina,28412,34.1391484,-77.8963748,4.8,58,Mechanic,Friday: ['9AM-5PM']; Monday: ['9AM-5PM']; Saturday: ['Closed']; Sunday: ['Closed']; Thursday: ['9AM-5PM']; Tuesday: ['9AM-5PM']; Wednesday: ['9AM-5PM'],no,yes,1
Kennedy Automotive Services,+1 910-799-4441,http://www.kennedyautomotive.com/,"3715 Carolina Beach Rd, Wilmington, NC 28412",Wilmington,North Carolina,28412,34.1785275,-77.9263662,4.9,349,Auto repair shop,Friday: ['8AM-4PM']; Monday: ['8AM-5PM']; Saturday: ['Closed']; Sunday: ['Closed']; Thursday: ['8AM-5PM']; Tuesday: ['8AM-5PM']; Wednesday: ['8AM-5PM'],no,no,1
Labriola's Automotive,+1 910-297-2590,http://labriolasauto.com/,"6608-3 Windmill Way, Wilmington, NC 28405",Wilmington,North Carolina,28405,34.2591858,-77.841212,4.9,476,Auto repair shop,Friday: ['8AM-5PM']; Monday: ['8AM-5PM']; Saturday: ['Closed']; Sunday: ['Closed']; Thursday: ['8AM-5PM']; Tuesday: ['8AM-5PM']; Wednesday: ['8AM-5PM'],no,no,1
Leonard Truck Outfitters,+1 910-392-4921,http://leonardusa.com/,"5705 Market St, Wilmington, NC 28405",Wilmington,North Carolina,28405,34.2494525,-77.8618722,4.5,314,Truck accessories store,Friday: ['8:30AM-6PM']; Monday: ['8:30AM-6PM']; Saturday: ['9AM-3PM']; Sunday: ['Closed']; Thursday: ['8:30AM-6PM']; Tuesday: ['8:30AM-6PM']; Wednesday: ['8:30AM-6PM'],no,no,1
Lighthouse Marine & Trailer Supply,+1 910-392-5005,,"220 N Green Meadows Dr Unit a, Wilmington, NC 28405",Wilmington,North Carolina,28405,34.2577146,-77.8461456,4.6,108,Marine supply store,Friday: ['8AM-5PM']; Monday: ['8AM-5PM']; Saturday: ['Closed']; Sunday: ['Closed']; Thursday: ['8AM-5PM']; Tuesday: ['8AM-5PM']; Wednesday: ['8AM-5PM'],no,no,1
MOBIL MECHANIC D&E LLC,+1 910-524-4893,,"2005 Castle Hayne Rd, Wilmington, NC 28401",Wilmington,North Carolina,28401,34.2757869,-77.9256418,5,1,Machine workshop,Friday: ['9AM-6PM']; Monday: ['9AM-6PM']; Saturday: ['9AM-12PM']; Sunday: ['Closed']; Thursday: ['9AM-6PM']; Tuesday: ['9AM-5PM']; Wednesday: ['9AM-4PM'],no,no,1
Matthews Motors Truck Center of Wilmington,+1 910-294-3221,https://www.matthewsmotorswilmington.com/searchused.aspx%3FBodyType%3DTruck%2B-%2BCrew%2BCab,"6480 Market St, Wilmington, NC 28405",Wilmington,North Carolina,28405,34.2557945,-77.842041,4.8,16,Truck repair shop,Friday: ['9AM-7PM']; Monday: ['9AM-7PM']; Saturday: ['9AM-6PM']; Sunday: ['Closed']; Thursday: ['9AM-7PM']; Tuesday: ['9AM-7PM']; Wednesday: ['9AM-7PM'],no,no,1
McCarthy Tire Service,+1 910-791-0132,https://locations.mccarthytire.com/mccarthy-tire-service-c037a1fc079b,"118 Portwatch Way, Wilmington, NC 28412",Wilmington,North Carolina,28412,34.1703024,-77.9453726,4.9,41,Truck repair shop,Friday: ['7:30AM-5PM']; Monday: ['7:30AM-5PM']; Saturday: ['Closed']; Sunday: ['Closed']; Thursday: ['7:30AM-5PM']; Tuesday: ['7:30AM-5PM']; Wednesday: ['7:30AM-5PM'],no,no,1
Mercer's Marine,+1 910-523-5212,https://www.mercermarinenc.com/,"6710 Market St, Wilmington, NC 28405",Wilmington,North Carolina,28405,34.256965,-77.8373101,4.2,26,Boat repair shop,Friday: ['9AM-5PM']; Monday: ['9AM-5PM']; Saturday: ['Closed']; Sunday: ['Closed']; Thursday: ['9AM-5PM']; Tuesday: ['9AM-5PM']; Wednesday: ['9AM-5PM'],no,no,1
Mobile Boat Trailer Repair,+1 910-499-2693,http://mobiletrailerrepairservice.com/,"523 Musket Bay Dr, Wilmington, NC 28412",Wilmington,North Carolina,28412,34.1661148,-77.932317,5,74,Trailer repair shop,Friday: ['7AM-7PM']; Monday: ['7AM-5PM']; Saturday: ['7AM-7PM']; Sunday: ['7AM-5PM']; Thursday: ['7AM-7PM']; Tuesday: ['7AM-7PM']; Wednesday: ['7AM-7PM'],no,yes,1
Mobile Brake Doctor LLC,+1 910-297-9544,,"3220 Chalmers Dr, Wilmington, NC 28409",Wilmington,North Carolina,28409,34.1885286,-77.8888525,5,344,Brake shop,Friday: ['8AM-6PM']; Monday: ['8AM-6PM']; Saturday: ['8AM-12PM']; Sunday: ['Closed']; Thursday: ['8AM-6PM']; Tuesday: ['8AM-6PM']; Wednesday: ['8AM-6PM'],no,yes,1
MobileTech,+1 910-769-9122,http://www.mobiletechilm.com/,"5929 Market St, Wilmington, NC 28405",Wilmington,North Carolina,28405,34.2516546,-77.8557352,4.7,379,Auto repair shop,Friday: ['7:30AM-2PM']; Monday: ['7:30AM-6PM']; Saturday: ['Closed']; Sunday: ['Closed']; Thursday: ['7:30AM-6PM']; Tuesday: ['7:30AM-6PM']; Wednesday: ['7:30AM-6PM'],no,yes,1
MobileTech,+1 910-250-4060,http://www.mobiletechilm.com/,"3805 Market St, Wilmington, NC 28403",Wilmington,North Carolina,28403,34.2416147,-77.8993201,4.6,382,Auto repair shop,Friday: ['7:30AM-2PM']; Monday: ['7:30AM-6PM']; Saturday: ['Closed']; Sunday: ['Closed']; Thursday: ['7:30AM-6PM']; Tuesday: ['7:30AM-6PM']; Wednesday: ['7:30AM-6PM'],no,yes,1
"Monkey Junction Marine, *now Watson's Welding",+1 910-799-2494,http://www.watsonswelding.com/,"1402 S Front St, Wilmington, NC 28401",Wilmington,North Carolina,28401,34.2174048,-77.9469871,4.2,6,Welder,Friday: ['7:30AM-2PM']; Monday: ['7:30AM-4PM']; Saturday: ['Closed']; Sunday: ['Closed']; Thursday: ['7:30AM-4PM']; Tuesday: ['7:30AM-4PM']; Wednesday: ['7:30AM-4PM'],no,no,2
Mr.Wilmington Mobile Mechanic,+1 910-994-4899,,"3528 Carolina Beach Rd, Wilmington, NC 28412",Wilmington,North Carolina,28412,34.1822915,-77.9300823,5,2,Auto repair shop,,no,yes,1
Mud Dog Trailers,+1 910-759-6222,http://www.muddogtrailers.com/contact,"2820 Carolina Beach Rd, Wilmington, NC 28412",Wilmington,North Carolina,28412,34.1864406,-77.9322399,4.8,20,Equipment supplier,Friday: ['8AM-5PM']; Monday: ['8AM-5PM']; Saturday: ['Closed']; Sunday: ['Closed']; Thursday: ['8AM-5PM']; Tuesday: ['8AM-5PM']; Wednesday: ['8AM-5PM'],no,no,1
North State Street Management,+1 704-963-7270,,"106 Alameda Dr, Wilmington, NC 28412",Wilmington,North Carolina,28412,34.1106788,-77.9027959,,,Diesel engine repair service,Friday: ['Open 24 hours']; Monday: ['Open 24 hours']; Saturday: ['Open 24 hours']; Sunday: ['Open 24 hours']; Thursday: ['Open 24 hours']; Tuesday: ['Open 24 hours']; Wednesday: ['Open 24 hours'],yes,no,1
PERFORMANCE PARTS PLUS,+1 910-518-5337,https://www.3pfleet.com/,"3416 Enterprise Dr, Wilmington, NC 28405",Wilmington,North Carolina,28405,34.3149241,-77.8770577,5,18,Truck repair shop,Friday: ['8AM-5PM']; Monday: ['8AM-5PM']; Saturday: ['Closed']; Sunday: ['Closed']; Thursday: ['8AM-5PM']; Tuesday: ['8AM-5PM']; Wednesday: ['8AM-5PM'],no,no,1
Picone Automotive,+1 910-815-0029,https://piconeautomotive.com/,"3006 Commerce Rd, Wilmington, NC 28405",Wilmington,North Carolina,28405,34.2894276,-77.9080998,4.7,57,Tire shop,Friday: ['8AM-5PM']; Monday: ['8AM-5PM']; Saturday: ['Closed']; Sunday: ['Closed']; Thursday: ['8AM-5PM']; Tuesday: ['8AM-5PM']; Wednesday: ['8AM-5PM'],no,no,1
Pinnacle Trailer Sales Inc,+1 910-342-0445,https://www.pinnacletrailers.com/,"5510 US-421 N, Wilmington, NC 28401",Wilmington,North Carolina,28401,34.3276477,-77.9964505,4.7,53,Trailer repair shop,Friday: ['8AM-5PM']; Monday: ['8AM-5PM']; Saturday: ['Closed']; Sunday: ['Closed']; Thursday: ['8AM-5PM']; Tuesday: ['8AM-5PM']; Wednesday: ['8AM-5PM'],no,no,1
Port Diesel,+1 910-274-5577,https://www.portdiesel.com/,"2701 Old Wrightsboro Rd #101, Wilmington, NC 28405",Wilmington,North Carolina,28405,34.2863304,-77.9082557,5,15,Boat repair shop,Friday: ['8AM-4PM']; Monday: ['8AM-4PM']; Saturday: ['Closed']; Sunday: ['Closed']; Thursday: ['8AM-4PM']; Tuesday: ['8AM-4PM']; Wednesday: ['8AM-4PM'],no,no,1
R & R Machine,+1 910-799-3133,,"10 New Bern St, Wilmington, NC 28403",Wilmington,North Carolina,28403,34.2426795,-77.8853683,4.8,49,Auto machine shop,Friday: ['9AM-5PM']; Monday: ['9AM-5PM']; Saturday: ['Closed']; Sunday: ['Closed']; Thursday: ['9AM-5PM']; Tuesday: ['9AM-5PM']; Wednesday: ['9AM-5PM'],no,no,1
Rich Mason Marine Inc.,+1 910-515-6815,http://richmasonmarine.com/,"4403 Oleander Dr Ste C #181, Wilmington, NC 28403",Wilmington,North Carolina,28403,34.211914,-77.88826,4.6,10,Boat repair shop,Friday: ['Open 24 hours']; Monday: ['Open 24 hours']; Saturday: ['Open 24 hours']; Sunday: ['Open 24 hours']; Thursday: ['Open 24 hours']; Tuesday: ['Open 24 hours']; Wednesday: ['Open 24 hours'],yes,no,1
SaltWater Marine,+1 910-392-7488,http://www.saltwatermarinenc.com/,"6130 Carolina Beach Rd, Wilmington, NC 28412",Wilmington,North Carolina,28412,34.1171345,-77.9013764,4.8,95,Boat dealer,Friday: ['8AM-5PM']; Monday: ['8AM-5PM']; Saturday: ['8-11AM']; Sunday: ['Closed']; Thursday: ['8AM-5PM']; Tuesday: ['8AM-5PM']; Wednesday: ['8AM-5PM'],no,no,1
Shoreline Marine,+1 910-297-4210,https://m.facebook.com/ShorelineMarineNC/,"6826 Market St Unit 12b, Wilmington, NC 28405",Wilmington,North Carolina,28405,34.2589947,-77.8287175,5,31,Boat repair shop,Friday: ['10AM-5PM']; Monday: ['10AM-5PM']; Saturday: ['Closed']; Sunday: ['Closed']; Thursday: ['10AM-5PM']; Tuesday: ['10AM-5PM']; Wednesday: ['10AM-5PM'],no,no,1
Snider Fleet Solutions,+1 910-777-2057,http://www.sniderfleet.com/,"310 Sampson St, Wilmington, NC 28401",Wilmington,North Carolina,28401,34.2700529,-77.9649291,4.9,35,Tire shop,Friday: ['7:30AM-5PM']; Monday: ['7:30AM-5PM']; Saturday: ['Closed']; Sunday: ['Closed']; Thursday: ['7:30AM-5PM']; Tuesday: ['7:30AM-5PM']; Wednesday: ['7:30AM-5PM'],no,no,1
"Specialized Mechanical Services, Inc",+1 910-620-3212,https://www.specializedmechanical.com/,"6821 Market St, Wilmington, NC 28405",Wilmington,North Carolina,28405,34.2607565,-77.8320518,4.6,21,Boat repair shop,Friday: ['7:30AM-4:30PM']; Monday: ['7:30AM-4:30PM']; Saturday: ['Closed']; Sunday: ['Closed']; Thursday: ['7:30AM-4:30PM']; Tuesday: ['7:30AM-4:30PM']; Wednesday: ['7:30AM-4:30PM'],no,no,1
T & L Truck Repair Inc,+1 910-763-0074,http://tandltruckrepair.com/,"1915 Blue Clay Rd, Wilmington, NC 28405",Wilmington,North Carolina,28405,34.2730142,-77.9211824,3.9,15,Truck repair shop,,no,no,1
T&J Diesel,+1 910-619-7729,,"5406 US-421, Wilmington, NC 28401",Wilmington,North Carolina,28401,34.3268534,-77.9957539,5,3,Mechanic,Friday: ['8AM-5PM']; Monday: ['8AM-5PM']; Saturday: ['Closed']; Sunday: ['Closed']; Thursday: ['8AM-5PM']; Tuesday: ['8AM-5PM']; Wednesday: ['8AM-5PM'],no,no,1
"Techz That Care, LLC",+1 910-833-5029,http://www.techzthatcare.com/,"16 Covil Ave, Wilmington, NC 28403",Wilmington,North Carolina,28403,34.2396918,-77.9047912,4.8,17,Repair service,Friday: ['9AM-5PM']; Monday: ['9AM-5PM']; Saturday: ['Closed']; Sunday: ['Closed']; Thursday: ['9AM-5PM']; Tuesday: ['9AM-5PM']; Wednesday: ['9AM-5PM'],no,no,1
"The Car Guys - Wilmington, NC - Auto Repair",+1 910-399-8042,https://www.thecarguys.us/,"6311 Carolina Beach Rd, Wilmington, NC 28412",Wilmington,North Carolina,28412,34.109861,-77.8993138,4.8,443,Auto repair shop,Friday: ['7AM-6PM']; Monday: ['7AM-6PM']; Saturday: ['Closed']; Sunday: ['Closed']; Thursday: ['7AM-6PM']; Tuesday: ['7AM-6PM']; Wednesday: ['7AM-6PM'],no,no,1
Tim's Mobile Mechanic Service,+1 910-465-5026,,"2513 Adams St, Wilmington, NC 28401",Wilmington,North Carolina,28401,34.1922267,-77.9412247,4.8,27,Mechanic,Friday: ['9AM-8PM']; Monday: ['9AM-8PM']; Saturday: ['11AM-6PM']; Sunday: ['Closed']; Thursday: ['9AM-8PM']; Tuesday: ['9AM-8PM']; Wednesday: ['9AM-8PM'],no,yes,1
Trucks of Wilmington Service Department,+1 910-519-8342,https://www.trucksofwilmington.com/service.aspx,"6480 Market St, Wilmington, NC 28405",Wilmington,North Carolina,28405,34.2559156,-77.842066,5,3,Auto repair shop,Friday: ['8AM-7PM']; Monday: ['8AM-7PM']; Saturday: ['8AM-7PM']; Sunday: ['Closed']; Thursday: ['8AM-7PM']; Tuesday: ['8AM-7PM']; Wednesday: ['8AM-7PM'],no,no,1
Twisted Metal Towing Service Inc.,+1 910-319-9019,http://twistedmetalusa.com/,"3011 N Kerr Ave Ste c2, Wilmington, NC 28405",Wilmington,North Carolina,28405,34.2896219,-77.9040236,4.4,103,Towing service,Friday: ['Open 24 hours']; Monday: ['Open 24 hours']; Saturday: ['Open 24 hours']; Sunday: ['Open 24 hours']; Thursday: ['Open 24 hours']; Tuesday: ['Open 24 hours']; Wednesday: ['Open 24 hours'],yes,no,1
Velocity Truck Centers,+1 910-763-6281,http://www.velocitytruckcenters.com/,"3201 US-421, Wilmington, NC 28401",Wilmington,North Carolina,28401,34.2842453,-77.9652619,3.1,14,Truck repair shop,Friday: ['7AM-5:30PM']; Monday: ['7AM-5:30PM']; Saturday: ['Closed']; Sunday: ['Closed']; Thursday: ['7AM-5:30PM']; Tuesday: ['7AM-5:30PM']; Wednesday: ['7AM-5:30PM'],no,no,2
Western Branch Diesel,+1 910-685-7590,http://www.westernbranchdiesel.com/%3Futm_source%3Dgbp%26utm_medium%3Dorganic%26utm_campaign%3Dwebsitebutton,"2017 Corporate Dr STE 9, Wilmington, NC 28405",Wilmington,North Carolina,28405,34.3005189,-77.8689829,5,1,Diesel engine repair service,Friday: ['8AM-5PM']; Monday: ['8AM-5PM']; Saturday: ['Closed']; Sunday: ['Closed']; Thursday: ['8AM-5PM']; Tuesday: ['8AM-5PM']; Wednesday: ['8AM-5PM'],no,no,1
Wilmington Mobile Truck Repair Services,,,"1758 Carolina Beach Rd, Wilmington, NC 28401",Wilmington,North Carolina,28401,34.2104223,-77.9457264,,,Truck repair shop,,no,yes,1
Wilmington On-Site Truck Mechanic,+1 910-613-5861,https://wilmingtontruckrepair.com/,"2381 Carolina Beach Rd, Wilmington, NC 28401",Wilmington,North Carolina,28401,34.195837,-77.9362501,5,2,Truck repair shop,Friday: ['Open 24 hours']; Monday: ['Open 24 hours']; Saturday: ['Open 24 hours']; Sunday: ['Open 24 hours']; Thursday: ['Open 24 hours']; Tuesday: ['Open 24 hours']; Wednesday: ['Open 24 hours'],yes,no,1
Wilmington Tank & Trailer,+1 910-763-2286,http://www.wilmingtontankandtrailer.com/,"4920 US-421, Wilmington, NC 28401",Wilmington,North Carolina,28401,34.318605,-77.9898727,5,3,Trailer repair shop,Friday: ['8AM-4PM']; Monday: ['8AM-4PM']; Saturday: ['Closed']; Sunday: ['Closed']; Thursday: ['8AM-4PM']; Tuesday: ['8AM-4PM']; Wednesday: ['8AM-4PM'],no,no,1
Wilmington Truck Repair,+1 910-586-3286,http://wilmingtonmobiletruckrepair.com/,"2609 Hales Ln, Wilmington, NC 28401",Wilmington,North Carolina,28401,34.2708789,-77.963106,3,2,Truck repair shop,Friday: ['Open 24 hours']; Monday: ['Open 24 hours']; Saturday: ['Open 24 hours']; Sunday: ['Open 24 hours']; Thursday: ['Open 24 hours']; Tuesday: ['Open 24 hours']; Wednesday: ['Open 24 hours'],yes,no,1
Strickland's Diesel Services,+1 252-237-6935,https://stricklanddieselservice.com/,"5451 Old Raleigh Rd, Wilson, NC 27893",Wilson,North Carolina,27893,35.7311655,-78.0346817,4.3,12,Diesel engine repair service,Friday: ['8AM-4PM']; Monday: ['8AM-5PM']; Saturday: ['Closed']; Sunday: ['Closed']; Thursday: ['8AM-5PM']; Tuesday: ['8AM-5PM']; Wednesday: ['8AM-5PM'],no,no,1
Brunswick Trailers & Marine,+1 910-470-2840,http://www.brunswicktrailers.com/,"5840 Ocean Hwy E, Winnabow, NC 28479",Winnabow,North Carolina,28479,34.1237069,-78.1041167,4.9,73,Trailer repair shop,Friday: ['8AM-5PM']; Monday: ['8AM-5PM']; Saturday: ['8AM-3PM']; Sunday: ['Closed']; Thursday: ['8AM-5PM']; Tuesday: ['8AM-5PM']; Wednesday: ['8AM-5PM'],no,no,1
AC Auto,+1 336-717-4808,https://acauto.net/,"2425 W Clemmonsville Rd, Winston-Salem, NC 27127",Winston-Salem,North Carolina,27127,36.0320958,-80.3199,4.6,995,Auto repair shop,Friday: ['7:30AM-6PM']; Monday: ['7:30AM-6PM']; Saturday: ['Closed']; Sunday: ['Closed']; Thursday: ['7:30AM-6PM']; Tuesday: ['7:30AM-6PM']; Wednesday: ['7:30AM-6PM'],no,no,1
American Auto Solutions LLC,+1 336-830-4485,,"5126 N Causeway Rd B, Winston-Salem, NC 27106",Winston-Salem,North Carolina,27106,36.1755859,-80.3451888,4,32,ATV repair shop,Friday: ['9AM-5PM']; Monday: ['Closed']; Saturday: ['9AM-5PM']; Sunday: ['Closed']; Thursday: ['9AM-5PM']; Tuesday: ['9:30AM-5PM']; Wednesday: ['9AM-5PM'],no,no,1
Auto Club,+1 336-448-5408,,"3517 S Main St, Winston-Salem, NC 27127",Winston-Salem,North Carolina,27127,36.0480257,-80.239011,3.8,45,Auto repair shop,Friday: ['8AM-5PM']; Monday: ['8AM-5PM']; Saturday: ['Closed']; Sunday: ['Closed']; Thursday: ['8AM-5PM']; Tuesday: ['8AM-5PM']; Wednesday: ['8AM-5PM'],no,no,1
Auto Spring Co Inc.,+1 336-723-7001,https://auto-spring-co.edan.io/,"1323 N Liberty St, Winston-Salem, NC 27105",Winston-Salem,North Carolina,27105,36.1118832,-80.2340483,4.5,193,Truck repair shop,Friday: ['8AM-5PM']; Monday: ['8AM-5PM']; Saturday: ['Closed']; Sunday: ['Closed']; Thursday: ['8AM-5PM']; Tuesday: ['8AM-5PM']; Wednesday: ['8AM-5PM'],no,no,1
Better Way Auto Shop,+1 336-721-1440,http://www.betterwayautoshop.com/,"1055 Salisbury Ridge Rd, Winston-Salem, NC 27127",Winston-Salem,North Carolina,27127,36.0676939,-80.2587564,5,113,Auto repair shop,Friday: ['8AM-5PM']; Monday: ['8AM-5PM']; Saturday: ['Closed']; Sunday: ['Closed']; Thursday: ['8AM-5PM']; Tuesday: ['8AM-5PM']; Wednesday: ['8AM-5PM'],no,no,1
Bryant's Truck & Trailer Rpr,+1 336-661-0702,http://bryants-rpr.jany.io/,"310 Kapp St, Winston-Salem, NC 27105",Winston-Salem,North Carolina,27105,36.1504776,-80.2378487,4.7,63,Truck repair shop,Friday: ['8AM-5PM']; Monday: ['8AM-5PM']; Saturday: ['Closed']; Sunday: ['Closed']; Thursday: ['8AM-5PM']; Tuesday: ['8AM-5PM']; Wednesday: ['8AM-5PM'],no,no,1
Byrd Automotive and towing,+1 336-486-2193,,"1204 Waughtown St, Winston-Salem, NC 27107",Winston-Salem,North Carolina,27107,36.0686091,-80.2136361,3.7,20,Auto repair shop,,no,no,1
CONTRERAS MOBILE MECHANIC LLC,+1 336-521-3075,,"3126 S Main St, Winston-Salem, NC 27127",Winston-Salem,North Carolina,27127,36.0552511,-80.2400397,5,6,Mechanic,Friday: ['Open 24 hours']; Monday: ['Open 24 hours']; Saturday: ['Open 24 hours']; Sunday: ['Open 24 hours']; Thursday: ['Open 24 hours']; Tuesday: ['Open 24 hours']; Wednesday: ['Open 24 hours'],yes,yes,1
Car Tow Dolly Inc.,+1 336-996-4396,https://cartowdolly.com/,"1179 Shattalon Enterprise Way, Winston-Salem, NC 27105",Winston-Salem,North Carolina,27105,36.1678733,-80.2879464,4.5,326,Trailer dealer,Friday: ['9AM-2PM']; Monday: ['9AM-2PM']; Saturday: ['Closed']; Sunday: ['Closed']; Thursday: ['9AM-2PM']; Tuesday: ['9AM-2PM']; Wednesday: ['9AM-2PM'],no,no,1
Carolina Auto Service,+1 336-765-8599,https://carolinamobileautoservice.com/,"160 Hanes Mall Cir, Winston-Salem, NC 27103",Winston-Salem,North Carolina,27103,36.0656043,-80.3035084,4.6,257,Auto repair shop,Friday: ['7:30AM-5:30PM']; Monday: ['7:30AM-5:30PM']; Saturday: ['Closed']; Sunday: ['Closed']; Thursday: ['7:30AM-5:30PM']; Tuesday: ['7:30AM-5:30PM']; Wednesday: ['7:30AM-5:30PM'],no,no,1
Carolina On Site Mobile Service,+1 336-800-2634,https://www.carolinaonsite.com/%3Futm_source%3Dgmb%26utm_medium%3Dorganic%26utm_campaign%3Dwebsite-button,"3150 University Pkwy, Winston-Salem, NC 27105",Winston-Salem,North Carolina,27105,36.1312983,-80.2642347,4.9,7,Truck repair shop,Friday: ['7:30AM-5:30PM']; Monday: ['7:30AM-5:30PM']; Saturday: ['Closed']; Sunday: ['Closed']; Thursday: ['7:30AM-5:30PM']; Tuesday: ['7:30AM-5:30PM']; Wednesday: ['7:30AM-5:30PM'],no,yes,1
Chris's Mobile Mechanic & Hauling Service,+1 336-986-2614,http://servicesatyourdoor.net/,"Asherton Ct, Winston-Salem, NC 27127",Winston-Salem,North Carolina,27127,36.0481279,-80.2759682,4.7,74,Mechanic,Friday: ['9AM-7PM']; Monday: ['9AM-7PM']; Saturday: ['10AM-3PM']; Sunday: ['Closed']; Thursday: ['9AM-7PM']; Tuesday: ['9AM-7PM']; Wednesday: ['9AM-7PM'],no,yes,1
Cisco's Trailer Repair,+1 336-473-4588,https://www.facebook.com/profile.php%3Fid%3D61555397193768,"3640 Reed St, Winston-Salem, NC 27107",Winston-Salem,North Carolina,27107,36.0524826,-80.2098654,5,47,Trailer repair shop,Friday: ['8AM-5PM']; Monday: ['8AM-5PM']; Saturday: ['Closed']; Sunday: ['Closed']; Thursday: ['8AM-5PM']; Tuesday: ['8AM-5PM']; Wednesday: ['8AM-5PM'],no,no,1
Cottman Transmission and Total Auto Care,+1 336-901-9060,https://triadtransmission.com/winston-salem/,"5350 University Pkwy C, Winston-Salem, NC 27106",Winston-Salem,North Carolina,27106,36.1663799,-80.27753,4.3,377,Transmission shop,Friday: ['8AM-6PM']; Monday: ['8AM-6PM']; Saturday: ['Closed']; Sunday: ['Closed']; Thursday: ['8AM-6PM']; Tuesday: ['8AM-6PM']; Wednesday: ['8AM-6PM'],no,no,1
Davis Towing and Recovery,+1 336-725-1341,http://www.davistowingws.com/,"3050 Old Lexington Rd, Winston-Salem, NC 27107",Winston-Salem,North Carolina,27107,36.058928,-80.2259093,4.4,148,Truck repair shop,Friday: ['Open 24 hours']; Monday: ['Open 24 hours']; Saturday: ['Open 24 hours']; Sunday: ['Open 24 hours']; Thursday: ['Open 24 hours']; Tuesday: ['Open 24 hours']; Wednesday: ['Open 24 hours'],yes,no,1
Devil Dog Diesel and Automotive Repair,+1 336-995-5711,https://www.devildogdieselandautomotiverepair.com/,"124 Little Stream Ln, Winston-Salem, NC 27101",Winston-Salem,North Carolina,27101,36.1065587,-80.1700631,5,1,Mechanic,Friday: ['8AM-1:30PM']; Monday: ['8AM-1:30PM']; Saturday: ['10AM-8PM']; Sunday: ['10AM-8PM']; Thursday: ['8AM-1:30PM']; Tuesday: ['8AM-1:30PM']; Wednesday: ['8AM-1:30PM'],no,no,1
Doss Towing,+1 336-745-1128,https://wreckerwinstonsalem.com/%3Futm_source%3Domg-gbp%26utm_medium%3Dwebclick,"3809 N Patterson Ave, Winston-Salem, NC 27105",Winston-Salem,North Carolina,27105,36.1500589,-80.2437456,4.9,863,Towing service,Friday: ['Open 24 hours']; Monday: ['Open 24 hours']; Saturday: ['Open 24 hours']; Sunday: ['Open 24 hours']; Thursday: ['Open 24 hours']; Tuesday: ['Open 24 hours']; Wednesday: ['Open 24 hours'],yes,no,1
EZ TRUCK REPAIR INC,+1 336-784-9555,,"604 Aureole St, Winston-Salem, NC 27107",Winston-Salem,North Carolina,27107,36.0627446,-80.226123,4.5,52,Truck repair shop,Friday: ['8AM-7:30PM']; Monday: ['8AM-7:30PM']; Saturday: ['8AM-4PM']; Sunday: ['Closed']; Thursday: ['8AM-7:30PM']; Tuesday: ['8AM-7:30PM']; Wednesday: ['8AM-7:30PM'],no,no,1
"Elite Fleet Services, LLC",+1 336-934-3030,https://www.elitefleetservices.org/,"3935 W Pt Blvd #105, Winston-Salem, NC 27103",Winston-Salem,North Carolina,27103,36.038969,-80.3193398,5,4,Auto repair shop,Friday: ['7:30AM-5PM']; Monday: ['7:30AM-5PM']; Saturday: ['Closed']; Sunday: ['Closed']; Thursday: ['7:30AM-5PM']; Tuesday: ['7:30AM-5PM']; Wednesday: ['7:30AM-5PM'],no,no,1
Fleet Truck & Trailer Services,+1 336-767-4333,,"235 Kapp St # B, Winston-Salem, NC 27105",Winston-Salem,North Carolina,27105,36.1518675,-80.2384766,4.4,9,Truck repair shop,,no,no,1
Flow Buick GMC of Winston-Salem - Service,+1 336-790-0621,https://www.flowgmauto.com/service/center.htm%3Futm_source%3Dgoogle%26utm_medium%3Dorganic%26utm_campaign%3Dgoogle_business_profile,"1400 S Stratford Rd Ste A, Winston-Salem, NC 27103",Winston-Salem,North Carolina,27103,36.0757796,-80.3036483,4.2,24,Truck repair shop,Friday: ['7:30AM-6PM']; Monday: ['7:30AM-6PM']; Saturday: ['8AM-4PM']; Sunday: ['Closed']; Thursday: ['7:30AM-6PM']; Tuesday: ['7:30AM-6PM']; Wednesday: ['7:30AM-6PM'],no,no,1
Flow Chevrolet of Winston Salem - Service,+1 336-760-7000,https://www.flowchevy.com/service%3Futm_source%3Dgoogle%26utm_medium%3Dorganic%26utm_campaign%3Dgoogle_business_profile,"1400 S Stratford Rd, Winston-Salem, NC 27103",Winston-Salem,North Carolina,27103,36.0762952,-80.3039461,4.7,67,Truck repair shop,Friday: ['7:30AM-6PM']; Monday: ['7:30AM-6PM']; Saturday: ['8AM-4PM']; Sunday: ['Closed']; Thursday: ['7:30AM-6PM']; Tuesday: ['7:30AM-6PM']; Wednesday: ['7:30AM-6PM'],no,no,1
Forsyth Tech Transportation Technology Center,+1 336-757-3399,https://www.forsythtech.edu/locations/transportation-technology-center/,"4255 Patterson Ave, Winston-Salem, NC 27105",Winston-Salem,North Carolina,27105,36.1717976,-80.2626049,4.8,67,Community college,Friday: ['8AM-3PM']; Monday: ['8AM-5PM']; Saturday: ['Closed']; Sunday: ['Closed']; Thursday: ['8AM-5PM']; Tuesday: ['8AM-5PM']; Wednesday: ['8AM-5PM'],no,no,1
Fosters Mobile Mechanic Service,,https://fostersmobilemechanicservices.weebly.com/about.html,"3016 Corry Cir, Winston-Salem, NC 27107",Winston-Salem,North Carolina,27107,36.0720543,-80.178722,4.8,185,Auto repair shop,Friday: ['9AM-5PM']; Monday: ['9AM-5PM']; Saturday: ['9AM-5PM']; Sunday: ['Closed']; Thursday: ['9AM-5PM']; Tuesday: ['9AM-5PM']; Wednesday: ['9AM-5PM'],no,yes,1
G&J Truck Tire Service semi truck,+1 336-577-3728,,"Old Walkertown Rd, Winston-Salem, NC 27105",Winston-Salem,North Carolina,27105,36.155972,-80.1978516,4.9,60,Tire repair shop,Friday: ['Open 24 hours']; Monday: ['8AM-5PM']; Saturday: ['8AM-12PM']; Sunday: ['Closed']; Thursday: ['Open 24 hours']; Tuesday: ['8:30AM-5PM']; Wednesday: ['Open 24 hours'],yes,no,1
Goodyear Commercial Tire & Service Centers,+1 336-748-9128,http://www.goodyearctsc.com/,"2885 Lowery St, Winston-Salem, NC 27101",Winston-Salem,North Carolina,27101,36.0996994,-80.194247,4.4,13,Tire shop,Friday: ['7:30AM-5:30PM']; Monday: ['7:30AM-5:30PM']; Saturday: ['Closed']; Sunday: ['Closed']; Thursday: ['7:30AM-5:30PM']; Tuesday: ['7:30AM-5:30PM']; Wednesday: ['7:30AM-5:30PM'],no,no,1
Gordon's Radiator & A/C Service,+1 336-788-9039,https://www.gordonsradiator.net/,"2813 Old Lexington Rd, Winston-Salem, NC 27107",Winston-Salem,North Carolina,27107,36.0629469,-80.2257306,4.7,96,Auto repair shop,Friday: ['8AM-5PM']; Monday: ['8AM-5PM']; Saturday: ['Closed']; Sunday: ['Closed']; Thursday: ['8AM-5PM']; Tuesday: ['8AM-5PM']; Wednesday: ['8AM-5PM'],no,no,1
"HDprofab, Inc.",,,"4127 Sawmill Rd, Winston-Salem, NC 27107",Winston-Salem,North Carolina,27107,36.0324839,-80.1496404,5,1,Steel fabricator,,no,no,1
Hacketts Tractor and Trailer Repair LLC,+1 336-462-6271,,"2400 W Clemmonsville Rd, Winston-Salem, NC 27127",Winston-Salem,North Carolina,27127,36.0309652,-80.3174535,5,2,Diesel engine repair service,Friday: ['8AM-5PM']; Monday: ['8AM-5PM']; Saturday: ['Closed']; Sunday: ['Closed']; Thursday: ['8AM-5PM']; Tuesday: ['8AM-5PM']; Wednesday: ['8AM-5PM'],no,no,1
J Medic Auto Repair,+1 336-744-4444,http://www.jmedic.com/,"108 Back Forty Dr, Winston-Salem, NC 27127",Winston-Salem,North Carolina,27127,36.0178484,-80.2370661,4.9,544,Auto repair shop,Friday: ['8AM-5:30PM']; Monday: ['8AM-5:30PM']; Saturday: ['Closed']; Sunday: ['Closed']; Thursday: ['8AM-5:30PM']; Tuesday: ['8AM-5:30PM']; Wednesday: ['8AM-5:30PM'],no,no,1
Jackson Auto Worx,+1 336-753-5570,https://www.jacksonautoworx.com/,"811 N Cherry St, Winston-Salem, NC 27101",Winston-Salem,North Carolina,27101,36.1048003,-80.2488816,4.8,288,Auto repair shop,Friday: ['7:30AM-5:30PM']; Monday: ['7:30AM-5:30PM']; Saturday: ['Closed']; Sunday: ['Closed']; Thursday: ['7:30AM-5:30PM']; Tuesday: ['7:30AM-5:30PM']; Wednesday: ['7:30AM-5:30PM'],no,no,1
Jae's Mobile Auto llc,+1 336-739-8420,http://jaesmobilemechanic.com/,"5020 S Main St, Winston-Salem, NC 27107",Winston-Salem,North Carolina,27107,36.0094168,-80.2301526,4.3,54,Mechanic,Friday: ['4AM-11PM']; Monday: ['4AM-11PM']; Saturday: ['4AM-11PM']; Sunday: ['4AM-11PM']; Thursday: ['4AM-11PM']; Tuesday: ['4AM-11PM']; Wednesday: ['4AM-11PM'],no,yes,1
Jimmy's mobile mechanic services,+1 336-901-5965,,"2415 Peachtree St, Winston-Salem, NC 27107",Winston-Salem,North Carolina,27107,36.0658511,-80.2136806,4.6,9,Mechanic,,no,yes,1
Justin’s Mobile Mechanic service,+1 336-631-0148,,"5040 Baux Mountain Rd, Winston-Salem, NC 27105",Winston-Salem,North Carolina,27105,36.1857572,-80.2229441,4.2,46,Auto repair shop,Friday: ['9AM-8PM']; Monday: ['9AM-8PM']; Saturday: ['9AM-8PM']; Sunday: ['9AM-8PM']; Thursday: ['9AM-8PM']; Tuesday: ['9AM-8PM']; Wednesday: ['9AM-8PM'],no,yes,1
L&R Transmissions,+1 336-760-9055,https://landrtransmissions.com/%3Futm_campaign%3Dgbp-main%26utm_medium%3Dorganic-search%26utm_source%3Dgoogle,"2401 Spaugh Industrial Dr, Winston-Salem, NC 27103",Winston-Salem,North Carolina,27103,36.034004,-80.315646,4.6,228,Transmission shop,Friday: ['7:30AM-5:30PM']; Monday: ['7:30AM-5:30PM']; Saturday: ['Closed']; Sunday: ['Closed']; Thursday: ['7:30AM-5:30PM']; Tuesday: ['7:30AM-5:30PM']; Wednesday: ['7:30AM-5:30PM'],no,no,1
Leonard Truck Outfitters,+1 336-725-4787,http://leonardusa.com/,"955 Peters Creek Pkwy, Winston-Salem, NC 27103",Winston-Salem,North Carolina,27103,36.0768183,-80.2580421,4.6,266,Truck accessories store,Friday: ['8AM-6PM']; Monday: ['8AM-6PM']; Saturday: ['9AM-3PM']; Sunday: ['Closed']; Thursday: ['8AM-6PM']; Tuesday: ['8AM-6PM']; Wednesday: ['8AM-6PM'],no,no,1
Mobile Mechanic Winston Salem,+1 336-439-3784,https://mobileautorepairpros.com/nc/onsite-mechanic-winston-salem,"424 Brookford Pl Ct, Winston-Salem, NC 27104",Winston-Salem,North Carolina,27104,36.0775785,-80.3280345,3.1,18,Auto repair shop,Friday: ['7AM-9PM']; Monday: ['7AM-9PM']; Saturday: ['7AM-8PM']; Sunday: ['7AM-8PM']; Thursday: ['7AM-9PM']; Tuesday: ['7AM-9PM']; Wednesday: ['7AM-9PM'],no,yes,1
Modern Mobile Mechanic and bodywork,+1 704-500-1615,,"1800 Franciscan Dr, Winston-Salem, NC 27127",Winston-Salem,North Carolina,27127,36.0495584,-80.2614266,4.3,3,Repair service,Friday: ['Open 24 hours']; Monday: ['Open 24 hours']; Saturday: ['Open 24 hours']; Sunday: ['Open 24 hours']; Thursday: ['Open 24 hours']; Tuesday: ['Open 24 hours']; Wednesday: ['Open 24 hours'],yes,yes,1
Morningside Garage LLC,+1 336-306-9787,,"659 Waughtown St, Winston-Salem, NC 27107",Winston-Salem,North Carolina,27107,36.0698552,-80.2243439,5,56,Auto repair shop,Friday: ['9AM-6PM']; Monday: ['9AM-6PM']; Saturday: ['9AM-3PM']; Sunday: ['Closed']; Thursday: ['9AM-6PM']; Tuesday: ['9AM-6PM']; Wednesday: ['9AM-6PM'],no,no,1
NC Trailers of Winston-Salem,+1 336-499-9888,https://nctrailers.com/,"4600 N Patterson Ave, Winston-Salem, NC 27105",Winston-Salem,North Carolina,27105,36.180459,-80.2717187,5,140,Trailer repair shop,Friday: ['9AM-5:30PM']; Monday: ['9AM-5:30PM']; Saturday: ['9AM-2PM']; Sunday: ['Closed']; Thursday: ['9AM-5:30PM']; Tuesday: ['9AM-5:30PM']; Wednesday: ['9AM-5:30PM'],no,no,1
"North Point Motors, Inc.",+1 336-661-0530,http://www.northpointmotors.repair.bz/,"4518 N Cherry St, Winston-Salem, NC 27105",Winston-Salem,North Carolina,27105,36.1525018,-80.2644934,4.8,69,Auto repair shop,Friday: ['8:30AM-5:30PM']; Monday: ['8:30AM-5:30PM']; Saturday: ['Closed']; Sunday: ['Closed']; Thursday: ['8:30AM-5:30PM']; Tuesday: ['8:30AM-5:30PM']; Wednesday: ['8:30AM-5:30PM'],no,no,1
Northwest Motorworks,+1 336-448-0042,https://www.northwestmotorworks.com/,"803 W Northwest Blvd, Winston-Salem, NC 27101",Winston-Salem,North Carolina,27101,36.1062878,-80.2559067,4.8,249,Auto repair shop,Friday: ['8:30AM-6PM']; Monday: ['8:30AM-6PM']; Saturday: ['Closed']; Sunday: ['Closed']; Thursday: ['8:30AM-6PM']; Tuesday: ['8:30AM-6PM']; Wednesday: ['8:30AM-6PM'],no,no,1
Omer Mechanic and Bodywork,+1 743-649-0272,,"Peters Creek Pkwy, 1820 Franciscan Dr H, Winston-Salem, NC 27127",Winston-Salem,North Carolina,27127,36.05121,-80.2617099,4.9,127,Auto bodywork mechanic,Friday: ['Open 24 hours']; Monday: ['Open 24 hours']; Saturday: ['Open 24 hours']; Sunday: ['Open 24 hours']; Thursday: ['Open 24 hours']; Tuesday: ['Open 24 hours']; Wednesday: ['Open 24 hours'],yes,no,1
Parkway Truck Center,+1 336-546-1061,,"3150 University Pkwy, Winston-Salem, NC 27106",Winston-Salem,North Carolina,27106,36.1312983,-80.2642347,,,Diesel engine repair service,Friday: ['7:30AM-5:30PM']; Monday: ['7:30AM-5:30PM']; Saturday: ['8AM-2PM']; Sunday: ['Closed']; Thursday: ['7:30AM-5:30PM']; Tuesday: ['7:30AM-5:30PM']; Wednesday: ['7:30AM-5:30PM'],no,no,1
Parrish Truck Tire Center,+1 336-661-1392,https://parrishtrucktires.com/,"292 Kapp St, Winston-Salem, NC 27105",Winston-Salem,North Carolina,27105,36.1506114,-80.2385226,4.8,110,Truck repair shop,Friday: ['7:30AM-5PM']; Monday: ['7:30AM-5PM']; Saturday: ['Closed']; Sunday: ['Closed']; Thursday: ['7:30AM-5PM']; Tuesday: ['7:30AM-5PM']; Wednesday: ['7:30AM-5PM'],no,no,1
Pat's Body Shop & Towing,+1 336-396-7981,https://www.pats-bodyshop.com/,"5720 Country Club Rd, Winston-Salem, NC 27104",Winston-Salem,North Carolina,27104,36.0931924,-80.3754641,4.6,489,Auto repair shop,Friday: ['8AM-5:30PM']; Monday: ['8AM-5:30PM']; Saturday: ['Closed']; Sunday: ['Closed']; Thursday: ['8AM-5:30PM']; Tuesday: ['8AM-5:30PM']; Wednesday: ['8AM-5:30PM'],no,no,1
"Premier RV Services and Inspections, LLC",+1 315-525-5737,https://premierrvservicesandinspections.com/,"7840 North Point Blvd, Winston-Salem, NC 27106",Winston-Salem,North Carolina,27106,36.1527331,-80.2759222,5,21,RV inspection service,Friday: ['9AM-5PM']; Monday: ['9AM-5PM']; Saturday: ['Closed']; Sunday: ['Closed']; Thursday: ['9AM-5PM']; Tuesday: ['9AM-5PM']; Wednesday: ['9AM-5PM'],no,no,1
Professional Trailer Repair,+1 336-722-4016,http://www.protrailerrepair.com/,"3055 Ridgewood Rd, Winston-Salem, NC 27107",Winston-Salem,North Carolina,27107,36.058055,-80.1601549,3.6,16,Trailer repair shop,Friday: ['8AM-4:30PM']; Monday: ['8AM-4:30PM']; Saturday: ['Closed']; Sunday: ['Closed']; Thursday: ['8AM-4:30PM']; Tuesday: ['8AM-4:30PM']; Wednesday: ['8AM-4:30PM'],no,no,2
R & R Automotive & Tire,+1 336-784-6893,,"2704 Old Lexington Rd, Winston-Salem, NC 27107",Winston-Salem,North Carolina,27107,36.0643385,-80.2264992,4.7,188,Car inspection station,Friday: ['9AM-5PM']; Monday: ['9AM-5PM']; Saturday: ['Closed']; Sunday: ['Closed']; Thursday: ['9AM-5PM']; Tuesday: ['9AM-5PM']; Wednesday: ['9AM-5PM'],no,no,1
Rattle & Hum Automotive,+1 336-293-7312,http://www.rattleandhumautomotive.com/,"894 N Liberty St, Winston-Salem, NC 27101",Winston-Salem,North Carolina,27101,36.1054912,-80.241393,4.8,319,Auto repair shop,Friday: ['8AM-5:30PM']; Monday: ['8AM-5:30PM']; Saturday: ['8AM-2PM']; Sunday: ['Closed']; Thursday: ['8AM-5:30PM']; Tuesday: ['8AM-5:30PM']; Wednesday: ['8AM-5:30PM'],no,no,1
Reliant RV Services,+1 336-257-4180,http://reliantrvservices.net/,"1935 Union Cross Rd, Winston-Salem, NC 27107",Winston-Salem,North Carolina,27107,36.0452599,-80.1354324,4.8,13,RV repair and maintenance service,Friday: ['9AM-10PM']; Monday: ['9AM-10PM']; Saturday: ['9AM-10PM']; Sunday: ['9AM-10PM']; Thursday: ['9AM-10PM']; Tuesday: ['9AM-10PM']; Wednesday: ['9AM-10PM'],no,no,2
Repair ACES,+1 336-904-2242,https://www.repairaces.org/contact/,"160 Charlois Blvd, Winston-Salem, NC 27103",Winston-Salem,North Carolina,27103,36.0844578,-80.3035875,,,Truck repair shop,,no,no,1
"Skidz, Inc",+1 336-692-5608,,"751 Palmer Ln, Winston-Salem, NC 27107",Winston-Salem,North Carolina,27107,36.0505846,-80.2291093,4,8,Diesel engine repair service,,no,no,1
Snider Fleet Solutions,+1 336-397-1010,http://www.sniderfleet.com/,"2851 Lowery St, Winston-Salem, NC 27101",Winston-Salem,North Carolina,27101,36.0991275,-80.1990415,4.6,72,Tire shop,Friday: ['7:30AM-5PM']; Monday: ['7:30AM-5PM']; Saturday: ['Closed']; Sunday: ['Closed']; Thursday: ['7:30AM-5PM']; Tuesday: ['7:30AM-5PM']; Wednesday: ['7:30AM-5PM'],no,no,1
Southern Raines Customs Welding & Metal Fabrication,+1 336-865-1466,http://southernrainescistomsatfacebook.com/,"1136 Louise Rd, Winston-Salem, NC 27107",Winston-Salem,North Carolina,27107,36.0553859,-80.210785,5,26,Welder,Friday: ['9AM-4PM']; Monday: ['9AM-4PM']; Saturday: ['Closed']; Sunday: ['Closed']; Thursday: ['9AM-4PM']; Tuesday: ['9AM-4PM']; Wednesday: ['9AM-4PM'],no,no,1
Strickland Brothers 10 Minute Oil Change,+1 336-569-8970,https://sboilchange.com/locations/winston-salem-nc-0145/%3Futm_source%3Dgbp%26utm_medium%3Dorganic%26utm_campaign%3Dyext,"4876 Country Club Rd, Winston-Salem, NC 27104",Winston-Salem,North Carolina,27104,36.0824352,-80.3431774,4.8,919,Oil change service,Friday: ['8AM-7PM']; Monday: ['8AM-7PM']; Saturday: ['8AM-6PM']; Sunday: ['10AM-5PM']; Thursday: ['8AM-7PM']; Tuesday: ['8AM-7PM']; Wednesday: ['8AM-7PM'],no,no,1
Strickland Brothers 10 Minute Oil Change,+1 336-891-4064,https://sboilchange.com/locations/winston-salem-nc-0015/%3Futm_source%3Dgbp%26utm_medium%3Dorganic%26utm_campaign%3Dyext,"6061 University Pkwy, Winston-Salem, NC 27105",Winston-Salem,North Carolina,27105,36.19207,-80.2778352,4.8,1394,Oil change service,Friday: ['8AM-7PM']; Monday: ['8AM-7PM']; Saturday: ['8AM-6PM']; Sunday: ['10AM-5PM']; Thursday: ['8AM-7PM']; Tuesday: ['8AM-7PM']; Wednesday: ['8AM-7PM'],no,no,1
Super Fleet Services,,,"6220 Hacker's Bend Ct Ste E, Winston-Salem, NC 27103",Winston-Salem,North Carolina,27103,36.0408401,-80.3694763,5,20,Truck repair shop,,no,no,1
"The Trailer Source, Inc.",+1 336-661-7858,http://trailersource.us/,"4060 Patterson Ave, Winston-Salem, NC 27105",Winston-Salem,North Carolina,27105,36.160278,-80.2548813,4.8,21,Trailer dealer,Friday: ['8AM-5PM']; Monday: ['8AM-5PM']; Saturday: ['Closed']; Sunday: ['Closed']; Thursday: ['8AM-5PM']; Tuesday: ['8AM-5PM']; Wednesday: ['8AM-5PM'],no,no,1
Tito’s Car Care Center,+1 336-986-9736,http://www.titosautoservice.com/,"4818 Old Rural Hall Rd, Winston-Salem, NC 27105",Winston-Salem,North Carolina,27105,36.1566362,-80.2274403,4.9,261,Auto repair shop,Friday: ['8AM-5PM']; Monday: ['8AM-5PM']; Saturday: ['Closed']; Sunday: ['Closed']; Thursday: ['8AM-5PM']; Tuesday: ['8AM-5PM']; Wednesday: ['8AM-5PM'],no,no,1
Top Shelf Company,+1 336-918-1135,http://topshelfcompany.com/,"744 Chatham Rd, Winston-Salem, NC 27101",Winston-Salem,North Carolina,27101,36.1037131,-80.2541989,4.6,9,Trailer rental service,Friday: ['9AM-5PM']; Monday: ['9AM-5PM']; Saturday: ['9AM-5PM']; Sunday: ['9AM-5PM']; Thursday: ['9AM-5PM']; Tuesday: ['9AM-5PM']; Wednesday: ['9AM-5PM'],no,no,1
Trailer Rental at U-Haul,+1 336-724-6951,https://www.uhaul.com/Locations/Trailer-Rentals-near-Winston-Salem-NC-27101/789054/%3Futm_source%3Dgmb%26utm_medium%3Dtrailer%26utm_campaign%3Duhaulsmlm%26utm_content%3D789054,"118 S Marshall St, Winston-Salem, NC 27101",Winston-Salem,North Carolina,27101,36.0949054,-80.2475702,5,4,Trailer rental service,Friday: ['7AM-8PM']; Monday: ['7AM-7PM']; Saturday: ['7AM-7PM']; Sunday: ['9AM-5PM']; Thursday: ['7AM-7PM']; Tuesday: ['7AM-7PM']; Wednesday: ['7AM-7PM'],no,no,1
"Trailer Source Repair, Inc.",+1 336-943-4156,,"4060 N Patterson Ave, Winston-Salem, NC 27105",Winston-Salem,North Carolina,27105,36.1598305,-80.2546489,5,1,Trailer repair shop,Friday: ['7:30AM-3:30PM']; Monday: ['7:30AM-3:30AM']; Saturday: ['Closed']; Sunday: ['Closed']; Thursday: ['7:30AM-3:30PM']; Tuesday: ['7:30AM-3:30PM']; Wednesday: ['7:30AM-3:30PM'],no,no,1
Triangle Body Works of the Piedmont LLC,+1 336-788-0631,http://www.trianglebodyworks.com/,"2014 Waughtown St, Winston-Salem, NC 27107",Winston-Salem,North Carolina,27107,36.0712518,-80.19783,4.9,13,Dump truck dealer,"Friday: ['8AM-12PM', '1:30-5PM']; Monday: ['8AM-12PM', '1:30-5PM']; Saturday: ['Closed']; Sunday: ['Closed']; Thursday: ['8AM-12PM', '1:30-5PM']; Tuesday: ['8AM-12PM', '1:30-5PM']; Wednesday: ['8AM-12PM', '1:30-5PM']",no,no,1
Triangle Campers Inc,+1 336-748-9438,http://trianglecampers.com/,"970 Peters Creek Pkwy B, Winston-Salem, NC 27103",Winston-Salem,North Carolina,27103,36.0767012,-80.2592245,4.9,47,Truck accessories store,Friday: ['8:30AM-1PM']; Monday: ['8:30AM-4:30PM']; Saturday: ['Closed']; Sunday: ['Closed']; Thursday: ['8:30AM-5PM']; Tuesday: ['8:30AM-5PM']; Wednesday: ['8:30AM-5PM'],no,no,1
Trucks Unlimited,+1 336-764-5657,https://usavendorx.top/details/trucks-unlimited-ChIJpWQ,"12716B Old U.S. Hwy 52, Winston-Salem, NC 27107",Winston-Salem,North Carolina,27107,35.9901707,-80.2296661,4.6,38,Auto repair shop,Friday: ['8AM-6PM']; Monday: ['8AM-6PM']; Saturday: ['9AM-2PM']; Sunday: ['Closed']; Thursday: ['8AM-6PM']; Tuesday: ['8AM-6PM']; Wednesday: ['8AM-6PM'],no,no,1
Twin City Automotive,+1 336-223-3063,http://www.twincityautomotive.com/,"1990 Silas Creek Pkwy, Winston-Salem, NC 27103",Winston-Salem,North Carolina,27103,36.0692904,-80.2661508,4.6,579,Truck repair shop,Friday: ['8AM-5PM']; Monday: ['8AM-5PM']; Saturday: ['Closed']; Sunday: ['Closed']; Thursday: ['8AM-5PM']; Tuesday: ['8AM-5PM']; Wednesday: ['8AM-5PM'],no,no,1
Twin City Euro,+1 336-310-6484,https://twincityeuronc.net/,"3480 Vest Mill Rd, Winston-Salem, NC 27103",Winston-Salem,North Carolina,27103,36.0720789,-80.3047747,4.9,204,Auto repair shop,Friday: ['8:30AM-5:30PM']; Monday: ['8:30AM-5:30PM']; Saturday: ['Closed']; Sunday: ['Closed']; Thursday: ['8:30AM-5:30PM']; Tuesday: ['8:30AM-5:30PM']; Wednesday: ['8:30AM-5:30PM'],no,no,1
WELCOME TO GOLDEN DREAMS HORSE TRAILER SALES,+1 252-365-5592,,"10964 North Carolina Hwy 150, Winston-Salem, NC 27127",Winston-Salem,North Carolina,27127,35.980712,-80.2825775,,,Trailer repair shop,,no,no,1
Warren Transmissions & Auto,+1 336-784-8811,http://warrentransmissions.com/,"4705 S Main St, Winston-Salem, NC 27127",Winston-Salem,North Carolina,27127,36.0189254,-80.2396503,4.9,142,Transmission shop,Friday: ['7:30AM-5:30PM']; Monday: ['7:30AM-5:30PM']; Saturday: ['Closed']; Sunday: ['Closed']; Thursday: ['7:30AM-5:30PM']; Tuesday: ['7:30AM-5:30PM']; Wednesday: ['7:30AM-5:30PM'],no,no,1
Webber Off-Road & Diesel Performance,+1 336-448-2256,http://www.webberoffroad.com/,"10624 Old U.S. Hwy 52 Suite B, Winston-Salem, NC 27107",Winston-Salem,North Carolina,27107,35.962117,-80.219837,4.8,199,Truck repair shop,Friday: ['8AM-6PM']; Monday: ['8AM-6PM']; Saturday: ['Closed']; Sunday: ['Closed']; Thursday: ['8AM-6PM']; Tuesday: ['8AM-6PM']; Wednesday: ['8AM-6PM'],no,no,2
Whiteheart & Sons Co. Auto Service Center LLC,+1 336-724-7463,https://www.whiteheartandsons.com/,"3500 N Patterson Ave, Winston-Salem, NC 27105",Winston-Salem,North Carolina,27105,36.1356849,-80.2427844,4.6,282,Auto repair shop,Friday: ['7:30AM-5:30PM']; Monday: ['7:30AM-5:30PM']; Saturday: ['Closed']; Sunday: ['Closed']; Thursday: ['7:30AM-5:30PM']; Tuesday: ['7:30AM-5:30PM']; Wednesday: ['7:30AM-5:30PM'],no,no,1
Whiteheart and Sons Towing & Recovery,+1 336-744-5162,https://www.whiteheartandsonstowing.com/,"3500 N Patterson Ave Suite B, Winston-Salem, NC 27105",Winston-Salem,North Carolina,27105,36.135635,-80.2428562,4.8,84,Towing service,Friday: ['Open 24 hours']; Monday: ['Open 24 hours']; Saturday: ['Open 24 hours']; Sunday: ['Open 24 hours']; Thursday: ['Open 24 hours']; Tuesday: ['Open 24 hours']; Wednesday: ['Open 24 hours'],yes,no,1
Winston-Salem Mobile Auto Repair,+1 336-568-8063,,"705 Oak St NW, Winston-Salem, NC 27101",Winston-Salem,North Carolina,27101,36.1030453,-80.2468231,5,1,Auto repair shop,Friday: ['8AM-6PM']; Monday: ['8AM-6PM']; Saturday: ['8AM-6PM']; Sunday: ['8AM-6PM']; Thursday: ['8AM-6PM']; Tuesday: ['8AM-6PM']; Wednesday: ['8AM-6PM'],no,yes,1
Winston-Salem Mobile Truck Repair,+1 336-568-8139,https://winstonsalemtruckrepair.com/,"1501 S Stratford Rd, Winston-Salem, NC 27103",Winston-Salem,North Carolina,27103,36.0731014,-80.3023836,3,2,Truck repair shop,Friday: ['Open 24 hours']; Monday: ['Open 24 hours']; Saturday: ['Open 24 hours']; Sunday: ['Open 24 hours']; Thursday: ['Open 24 hours']; Tuesday: ['Open 24 hours']; Wednesday: ['Open 24 hours'],yes,yes,1
Winston-Salem OnSite Truck Repair,+1 336-891-3087,https://usamobiletruckrepair.com/nc/winston-salem/,"3620 Reed St, Winston-Salem, NC 27107",Winston-Salem,North Carolina,27107,36.0524507,-80.2088561,,,Truck repair shop,,no,no,1
"Worldwide Auto Body 2 Marine, RV and Heavy Commercial",+1 336-992-5678,http://www.worldwideautobodync.com/,"2995 Starlight Dr, Winston-Salem, NC 27107",Winston-Salem,North Carolina,27107,36.0606103,-80.2284926,4.6,107,Auto body shop,Friday: ['8AM-2PM']; Monday: ['8AM-5PM']; Saturday: ['Closed']; Sunday: ['Closed']; Thursday: ['8AM-5PM']; Tuesday: ['8AM-5PM']; Wednesday: ['8AM-5PM'],no,no,1
MJ Truck and Trailer Repair,+1 919-761-5021,,"5624 NC-96, Youngsville, NC 27596",Youngsville,North Carolina,27596,36.0444985,-78.5002774,4.8,180,Truck repair shop,Friday: ['8AM-9PM']; Monday: ['8AM-9PM']; Saturday: ['8AM-1PM']; Sunday: ['Closed']; Thursday: ['8AM-9PM']; Tuesday: ['8AM-9PM']; Wednesday: ['8AM-9PM'],no,no,1
NCB Diesel and Offroad,+1 919-665-1600,http://ncbdiesel.com/,"830 Park Ave, Youngsville, NC 27596",Youngsville,North Carolina,27596,36.0507902,-78.4870712,4.6,153,Truck repair shop,Friday: ['8AM-5PM']; Monday: ['8AM-5PM']; Saturday: ['Closed']; Sunday: ['Closed']; Thursday: ['8AM-5PM']; Tuesday: ['8AM-5PM']; Wednesday: ['8AM-5PM'],no,no,1
RV Solutions,+1 919-556-1197,https://www.rvsolutionsnc.com/,"888 Park Ave, Youngsville, NC 27596",Youngsville,North Carolina,27596,36.052507,-78.4875147,4.6,46,RV repair shop,Friday: ['9AM-5PM']; Monday: ['9AM-5PM']; Saturday: ['Closed']; Sunday: ['Closed']; Thursday: ['9AM-5PM']; Tuesday: ['9AM-5PM']; Wednesday: ['9AM-5PM'],no,no,1
"Quality Mobile Auto Repair, LLC",+1 919-671-9042,http://qualitymobileautorepair.com/,"3812 Quarry Rd, Zebulon, NC 27597",Zebulon,North Carolina,27597,35.910497,-78.419986,4.6,173,Tire shop,Friday: ['8AM-7PM']; Monday: ['8AM-7PM']; Saturday: ['9AM-3PM']; Sunday: ['Closed']; Thursday: ['8AM-7PM']; Tuesday: ['8AM-7PM']; Wednesday: ['8AM-7PM'],no,yes,1
AFFORDABLE SERVICE OF ARDMORE RV REPAIR,+1 580-226-4716,http://affsvc.com/,"1314 S Commerce St, Ardmore, OK 73401",Ardmore,Oklahoma,73401,34.1555047,-97.1425948,4.6,68,RV repair shop,Friday: ['8:30AM-5PM']; Monday: ['8:30AM-5PM']; Saturday: ['10AM-2PM']; Sunday: ['Closed']; Thursday: ['8:30AM-5PM']; Tuesday: ['8:30AM-5PM']; Wednesday: ['8:30AM-5PM'],no,no,1
Scott Mobile truck and trailer repair service,+1 479-420-2328,,"513 Sicard Ave, Arkoma, OK 74901",Arkoma,Oklahoma,74901,35.3530806,-94.4383039,4.5,15,Mechanic,Friday: ['Open 24 hours']; Monday: ['Open 24 hours']; Saturday: ['Open 24 hours']; Sunday: ['Open 24 hours']; Thursday: ['Open 24 hours']; Tuesday: ['Open 24 hours']; Wednesday: ['Open 24 hours'],yes,yes,1
Muniz Diesel Center LLC,+1 405-603-7843,,"6330 NW 39th Expy, Bethany, OK 73008",Bethany,Oklahoma,73008,35.5108194,-97.6248096,4.5,33,Auto repair shop,Friday: ['8AM-3PM']; Monday: ['8AM-3PM']; Saturday: ['Closed']; Sunday: ['Closed']; Thursday: ['8AM-3PM']; Tuesday: ['8AM-3PM']; Wednesday: ['8AM-3PM'],no,no,1
Brandon Mobile RV Repair LLC,+1 405-436-4469,http://brandonmobilervrepair.com/,"604 S Main Ave, Blanchard, OK 73010",Blanchard,Oklahoma,73010,35.1319191,-97.6580126,5,265,RV repair shop,Friday: ['9AM-5PM']; Monday: ['9AM-5PM']; Saturday: ['Closed']; Sunday: ['Closed']; Thursday: ['9AM-5PM']; Tuesday: ['9AM-5PM']; Wednesday: ['9AM-5PM'],no,yes,1
Country Rv Repair,,,"19245 Macarthur Oaks, Blanchard, OK 73010",Blanchard,Oklahoma,73010,34.989667,-97.6098636,4.1,11,Auto repair shop,Friday: ['8AM-5PM']; Monday: ['8AM-5PM']; Saturday: ['8AM-5PM']; Sunday: ['8AM-5PM']; Thursday: ['8AM-5PM']; Tuesday: ['8AM-5PM']; Wednesday: ['8AM-5PM'],no,no,1
Tulsa Mobile Mechanic,+1 918-559-5098,https://tulsamobilemechanics.com/,"525 West Washington St S, Broken Arrow, OK 74012",Broken Arrow,Oklahoma,74012,36.0310755,-95.7963511,4.9,109,Auto repair shop,Friday: ['8AM-4PM']; Monday: ['8AM-5PM']; Saturday: ['Closed']; Sunday: ['Closed']; Thursday: ['8AM-5PM']; Tuesday: ['8AM-5PM']; Wednesday: ['8AM-5PM'],no,yes,1
Red Dirt Mobile RV Repair LLC,+1 580-230-8354,,"431 Platter Cutoff Rd, Calera, OK 74730",Calera,Oklahoma,74730,33.8977116,-96.4847258,3.9,20,RV repair shop,Friday: ['Open 24 hours']; Monday: ['Open 24 hours']; Saturday: ['Open 24 hours']; Sunday: ['Open 24 hours']; Thursday: ['Open 24 hours']; Tuesday: ['Open 24 hours']; Wednesday: ['Open 24 hours'],yes,yes,1
Oklahoma Diesel Repair LLC,+1 918-706-5852,,"20346 E 340 Rd, Chelsea, OK 74016",Chelsea,Oklahoma,74016,36.5241627,-95.4647933,5,1,Diesel engine repair service,,no,no,1
Back Forty RV Service and Repair LLC,+1 580-658-0089,http://backfortyrvs.com/,"1302 S 3rd St, Chickasha, OK 73018",Chickasha,Oklahoma,73018,35.0377175,-97.935686,5,1,RV repair shop,Friday: ['9AM-5PM']; Monday: ['9AM-5PM']; Saturday: ['Closed']; Sunday: ['Closed']; Thursday: ['9AM-5PM']; Tuesday: ['9AM-5PM']; Wednesday: ['9AM-5PM'],no,no,1
Earlybird RV,+1 405-613-6166,https://earlybirdrv.com/,"4401 S Indian Meridian Rd, Choctaw, OK 73020",Choctaw,Oklahoma,73020,35.4209085,-97.248517,5,46,RV repair shop,Friday: ['Open 24 hours']; Monday: ['Open 24 hours']; Saturday: ['Open 24 hours']; Sunday: ['Open 24 hours']; Thursday: ['Open 24 hours']; Tuesday: ['Open 24 hours']; Wednesday: ['Open 24 hours'],yes,no,1
Love's Truck Care,+1 405-391-3855,https://www.loves.com/locations/486,"7401 S Choctaw Rd, Choctaw, OK 73020",Choctaw,Oklahoma,73020,35.395948,-97.268123,5,14,Truck repair shop,Friday: ['Open 24 hours']; Monday: ['Open 24 hours']; Saturday: ['Open 24 hours']; Sunday: ['Open 24 hours']; Thursday: ['Open 24 hours']; Tuesday: ['Open 24 hours']; Wednesday: ['Open 24 hours'],yes,no,1
The RV Bodyshop,+1 918-770-1855,https://www.facebook.com/profile.php%3Fid%3D100063890839180,"12104 N 73rd E Ave, Collinsville, OK 74021",Collinsville,Oklahoma,74021,36.3296788,-95.8939866,5,5,RV repair shop,,no,no,1
In His Service Mobile RV Repair,+1 405-833-8192,http://www.ihsrvtechs.com/,"374 N Indian Meridian Rd, Coyle, OK 73027",Coyle,Oklahoma,73027,35.8782098,-97.2415308,5,63,RV repair shop,Friday: ['8AM-6PM']; Monday: ['8AM-6PM']; Saturday: ['9AM-2PM']; Sunday: ['Closed']; Thursday: ['8AM-6PM']; Tuesday: ['8AM-6PM']; Wednesday: ['8AM-6PM'],no,yes,1
Mobile Rv & Camper Repair,+1 580-303-0228,http://toshsmobilerv.repair/%3Futm_source%3Dgmb%26utm_medium%3Dreferral,"318 N Western Ave, Dill City, OK 73641",Dill City,Oklahoma,73641,35.2803049,-99.1358974,4.5,46,RV repair shop,Friday: ['8AM-6PM']; Monday: ['8AM-6PM']; Saturday: ['9AM-3PM']; Sunday: ['Closed']; Thursday: ['8AM-6PM']; Tuesday: ['8AM-6PM']; Wednesday: ['8AM-6PM'],no,yes,1
81 RV Repair,+1 580-252-7946,http://81rvrepair.com/,"111 Dougs Rd, Duncan, OK 73533",Duncan,Oklahoma,73533,34.4478836,-97.9764328,4.7,87,RV repair shop,Friday: ['Closed']; Monday: ['7AM-6PM']; Saturday: ['Closed']; Sunday: ['Closed']; Thursday: ['7AM-6PM']; Tuesday: ['7AM-6PM']; Wednesday: ['7AM-6PM'],no,no,1
Archer Mobile RV Technician LLC,+1 580-786-1125,https://archermobilervtech.wixsite.com/archer-mobile-rv-tec,"3005 Erica Cir, Duncan, OK 73533",Duncan,Oklahoma,73533,34.5006842,-97.9849064,4.7,15,RV repair shop,Friday: ['8AM-5PM']; Monday: ['8AM-5PM']; Saturday: ['Closed']; Sunday: ['Closed']; Thursday: ['8AM-5PM']; Tuesday: ['8AM-5PM']; Wednesday: ['8AM-5PM'],no,yes,1
1st Choice Mobile RV Repair,+1 405-697-0192,,"2932 Colonial Ln, Edmond, OK 73013",Edmond,Oklahoma,73013,35.6110492,-97.4607967,,,RV repair shop,Friday: ['9AM-5PM']; Monday: ['9AM-5PM']; Saturday: ['Closed']; Sunday: ['Closed']; Thursday: ['9AM-5PM']; Tuesday: ['9AM-5PM']; Wednesday: ['9AM-5PM'],no,yes,1
BCK Diesel Services LLC,+1 405-821-5560,https://www.bckdieselservices.com/,"14310 N Lincoln Blvd Ste 318, Edmond, OK 73013",Edmond,Oklahoma,73013,35.615812,-97.5031515,5,22,Diesel engine repair service,Friday: ['8:30AM-6:30PM']; Monday: ['8:30AM-6PM']; Saturday: ['Open 24 hours']; Sunday: ['8:30AM-6PM']; Thursday: ['8:30AM-6PM']; Tuesday: ['8:30AM-6PM']; Wednesday: ['8:30AM-6PM'],yes,no,1
Cornerstone Mobile RV Services LLC,+1 405-861-4214,https://www.cornerstonervservices.com/,"912 Sandhurst Dr, Edmond, OK 73034",Edmond,Oklahoma,73034,35.6437487,-97.4451772,5,25,RV repair shop,Friday: ['8AM-6PM']; Monday: ['8AM-6PM']; Saturday: ['10AM-4PM']; Sunday: ['Closed']; Thursday: ['8AM-6PM']; Tuesday: ['8AM-6PM']; Wednesday: ['8AM-5PM'],no,yes,1
Dyess Truck and Trailer Repair,+1 405-343-8382,https://www.dyesscustoms.com/,"11601 Black Sand Dr, Edmond, OK 73034",Edmond,Oklahoma,73034,35.7580371,-97.4311582,4.7,29,Trailer repair shop,Friday: ['9AM-5PM']; Monday: ['9AM-5PM']; Saturday: ['Closed']; Sunday: ['Closed']; Thursday: ['9AM-5PM']; Tuesday: ['9AM-5PM']; Wednesday: ['9AM-5PM'],no,no,1
Full Pull Diesel Performance LLC,+1 405-285-2711,http://fullpulldiesel.net/,"123 W Waterloo Rd Building C, Edmond, OK 73025",Edmond,Oklahoma,73025,35.72797,-97.4796941,4.4,71,Diesel engine repair service,Friday: ['8AM-5PM']; Monday: ['8AM-5PM']; Saturday: ['Closed']; Sunday: ['Closed']; Thursday: ['8AM-5PM']; Tuesday: ['8AM-5PM']; Wednesday: ['8AM-5PM'],no,no,1
Mobile Mechanics of Edmond,+1 405-509-9332,https://www.mobilemechanicsofedmond.com/,"2917 Marigold Ln, Edmond, OK 73013",Edmond,Oklahoma,73013,35.6264785,-97.5046746,4.9,57,Mechanic,Friday: ['7AM-7PM']; Monday: ['7AM-7PM']; Saturday: ['Closed']; Sunday: ['Closed']; Thursday: ['7AM-7PM']; Tuesday: ['7AM-7PM']; Wednesday: ['7AM-7PM'],no,yes,1
Nate's RV Repair,+1 405-626-8111,,"525 Evergreen St, Edmond, OK 73003",Edmond,Oklahoma,73003,35.6445499,-97.4918179,4.5,50,RV repair shop,Friday: ['9AM-4PM']; Monday: ['9AM-4PM']; Saturday: ['Closed']; Sunday: ['Closed']; Thursday: ['9AM-4PM']; Tuesday: ['9AM-4PM']; Wednesday: ['9AM-4PM'],no,no,1
"Old Glory RV Roofs, LLC",+1 405-339-6847,https://oldgloryrvservice.com/,"1280 Summit Ridge Dr #607, Edmond, OK 73025",Edmond,Oklahoma,73025,35.7440881,-97.5002807,4.6,45,Repair service,Friday: ['8AM-5PM']; Monday: ['8AM-5PM']; Saturday: ['Closed']; Sunday: ['Closed']; Thursday: ['8AM-5PM']; Tuesday: ['8AM-5PM']; Wednesday: ['8AM-5PM'],no,no,1
Premier Diesel,+1 405-413-2225,https://premierdieselok.com/,"301 W Waterloo Rd Bld G, Edmond, OK 73025",Edmond,Oklahoma,73025,35.7284691,-97.4824809,4.8,53,Truck repair shop,Friday: ['8AM-5PM']; Monday: ['8AM-5PM']; Saturday: ['Closed']; Sunday: ['Closed']; Thursday: ['8AM-5PM']; Tuesday: ['8AM-5PM']; Wednesday: ['8AM-5PM'],no,no,1
Superior Diesel LLC,+1 405-969-3312,https://superiordieselrepair.myshopify.com/,"101 Glenn Trail Dr, Edmond, OK 73025",Edmond,Oklahoma,73025,35.7645131,-97.4805125,4.8,66,Truck repair shop,Friday: ['9AM-5PM']; Monday: ['9AM-5PM']; Saturday: ['Closed']; Sunday: ['Closed']; Thursday: ['9AM-5PM']; Tuesday: ['9AM-5PM']; Wednesday: ['9AM-5PM'],no,no,1
MEGA TRUCK TRAILER REPAIR SHOP,+1 707-777-0505,,"3805 Jensen Rd E, El Reno, OK 73036",El Reno,Oklahoma,73036,35.4937897,-97.9115969,4.7,25,Truck repair shop,Friday: ['8AM-6PM']; Monday: ['8AM-6PM']; Saturday: ['8AM-3PM']; Sunday: ['Closed']; Thursday: ['8AM-6PM']; Tuesday: ['8AM-6PM']; Wednesday: ['8AM-6PM'],no,no,1
5A Repair,+1 580-303-4744,https://www.5arepair.com/,"915 N Van Buren Ave, Elk City, OK 73644",Elk City,Oklahoma,73644,35.4194451,-99.400311,4.8,84,Auto repair shop,Friday: ['8AM-5PM']; Monday: ['8AM-5PM']; Saturday: ['Closed']; Sunday: ['Closed']; Thursday: ['8AM-5PM']; Tuesday: ['8AM-5PM']; Wednesday: ['8AM-5PM'],no,no,1
Dan's day & night services,+1 580-500-8571,,"301 E 20th St, Elk City, OK 73644",Elk City,Oklahoma,73644,35.3932393,-99.3995156,4.8,22,Truck repair shop,Friday: ['Open 24 hours']; Monday: ['Open 24 hours']; Saturday: ['Open 24 hours']; Sunday: ['Open 24 hours']; Thursday: ['Open 24 hours']; Tuesday: ['Open 24 hours']; Wednesday: ['Open 24 hours'],yes,no,1
DarkHorseDiesels,+1 580-799-1485,,"301 E 20th St, Elk City, OK 73644",Elk City,Oklahoma,73644,35.3932393,-99.3995156,,,Truck repair shop,Friday: ['Open 24 hours']; Monday: ['Open 24 hours']; Saturday: ['Open 24 hours']; Sunday: ['Open 24 hours']; Thursday: ['Open 24 hours']; Tuesday: ['Open 24 hours']; Wednesday: ['Open 24 hours'],yes,no,1
EC Auto Repair,+1 580-303-7244,http://ecauto.repair/,"315 W 20th St Unit A, Elk City, OK 73644",Elk City,Oklahoma,73644,35.3933702,-99.4082131,4.3,267,Auto repair shop,Friday: ['7:30AM-5:30PM']; Monday: ['7:30AM-5:30PM']; Saturday: ['Closed']; Sunday: ['Closed']; Thursday: ['7:30AM-5:30PM']; Tuesday: ['7:30AM-5:30PM']; Wednesday: ['7:30AM-5:30PM'],no,no,1
Elk City Automotive & Exhaust,+1 580-339-8099,,"1109 S Washington Ave, Elk City, OK 73644",Elk City,Oklahoma,73644,35.4022184,-99.4088999,4.9,18,Muffler shop,,no,no,1
Elk City Diesel Service,+1 580-303-4947,,"220 B J Hughes Access Rd, Elk City, OK 73644",Elk City,Oklahoma,73644,35.392915,-99.390709,,,Truck repair shop,,no,no,1
Elk City RV Sales & Rentals,+1 580-243-3300,https://elkcityrvsales.com/,"3306 S, 3306 OK-6, Elk City, OK 73644",Elk City,Oklahoma,73644,35.3774863,-99.3991181,4.5,52,RV dealer,Friday: ['8AM-5PM']; Monday: ['8AM-5PM']; Saturday: ['Closed']; Sunday: ['Closed']; Thursday: ['8AM-5PM']; Tuesday: ['8AM-5PM']; Wednesday: ['8AM-5PM'],no,no,2
JG Diesel Repairs and Towing,+1 580-379-0790,https://jgrepairs.com/,"315 W 20th St Unit B, Elk City, OK 73644",Elk City,Oklahoma,73644,35.3933571,-99.4082058,4.4,444,Truck repair shop,Friday: ['Open 24 hours']; Monday: ['Open 24 hours']; Saturday: ['Open 24 hours']; Sunday: ['Open 24 hours']; Thursday: ['Open 24 hours']; Tuesday: ['Open 24 hours']; Wednesday: ['Open 24 hours'],yes,no,1
JKM LLC,+1 580-821-2062,,"301 E 7th St, Elk City, OK 73644",Elk City,Oklahoma,73644,35.4074796,-99.4021625,4,4,Truck repair shop,Friday: ['8AM-5PM']; Monday: ['8AM-5PM']; Saturday: ['Closed']; Sunday: ['Closed']; Thursday: ['8AM-5PM']; Tuesday: ['8AM-5PM']; Wednesday: ['8AM-5PM'],no,no,1
Jerrys Truck Repair,+1 580-821-2520,,"1027 W 7th St, Elk City, OK 73644",Elk City,Oklahoma,73644,35.4076267,-99.4170331,3.2,5,Auto repair shop,Friday: ['8AM-5PM']; Monday: ['8AM-5PM']; Saturday: ['Closed']; Sunday: ['Closed']; Thursday: ['8AM-5PM']; Tuesday: ['8AM-5PM']; Wednesday: ['8AM-5PM'],no,no,1
L & R Tire And Truck Center,+1 580-225-8473,,"1204 S Main St, Elk City, OK 73644",Elk City,Oklahoma,73644,35.3983333,-99.4044444,4.5,158,Tire shop,Friday: ['8AM-5:30PM']; Monday: ['8AM-5:30PM']; Saturday: ['8AM-12PM']; Sunday: ['Closed']; Thursday: ['8AM-5:30PM']; Tuesday: ['8AM-5:30PM']; Wednesday: ['8AM-5:30PM'],no,no,1
Love's Travel Stop,+1 580-225-9162,https://www.loves.com/locations/201,"2703 U.S. Route 66, Elk City, OK 73644",Elk City,Oklahoma,73644,35.4229483,-99.3723378,3.9,381,Truck stop,Friday: ['Open 24 hours']; Monday: ['Open 24 hours']; Saturday: ['Open 24 hours']; Sunday: ['Open 24 hours']; Thursday: ['Open 24 hours']; Tuesday: ['Open 24 hours']; Wednesday: ['Open 24 hours'],yes,no,1
Mike’s Diesel Service,+1 580-374-5878,,"104 Harless Dr, Elk City, OK 73644",Elk City,Oklahoma,73644,35.3779012,-99.4024216,4.6,16,Auto repair shop,Friday: ['7AM-5PM']; Monday: ['7AM-5PM']; Saturday: ['Closed']; Sunday: ['Closed']; Thursday: ['7AM-5PM']; Tuesday: ['7AM-5PM']; Wednesday: ['7AM-5PM'],no,no,1
"O-TEX Trailer & Truck Services, LLC.",+1 580-243-8304,http://o-texservices.com/,"1703 S Main St, Elk City, OK 73644",Elk City,Oklahoma,73644,35.3943665,-99.4062645,4.7,6,Trailer repair shop,Friday: ['7:30AM-4:45PM']; Monday: ['7:30AM-4:45PM']; Saturday: ['Closed']; Sunday: ['Closed']; Thursday: ['7:30AM-4:45PM']; Tuesday: ['7:30AM-4:45PM']; Wednesday: ['7:30AM-4:45PM'],no,no,1
P & M Auto Services Center,+1 580-225-0014,,"1605 W 3rd St, Elk City, OK 73644",Elk City,Oklahoma,73644,35.4120027,-99.4236073,4.5,126,Auto repair shop,Friday: ['8AM-5PM']; Monday: ['8AM-5PM']; Saturday: ['Closed']; Sunday: ['Closed']; Thursday: ['8AM-5PM']; Tuesday: ['8AM-5PM']; Wednesday: ['8AM-5PM'],no,no,1
Red Rider Diesel Repair,+1 580-723-0644,,"2001 E 20th St, Elk City, OK 73644",Elk City,Oklahoma,73644,35.3938105,-99.3826192,4,6,Diesel engine repair service,Friday: ['Open 24 hours']; Monday: ['Open 24 hours']; Saturday: ['Open 24 hours']; Sunday: ['Open 24 hours']; Thursday: ['Open 24 hours']; Tuesday: ['Open 24 hours']; Wednesday: ['Open 24 hours'],yes,no,1
Sparks automotive,+1 580-303-0099,http://sparksmobilemechanic.com/,"521 E 1st St, Elk City, OK 73644",Elk City,Oklahoma,73644,35.4140433,-99.3986853,,,Truck repair shop,Friday: ['7AM-5PM']; Monday: ['Closed']; Saturday: ['7AM-5PM']; Sunday: ['7AM-5PM']; Thursday: ['7AM-5PM']; Tuesday: ['Closed']; Wednesday: ['7AM-5PM'],no,no,1
Steve's Diesel & Truck Services,+1 580-225-2571,,"3410 W 3rd St, Elk City, OK 73644",Elk City,Oklahoma,73644,35.4120596,-99.4461122,4.5,58,Truck repair shop,Friday: ['Open 24 hours']; Monday: ['Open 24 hours']; Saturday: ['Open 24 hours']; Sunday: ['Open 24 hours']; Thursday: ['Open 24 hours']; Tuesday: ['Open 24 hours']; Wednesday: ['Open 24 hours'],yes,no,1
Trailer Tec,+1 580-225-3121,https://www.trailertecok.com/,"1205 S Merritt Rd, Elk City, OK 73644",Elk City,Oklahoma,73644,35.3985418,-99.4708708,4.6,28,Trailer repair shop,Friday: ['8AM-5PM']; Monday: ['8AM-5PM']; Saturday: ['Closed']; Sunday: ['Closed']; Thursday: ['8AM-5PM']; Tuesday: ['8AM-5PM']; Wednesday: ['8AM-5PM'],no,no,1
knucklehead automotive,+1 580-374-4986,https://www.facebook.com/profile.php%3Fid%3D100086604907159,"3404 OK-6, Elk City, OK 73644",Elk City,Oklahoma,73644,35.4111315,-99.4462278,5,1,Auto repair shop,,no,no,1
JCMR Road Service,+1 580-339-3612,,"517 E Roger Miller Blvd, Erick, OK 73645",Erick,Oklahoma,73645,35.2153142,-99.8611431,5,6,Truck repair shop,Friday: ['Open 24 hours']; Monday: ['Open 24 hours']; Saturday: ['Open 24 hours']; Sunday: ['Open 24 hours']; Thursday: ['Open 24 hours']; Tuesday: ['Open 24 hours']; Wednesday: ['Open 24 hours'],yes,no,1
Bobs Mobile RV Repair,+1 918-318-0299,,"OK-9, Eufaulla, OK 74552",Eufaulla,Oklahoma,74552,35.21362,-95.4160543,5,1,RV repair shop,Friday: ['7AM-6PM']; Monday: ['7AM-6PM']; Saturday: ['7AM-6PM']; Sunday: ['Closed']; Thursday: ['7AM-6PM']; Tuesday: ['7AM-6PM']; Wednesday: ['7AM-6PM'],no,yes,1
Elite RV Maintenance and Repair,+1 918-404-4522,,"254445 E County Rd 49, Fairview, OK 73737",Fairview,Oklahoma,73737,36.3035167,-98.4717302,5,1,RV repair shop,,no,no,1
"Steven's Mobile RV Repair, LLC",+1 817-941-8363,,"990 SW Holiday Rd, Geronimo, OK 73543",Geronimo,Oklahoma,73543,34.4647512,-98.3970483,4,4,RV repair and maintenance service,Friday: ['9AM-5PM']; Monday: ['9AM-5PM']; Saturday: ['9AM-2PM']; Sunday: ['Closed']; Thursday: ['9AM-5PM']; Tuesday: ['9AM-5PM']; Wednesday: ['9AM-5PM'],no,yes,1
Wade's RV ServiceCenter,+1 918-291-1011,http://wadesrv.com/,"2440 W 121st St S, Glenpool, OK 74033",Glenpool,Oklahoma,74033,35.9877777,-96.0213928,4.4,331,RV repair shop,Friday: ['8AM-5PM']; Monday: ['8AM-5PM']; Saturday: ['9AM-2PM']; Sunday: ['Closed']; Thursday: ['8AM-5PM']; Tuesday: ['8AM-5PM']; Wednesday: ['8AM-5PM'],no,no,1
JONS PLACE,+1 918-525-7243,,"205 Woodward Cir, Gore, OK 74435",Gore,Oklahoma,74435,35.5502479,-95.1014702,4.8,6,Small engine repair service,Friday: ['8AM-5PM']; Monday: ['8AM-5PM']; Saturday: ['8AM-5PM']; Sunday: ['8AM-5PM']; Thursday: ['8AM-5PM']; Tuesday: ['8AM-5PM']; Wednesday: ['8AM-5PM'],no,no,1
D J's RV Services,+1 918-786-4541,,"35751 S 620 Rd, Grove, OK 74344",Grove,Oklahoma,74344,36.499277,-94.783029,4.5,102,RV repair shop,Friday: ['9AM-4PM']; Monday: ['9AM-4PM']; Saturday: ['Closed']; Sunday: ['Closed']; Thursday: ['9AM-4PM']; Tuesday: ['9:30AM-4PM']; Wednesday: ['9AM-4PM'],no,no,1
Harper's Mobile RV Repair and Detail,+1 918-944-6454,https://www.facebook.com/Harpersrvrepair,"25100 US-59, Grove, OK 74344",Grove,Oklahoma,74344,36.6550745,-94.8245785,4.9,136,RV repair shop,Friday: ['8AM-5PM']; Monday: ['8AM-5PM']; Saturday: ['Closed']; Sunday: ['Closed']; Thursday: ['8AM-5PM']; Tuesday: ['8AM-5PM']; Wednesday: ['8AM-5PM'],no,yes,1
Family First RV Service,+1 806-202-4285,https://familyfirstrvserviceok.com/,"1565 S Portland Ave, Guthrie, OK 73044",Guthrie,Oklahoma,73044,35.8639822,-97.5860695,4.8,60,RV repair shop,Friday: ['9AM-4PM']; Monday: ['9AM-4PM']; Saturday: ['Closed']; Sunday: ['Closed']; Thursday: ['9AM-4PM']; Tuesday: ['9AM-4PM']; Wednesday: ['9AM-4PM'],no,no,1
Martinez rv repair/mobile service,+1 918-721-7388,http://www.martinervrepair.com/,"701 US-59, Heavener, OK 74937",Heavener,Oklahoma,74937,34.9039616,-94.6026141,5,15,RV repair shop,Friday: ['8AM-5PM']; Monday: ['8AM-5PM']; Saturday: ['8AM-12PM']; Sunday: ['Closed']; Thursday: ['8AM-5PM']; Tuesday: ['8AM-5PM']; Wednesday: ['8AM-5PM'],no,yes,1
3 Bears Sales & Rentals,+1 539-600-8413,https://www.3bearsok.com/,"520 Bollinger, Henryetta, OK 74437",Henryetta,Oklahoma,74437,35.4495231,-95.9655652,5,12,Equipment rental agency,Friday: ['9AM-5PM']; Monday: ['9AM-5PM']; Saturday: ['9AM-2PM']; Sunday: ['Closed']; Thursday: ['9AM-5PM']; Tuesday: ['9AM-5PM']; Wednesday: ['9AM-5PM'],no,no,1
3 Trees RV Park,+1 918-240-9722,http://3treesrvpark.com/,"209 West A Street, Henryetta, OK 74437",Henryetta,Oklahoma,74437,35.457091,-95.965177,4.9,14,RV park,,no,no,1
Advanced Towing & Recovery,+1 918-319-1090,,"912 Industrial Rd, Henryetta, OK 74437",Henryetta,Oklahoma,74437,35.4466412,-95.9681892,5,15,Towing service,Friday: ['Open 24 hours']; Monday: ['Open 24 hours']; Saturday: ['Open 24 hours']; Sunday: ['Open 24 hours']; Thursday: ['Open 24 hours']; Tuesday: ['Open 24 hours']; Wednesday: ['Open 24 hours'],yes,no,1
After Hours Towing LLC,+1 918-319-5121,https://afterhourstowingok.com/,"508 E Gum St, Henryetta, OK 74437",Henryetta,Oklahoma,74437,35.4525239,-95.9745553,4.6,150,Towing service,Friday: ['Open 24 hours']; Monday: ['Open 24 hours']; Saturday: ['Open 24 hours']; Sunday: ['Open 24 hours']; Thursday: ['Open 24 hours']; Tuesday: ['Open 24 hours']; Wednesday: ['Open 24 hours'],yes,no,1
Around The Clock Mobile Truck Repair,+1 918-698-0323,,"10095 Bryant Rd, Henryetta, OK 74437",Henryetta,Oklahoma,74437,35.4316137,-96.0175441,,,Mechanic,Friday: ['Open 24 hours']; Monday: ['Open 24 hours']; Saturday: ['Open 24 hours']; Sunday: ['Open 24 hours']; Thursday: ['Open 24 hours']; Tuesday: ['Open 24 hours']; Wednesday: ['Open 24 hours'],yes,yes,1
Blades Motors & Tire Service Center,+1 918-650-0790,,"705 E Trudgeon St, Henryetta, OK 74437",Henryetta,Oklahoma,74437,35.4405711,-95.973055,4.3,43,Car repair and maintenance service,Friday: ['8:30AM-4PM']; Monday: ['8:30AM-4PM']; Saturday: ['Closed']; Sunday: ['Closed']; Thursday: ['8:30AM-4PM']; Tuesday: ['8:30AM-4PM']; Wednesday: ['8:30AM-4PM'],no,no,1
Bruton & Brown Towing & Recovery,+1 918-652-1234,https://brutonandbrowntowingandrecovery.com/%3Futm_source%3Dgbp%26utm_medium%3Dwebclick,"603 W Corporation, Henryetta, OK 74437",Henryetta,Oklahoma,74437,35.4345658,-95.9883292,4.7,17,Towing service,Friday: ['Open 24 hours']; Monday: ['Open 24 hours']; Saturday: ['Open 24 hours']; Sunday: ['Open 24 hours']; Thursday: ['Open 24 hours']; Tuesday: ['Open 24 hours']; Wednesday: ['Open 24 hours'],yes,no,1
Drake's Diesel Service LLC,+1 918-652-5894,,"407199 US-266, Henryetta, OK 74437",Henryetta,Oklahoma,74437,35.5078195,-95.7663334,,,Auto repair shop,Friday: ['Open 24 hours']; Monday: ['Open 24 hours']; Saturday: ['Closed']; Sunday: ['Closed']; Thursday: ['Open 24 hours']; Tuesday: ['Open 24 hours']; Wednesday: ['Open 24 hours'],yes,no,1
Grigsby’s Mobile Service,+1 918-268-4231,,"Holly Rd, Henryetta, OK 74437",Henryetta,Oklahoma,74437,35.4424085,-95.8916092,5,5,Auto repair shop,Friday: ['9AM-5PM']; Monday: ['9AM-5PM']; Saturday: ['9AM-12PM']; Sunday: ['Closed']; Thursday: ['9AM-5PM']; Tuesday: ['9AM-5PM']; Wednesday: ['9AM-5PM'],no,yes,1
HWY 75 RV PARK & STORAGE,+1 918-752-8733,http://75rvparkcom.godaddysites.com/,"13705 Coalton Rd, Henryetta, OK 74437",Henryetta,Oklahoma,74437,35.4969359,-95.9514606,3.9,67,RV park,,no,no,1
Henryetta RV & Mobile Home,+1 918-652-9111,http://henryetta-home.poi.place/,"800 W Corporation #9, Henryetta, OK 74437",Henryetta,Oklahoma,74437,35.434088,-95.991434,3.7,91,RV park,,no,yes,1
Interstate Diesel,+1 918-652-4411,,"9340 Hornbeam Rd, Henryetta, OK 74437",Henryetta,Oklahoma,74437,35.4337558,-96.0288777,4.4,108,Tire shop,Friday: ['8:30AM-5PM']; Monday: ['8:30AM-5PM']; Saturday: ['Closed']; Sunday: ['Closed']; Thursday: ['8:30AM-5PM']; Tuesday: ['8:30AM-5PM']; Wednesday: ['8:30AM-5PM'],no,no,1
J & L Diesel,+1 918-652-9441,,"601 Dewar Ave, Henryetta, OK 74437",Henryetta,Oklahoma,74437,35.4561799,-95.9644062,3.9,30,Truck repair shop,Friday: ['9AM-6PM']; Monday: ['9AM-6PM']; Saturday: ['Closed']; Sunday: ['Closed']; Thursday: ['9AM-6PM']; Tuesday: ['9AM-6PM']; Wednesday: ['9AM-6PM'],no,no,1
Llanas Tire Shop LLC,+1 918-843-9282,,"1402 W Main St, Henryetta, OK 74437",Henryetta,Oklahoma,74437,35.4399167,-95.9989678,5,21,Tire shop,Friday: ['8:30AM-5PM']; Monday: ['8:30AM-5PM']; Saturday: ['9AM-2PM']; Sunday: ['Closed']; Thursday: ['8:30AM-5PM']; Tuesday: ['8:30AM-5PM']; Wednesday: ['8:30AM-5PM'],no,no,1
Main Street Tire & Lube,+1 918-652-8473,http://tireoneok.com/,"403 E Main St, Henryetta, OK 74437",Henryetta,Oklahoma,74437,35.4394323,-95.9775365,4.6,143,Tire shop,Friday: ['8AM-5:30PM']; Monday: ['8AM-5:30PM']; Saturday: ['9AM-1PM']; Sunday: ['Closed']; Thursday: ['8AM-5:30PM']; Tuesday: ['8AM-5:30PM']; Wednesday: ['8AM-5:30PM'],no,no,1
Pars ATV,+1 918-966-3995,,"Keota, OK 74941",Keota,Oklahoma,74941,35.2556569,-94.9216242,5,1,RV repair shop,,no,no,1
Nelson Mobile RV Repair,+1 479-235-3115,,"Box 33, Langley, OK 74350",Langley,Oklahoma,74350,36.4704454,-95.0489563,4.6,18,Repair service,Friday: ['8AM-5PM']; Monday: ['8AM-5PM']; Saturday: ['9AM-3PM']; Sunday: ['Closed']; Thursday: ['8AM-5PM']; Tuesday: ['8AM-5PM']; Wednesday: ['8AM-5PM'],no,yes,1
New Song Mobile RV Services,+1 918-916-6456,https://www.newsongrv.com/,"18 E Carl Albert Pkwy, McAlester, OK 74501",McAlester,Oklahoma,74501,34.9330258,-95.7691111,4.8,6,RV repair shop,Friday: ['8AM-5PM']; Monday: ['8AM-5PM']; Saturday: ['Closed']; Sunday: ['Closed']; Thursday: ['8AM-5PM']; Tuesday: ['8AM-5PM']; Wednesday: ['8AM-5PM'],no,yes,1
R Trailer Shop,+1 918-420-5156,,"1700 Westside Cir, McAlester, OK 74501",McAlester,Oklahoma,74501,34.9373527,-95.7874945,4.8,44,Trailer repair shop,Friday: ['8AM-5PM']; Monday: ['8AM-5PM']; Saturday: ['8AM-5PM']; Sunday: ['Closed']; Thursday: ['8AM-5PM']; Tuesday: ['8AM-5PM']; Wednesday: ['8AM-5PM'],no,no,1
Rob Roy RV Services - Eufaula Region,+1 580-368-0560,http://robroyrv.com/,"2355 Bristow Point Rd, McAlester, OK 74501",McAlester,Oklahoma,74501,35.1153779,-95.6129263,5,16,RV repair shop,Friday: ['9AM-5PM']; Monday: ['9AM-5PM']; Saturday: ['Closed']; Sunday: ['Closed']; Thursday: ['9AM-5PM']; Tuesday: ['9AM-5PM']; Wednesday: ['9AM-5PM'],no,no,1
Diamond Wrenches Mobile Mechanics,+1 405-802-9771,https://www.facebook.com/share/1NwYSxeP6Q/,"1217 Cathy Ln, Midwest City, OK 73110",Midwest City,Oklahoma,73110,35.4802562,-97.3740295,4.5,25,Auto repair shop,Friday: ['Open 24 hours']; Monday: ['Open 24 hours']; Saturday: ['Closed']; Sunday: ['Closed']; Thursday: ['Open 24 hours']; Tuesday: ['Open 24 hours']; Wednesday: ['Open 24 hours'],yes,yes,1
Independent Mobile RV Service & Repair,+1 918-887-0234,https://imrvusa.jobbersites.com/,"14577 Hickory St Box 58, Monroe, OK 74947",Monroe,Oklahoma,74947,34.9923692,-94.5152948,5,42,RV repair shop,Friday: ['9AM-6PM']; Monday: ['9AM-6PM']; Saturday: ['9AM-6PM']; Sunday: ['Closed']; Thursday: ['9AM-6PM']; Tuesday: ['9AM-6PM']; Wednesday: ['9AM-6PM'],no,yes,1
J & R Industrial Engine Services,+1 405-692-3946,https://jrindustrialeng.com/,"9215 S Shields Blvd, Moore, OK 73160",Moore,Oklahoma,73160,35.3740232,-97.5063432,5,7,Diesel engine repair service,Friday: ['8AM-5PM']; Monday: ['8AM-5PM']; Saturday: ['Closed']; Sunday: ['Closed']; Thursday: ['8AM-5PM']; Tuesday: ['8AM-5PM']; Wednesday: ['8AM-5PM'],no,no,1
Optimum RV Oklahoma City,+1 405-912-9655,https://www.optimumrv.com/,"3045 N Service Rd, Moore, OK 73160",Moore,Oklahoma,73160,35.3678052,-97.4960108,4.5,561,RV repair shop,Friday: ['8AM-6PM']; Monday: ['8AM-6PM']; Saturday: ['8AM-6PM']; Sunday: ['Closed']; Thursday: ['8AM-6PM']; Tuesday: ['8AM-6PM']; Wednesday: ['8AM-6PM'],no,no,1
The Trailer Pros,+1 405-692-7242,http://www.thetrailerpros.com/,"2542 N Moore Ave, Moore, OK 73160",Moore,Oklahoma,73160,35.3615465,-97.4967361,4.9,103,Trailer repair shop,Friday: ['9AM-6PM']; Monday: ['9AM-6PM']; Saturday: ['Closed']; Sunday: ['Closed']; Thursday: ['9AM-6PM']; Tuesday: ['9AM-6PM']; Wednesday: ['9AM-6PM'],no,no,1
Doc's Mobile RV Service,+1 918-685-1353,https://www.facebook.com/Docsmobilervservice/,"2501 Debby Jane Ln, Muskogee, OK 74403",Muskogee,Oklahoma,74403,35.7522036,-95.337606,4.9,72,RV repair shop,Friday: ['8:30AM-5:30PM']; Monday: ['8:30AM-5:30AM']; Saturday: ['Closed']; Sunday: ['Closed']; Thursday: ['8:30AM-5:30PM']; Tuesday: ['8:30AM-5:30PM']; Wednesday: ['8:30AM-5:30PM'],no,yes,1
Maverick Mobile RV services,+1 405-863-2601,,"1229 W Huntington Way, Mustang, OK 73064",Mustang,Oklahoma,73064,35.3942243,-97.7490107,3.7,9,RV repair shop,Friday: ['Open 24 hours']; Monday: ['Open 24 hours']; Saturday: ['Open 24 hours']; Sunday: ['Open 24 hours']; Thursday: ['Open 24 hours']; Tuesday: ['Open 24 hours']; Wednesday: ['Open 24 hours'],yes,yes,1
OSM Mobile Mechanic,+1 405-627-3617,https://sites.google.com/view/osmmobilemechanic/home,"S Meadow Ln, Mustang, OK 73064",Mustang,Oklahoma,73064,35.3863685,-97.7175564,4.4,20,Mechanic,Friday: ['8AM-6PM']; Monday: ['8AM-6PM']; Saturday: ['8AM-6PM']; Sunday: ['Closed']; Thursday: ['8AM-6PM']; Tuesday: ['8AM-6PM']; Wednesday: ['8AM-6PM'],no,yes,1
Bergeron's RV Repair and Mobile Service,+1 405-517-5281,https://www.bergeronsrvrepair.com/,"925 Goshawk Dr, Norman, OK 73072",Norman,Oklahoma,73072,35.170454,-97.427183,4.7,66,RV repair shop,Friday: ['8AM-5PM']; Monday: ['8AM-5PM']; Saturday: ['8AM-5PM']; Sunday: ['Closed']; Thursday: ['8AM-5PM']; Tuesday: ['8AM-5PM']; Wednesday: ['8AM-5PM'],no,yes,1
Blue Compass RV Oklahoma City,+1 405-288-2355,https://www.bluecompassrv.com/locations/oklahoma/oklahoma-city%3Futm_source%3Dgoogle-gmb%26utm_medium%3Dorganic%26utm_campaign%3Doklahomacity,"912 N Adkins Hill Rd, Norman, OK 73072",Norman,Oklahoma,73072,35.1579139,-97.4785429,4.3,683,RV repair shop,Friday: ['8AM-7PM']; Monday: ['8AM-7PM']; Saturday: ['8AM-6PM']; Sunday: ['Closed']; Thursday: ['8AM-7PM']; Tuesday: ['8AM-7PM']; Wednesday: ['8AM-7PM'],no,no,1
Hansmeyer Diesel Performance,+1 405-202-4279,https://www.hansmeyerdiesel.com/,"2651 36th Ave NE, Norman, OK 73026",Norman,Oklahoma,73026,35.2519861,-97.3881944,5,14,Truck repair shop,Friday: ['8AM-5PM']; Monday: ['8AM-5PM']; Saturday: ['Closed']; Sunday: ['Closed']; Thursday: ['8AM-5PM']; Tuesday: ['8AM-5PM']; Wednesday: ['8AM-5PM'],no,no,1
2Dope Customs Mobile Mechanics,+1 405-492-5932,http://www.facebook.com/2DopeCustomsMobileMechanic,"812 Greenvale Rd, Oklahoma City, OK 73127",Oklahoma City,Oklahoma,73127,35.4760985,-97.6445447,3,1,Auto bodywork mechanic,Friday: ['Open 24 hours']; Monday: ['Open 24 hours']; Saturday: ['Open 24 hours']; Sunday: ['Open 24 hours']; Thursday: ['Open 24 hours']; Tuesday: ['Open 24 hours']; Wednesday: ['Open 24 hours'],yes,yes,1
5 STAR TRUCK AND TRAILER REPAIR SHOP,+1 405-510-2224,,"1901 S Missouri Ave, Oklahoma City, OK 73129",Oklahoma City,Oklahoma,73129,35.4463006,-97.4816947,4.1,246,Truck repair shop,Friday: ['8AM-7PM']; Monday: ['8AM-7PM']; Saturday: ['8AM-6PM']; Sunday: ['Closed']; Thursday: ['8AM-7PM']; Tuesday: ['8AM-7PM']; Wednesday: ['8AM-7PM'],no,no,1
A-Z Truck & Trailer Repair,+1 405-985-8654,https://atoztruckrepair.com/,"9800 W Reno Ave, Oklahoma City, OK 73127",Oklahoma City,Oklahoma,73127,35.4639243,-97.6896565,4.3,50,Truck repair shop,Friday: ['7AM-6PM']; Monday: ['7AM-6PM']; Saturday: ['7AM-6PM']; Sunday: ['Closed']; Thursday: ['7AM-6PM']; Tuesday: ['7AM-6PM']; Wednesday: ['7AM-6PM'],no,no,1
A1 RV Repair,+1 405-665-8087,https://a1rvrepair.com/locations/oklahoma/rv-repair-oklahoma-city/,"4137 W Reno Ave Unit 4, Oklahoma City, OK 73107",Oklahoma City,Oklahoma,73107,35.4658569,-97.5943019,,,RV repair shop,Friday: ['8AM-8PM']; Monday: ['8AM-8PM']; Saturday: ['8AM-8PM']; Sunday: ['Closed']; Thursday: ['8AM-8PM']; Tuesday: ['8AM-8PM']; Wednesday: ['8AM-8PM'],no,no,1
A1 RV Repair,+1 405-665-8800,https://a1rvrepair.com/locations/oklahoma/rv-repair-oklahoma-city/,"201 Robert S Kerr Ave Ste 404, Oklahoma City, OK 73102",Oklahoma City,Oklahoma,73102,35.4704389,-97.516898,,,RV repair shop,Friday: ['8AM-8PM']; Monday: ['8AM-8PM']; Saturday: ['8AM-8PM']; Sunday: ['Closed']; Thursday: ['8AM-8PM']; Tuesday: ['8AM-8PM']; Wednesday: ['8AM-8PM'],no,no,1
A1 RV Repair,+1 405-787-0909,https://a1rvrepair.com/locations/oklahoma/okc-metro/,"9820 NE 23rd St #312, Oklahoma City, OK 73141",Oklahoma City,Oklahoma,73141,35.4924097,-97.3549264,,,RV repair shop,Friday: ['8AM-8PM']; Monday: ['8AM-8PM']; Saturday: ['8AM-8PM']; Sunday: ['Closed']; Thursday: ['8AM-8PM']; Tuesday: ['8AM-8PM']; Wednesday: ['8AM-8PM'],no,no,1
A1 RV Repair,+1 405-778-8080,https://a1rvrepair.com/locations/oklahoma/rv-repair-oklahoma-city/,"26 N Rockwell Ave, Oklahoma City, OK 73127",Oklahoma City,Oklahoma,73127,35.4671645,-97.6360823,,,RV repair shop,Friday: ['8AM-8PM']; Monday: ['8AM-8PM']; Saturday: ['8AM-8PM']; Sunday: ['Closed']; Thursday: ['8AM-8PM']; Tuesday: ['8AM-8PM']; Wednesday: ['8AM-8PM'],no,no,1
AAA RV Collision and Service,+1 405-634-1429,http://www.aaarvcollisionandservice.com/,"10519 S Sunnylane Rd, Oklahoma City, OK 73160",Oklahoma City,Oklahoma,73160,35.3620574,-97.4420651,4.9,117,RV repair shop,Friday: ['8AM-5PM']; Monday: ['8AM-5PM']; Saturday: ['Closed']; Sunday: ['Closed']; Thursday: ['8AM-5PM']; Tuesday: ['8AM-5PM']; Wednesday: ['8AM-5PM'],no,no,2
Absolute RV Repair,+1 405-504-8022,http://absolutervrepair.com/,"3801 NE 104th St Suite 401, Oklahoma City, OK 73131",Oklahoma City,Oklahoma,73131,35.5774385,-97.4502642,4.7,19,RV repair shop,Friday: ['8AM-5PM']; Monday: ['8AM-5PM']; Saturday: ['Closed']; Sunday: ['Closed']; Thursday: ['8AM-5PM']; Tuesday: ['8AM-5PM']; Wednesday: ['8AM-5PM'],no,no,1
Airstream Restoration and Repair LLC,+1 405-445-2956,,"708 W Reno Ave, Oklahoma City, OK 73102",Oklahoma City,Oklahoma,73102,35.4639954,-97.524682,5,12,RV repair shop,,no,no,1
Allen RV,+1 405-850-5022,,"9201 NW 10th St, Oklahoma City, OK 73127",Oklahoma City,Oklahoma,73127,35.4794107,-97.6759561,3.8,11,RV repair shop,Friday: ['9AM-5PM']; Monday: ['9AM-5PM']; Saturday: ['Closed']; Sunday: ['Closed']; Thursday: ['9AM-5PM']; Tuesday: ['9AM-5PM']; Wednesday: ['9AM-5PM'],no,no,1
Alpha Fleet Services,+1 405-213-1863,https://www.okctruckrepairs.com/,"2745 W California Ave, Oklahoma City, OK 73107",Oklahoma City,Oklahoma,73107,35.4655387,-97.5629013,4.8,36,Truck repair shop,Friday: ['5AM-10PM']; Monday: ['5AM-10PM']; Saturday: ['5AM-10PM']; Sunday: ['Closed']; Thursday: ['5AM-10PM']; Tuesday: ['5AM-10PM']; Wednesday: ['5AM-10PM'],no,no,1
American RV Outfitters,+1 405-478-2591,http://www.amrvo.com/,"11630 N I- 35 Service Rd, Oklahoma City, OK 73131",Oklahoma City,Oklahoma,73131,35.5889348,-97.4348025,4.4,46,RV repair shop,Friday: ['7AM-5PM']; Monday: ['Closed']; Saturday: ['Closed']; Sunday: ['Closed']; Thursday: ['7AM-5PM']; Tuesday: ['7AM-5PM']; Wednesday: ['7AM-5PM'],no,no,1
Anytime Anywhere Truck Repair,+1 405-556-1633,https://www.anytimeanywheretruckrepair.com/,"12204 N I- 35 Service Rd, Oklahoma City, OK 73131",Oklahoma City,Oklahoma,73131,35.5933358,-97.4282833,3.8,157,Truck repair shop,Friday: ['Open 24 hours']; Monday: ['Open 24 hours']; Saturday: ['Open 24 hours']; Sunday: ['Open 24 hours']; Thursday: ['Open 24 hours']; Tuesday: ['Open 24 hours']; Wednesday: ['Open 24 hours'],yes,no,1
B & F MOBILE MECHANIC LLC,+1 405-434-5306,https://www.facebook.com/profile.php%3Fid%3D100054288366501%26mibextid%3DZbWKwL,"5316 Foster Dr, Oklahoma City, OK 73135",Oklahoma City,Oklahoma,73135,35.4114545,-97.4572577,2.6,10,Mechanic,Friday: ['Open 24 hours']; Monday: ['Open 24 hours']; Saturday: ['Open 24 hours']; Sunday: ['Open 24 hours']; Thursday: ['Open 24 hours']; Tuesday: ['Open 24 hours']; Wednesday: ['Open 24 hours'],yes,yes,2
Beck's Garage,+1 405-842-9920,http://www.becksgarage.com/,"4217 N Western Ave, Oklahoma City, OK 73118",Oklahoma City,Oklahoma,73118,35.5142296,-97.5300361,4.6,230,Auto repair shop,Friday: ['8AM-6PM']; Monday: ['8AM-6PM']; Saturday: ['Closed']; Sunday: ['Closed']; Thursday: ['8AM-6PM']; Tuesday: ['8AM-6PM']; Wednesday: ['8AM-6PM'],no,no,1
Bee Clean Fuel injector services,+1 405-448-8538,http://www.beecleaninjectors.com/,"7516 Sandlewood Dr, Oklahoma City, OK 73132",Oklahoma City,Oklahoma,73132,35.5480111,-97.6590708,5,13,Auto repair shop,Friday: ['9AM-8PM']; Monday: ['8AM-9PM']; Saturday: ['10AM-9PM']; Sunday: ['Closed']; Thursday: ['8AM-9PM']; Tuesday: ['8AM-9PM']; Wednesday: ['8AM-9PM'],no,no,1
Beyond RV,+1 405-673-7679,http://beyondrvokc.com/,"8601 Gateway Terrace, Oklahoma City, OK 73149",Oklahoma City,Oklahoma,73149,35.3807881,-97.4987954,4.5,41,RV repair shop,Friday: ['8AM-4:30PM']; Monday: ['8AM-4:30PM']; Saturday: ['Closed']; Sunday: ['Closed']; Thursday: ['8AM-4:30PM']; Tuesday: ['8AM-4:30PM']; Wednesday: ['8AM-4:30PM'],no,no,1
Bi Fuel Power Solutions,+1 405-677-6637,http://www.bifuelpowersolutions.com/,"4100 S Eastern Ave, Oklahoma City, OK 73129",Oklahoma City,Oklahoma,73129,35.4236542,-97.4757717,,,Diesel engine repair service,Friday: ['8AM-5PM']; Monday: ['8AM-5PM']; Saturday: ['Closed']; Sunday: ['Closed']; Thursday: ['8AM-5PM']; Tuesday: ['8AM-5PM']; Wednesday: ['8AM-5PM'],no,no,1
Big Rig Product,+1 405-672-0371,http://www.bigrigproducts.com/,"7100 S Bryant Ave, Oklahoma City, OK 73149",Oklahoma City,Oklahoma,73149,35.3957888,-97.4582765,4.1,50,Truck repair shop,Friday: ['8AM-5PM']; Monday: ['8AM-5PM']; Saturday: ['Closed']; Sunday: ['Closed']; Thursday: ['8AM-5PM']; Tuesday: ['8AM-5PM']; Wednesday: ['8AM-5PM'],no,no,1
Black Knight Diesel Performance and Repair,+1 405-208-2617,https://www.blackknightdiesel.com/,"5389 Crosstie Blvd, Oklahoma City, OK 73117",Oklahoma City,Oklahoma,73117,35.4814821,-97.4265391,4.8,91,Auto repair shop,Friday: ['8AM-5PM']; Monday: ['8AM-5PM']; Saturday: ['Closed']; Sunday: ['Closed']; Thursday: ['8AM-5PM']; Tuesday: ['8AM-5PM']; Wednesday: ['8AM-5PM'],no,no,1
Bledsoe Truck & Trailer Repair,+1 405-833-0943,http://www.stringershop.com/%3Futm_source%3Dgoogle%26utm_medium%3Dwix_google_business_profile%26utm_campaign%3D5358925497607319356,"14130 S Meridian Ave, Oklahoma City, OK 73173",Oklahoma City,Oklahoma,73173,35.3261445,-97.5987672,4.4,28,Truck repair shop,Friday: ['8AM-5PM']; Monday: ['8AM-5PM']; Saturday: ['Closed']; Sunday: ['Closed']; Thursday: ['8AM-5PM']; Tuesday: ['8AM-5PM']; Wednesday: ['8AM-5PM'],no,no,1
Blumenthal Automotive (Automatics and Engine Shop),+1 405-601-6515,http://www.blumenthalmfg.com/,"601 S Walker Ave, Oklahoma City, OK 73109",Oklahoma City,Oklahoma,73109,35.4598587,-97.5216032,4.4,20,Transmission shop,Friday: ['8AM-5PM']; Monday: ['8AM-5PM']; Saturday: ['Closed']; Sunday: ['Closed']; Thursday: ['8AM-5PM']; Tuesday: ['8AM-5PM']; Wednesday: ['8AM-5PM'],no,no,1
Bob Hurley RV Oklahoma City,+1 405-778-8500,https://www.bobhurleyrv.com/okc-location,"8606 N I- 35 Service Rd, Oklahoma City, OK 73131",Oklahoma City,Oklahoma,73131,35.5590139,-97.4520537,4.6,310,RV repair shop,Friday: ['8AM-6PM']; Monday: ['8AM-6PM']; Saturday: ['8AM-5PM']; Sunday: ['Closed']; Thursday: ['8AM-6PM']; Tuesday: ['8AM-6PM']; Wednesday: ['8AM-6PM'],no,no,1
Boomer Diesel Engine,+1 405-948-1393,https://www.boomerdiesel.com/,"100 N Quapah Ave I, Oklahoma City, OK 73107",Oklahoma City,Oklahoma,73107,35.4657821,-97.5853195,4.6,80,Diesel engine repair service,Friday: ['7AM-3:30PM']; Monday: ['7AM-3:30PM']; Saturday: ['Closed']; Sunday: ['Closed']; Thursday: ['7AM-3:30PM']; Tuesday: ['7AM-3:30PM']; Wednesday: ['7AM-3:30PM'],no,no,1
Breshears mobile mechanic of Oklahoma,,,"3928 NW 33rd St, Oklahoma City, OK 73112",Oklahoma City,Oklahoma,73112,35.5044589,-97.5891637,,,Auto repair shop,,no,yes,1
Broadway Machine,+1 405-236-4369,https://www.broadwaymachine.com/,"29 NE 8th St, Oklahoma City, OK 73104",Oklahoma City,Oklahoma,73104,35.4762827,-97.5108131,3.7,19,Truck repair shop,Friday: ['7AM-4PM']; Monday: ['7AM-4PM']; Saturday: ['Closed']; Sunday: ['Closed']; Thursday: ['7AM-4PM']; Tuesday: ['7AM-4PM']; Wednesday: ['7AM-4PM'],no,no,1
Bubba's Mobile truck & trailer repair inc,+1 405-501-1587,https://bubbastruckservice.com/,"3239 Otterson Dr, Oklahoma City, OK 73112",Oklahoma City,Oklahoma,73112,35.5027801,-97.5878385,4.9,182,Truck repair shop,Friday: ['Open 24 hours']; Monday: ['Open 24 hours']; Saturday: ['Open 24 hours']; Sunday: ['Open 24 hours']; Thursday: ['Open 24 hours']; Tuesday: ['Open 24 hours']; Wednesday: ['Open 24 hours'],yes,yes,1
Bulldog Diesel & Mobile Truck Repair,+1 405-252-1610,https://bulldogdieselgasrepair.com/,"3211 1501 W Reno Ave, Oklahoma City, OK 73106",Oklahoma City,Oklahoma,73106,35.4645292,-97.5396838,4.1,93,Truck repair shop,Friday: ['9AM-5PM']; Monday: ['9AM-5PM']; Saturday: ['Closed']; Sunday: ['Closed']; Thursday: ['9AM-5PM']; Tuesday: ['9AM-5PM']; Wednesday: ['9AM-5PM'],no,yes,1
CP Trailer,+1 405-347-1717,http://www.cp-trailer.com/,"2701 SE 15th St, Oklahoma City, OK 73129",Oklahoma City,Oklahoma,73129,35.4500619,-97.4646755,4.6,18,Trailer repair shop,Friday: ['8AM-5PM']; Monday: ['8AM-5PM']; Saturday: ['Closed']; Sunday: ['Closed']; Thursday: ['8AM-5PM']; Tuesday: ['8AM-5PM']; Wednesday: ['8AM-5PM'],no,no,1
Camping World - Oklahoma City East,+1 877-839-4463,https://rv.campingworld.com/dealer/east-oklahoma-city-oklahoma,"4901 S Anderson Rd, Oklahoma City, OK 73150",Oklahoma City,Oklahoma,73150,35.4168728,-97.3190517,4.4,1428,RV repair shop,Friday: ['9AM-7PM']; Monday: ['9AM-7PM']; Saturday: ['9AM-7PM']; Sunday: ['Closed']; Thursday: ['9AM-7PM']; Tuesday: ['9AM-7PM']; Wednesday: ['9AM-7PM'],no,no,2
Camping World RV Service - Oklahoma City North,+1 888-460-6964,https://rv.campingworld.com/dealer/north-oklahoma-city-oklahoma/rv-service-repair,"13111 Broadway Extension Hwy, Oklahoma City, OK 73114",Oklahoma City,Oklahoma,73114,35.6028486,-97.5042509,3.5,2,RV repair shop,Friday: ['9AM-6PM']; Monday: ['9AM-6PM']; Saturday: ['9AM-6PM']; Sunday: ['Closed']; Thursday: ['9AM-6PM']; Tuesday: ['9AM-6PM']; Wednesday: ['9AM-6PM'],no,no,2
Car Guys Mobile Mechanic OKC,+1 405-355-9511,http://carguysmobilemechanics.com/,"828 SE 29th St, Oklahoma City, OK 73129",Oklahoma City,Oklahoma,73129,35.435052,-97.4957662,4.6,44,Auto repair shop,Friday: ['9AM-6PM']; Monday: ['9AM-6PM']; Saturday: ['10AM-5PM']; Sunday: ['10AM-5PM']; Thursday: ['9AM-6PM']; Tuesday: ['9AM-6PM']; Wednesday: ['9AM-6PM'],no,yes,1
"City Trailer, a Pronoss Company",+1 405-947-4885,https://www.citytrailerinc.com/default.htm,"10220 W Reno Ave, Oklahoma City, OK 73127",Oklahoma City,Oklahoma,73127,35.462506,-97.6990919,4.5,251,Trailer repair shop,Friday: ['8AM-5PM']; Monday: ['8AM-5PM']; Saturday: ['Closed']; Sunday: ['Closed']; Thursday: ['8AM-5PM']; Tuesday: ['8AM-5PM']; Wednesday: ['8AM-5PM'],no,no,1
"Clean Diesel Specialists - Oklahoma City, Oklahoma",+1 405-946-9800,https://www.cleandieselspecialists.com/locations/cds-oklahoma-city,"4055 NW 3rd St, Oklahoma City, OK 73107",Oklahoma City,Oklahoma,73107,35.4683556,-97.5879589,,,Diesel engine repair service,Friday: ['9AM-5PM']; Monday: ['9AM-5PM']; Saturday: ['Closed']; Sunday: ['Closed']; Thursday: ['9AM-5PM']; Tuesday: ['9AM-5PM']; Wednesday: ['9AM-5PM'],no,no,1
Commercial Truck & Trailer Parts,+1 405-630-0068,,"2527 S Council Rd, Oklahoma City, OK 73128",Oklahoma City,Oklahoma,73128,35.4395575,-97.654577,,,Auto repair shop,Friday: ['8AM-4PM']; Monday: ['8AM-4PM']; Saturday: ['Closed']; Sunday: ['Closed']; Thursday: ['8AM-4PM']; Tuesday: ['8AM-4PM']; Wednesday: ['8AM-4PM'],no,no,1
Custom Trailer Sales,+1 405-427-3036,http://customtrailersales.com/,"8005 NE 23rd St, Oklahoma City, OK 73141",Oklahoma City,Oklahoma,73141,35.4936224,-97.3873493,4.7,518,Trailer dealer,Friday: ['8AM-5PM']; Monday: ['8AM-5PM']; Saturday: ['Closed']; Sunday: ['Closed']; Thursday: ['8AM-5PM']; Tuesday: ['8AM-5PM']; Wednesday: ['8AM-5PM'],no,no,1
D C Transmission Services,+1 405-677-7454,https://dctransmissionservices.com/,"4737 SE 29th St #5001, Oklahoma City, OK 73115",Oklahoma City,Oklahoma,73115,35.4356128,-97.4302604,4.7,122,Transmission shop,Friday: ['8AM-5PM']; Monday: ['8AM-5PM']; Saturday: ['Closed']; Sunday: ['Closed']; Thursday: ['8AM-5PM']; Tuesday: ['8AM-5PM']; Wednesday: ['8AM-5PM'],no,no,1
DHILLON TRUCK REPAIR,+1 405-474-0258,,"5317 SW 11th St unit a, Oklahoma City, OK 73128",Oklahoma City,Oklahoma,73128,35.4546377,-97.6118309,5,1,Truck repair shop,Friday: ['Open 24 hours']; Monday: ['Open 24 hours']; Saturday: ['Open 24 hours']; Sunday: ['Closed']; Thursday: ['Open 24 hours']; Tuesday: ['Open 24 hours']; Wednesday: ['Open 24 hours'],yes,no,1
Delco Diesel Services Inc,+1 405-232-3595,http://www.delcodiesel.com/,"1100 S Agnew Ave, Oklahoma City, OK 73108",Oklahoma City,Oklahoma,73108,35.4546036,-97.5541772,4.5,67,Diesel engine repair service,Friday: ['8AM-5PM']; Monday: ['8AM-5PM']; Saturday: ['Closed']; Sunday: ['Closed']; Thursday: ['8AM-5PM']; Tuesday: ['8AM-5PM']; Wednesday: ['8AM-5PM'],no,no,2
Delco Tools & Equipment,+1 405-235-8665,http://www.delcodiesel.com/,"1114 S Agnew Ave, Oklahoma City, OK 73108",Oklahoma City,Oklahoma,73108,35.4543152,-97.554307,5,6,Auto repair shop,Friday: ['8AM-5PM']; Monday: ['8AM-5PM']; Saturday: ['Closed']; Sunday: ['Closed']; Thursday: ['8AM-5PM']; Tuesday: ['8AM-5PM']; Wednesday: ['8AM-5PM'],no,no,1
Diesel Auto Clinic,+1 405-236-0110,,"40 SE 59th St, Oklahoma City, OK 73129",Oklahoma City,Oklahoma,73129,35.405976,-97.5104358,5,7,Auto repair shop,,no,no,1
Diesel Machine,+1 405-235-6260,,"2429 SW 14th St, Oklahoma City, OK 73108",Oklahoma City,Oklahoma,73108,35.4511978,-97.5567786,4.6,18,Diesel engine repair service,Friday: ['7AM-4PM']; Monday: ['7AM-4PM']; Saturday: ['Closed']; Sunday: ['Closed']; Thursday: ['7AM-4PM']; Tuesday: ['7AM-4PM']; Wednesday: ['7AM-4PM'],no,no,1
Diesel Service Inc,+1 405-232-2711,,"924 SW 6th St, Oklahoma City, OK 73109",Oklahoma City,Oklahoma,73109,35.4586844,-97.5284359,3,2,Truck repair shop,,no,no,1
Diesel Truck Repair LLC,+1 405-451-4246,https://www.dieseltruckrepairokc.com/%3Futm_campaign%3D*SMI%2520-%2520GBP,"8308 W Interstate 40 Service Rd, Oklahoma City, OK 73128",Oklahoma City,Oklahoma,73128,35.459379,-97.6598651,5,19,Truck repair shop,Friday: ['Open 24 hours']; Monday: ['Open 24 hours']; Saturday: ['Open 24 hours']; Sunday: ['Open 24 hours']; Thursday: ['Open 24 hours']; Tuesday: ['Open 24 hours']; Wednesday: ['Open 24 hours'],yes,no,1
Diesel mechanic,+1 405-202-2129,,"9601 N Western Ave, Oklahoma City, OK 73114",Oklahoma City,Oklahoma,73114,35.5676617,-97.5316463,5,13,Mechanic,Friday: ['9AM-7PM']; Monday: ['9AM-7PM']; Saturday: ['Closed']; Sunday: ['Closed']; Thursday: ['9AM-7PM']; Tuesday: ['9AM-7PM']; Wednesday: ['9AM-7PM'],no,no,1
Double B Trailers LLC,+1 405-917-1800,http://www.doublebbtrailers.com/,"1124 S MacArthur Blvd, Oklahoma City, OK 73128",Oklahoma City,Oklahoma,73128,35.4536073,-97.6182655,4.6,27,Trailer repair shop,Friday: ['9AM-2PM']; Monday: ['9AM-4PM']; Saturday: ['Closed']; Sunday: ['Closed']; Thursday: ['9AM-4PM']; Tuesday: ['9AM-4PM']; Wednesday: ['9AM-4PM'],no,no,1
Ducky D. Mobile RV Repair LLC,+1 405-413-8282,https://duckydmobilerv.com/,"316 SW 103rd St, Oklahoma City, OK 73139",Oklahoma City,Oklahoma,73139,35.3645644,-97.5185056,4.7,56,RV repair shop,Friday: ['9AM-5PM']; Monday: ['9AM-5PM']; Saturday: ['Closed']; Sunday: ['Closed']; Thursday: ['9AM-5PM']; Tuesday: ['9AM-5PM']; Wednesday: ['9AM-5PM'],no,yes,1
ERS Mobile Truck Repair,+1 405-475-2735,,"8324 W Interstate 40 Service Rd, Oklahoma City, OK 73128",Oklahoma City,Oklahoma,73128,35.4593436,-97.6607115,,,Truck repair shop,Friday: ['Open 24 hours']; Monday: ['Open 24 hours']; Saturday: ['Open 24 hours']; Sunday: ['Open 24 hours']; Thursday: ['Open 24 hours']; Tuesday: ['Open 24 hours']; Wednesday: ['Open 24 hours'],yes,yes,1
ESTRADAS TIRE REPAIR semi truck tire mobile service,+1 915-642-8585,,"S May Ave, Oklahoma City, OK 73159",Oklahoma City,Oklahoma,73159,35.3872311,-97.5655717,5,20,Tire repair shop,Friday: ['Open 24 hours']; Monday: ['Open 24 hours']; Saturday: ['Open 24 hours']; Sunday: ['Open 24 hours']; Thursday: ['Open 24 hours']; Tuesday: ['Open 24 hours']; Wednesday: ['Open 24 hours'],yes,yes,1
"Elite Trailer Parts, Service and Repair",+1 405-745-5757,https://elitetrailers.com/parts-service/,"7636 SW 29th St, Oklahoma City, OK 73179",Oklahoma City,Oklahoma,73179,35.4343228,-97.6474287,4.2,5,Trailer repair shop,Friday: ['8AM-5PM']; Monday: ['8AM-5PM']; Saturday: ['Closed']; Sunday: ['Closed']; Thursday: ['8AM-5PM']; Tuesday: ['8AM-5PM']; Wednesday: ['8AM-5PM'],no,no,1
Finishline Automotive,+1 405-606-6556,https://www.finishlineautomotiveokc.com/,"4641 NW 10th St, Oklahoma City, OK 73127",Oklahoma City,Oklahoma,73127,35.4795783,-97.6054024,4.4,127,Auto repair shop,Friday: ['8AM-5PM']; Monday: ['8AM-5PM']; Saturday: ['8AM-2PM']; Sunday: ['Closed']; Thursday: ['8AM-5PM']; Tuesday: ['8AM-5PM']; Wednesday: ['8AM-5PM'],no,no,1
Flash auto repair,+1 405-730-6762,,"6303 1/2 N Meridian Ave, Oklahoma City, OK 73112",Oklahoma City,Oklahoma,73112,35.5359564,-97.6021986,4.9,102,Auto repair shop,Friday: ['9:30AM-6PM']; Monday: ['9:30AM-6PM']; Saturday: ['9:30AM-6PM']; Sunday: ['Closed']; Thursday: ['9:30AM-6PM']; Tuesday: ['9:30AM-6PM']; Wednesday: ['9:30AM-6PM'],no,no,1
Fleet Services,+1 405-232-0206,http://www.fleetservices1.com/,"2626 W Reno Ave, Oklahoma City, OK 73107",Oklahoma City,Oklahoma,73107,35.4636776,-97.5609316,4.5,11,Truck repair shop,Friday: ['7AM-5PM']; Monday: ['7AM-5PM']; Saturday: ['8PM-12AM']; Sunday: ['12AM-12PM']; Thursday: ['7AM-5PM']; Tuesday: ['7AM-5PM']; Wednesday: ['7AM-5PM'],no,no,1
FleetPride Service Center,+1 405-495-6100,https://branches.fleetpride.com/ok/oklahomacity/truckparts-oc2-sc.html,"9300 W Reno Ave, Oklahoma City, OK 73127",Oklahoma City,Oklahoma,73127,35.4636573,-97.6785354,4.3,21,Truck repair shop,Friday: ['8AM-5PM']; Monday: ['8AM-5PM']; Saturday: ['Closed']; Sunday: ['Closed']; Thursday: ['8AM-5PM']; Tuesday: ['8AM-5PM']; Wednesday: ['8AM-5PM'],no,no,1
FlexArmor Oklahoma,+1 904-236-9649,https://www.rvroof.com/,"3801 NE 104th St, Oklahoma City, OK 73131",Oklahoma City,Oklahoma,73131,35.5783712,-97.4492067,5,1,RV repair shop,Friday: ['Closed']; Monday: ['8AM-5PM']; Saturday: ['Closed']; Sunday: ['Closed']; Thursday: ['8AM-5PM']; Tuesday: ['8AM-5PM']; Wednesday: ['8AM-5PM'],no,no,1
Fun Town RV Oklahoma City,+1 855-996-5526,https://www.funtownrv.com/locations/oklahoma-city,"7601 S Shields Blvd, Oklahoma City, OK 73149",Oklahoma City,Oklahoma,73149,35.3904597,-97.507677,4.7,301,RV repair shop,Friday: ['9AM-7PM']; Monday: ['9AM-7PM']; Saturday: ['9AM-7PM']; Sunday: ['Closed']; Thursday: ['9AM-7PM']; Tuesday: ['9AM-7PM']; Wednesday: ['9AM-7PM'],no,no,1
GT Truck & Trailer Repair,+1 405-435-3755,,"605 N Tulsa Ave, Oklahoma City, OK 73107",Oklahoma City,Oklahoma,73107,35.4720973,-97.5924933,4.7,3,Truck repair shop,Friday: ['8AM-5PM']; Monday: ['8AM-5PM']; Saturday: ['8AM-3PM']; Sunday: ['Closed']; Thursday: ['8AM-5PM']; Tuesday: ['8AM-5PM']; Wednesday: ['8AM-5PM'],no,no,1
Gas n Gear Repair,+1 580-399-2557,http://gasngearrepair.com/,"1720 NW 1st St, Oklahoma City, OK 73106",Oklahoma City,Oklahoma,73106,35.4685541,-97.5444003,4.9,27,Truck repair shop,Friday: ['Open 24 hours']; Monday: ['Open 24 hours']; Saturday: ['Open 24 hours']; Sunday: ['Open 24 hours']; Thursday: ['Open 24 hours']; Tuesday: ['Open 24 hours']; Wednesday: ['Open 24 hours'],yes,no,1
Gill Express Truck/Trailer Repair,+1 405-819-9550,http://gillexpress.com/,"12200 Holland St, Oklahoma City, OK 73131",Oklahoma City,Oklahoma,73131,35.5940607,-97.4377421,4.2,207,Truck repair shop,Friday: ['8AM-7PM']; Monday: ['8AM-7PM']; Saturday: ['8AM-7PM']; Sunday: ['Closed']; Thursday: ['8AM-7PM']; Tuesday: ['8AM-7PM']; Wednesday: ['8AM-7PM'],no,no,1
HG Conversions Trailer And RV Repair And Service,+1 405-517-9899,,"5798-5600 Regina Ave, Oklahoma City, OK 73179",Oklahoma City,Oklahoma,73179,35.4096385,-97.6277047,5,1,Auto repair shop,Friday: ['8AM-6PM']; Monday: ['8AM-6PM']; Saturday: ['8AM-12PM']; Sunday: ['Closed']; Thursday: ['8AM-6PM']; Tuesday: ['8AM-6PM']; Wednesday: ['8AM-6PM'],no,no,1
Hardgrave Better Built Trailer,+1 405-240-4573,,"5213 NW okc, Oklahoma City, OK 73127",Oklahoma City,Oklahoma,73127,35.4791115,-97.6172094,4.7,28,Trailer repair shop,,no,no,1
Horn Automotive Inc,+1 405-470-2731,https://hornautomotiveokc.com/,"7409 NW 85th St, Oklahoma City, OK 73132",Oklahoma City,Oklahoma,73132,35.5579774,-97.6447028,4.8,185,Auto repair shop,Friday: ['9AM-3PM']; Monday: ['9AM-5PM']; Saturday: ['Closed']; Sunday: ['Closed']; Thursday: ['9AM-5PM']; Tuesday: ['9AM-5PM']; Wednesday: ['9AM-5PM'],no,no,1
Inland Truck Parts & Service,+1 405-682-1362,https://www.inlandtruck.com/locations/oklahoma/oklahoma-city-west/%3Futm_source%3Dlocal%26utm_medium%3Dorganic%26utm_campaign%3Dgmb%26utm_content%3Doklahoma_oklahoma_city_west,"4 S Morgan Rd, Oklahoma City, OK 73127",Oklahoma City,Oklahoma,73127,35.4666324,-97.6884404,4.6,147,Truck repair shop,Friday: ['7:30AM-5:30PM']; Monday: ['7:30AM-5:30PM']; Saturday: ['Closed']; Sunday: ['Closed']; Thursday: ['7:30AM-5:30PM']; Tuesday: ['7:30AM-5:30PM']; Wednesday: ['7:30AM-5:30PM'],no,no,1
Inland Truck Parts & Service,+1 405-799-1811,https://www.inlandtruck.com/locations/oklahoma/oklahoma-city-east/%3Futm_source%3Dlocal%26utm_medium%3Dorganic%26utm_campaign%3Dgmb%26utm_content%3Doklahoma_city_east,"3500 E Interstate 240 Service Rd, Oklahoma City, OK 73135",Oklahoma City,Oklahoma,73135,35.3903114,-97.4511573,4.8,56,Truck repair shop,Friday: ['7:30AM-5:30PM']; Monday: ['7:30AM-5:30PM']; Saturday: ['Closed']; Sunday: ['Closed']; Thursday: ['7:30AM-5:30PM']; Tuesday: ['7:30AM-5:30PM']; Wednesday: ['7:30AM-5:30PM'],no,no,1
Iron Goat Garage,+1 405-431-0408,https://irongoatgarage.com/,"3800 NW 39th St, Oklahoma City, OK 73112",Oklahoma City,Oklahoma,73112,35.5105667,-97.5849282,4.2,79,Auto repair shop,Friday: ['8AM-5PM']; Monday: ['8AM-6PM']; Saturday: ['Closed']; Sunday: ['Closed']; Thursday: ['8AM-6PM']; Tuesday: ['8AM-6PM']; Wednesday: ['8AM-6PM'],no,no,1
J & R Commercial Radiator Co,+1 405-631-4111,,"827 SE 26th St, Oklahoma City, OK 73129",Oklahoma City,Oklahoma,73129,35.4387447,-97.495501,4.7,27,Radiator repair service,Friday: ['8AM-5PM']; Monday: ['8AM-5PM']; Saturday: ['Closed']; Sunday: ['Closed']; Thursday: ['8AM-5PM']; Tuesday: ['8AM-5PM']; Wednesday: ['8AM-5PM'],no,no,1
J&B Mobile RV & Trailer Repair LLC,+1 830-499-6467,,"3801 NE 104th St Ste 108, Oklahoma City, OK 73131",Oklahoma City,Oklahoma,73131,35.5783712,-97.4492067,4.9,152,RV repair shop,Friday: ['Open 24 hours']; Monday: ['Open 24 hours']; Saturday: ['Open 24 hours']; Sunday: ['Open 24 hours']; Thursday: ['Open 24 hours']; Tuesday: ['Open 24 hours']; Wednesday: ['Open 24 hours'],yes,yes,1
J&D Truck Repair LLC,+1 405-219-7625,,"120 N Rockwell Ave d105, Oklahoma City, OK 73127",Oklahoma City,Oklahoma,73127,35.4680975,-97.6348696,,,Auto repair shop,Friday: ['8AM-5PM']; Monday: ['8AM-5PM']; Saturday: ['Closed']; Sunday: ['Closed']; Thursday: ['8:30AM-5PM']; Tuesday: ['8AM-5PM']; Wednesday: ['8AM-5PM'],no,no,1
Jackport Express Auto Repair LLC,+1 405-931-8094,https://jackportexpressautorepair.com/,"1627 S Missouri Ave, Oklahoma City, OK 73129",Oklahoma City,Oklahoma,73129,35.4485057,-97.4817444,4.4,99,Auto repair shop,Friday: ['Open 24 hours']; Monday: ['Open 24 hours']; Saturday: ['Open 24 hours']; Sunday: ['Open 24 hours']; Thursday: ['Open 24 hours']; Tuesday: ['Open 24 hours']; Wednesday: ['Open 24 hours'],yes,no,1
Jess' Diesel Repair Services,+1 405-635-0033,,"3605 S High Ave, Oklahoma City, OK 73129",Oklahoma City,Oklahoma,73129,35.4293921,-97.4951146,5,3,Diesel engine repair service,,no,no,1
KC Auto And Truck Repair LLC,+1 405-549-4449,,"1615 1/2 NE 23rd St, Oklahoma City, OK 73111",Oklahoma City,Oklahoma,73111,35.4940428,-97.5116106,,,Car repair and maintenance service,Friday: ['9AM-5PM']; Monday: ['9AM-5PM']; Saturday: ['Closed']; Sunday: ['Closed']; Thursday: ['9AM-5PM']; Tuesday: ['9AM-5PM']; Wednesday: ['9AM-5PM'],no,no,1
Kevins Mobile RV Repair LLC,+1 405-965-7511,,"6308 Saintsbury Ct, Oklahoma City, OK 73132",Oklahoma City,Oklahoma,73132,35.5624536,-97.6263901,5,50,RV repair shop,Friday: ['8:30AM-6PM']; Monday: ['8:30AM-6PM']; Saturday: ['8:30AM-6PM']; Sunday: ['8:30AM-5PM']; Thursday: ['8:30AM-6PM']; Tuesday: ['8:30AM-6PM']; Wednesday: ['8:30AM-6PM'],no,yes,1
Krishna Truck & Trailer Service Center,+1 405-435-1527,https://www.krishnatruckandtrailer.com/,"317 S Morgan Rd, Oklahoma City, OK 73128",Oklahoma City,Oklahoma,73128,35.462777,-97.690506,4.6,342,Truck repair shop,Friday: ['7AM-10PM']; Monday: ['7AM-10PM']; Saturday: ['7AM-10PM']; Sunday: ['8AM-7PM']; Thursday: ['7AM-10PM']; Tuesday: ['7AM-10PM']; Wednesday: ['7AM-10PM'],no,no,2
Kwl diesel & equipment repair,+1 405-655-6790,https://pcmkww-0e.myshopify.com/,"128 W I-240 Service Road Ste 1112, Oklahoma City, OK 73139",Oklahoma City,Oklahoma,73139,35.3911648,-97.5155706,4.6,50,Mechanic,Friday: ['8AM-5PM']; Monday: ['8AM-5PM']; Saturday: ['9AM-5PM']; Sunday: ['9AM-5PM']; Thursday: ['8AM-5PM']; Tuesday: ['8AM-5PM']; Wednesday: ['8AM-5PM'],no,no,1
L H & D,+1 405-229-4568,http://www.lhdtruckrepair.com/p/blog-page.html,"2953 NE 23rd St, Oklahoma City, OK 73121",Oklahoma City,Oklahoma,73121,35.4936001,-97.4545274,4.4,14,Truck repair shop,Friday: ['8AM-8PM']; Monday: ['8AM-8PM']; Saturday: ['Closed']; Sunday: ['Closed']; Thursday: ['8AM-8PM']; Tuesday: ['8AM-8PM']; Wednesday: ['8AM-8PM'],no,no,1
M&D - Oklahoma City,+1 405-943-8536,,"5700 SW 5th St, Oklahoma City, OK 73128",Oklahoma City,Oklahoma,73128,35.4585747,-97.6157425,4.4,38,Diesel engine repair service,Friday: ['8AM-5PM']; Monday: ['8AM-5PM']; Saturday: ['Closed']; Sunday: ['Closed']; Thursday: ['8AM-5PM']; Tuesday: ['8AM-5PM']; Wednesday: ['8AM-5PM'],no,no,1
M&D - Oklahoma City Turbo Shop,+1 405-787-1670,,"128 N Falcon Dr, Oklahoma City, OK 73127",Oklahoma City,Oklahoma,73127,35.465348,-97.6605848,4.8,16,Auto parts store,Friday: ['8AM-5PM']; Monday: ['8AM-5PM']; Saturday: ['Closed']; Sunday: ['Closed']; Thursday: ['8AM-5PM']; Tuesday: ['8AM-5PM']; Wednesday: ['8AM-5PM'],no,no,1
MDP Mobile Mechanic,+1 405-413-0990,,"9508 Maybrook Dr, Oklahoma City, OK 73159",Oklahoma City,Oklahoma,73159,35.3723941,-97.5674033,3.7,32,Auto repair shop,Friday: ['7AM-7PM']; Monday: ['7AM-7PM']; Saturday: ['7AM-7PM']; Sunday: ['7AM-7PM']; Thursday: ['7AM-7PM']; Tuesday: ['7AM-7PM']; Wednesday: ['7AM-7PM'],no,yes,1
MTS Mobile Truck Repair Services OK,+1 405-237-8323,https://mobiletrucksrepair.com/,"4600 N Cooper Ave #2, Oklahoma City, OK 73118",Oklahoma City,Oklahoma,73118,35.5182475,-97.5138891,5,1,Truck rental agency,Friday: ['Open 24 hours']; Monday: ['Open 24 hours']; Saturday: ['Open 24 hours']; Sunday: ['Open 24 hours']; Thursday: ['Open 24 hours']; Tuesday: ['Open 24 hours']; Wednesday: ['Open 24 hours'],yes,yes,1
Martin diesel Mechanic,+1 405-822-5573,,"1907 SW 14th St, Oklahoma City, OK 73108",Oklahoma City,Oklahoma,73108,35.4509348,-97.548474,4,4,Diesel engine repair service,,no,no,1
McClain’s RV Superstore,+1 405-847-0749,http://www.mcclainsrv.com/,"7110 W Reno Ave, Oklahoma City, OK 73127",Oklahoma City,Oklahoma,73127,35.4639641,-97.6383599,4.6,1869,RV repair shop,Friday: ['9AM-7PM']; Monday: ['9AM-7PM']; Saturday: ['9AM-5PM']; Sunday: ['Closed']; Thursday: ['9AM-7PM']; Tuesday: ['9AM-7PM']; Wednesday: ['9AM-7PM'],no,no,1
McClain’s RV Superstore Service and Parts,+1 405-849-1085,https://www.mcclainsrv.com/service,"7110 W Reno Ave, Oklahoma City, OK 73127",Oklahoma City,Oklahoma,73127,35.4639768,-97.6383134,4.6,11,RV repair shop,Friday: ['8AM-6PM']; Monday: ['8AM-6PM']; Saturday: ['9AM-1PM']; Sunday: ['Closed']; Thursday: ['8AM-6PM']; Tuesday: ['8AM-6PM']; Wednesday: ['8AM-6PM'],no,no,1
Metro Mobile RV. LLC,+1 405-474-8642,http://www.metromobilerv.com/,"1719 W Palm Pl, Oklahoma City, OK 73128",Oklahoma City,Oklahoma,73128,35.4480919,-97.6855232,4.9,44,RV repair shop,Friday: ['9AM-5PM']; Monday: ['9AM-5PM']; Saturday: ['Closed']; Sunday: ['Closed']; Thursday: ['9AM-5PM']; Tuesday: ['9AM-5PM']; Wednesday: ['9AM-5PM'],no,yes,1
Mike's Machine Shop,+1 405-631-7305,,"5904 S Ivanhoe St, Oklahoma City, OK 73129",Oklahoma City,Oklahoma,73129,35.4070265,-97.4956773,4.3,120,Auto machine shop,Friday: ['8AM-5PM']; Monday: ['8AM-5PM']; Saturday: ['Closed']; Sunday: ['Closed']; Thursday: ['8AM-5PM']; Tuesday: ['8AM-5PM']; Wednesday: ['8AM-5PM'],no,no,1
Mob Oil - Mobile Automotive in OKC,+1 817-896-6376,http://www.moboilokc.com/,"1105 SW 128th St, Oklahoma City, OK 73170",Oklahoma City,Oklahoma,73170,35.3399286,-97.5350652,5,18,Auto repair shop,Friday: ['8AM-8PM']; Monday: ['8AM-8PM']; Saturday: ['10AM-8PM']; Sunday: ['Closed']; Thursday: ['8AM-8PM']; Tuesday: ['8AM-8PM']; Wednesday: ['8AM-8PM'],no,yes,1
Mobile Auto Repair Pros of Oklahoma City,+1 405-458-8927,https://mobileautorepairpros.com/ok/mobile-mechanic-oklahoma-city/,"10400 S Western Ave, Oklahoma City, OK 73139",Oklahoma City,Oklahoma,73139,35.3643234,-97.5286152,,,Auto repair shop,Friday: ['7AM-8PM']; Monday: ['7AM-8PM']; Saturday: ['7AM-8PM']; Sunday: ['7AM-8PM']; Thursday: ['7AM-8PM']; Tuesday: ['7AM-8PM']; Wednesday: ['7AM-8PM'],no,yes,1
Mobile RV Repair of OKC,+1 405-719-2703,https://www.okcmobilervrepair.com/,"811 Ketch St, Oklahoma City, OK 73107",Oklahoma City,Oklahoma,73107,35.4743154,-97.5905451,4.6,11,RV repair shop,Friday: ['Open 24 hours']; Monday: ['Open 24 hours']; Saturday: ['Open 24 hours']; Sunday: ['Open 24 hours']; Thursday: ['Open 24 hours']; Tuesday: ['Open 24 hours']; Wednesday: ['Open 24 hours'],yes,yes,1
Mobilemart - Oklahoma City,+1 405-631-2222,https://www.mobilemartofokc.com/,"8001 S Shields Blvd, Oklahoma City, OK 73149",Oklahoma City,Oklahoma,73149,35.387741,-97.5056727,4.4,67,RV supply store,Friday: ['8AM-5PM']; Monday: ['8AM-5PM']; Saturday: ['8AM-12PM']; Sunday: ['Closed']; Thursday: ['8AM-5PM']; Tuesday: ['8AM-5PM']; Wednesday: ['8AM-5PM'],no,yes,1
Monarch Power Supply,+1 405-655-5732,https://www.monarchpowersupply.com/,"4253 Will Rogers Pkwy, Oklahoma City, OK 73108",Oklahoma City,Oklahoma,73108,35.452668,-97.5950322,5,5,Diesel engine repair service,Friday: ['8AM-5PM']; Monday: ['8AM-5PM']; Saturday: ['Closed']; Sunday: ['Closed']; Thursday: ['8AM-5PM']; Tuesday: ['8AM-5PM']; Wednesday: ['8AM-5PM'],no,no,1
Motley RV Repair,+1 405-789-4848,http://www.motleyrvrepair.com/,"8300 W Reno Ave, Oklahoma City, OK 73127",Oklahoma City,Oklahoma,73127,35.463691,-97.660391,4,60,RV repair shop,Friday: ['8AM-5PM']; Monday: ['8AM-5PM']; Saturday: ['Closed']; Sunday: ['Closed']; Thursday: ['8AM-6PM']; Tuesday: ['8AM-6PM']; Wednesday: ['8AM-6PM'],no,no,1
Nationwide Trailers - Oklahoma City,+1 405-876-5954,https://nationwidetrailers.com/inventory/oklahoma-city/%3Futm_source%3Dgoogle%26utm_medium%3Dorganic%26utm_campaign%3Dgmb,"335 Mulholland Way, Oklahoma City, OK 73128",Oklahoma City,Oklahoma,73128,35.4618723,-97.6842433,4.7,119,Trailer dealer,Friday: ['8AM-5PM']; Monday: ['8AM-5PM']; Saturday: ['8AM-12PM']; Sunday: ['Closed']; Thursday: ['8AM-5PM']; Tuesday: ['8AM-5PM']; Wednesday: ['8AM-5PM'],no,no,1
New Age Diesel,+1 405-476-5059,,"8225 SW 23rd Pl, Oklahoma City, OK 73128",Oklahoma City,Oklahoma,73128,35.4415245,-97.6580394,4.6,25,Diesel engine repair service,Friday: ['8AM-5PM']; Monday: ['8AM-5PM']; Saturday: ['Closed']; Sunday: ['Closed']; Thursday: ['8AM-5PM']; Tuesday: ['8AM-5PM']; Wednesday: ['8AM-5PM'],no,no,1
OKC Fleet Services,+1 405-876-7003,https://www.okcfleetservices.com/,"3712 NE 104th St Ste 300, Oklahoma City, OK 73131",Oklahoma City,Oklahoma,73131,35.5765961,-97.4495546,4.9,67,Truck repair shop,Friday: ['8AM-5PM']; Monday: ['8AM-5PM']; Saturday: ['Closed']; Sunday: ['Closed']; Thursday: ['8AM-5PM']; Tuesday: ['8AM-5PM']; Wednesday: ['8AM-5PM'],no,no,1
OKC SEMI TRUCK REPAIR LLC,+1 405-724-9921,,"1225 SE 29th St, Oklahoma City, OK 73129",Oklahoma City,Oklahoma,73129,35.4357892,-97.4895872,5,1,Truck repair shop,Friday: ['8AM-5PM']; Monday: ['8AM-5PM']; Saturday: ['Closed']; Sunday: ['Closed']; Thursday: ['8AM-5PM']; Tuesday: ['8AM-5PM']; Wednesday: ['8AM-5PM'],no,no,1
Oil Field Ignition Parts Co,+1 405-235-1579,,"200 N Classen Blvd, Oklahoma City, OK 73106",Oklahoma City,Oklahoma,73106,35.469948,-97.5287051,5,20,Auto parts store,Friday: ['Closed']; Monday: ['8AM-5PM']; Saturday: ['Closed']; Sunday: ['Closed']; Thursday: ['8AM-5PM']; Tuesday: ['8AM-5PM']; Wednesday: ['8AM-5PM'],no,no,1
Oklahoma Mobile Semi Repair,+1 405-201-7011,,"1000 S Agnew Ave, Oklahoma City, OK 73108",Oklahoma City,Oklahoma,73108,35.4556669,-97.5542338,4.8,43,Truck repair shop,Friday: ['Open 24 hours']; Monday: ['Open 24 hours']; Saturday: ['Open 24 hours']; Sunday: ['Open 24 hours']; Thursday: ['Open 24 hours']; Tuesday: ['Open 24 hours']; Wednesday: ['Open 24 hours'],yes,yes,1
Oklahoma Truck N Trailer,+1 405-495-8900,https://usavendory.top/details/oklahoma-truck-n-trailer-ChIJJUn,"8316 W Interstate 40 Service Rd, Oklahoma City, OK 73128",Oklahoma City,Oklahoma,73128,35.459391,-97.6603521,,,Truck repair shop,,no,no,1
"On The Spot: RV Roof Repair, Leaks, & More",+1 405-323-7526,http://onthespotrvroofrepairsales.com/,"813 SE 88th St Bldg #5 & #6, Oklahoma City, OK 73149",Oklahoma City,Oklahoma,73149,35.3792024,-97.4970442,5,1,RV repair shop,Friday: ['9AM-7PM']; Monday: ['9AM-7PM']; Saturday: ['Closed']; Sunday: ['Closed']; Thursday: ['9AM-7PM']; Tuesday: ['9AM-7PM']; Wednesday: ['9AM-7PM'],no,no,1
P&M Truck Repair and Wash,+1 405-551-3320,https://pandmtruckservice.com/,"1901 E Reno Ave, Oklahoma City, OK 73117",Oklahoma City,Oklahoma,73117,35.4661413,-97.4792817,4.5,281,Truck repair shop,Friday: ['Open 24 hours']; Monday: ['Open 24 hours']; Saturday: ['Open 24 hours']; Sunday: ['Open 24 hours']; Thursday: ['Open 24 hours']; Tuesday: ['Open 24 hours']; Wednesday: ['Open 24 hours'],yes,no,1
PRO RV TECHS,+1 405-482-2383,http://prorvtechs.com/,"Park located, 8108 SW 8th St, Oklahoma City, OK 73128",Oklahoma City,Oklahoma,73128,35.4565368,-97.6556375,5,7,Repair service,Friday: ['Open 24 hours']; Monday: ['Open 24 hours']; Saturday: ['Open 24 hours']; Sunday: ['Open 24 hours']; Thursday: ['Open 24 hours']; Tuesday: ['Open 24 hours']; Wednesday: ['Open 24 hours'],yes,no,1
PRONOSS,+1 405-235-3573,http://pronoss.com/,"5200 W I 40 Service Rd, Oklahoma City, OK 73128",Oklahoma City,Oklahoma,73128,35.4588958,-97.6106593,4.9,63,Truck repair shop,Friday: ['8AM-5PM']; Monday: ['8AM-5PM']; Saturday: ['Closed']; Sunday: ['Closed']; Thursday: ['8AM-5PM']; Tuesday: ['8AM-5PM']; Wednesday: ['8AM-5PM'],no,no,1
Perfection Truck Parts & Equipment,+1 405-947-6603,https://www.perfectionequipment.com/%3Futm_source%3Dgoogle%26utm_medium%3Dorganic%26utm_campaign%3Dgmb-perfection,"5100 W Reno Ave, Oklahoma City, OK 73127",Oklahoma City,Oklahoma,73127,35.4638705,-97.609546,4.3,114,Truck parts supplier,Friday: ['7:30AM-5:30PM']; Monday: ['7:30AM-5:30PM']; Saturday: ['8AM-12PM']; Sunday: ['Closed']; Thursday: ['7:30AM-5:30PM']; Tuesday: ['7:30AM-5:30PM']; Wednesday: ['7:30AM-5:30PM'],no,no,1
Pierce Automotive,+1 405-632-0122,,"8901 Gateway Terrace, Oklahoma City, OK 73149",Oklahoma City,Oklahoma,73149,35.3781917,-97.4972308,4.7,171,Auto repair shop,Friday: ['8AM-5PM']; Monday: ['8AM-5PM']; Saturday: ['Closed']; Sunday: ['Closed']; Thursday: ['8AM-5PM']; Tuesday: ['8AM-5PM']; Wednesday: ['8AM-5PM'],no,no,1
Price Mobile RV Services,+1 405-328-9765,,"6217 Gaelic Glen Dr, Oklahoma City, OK 73142",Oklahoma City,Oklahoma,73142,35.5981288,-97.625332,4.4,14,RV repair shop,Friday: ['9AM-6PM']; Monday: ['9AM-6PM']; Saturday: ['Closed']; Sunday: ['Closed']; Thursday: ['9AM-6PM']; Tuesday: ['9AM-6PM']; Wednesday: ['9AM-6PM'],no,yes,1
Punjabi truck repair shop,+91 86997 25103,,"10220 W Reno Ave #200, Oklahoma City, OK 73127",Oklahoma City,Oklahoma,73127,35.460756,-97.6973632,5,1,Truck repair shop,Friday: ['Open 24 hours']; Monday: ['Open 24 hours']; Saturday: ['Open 24 hours']; Sunday: ['Open 24 hours']; Thursday: ['Open 24 hours']; Tuesday: ['Open 24 hours']; Wednesday: ['Open 24 hours'],yes,no,1
R&D Truck And Trailer Repair Inc,+1 405-819-8036,https://dhilliontruckrepair.com/,"5317 SW 11th St, Oklahoma City, OK 73128",Oklahoma City,Oklahoma,73128,35.4546229,-97.6118113,4.4,138,Truck repair shop,Friday: ['8AM-7PM']; Monday: ['8AM-7PM']; Saturday: ['9AM-5PM']; Sunday: ['Closed']; Thursday: ['8AM-7PM']; Tuesday: ['8AM-7PM']; Wednesday: ['8AM-7PM'],no,no,1
RAPID TRUCK & TRAILER MOBILE REPAIR LLC,+1 405-669-1678,,"5725 S High Ave, Oklahoma City, OK 73129",Oklahoma City,Oklahoma,73129,35.4085208,-97.495893,4.8,170,Truck repair shop,Friday: ['Open 24 hours']; Monday: ['Open 24 hours']; Saturday: ['Open 24 hours']; Sunday: ['Open 24 hours']; Thursday: ['Open 24 hours']; Tuesday: ['Open 24 hours']; Wednesday: ['Open 24 hours'],yes,yes,1
RV Roof & Repair Oklahoma,+1 405-241-2539,https://www.rvroofok.com/,"3801 NE 104th St Ste 401, Oklahoma City, OK 73131",Oklahoma City,Oklahoma,73131,35.5774385,-97.4502642,5,46,RV repair shop,Friday: ['8AM-5PM']; Monday: ['8AM-5PM']; Saturday: ['Closed']; Sunday: ['Closed']; Thursday: ['8AM-5PM']; Tuesday: ['8AM-5PM']; Wednesday: ['8AM-5PM'],no,no,1
RV Service Center,+1 405-789-4279,,"300 S Anita Dr, Oklahoma City, OK 73128",Oklahoma City,Oklahoma,73128,35.4627007,-97.6413466,,,RV repair shop,,no,no,1
RV Transport LLC,+1 405-409-4084,https://www.rvtransportllc.com/,"Oklahoma City, OK 73102",Oklahoma City,Oklahoma,73102,35.4675602,-97.5164276,4.7,13,Transportation service,Friday: ['Open 24 hours']; Monday: ['Open 24 hours']; Saturday: ['Open 24 hours']; Sunday: ['Open 24 hours']; Thursday: ['Open 24 hours']; Tuesday: ['Open 24 hours']; Wednesday: ['Open 24 hours'],yes,no,1
Ranic Mobile Auto,+1 210-846-7205,,"7613 Embassy Terrace, Oklahoma City, OK 73169",Oklahoma City,Oklahoma,73169,35.3884784,-97.6665627,5,9,Auto repair shop,Friday: ['Open 24 hours']; Monday: ['Open 24 hours']; Saturday: ['Open 24 hours']; Sunday: ['Open 24 hours']; Thursday: ['Open 24 hours']; Tuesday: ['Open 24 hours']; Wednesday: ['Open 24 hours'],yes,yes,1
Ready Motors Auto Repair,+1 405-724-7771,https://ready-motors.com/,"3216 N May Ave, Oklahoma City, OK 73112",Oklahoma City,Oklahoma,73112,35.5028486,-97.5650695,4.8,36,Car repair and maintenance service,Friday: ['7AM-7PM']; Monday: ['7AM-7PM']; Saturday: ['7AM-6PM']; Sunday: ['Closed']; Thursday: ['7AM-7PM']; Tuesday: ['7AM-7PM']; Wednesday: ['7AM-7PM'],no,no,1
Roadrunner Mobile Mechanic,+1 405-740-1703,,"3825 N Hartford St, Oklahoma City, OK 73112",Oklahoma City,Oklahoma,73112,35.5099818,-97.5692614,4.6,9,Mechanic,Friday: ['9AM-2PM']; Monday: ['9AM-7PM']; Saturday: ['Closed']; Sunday: ['10AM-4PM']; Thursday: ['9AM-7PM']; Tuesday: ['9AM-7PM']; Wednesday: ['9AM-7PM'],no,yes,1
Ron Hoover RV & Marine of Oklahoma City,+1 405-232-1800,https://www.ronhooverrvs.com/rv-dealer-oklahoma-city-lewis-rv-center,"1600 E Reno Ave, Oklahoma City, OK 73117",Oklahoma City,Oklahoma,73117,35.463481,-97.482781,4.5,676,RV repair shop,Friday: ['9AM-6PM']; Monday: ['9AM-6PM']; Saturday: ['9AM-5PM']; Sunday: ['Closed']; Thursday: ['9AM-6PM']; Tuesday: ['9AM-6PM']; Wednesday: ['9AM-6PM'],no,no,1
Rush Truck Centers - Oklahoma City Service,+1 405-782-3500,https://www.rushtruckcenters.com/locations/13020000-oklahoma-city%3Futm_source%3Dgoogle%26utm_medium%3Dorganic%26utm_campaign%3Dgmb-oklahoma-city-service,"8700 W Interstate 40 Service Rd, Oklahoma City, OK 73128",Oklahoma City,Oklahoma,73128,35.458064,-97.666765,4.3,6,Truck repair shop,Friday: ['7AM-12AM']; Monday: ['7AM-12AM']; Saturday: ['7AM-7PM']; Sunday: ['7AM-7PM']; Thursday: ['7AM-12AM']; Tuesday: ['7AM-12AM']; Wednesday: ['7AM-12AM'],no,no,1
Shepherd Automotive,+1 405-843-8500,https://www.shepherdautomotive.com/,"7210 Broadway Ext Suite 101, Oklahoma City, OK 73116",Oklahoma City,Oklahoma,73116,35.5449761,-97.5132757,4.7,419,Auto repair shop,Friday: ['8AM-5:30PM']; Monday: ['8AM-5:30PM']; Saturday: ['Closed']; Sunday: ['Closed']; Thursday: ['8AM-5:30PM']; Tuesday: ['8AM-5:30PM']; Wednesday: ['8AM-5:30PM'],no,no,1
Silverado Road Service Diesel & RV Repair Shop,+1 405-830-8792,https://www.silveradoroadservice.com/,"6710 S Eastern Ave, Oklahoma City, OK 73149",Oklahoma City,Oklahoma,73149,35.3977915,-97.4760921,3.1,98,Truck repair shop,Friday: ['8AM-5PM']; Monday: ['8AM-5PM']; Saturday: ['8AM-5PM']; Sunday: ['8AM-5PM']; Thursday: ['8AM-5PM']; Tuesday: ['8AM-5PM']; Wednesday: ['8AM-5PM'],no,no,1
Singh Truck & Trailer repair,+1 559-912-3131,,"1617 S Agnew Ave, Oklahoma City, OK 73108",Oklahoma City,Oklahoma,73108,35.448761,-97.5551076,4.9,35,Repair service,Friday: ['8AM-7PM']; Monday: ['8AM-7PM']; Saturday: ['8AM-7PM']; Sunday: ['8AM-6PM']; Thursday: ['8AM-7PM']; Tuesday: ['8AM-7PM']; Wednesday: ['8AM-7PM'],no,no,1
Southwest Trailers & Equip LLC,+1 405-943-9851,http://www.swtrailer.com/,"10400 W Reno Ave, Oklahoma City, OK 73127",Oklahoma City,Oklahoma,73127,35.4638389,-97.7041634,4.3,99,General contractor,,no,no,1
Steve Marks RV,+1 580-230-1583,https://rvrepairshopok.com/,"1001 N Rockwell Ave, Oklahoma City, OK 73127",Oklahoma City,Oklahoma,73127,35.4771636,-97.6371812,4.5,22,RV repair shop,Friday: ['8AM-6PM']; Monday: ['8AM-6PM']; Saturday: ['8AM-6PM']; Sunday: ['Closed']; Thursday: ['8AM-6PM']; Tuesday: ['8AM-6PM']; Wednesday: ['8AM-6PM'],no,no,1
Superior Trailer Sales Body,+1 405-619-9292,,"215 Bryant Pl, Oklahoma City, OK 73115",Oklahoma City,Oklahoma,73115,35.4633896,-97.4587438,4.7,11,Trailer dealer,Friday: ['7AM-5PM']; Monday: ['7AM-5PM']; Saturday: ['Closed']; Sunday: ['Closed']; Thursday: ['7AM-5PM']; Tuesday: ['7AM-5PM']; Wednesday: ['7AM-5PM'],no,no,1
T6 South Mobile RV Repair,+1 405-698-0486,http://t6rv.com/,"1225 SW 126th St, Oklahoma City, OK 73170",Oklahoma City,Oklahoma,73170,35.3413751,-97.5376142,5,2,RV repair shop,Friday: ['8AM-5PM']; Monday: ['8AM-8PM']; Saturday: ['Closed']; Sunday: ['8AM-8PM']; Thursday: ['8AM-8PM']; Tuesday: ['8AM-8PM']; Wednesday: ['8AM-8PM'],no,yes,1
TA Truck Service,+1 405-563-9705,https://www.ta-petro.com/,"801 S Council Rd, Oklahoma City, OK 73128",Oklahoma City,Oklahoma,73128,35.4579604,-97.6556249,3.8,1465,Truck repair shop,Friday: ['Open 24 hours']; Monday: ['Open 24 hours']; Saturday: ['Open 24 hours']; Sunday: ['Open 24 hours']; Thursday: ['Open 24 hours']; Tuesday: ['Open 24 hours']; Wednesday: ['Open 24 hours'],yes,no,1
TA Truck Service,+1 405-228-7060,https://www.ta-petro.com/,"20 S Martin Luther King Ave, Oklahoma City, OK 73117",Oklahoma City,Oklahoma,73117,35.4661275,-97.4755833,3.9,272,Truck repair shop,Friday: ['Open 24 hours']; Monday: ['Open 24 hours']; Saturday: ['Open 24 hours']; Sunday: ['Open 24 hours']; Thursday: ['Open 24 hours']; Tuesday: ['Open 24 hours']; Wednesday: ['Open 24 hours'],yes,no,1
TA Truck Service,+1 405-493-8532,https://www.ta-petro.com/,"501 S Morgan Rd, Oklahoma City, OK 73128",Oklahoma City,Oklahoma,73128,35.4616235,-97.6905503,4,59,Truck repair shop,Friday: ['6AM-11PM']; Monday: ['6AM-11PM']; Saturday: ['6AM-11PM']; Sunday: ['6AM-11PM']; Thursday: ['6AM-11PM']; Tuesday: ['6AM-11PM']; Wednesday: ['6AM-11PM'],no,no,1
TNR Automotive.,+1 405-601-2200,http://tnrautomotive.net/,"1617 S Agnew Ave, Oklahoma City, OK 73108",Oklahoma City,Oklahoma,73108,35.4487935,-97.5549946,3.7,63,Auto repair shop,Friday: ['9AM-6PM']; Monday: ['9AM-6PM']; Saturday: ['10AM-6PM']; Sunday: ['Closed']; Thursday: ['9AM-6PM']; Tuesday: ['9AM-6PM']; Wednesday: ['9AM-6PM'],no,no,1
TRC Truck Repair Center - Oklahoma City,+1 405-850-0022,https://reedtruckandtrailerrepair.com/%3Futm_source%3Domg-gbp%26utm_medium%3Dwebclick,"8321 SW 8th St, Oklahoma City, OK 73128",Oklahoma City,Oklahoma,73128,35.4572581,-97.6604773,4.8,42,Truck repair shop,Friday: ['7AM-5PM']; Monday: ['7AM-5PM']; Saturday: ['7AM-5PM']; Sunday: ['Closed']; Thursday: ['7AM-5PM']; Tuesday: ['7AM-5PM']; Wednesday: ['7AM-5PM'],no,no,1
Total Equipment Repair,+1 405-501-7945,,"7636 NW 3rd St, Oklahoma City, OK 73127",Oklahoma City,Oklahoma,73127,35.4698002,-97.6470755,5,2,Diesel engine repair service,Friday: ['7AM-5PM']; Monday: ['7AM-5PM']; Saturday: ['Closed']; Sunday: ['Closed']; Thursday: ['7AM-5PM']; Tuesday: ['7AM-5PM']; Wednesday: ['7AM-5PM'],no,no,1
TrailersPlus,+1 405-353-6231,https://www.trailersplus.com/Oklahoma/Oklahoma_City/inventory/%3Futm_source%3Dgoogle%26utm_medium%3Dorganic%26utm_campaign%3Dgbp%26y_source%3D1_OTY0OTc0OC03MTUtbG9jYXRpb24ud2Vic2l0ZQ%253D%253D,"2600 N Broadway Ave, Oklahoma City, OK 73160",Oklahoma City,Oklahoma,73160,35.3619485,-97.4936062,4.8,360,Trailer repair shop,"Friday: ['9AM-12:30PM', '1:30-5:30PM']; Monday: ['Closed']; Saturday: ['9AM-12:30PM', '1:30-5:30PM']; Sunday: ['Closed']; Thursday: ['9AM-12:30PM', '1:30-5:30PM']; Tuesday: ['9AM-12:30PM', '1:30-5:30PM']; Wednesday: ['9AM-12:30PM', '1:30-5:30PM']",no,no,1
"Truck Doctor, Inc Mobile Truck Repair",+1 405-451-1184,https://www.truckrepairdoctor.com/%3Futm_campaign%3D*SMI%2520-%2520GBP%2520-%2520TT%2520Doctor,"8316 W Interstate 40 Service Rd, Oklahoma City, OK 73128",Oklahoma City,Oklahoma,73128,35.4593669,-97.6603716,3.6,272,Truck repair shop,Friday: ['Open 24 hours']; Monday: ['Open 24 hours']; Saturday: ['Open 24 hours']; Sunday: ['Open 24 hours']; Thursday: ['Open 24 hours']; Tuesday: ['Open 24 hours']; Wednesday: ['Open 24 hours'],yes,yes,1
Truck Medic,+1 405-464-3099,http://www.truckmedic.co/,"9920 W Reno Ave, Oklahoma City, OK 73127",Oklahoma City,Oklahoma,73127,35.4637046,-97.6924117,4.2,154,Truck repair shop,Friday: ['Open 24 hours']; Monday: ['Open 24 hours']; Saturday: ['Open 24 hours']; Sunday: ['Open 24 hours']; Thursday: ['Open 24 hours']; Tuesday: ['Open 24 hours']; Wednesday: ['Open 24 hours'],yes,no,1
Truck-N-Trailer Truck Repair Shop,+1 405-912-5800,https://oktruckrepair.com/,"6560 SE 74th St Unit B, Oklahoma City, OK 73135",Oklahoma City,Oklahoma,73135,35.3899476,-97.4108665,4.3,13,Truck repair shop,Friday: ['7:30AM-5:30PM']; Monday: ['7:30AM-5:30PM']; Saturday: ['Closed']; Sunday: ['Closed']; Thursday: ['7:30AM-5:30PM']; Tuesday: ['7:30AM-5:30PM']; Wednesday: ['7:30AM-5:30PM'],no,no,1
Turbo Diesel of Oklahoma,+1 405-495-5656,http://turbodieselok.com/,"8628 W Reno Ave, Oklahoma City, OK 73127",Oklahoma City,Oklahoma,73127,35.4638393,-97.6661736,4.8,31,Truck parts supplier,Friday: ['8AM-5PM']; Monday: ['8AM-5PM']; Saturday: ['Closed']; Sunday: ['Closed']; Thursday: ['8AM-5PM']; Tuesday: ['8AM-5PM']; Wednesday: ['8AM-5PM'],no,no,1
"United Engines | Oklahoma City, OK",+1 405-947-3321,http://www.unitedholdingscorp.com/,"5555 W Reno Ave, Oklahoma City, OK 73127",Oklahoma City,Oklahoma,73127,35.464961,-97.614358,4.2,110,Truck repair shop,Friday: ['7AM-5PM']; Monday: ['7AM-5PM']; Saturday: ['Closed']; Sunday: ['Closed']; Thursday: ['7AM-5PM']; Tuesday: ['7AM-5PM']; Wednesday: ['7AM-5PM'],no,no,1
Warren CAT Power Systems,+1 405-945-3464,https://www.warrencat.com/g/okc_rental_power/,"4 N Ann Arbor Ave, Oklahoma City, OK 73127",Oklahoma City,Oklahoma,73127,35.4665756,-97.608099,4.4,27,Diesel engine repair service,Friday: ['7:30AM-5:30PM']; Monday: ['7:30AM-5:30PM']; Saturday: ['Closed']; Sunday: ['Closed']; Thursday: ['7:30AM-5:30PM']; Tuesday: ['7:30AM-5:30PM']; Wednesday: ['7:30AM-5:30PM'],no,no,1
Crappie Creek Mobile Maintenance,+1 918-777-8020,https://www.crappiecreekmobilemaintenance.com/,"18934 Dripping Springs Rd, Okmulgee, OK 74447",Okmulgee,Oklahoma,74447,35.581612,-96.090242,5,2,RV repair shop,Friday: ['8AM-5PM']; Monday: ['8AM-5PM']; Saturday: ['8AM-12PM']; Sunday: ['Closed']; Thursday: ['8AM-5:30AM']; Tuesday: ['8AM-5PM']; Wednesday: ['8AM-5PM'],no,yes,1
The RV Guys LLC,,,"111 mobile st, Okmulgee, OK 74447",Okmulgee,Oklahoma,74447,35.6266957,-95.9515399,,,RV repair shop,Friday: ['Open 24 hours']; Monday: ['Open 24 hours']; Saturday: ['Open 24 hours']; Sunday: ['Open 24 hours']; Thursday: ['Open 24 hours']; Tuesday: ['Open 24 hours']; Wednesday: ['Open 24 hours'],yes,no,1
Green Country RV Doctor,+1 918-704-8329,https://sites.google.com/greencountryrvdoctor.net/green-country-rv-doctor/home,"14193 US-169, Oologah, OK 74053",Oologah,Oklahoma,74053,36.4049649,-95.7615213,4.9,45,RV repair shop,Friday: ['8AM-5PM']; Monday: ['8AM-5PM']; Saturday: ['10AM-2PM']; Sunday: ['Closed']; Thursday: ['8AM-5PM']; Tuesday: ['8AM-5PM']; Wednesday: ['8AM-5PM'],no,no,1
American Rv Specialties INC.,+1 479-434-4990,https://rvrepairdirect.com/directory/american-rv-specialties/,"101 JRT Dr, Pocola, OK 74902",Pocola,Oklahoma,74902,35.3025893,-94.443654,4.7,57,RV repair shop,"Friday: ['8AM-12PM', '1:30-5PM']; Monday: ['8AM-12PM', '1:30-5PM']; Saturday: ['Closed']; Sunday: ['Closed']; Thursday: ['8AM-12PM', '1:30-5PM']; Tuesday: ['8AM-12PM', '1:30-5PM']; Wednesday: ['8AM-12PM', '1:30-5PM']",no,no,1
Camping World RV Service - Poteau,+1 877-886-6503,https://rv.campingworld.com/dealer/poteau-oklahoma/rv-service-repair,"34203 US-59, Poteau, OK 74953",Poteau,Oklahoma,74953,35.0260619,-94.6480263,5,1,RV repair shop,Friday: ['9AM-6PM']; Monday: ['9AM-6PM']; Saturday: ['9AM-6PM']; Sunday: ['Closed']; Thursday: ['9AM-6PM']; Tuesday: ['9AM-6PM']; Wednesday: ['9AM-6PM'],no,no,1
Master tech mobile Rv Repair,+1 918-721-4045,,"109 Clark Ave, Poteau, OK 74953",Poteau,Oklahoma,74953,35.0702214,-94.6186273,1,1,RV repair shop,Friday: ['7AM-7PM']; Monday: ['7AM-7PM']; Saturday: ['7AM-7PM']; Sunday: ['7AM-7PM']; Thursday: ['7AM-7PM']; Tuesday: ['7AM-7PM']; Wednesday: ['7AM-7PM'],no,yes,1
R&S Equipment and Diesel Repair,+1 405-567-0025,,"8835 OK-99, Prague, OK 74864",Prague,Oklahoma,74864,35.4267148,-96.6643664,3.8,29,Truck repair shop,Friday: ['8AM-5PM']; Monday: ['8AM-5PM']; Saturday: ['8AM-2PM']; Sunday: ['Closed']; Thursday: ['8AM-5PM']; Tuesday: ['8AM-5PM']; Wednesday: ['8AM-5PM'],no,no,1
Thompson's Mobile Rv Repair,+1 918-803-2829,https://www.facebook.com/ctmobilervrepair/,"3383 N 4435, Salina, OK 74365",Salina,Oklahoma,74365,36.354824,-95.121774,4.8,84,RV repair shop,Friday: ['8AM-5PM']; Monday: ['8AM-5PM']; Saturday: ['Closed']; Sunday: ['Closed']; Thursday: ['8AM-5PM']; Tuesday: ['8AM-5PM']; Wednesday: ['8AM-5PM'],no,yes,1
Bill's New and Used Tires,+1 918-775-7390,,"2110 E Cherokee Ave, Sallisaw, OK 74955",Sallisaw,Oklahoma,74955,35.4558908,-94.7666549,4.6,115,Used tire shop,Friday: ['8AM-5PM']; Monday: ['8AM-5PM']; Saturday: ['8AM-12PM']; Sunday: ['Closed']; Thursday: ['8AM-5PM']; Tuesday: ['8AM-5PM']; Wednesday: ['8AM-5PM'],no,no,1
Brent Family Auto Repair,+1 918-999-1910,https://www.facebook.com/profile.php%3Fid%3D100087571924811,"112345 US-59, Sallisaw, OK 74955",Sallisaw,Oklahoma,74955,35.3852453,-94.8104675,5,26,Auto repair shop,Friday: ['9AM-5PM']; Monday: ['9AM-5PM']; Saturday: ['Closed']; Sunday: ['Closed']; Thursday: ['9AM-5PM']; Tuesday: ['9AM-5PM']; Wednesday: ['9AM-5PM'],no,no,1
Carey mobile detailing,+1 539-249-5172,,"603 N Walnut St, Sallisaw, OK 74955",Sallisaw,Oklahoma,74955,35.463856,-94.7924517,,,Car detailing service,Friday: ['7AM-7:30PM']; Monday: ['7AM-7:30PM']; Saturday: ['7:30AM-7:30PM']; Sunday: ['Closed']; Thursday: ['7AM-7:30PM']; Tuesday: ['7AM-7:30PM']; Wednesday: ['7AM-7:30PM'],no,yes,1
Carl Davis Automotive Repair,+1 918-775-5297,,"110 N Wheeler Ave, Sallisaw, OK 74955",Sallisaw,Oklahoma,74955,35.4590181,-94.7869218,4.4,10,Auto repair shop,,no,no,1
Dodson's Fleet Service & Auto Repair,+1 918-315-9216,,"1442 S Kerr Blvd, Sallisaw, OK 74955",Sallisaw,Oklahoma,74955,35.4434339,-94.8051749,4.4,75,Auto repair shop,Friday: ['8AM-5PM']; Monday: ['8AM-5PM']; Saturday: ['8AM-5PM']; Sunday: ['Closed']; Thursday: ['8AM-5PM']; Tuesday: ['8AM-5PM']; Wednesday: ['8AM-5PM'],no,no,1
Don's Mobile Homes,+1 800-940-5581,https://www.donsmobilehomes.com/,"3020 W Cherokee Ave, Sallisaw, OK 74955",Sallisaw,Oklahoma,74955,35.4622458,-94.8302864,3.9,60,Mobile home dealer,Friday: ['8AM-5PM']; Monday: ['8AM-5PM']; Saturday: ['9AM-3PM']; Sunday: ['Closed']; Thursday: ['8AM-5PM']; Tuesday: ['8AM-5PM']; Wednesday: ['8AM-5PM'],no,yes,1
Full Throttle Diesel Services,,,"Sallisaw, OK 74955",Sallisaw,Oklahoma,74955,35.4630728,-94.8841706,5,2,Diesel engine repair service,Friday: ['Open 24 hours']; Monday: ['Open 24 hours']; Saturday: ['Open 24 hours']; Sunday: ['Open 24 hours']; Thursday: ['Open 24 hours']; Tuesday: ['Open 24 hours']; Wednesday: ['Open 24 hours'],yes,no,1
Hog Creek Salvage & Towing,+1 918-775-4292,,"2500 E Redwood Ave, Sallisaw, OK 74955",Sallisaw,Oklahoma,74955,35.463315,-94.7639464,3.8,62,Auto parts store,Friday: ['Open 24 hours']; Monday: ['Open 24 hours']; Saturday: ['Open 24 hours']; Sunday: ['Open 24 hours']; Thursday: ['Open 24 hours']; Tuesday: ['Open 24 hours']; Wednesday: ['Open 24 hours'],yes,no,1
Huffs 66 - Auto Repair Service in Sallisaw OK,+1 918-235-1850,,"816 E Cherokee Ave, Sallisaw, OK 74955",Sallisaw,Oklahoma,74955,35.4607629,-94.7793733,4.4,63,Auto repair shop,Friday: ['8AM-4PM']; Monday: ['Closed']; Saturday: ['8AM-12:30PM']; Sunday: ['Closed']; Thursday: ['8AM-4PM']; Tuesday: ['8AM-4PM']; Wednesday: ['8AM-4PM'],no,no,1
JMB AUTOMOTIVE,,,"1623 W Ruth Ave, Sallisaw, OK 74955",Sallisaw,Oklahoma,74955,35.4491363,-94.80806,5,2,,,no,no,1
Larry Emerson Paint & Body,+1 918-315-4205,,"821 W Cherokee Ave, Sallisaw, OK 74955",Sallisaw,Oklahoma,74955,35.4602511,-94.7998489,4.7,35,Auto body shop,Friday: ['8AM-5PM']; Monday: ['8AM-5PM']; Saturday: ['Closed']; Sunday: ['Closed']; Thursday: ['8AM-5PM']; Tuesday: ['8AM-5PM']; Wednesday: ['8AM-5PM'],no,no,1
Lee's Tire Service,+1 918-775-3042,https://www.leestireservice.com/,"1025 E Cherokee Ave, Sallisaw, OK 74955",Sallisaw,Oklahoma,74955,35.4614115,-94.7753649,4.8,328,Auto repair shop,Friday: ['7:30AM-5:30PM']; Monday: ['7:30AM-5:30PM']; Saturday: ['Closed']; Sunday: ['Closed']; Thursday: ['7:30AM-5:30PM']; Tuesday: ['7:30AM-5:30PM']; Wednesday: ['7:30AM-5:30PM'],no,no,1
NXT Trailer and Equipment,+1 479-806-7236,,"1904 W Ruth Ave, Sallisaw, OK 74955",Sallisaw,Oklahoma,74955,35.4487151,-94.8113498,5,5,Trailer repair shop,Friday: ['8AM-5PM']; Monday: ['8AM-5PM']; Saturday: ['Open 24 hours']; Sunday: ['Open 24 hours']; Thursday: ['8AM-5PM']; Tuesday: ['8AM-5PM']; Wednesday: ['8AM-5PM'],yes,no,1
Patriot's Mobile Auto Repair,+1 918-774-3546,,"102510 S 4640 Rd, Sallisaw, OK 74955",Sallisaw,Oklahoma,74955,35.5285705,-94.7615342,4.5,13,Auto repair shop,,no,yes,1
Performance Automotive & Diesel Repair LLC,+1 918-315-2576,,"312 E Choctaw Ave, Sallisaw, OK 74955",Sallisaw,Oklahoma,74955,35.4594516,-94.7863712,5,6,Auto repair shop,,no,no,1
Rapid Diesel repair LLC,+1 479-769-9278,,"103844 S 4650 Rd, Sallisaw, OK 74955",Sallisaw,Oklahoma,74955,35.5094673,-94.7437817,4.9,9,Truck repair shop,Friday: ['Open 24 hours']; Monday: ['Open 24 hours']; Saturday: ['Open 24 hours']; Sunday: ['Open 24 hours']; Thursday: ['Open 24 hours']; Tuesday: ['Open 24 hours']; Wednesday: ['Open 24 hours'],yes,no,2
River Valley Supply,+1 918-235-6906,https://www.rivervalleysupplyok.com/,"320 W Cherokee Ave, Sallisaw, OK 74955",Sallisaw,Oklahoma,74955,35.4600868,-94.7929458,4.6,106,Tire shop,Friday: ['7AM-6PM']; Monday: ['7AM-6PM']; Saturday: ['8AM-3PM']; Sunday: ['Closed']; Thursday: ['7AM-6PM']; Tuesday: ['7AM-6PM']; Wednesday: ['7AM-6PM'],no,no,1
Sallisaw Car Audio and More LLC,+1 918-235-6689,,"1305 N Maple St, Sallisaw, OK 74955",Sallisaw,Oklahoma,74955,35.4699246,-94.7970339,4,57,Car stereo store,Friday: ['10AM-6PM']; Monday: ['10AM-6PM']; Saturday: ['10AM-4PM']; Sunday: ['Closed']; Thursday: ['10AM-6PM']; Tuesday: ['10AM-6PM']; Wednesday: ['10AM-6PM'],no,no,1
Walmart Auto Care Center,+1 918-774-9913,https://www.walmart.com/store/47-sallisaw-ok/auto-care-center/%3Fveh%3Dseo_loc,"1101 W Ruth Ave, Sallisaw, OK 74955",Sallisaw,Oklahoma,74955,35.4511838,-94.8026994,3.7,122,Oil change service,Friday: ['7AM-7PM']; Monday: ['7AM-7PM']; Saturday: ['7AM-7PM']; Sunday: ['7AM-7PM']; Thursday: ['7AM-7PM']; Tuesday: ['7AM-7PM']; Wednesday: ['7AM-7PM'],no,no,1
BB Mobile RV Services,+1 918-857-4958,http://bbmobilervservices.com/,"417 S Cedar St, Sapulpa, OK 74066",Sapulpa,Oklahoma,74066,35.9931528,-96.117547,4.8,35,RV repair shop,Friday: ['8AM-6PM']; Monday: ['8AM-6PM']; Saturday: ['Closed']; Sunday: ['Closed']; Thursday: ['8AM-6PM']; Tuesday: ['8AM-6PM']; Wednesday: ['8AM-6PM'],no,yes,1
Marshall’s Mobile RV Repair,+1 918-921-4158,http://marshallsmobilerv.com/,"1132 E Bryan Ave, Sapulpa, OK 74066",Sapulpa,Oklahoma,74066,35.9931036,-96.0971807,4.4,14,RV repair shop,Friday: ['7AM-6PM']; Monday: ['7AM-6PM']; Saturday: ['7AM-6PM']; Sunday: ['Closed']; Thursday: ['7AM-6PM']; Tuesday: ['7AM-6PM']; Wednesday: ['7AM-6PM'],no,yes,1
TA Truck Service,+1 580-928-1185,https://www.ta-petro.com/,"11603 N 1900 Rd, Sayre, OK 73662",Sayre,Oklahoma,73662,35.3354815,-99.5946099,4.1,398,Truck repair shop,Friday: ['Open 24 hours']; Monday: ['Open 24 hours']; Saturday: ['Open 24 hours']; Sunday: ['Open 24 hours']; Thursday: ['Open 24 hours']; Tuesday: ['Open 24 hours']; Wednesday: ['Open 24 hours'],yes,no,1
Steve's Rv Repair Shop and Mobile Service,+1 539-230-9220,,"27126 Waterfield St, Shady Point, OK 74956",Shady Point,Oklahoma,74956,35.1290101,-94.6578696,4.3,11,RV repair shop,Friday: ['9AM-5PM']; Monday: ['9AM-5PM']; Saturday: ['9AM-5PM']; Sunday: ['Closed']; Thursday: ['9AM-5PM']; Tuesday: ['9AM-5PM']; Wednesday: ['9AM-5PM'],no,yes,1
Certified RV Services LLC,+1 405-585-3522,https://www.facebook.com/CertifiedRVLLC/,"1 Northwood Dr, Shawnee, OK 74804",Shawnee,Oklahoma,74804,35.4588227,-96.9292203,4.9,69,RV repair shop,Friday: ['8AM-7PM']; Monday: ['8AM-7PM']; Saturday: ['8AM-5PM']; Sunday: ['Closed']; Thursday: ['8AM-7PM']; Tuesday: ['8AM-7PM']; Wednesday: ['8AM-7PM'],no,no,1
Dixie Rv Repair and Mobile Rv Repair,+1 918-564-5640,https://dixiervrepair.com/,"300 N Main St, Spiro, OK 74959",Spiro,Oklahoma,74959,35.2434252,-94.6208323,5,38,RV repair shop,Friday: ['Open 24 hours']; Monday: ['Open 24 hours']; Saturday: ['Open 24 hours']; Sunday: ['Closed']; Thursday: ['Open 24 hours']; Tuesday: ['Open 24 hours']; Wednesday: ['Open 24 hours'],yes,yes,1
Caney Valley Rv Repair,+1 918-275-4247,,"8443 E 320 Rd, Talala, OK 74080",Talala,Oklahoma,74080,36.554722,-95.679647,4.8,28,RV repair shop,Friday: ['8AM-5PM']; Monday: ['8AM-5PM']; Saturday: ['Closed']; Sunday: ['Closed']; Thursday: ['8AM-5PM']; Tuesday: ['8AM-5PM']; Wednesday: ['8AM-5PM'],no,no,1
BlueRiver Rv Of Tulsa llc.,+1 918-921-6638,,"12339 E Skelly Dr, Tulsa, OK 74128",Tulsa,Oklahoma,74128,36.155231,-95.838893,4.8,32,RV repair shop,,no,no,1
Camping World RV Service - Tulsa,+1 877-881-3213,https://rv.campingworld.com/dealer/tulsa-oklahoma/rv-service-repair,"9005 E Skelly Dr, Tulsa, OK 74129",Tulsa,Oklahoma,74129,36.1290278,-95.878898,5,2,RV repair shop,Friday: ['9AM-6PM']; Monday: ['9AM-6PM']; Saturday: ['9AM-6PM']; Sunday: ['Closed']; Thursday: ['9AM-6PM']; Tuesday: ['9AM-6PM']; Wednesday: ['9AM-6PM'],no,no,1
"Reliable RV Repair, LLC",+1 918-202-6642,,"6549 E 46th St Suite 7, Tulsa, OK 74145",Tulsa,Oklahoma,74145,36.0986387,-95.9001445,5,1,RV repair shop,,no,no,1
Shoreline Boat & RV Repair,+1 918-249-0049,https://shorelineboatandrv.com/tulsa/,"12526 E 52nd St, Tulsa, OK 74146",Tulsa,Oklahoma,74146,36.0880114,-95.8378585,4.7,152,RV repair shop,Friday: ['8AM-5PM']; Monday: ['8AM-5PM']; Saturday: ['Closed']; Sunday: ['Closed']; Thursday: ['8AM-5PM']; Tuesday: ['8AM-5PM']; Wednesday: ['8AM-5PM'],no,no,1
Switzer & Son RV Repair and Maintenance Service,+1 918-383-0364,https://switzerandsonservice.com/,"5385 W 51st S St Suite A, Tulsa, OK 74107",Tulsa,Oklahoma,74107,36.0899815,-96.0500379,5,120,RV repair shop,Friday: ['8:30AM-6PM']; Monday: ['8:30AM-6PM']; Saturday: ['9AM-4PM']; Sunday: ['Closed']; Thursday: ['8:30AM-6PM']; Tuesday: ['8:30AM-6PM']; Wednesday: ['8:30AM-6:30PM'],no,no,1
Norwood Diesel & Auto,+1 405-483-5165,https://www.norwooddiesel.com/,"20389 Hwy 152, Union City, OK 73090",Union City,Oklahoma,73090,35.3922189,-97.9241688,5,33,Diesel engine repair service,Friday: ['9AM-6PM']; Monday: ['9AM-6PM']; Saturday: ['Closed']; Sunday: ['Closed']; Thursday: ['9AM-6PM']; Tuesday: ['9AM-6PM']; Wednesday: ['9AM-6PM'],no,no,1
GKT Truck Repair Services,+1 918-323-4029,https://www.gkttruckrepair.com/,"627 S Wilson St Ste B, Vinita, OK 74301",Vinita,Oklahoma,74301,36.6277429,-95.160435,4.5,161,Truck repair shop,Friday: ['Open 24 hours']; Monday: ['Open 24 hours']; Saturday: ['Open 24 hours']; Sunday: ['Open 24 hours']; Thursday: ['Open 24 hours']; Tuesday: ['Open 24 hours']; Wednesday: ['Open 24 hours'],yes,no,1
Stones Rock Solid Mobile RV Repair,+1 918-864-7770,,"446714 E 355 Rd, Vinita, OK 74301",Vinita,Oklahoma,74301,36.5024106,-95.0445486,5,35,RV repair shop,Friday: ['Open 24 hours']; Monday: ['Open 24 hours']; Saturday: ['Open 24 hours']; Sunday: ['Open 24 hours']; Thursday: ['Open 24 hours']; Tuesday: ['Open 24 hours']; Wednesday: ['Open 24 hours'],yes,yes,1
ZN Diesel and Automotive Service,+1 405-204-1789,,"3913 N Ann Arbor Ave, Warr Acres, OK 73122",Warr Acres,Oklahoma,73122,35.5103834,-97.6106354,4.3,17,Auto repair shop,Friday: ['8:30AM-5:30PM']; Monday: ['8:30AM-5:30PM']; Saturday: ['Closed']; Sunday: ['Closed']; Thursday: ['8:30AM-5:30PM']; Tuesday: ['8:30AM-5:30PM']; Wednesday: ['8:30AM-5:30PM'],no,no,1
Diesel Engine Masters LLC,+1 405-444-4966,,"28026 OK-59, Wayne, OK 73095",Wayne,Oklahoma,73095,34.9127667,-97.3530607,4,49,Truck repair shop,Friday: ['Open 24 hours']; Monday: ['Open 24 hours']; Saturday: ['Open 24 hours']; Sunday: ['Open 24 hours']; Thursday: ['Open 24 hours']; Tuesday: ['Open 24 hours']; Wednesday: ['Open 24 hours'],yes,no,1
Love's Travel Stop,+1 918-464-2865,https://www.loves.com/locations/255,"214 OK-100, Webbers Falls, OK 74470",Webbers Falls,Oklahoma,74470,35.4864499,-95.1487423,3.8,581,Truck stop,Friday: ['Open 24 hours']; Monday: ['Open 24 hours']; Saturday: ['Open 24 hours']; Sunday: ['Open 24 hours']; Thursday: ['Open 24 hours']; Tuesday: ['Open 24 hours']; Wednesday: ['Open 24 hours'],yes,no,1
Around The Bend Mobile RV Repair & Services LLC,+1 918-413-8535,https://www.aroundthebendmobilervrepairs.com/,"45455 Goats Blf Rd, Wister, OK 74966",Wister,Oklahoma,74966,34.8635252,-94.8484131,5,1,RV repair and maintenance service,Friday: ['Open 24 hours']; Monday: ['Open 24 hours']; Saturday: ['Open 24 hours']; Sunday: ['Open 24 hours']; Thursday: ['Open 24 hours']; Tuesday: ['Open 24 hours']; Wednesday: ['Open 24 hours'],yes,yes,1
1E Diesel,+1 405-645-6465,https://1ediesel.com/,"1401 Lakeshore Dr, Yukon, OK 73099",Yukon,Oklahoma,73099,35.5083352,-97.7200624,4.9,152,Auto repair shop,Friday: ['7AM-4PM']; Monday: ['7AM-4PM']; Saturday: ['Closed']; Sunday: ['Closed']; Thursday: ['7AM-4PM']; Tuesday: ['7AM-4PM']; Wednesday: ['7AM-4PM'],no,no,1
Franklin's Automotive & Diesel Repair,+1 405-999-2529,http://franklinsautomotive.com/,"1100 Industrial Dr, Yukon, OK 73099",Yukon,Oklahoma,73099,35.5046621,-97.728088,4.9,49,Auto repair shop,Friday: ['7AM-5PM']; Monday: ['7AM-5PM']; Saturday: ['9AM-3PM']; Sunday: ['Closed']; Thursday: ['7AM-5PM']; Tuesday: ['7AM-5PM']; Wednesday: ['7AM-5PM'],no,no,1
French's Road Service and 24 hr Mobile Repair,+1 405-202-8763,,"13813 SW 38th St, Yukon, OK 73099",Yukon,Oklahoma,73099,35.4270856,-97.7785606,4.7,25,Truck repair shop,Friday: ['Open 24 hours']; Monday: ['Open 24 hours']; Saturday: ['Open 24 hours']; Sunday: ['Open 24 hours']; Thursday: ['Open 24 hours']; Tuesday: ['Open 24 hours']; Wednesday: ['Open 24 hours'],yes,yes,1
Powerstroke Diesel Specialties,+1 405-265-6469,https://www.facebook.com/PowerstrokeDieselSpecialties/,"200 Karla Ct, Yukon, OK 73099",Yukon,Oklahoma,73099,35.463939,-97.787672,5,5,Car repair and maintenance service,,no,no,1
Apex Diesel & Auto Repair,+1 541-945-9073,https://www.apexdieselauto.com/,"70753 Quail Ln, Boardman, OR 97818",Boardman,Oregon,97818,45.8307014,-119.6861711,5,56,Auto repair shop,Friday: ['Open 24 hours']; Monday: ['Open 24 hours']; Saturday: ['Open 24 hours']; Sunday: ['Open 24 hours']; Thursday: ['Open 24 hours']; Tuesday: ['Open 24 hours']; Wednesday: ['Open 24 hours'],yes,no,1
Shane's Diesel Service LLC,+1 610-850-4775,http://www.sdsdiesel.com/,"195 County Line Rd, Boyertown, PA 19512",Boyertown,Pennsylvania,19512,40.334359,-75.6215028,5,4,Diesel engine repair service,Friday: ['6AM-4PM']; Monday: ['6AM-4PM']; Saturday: ['Closed']; Sunday: ['Closed']; Thursday: ['6AM-4PM']; Tuesday: ['6AM-4PM']; Wednesday: ['6AM-4PM'],no,no,1
Diesel Service Inc,+1 610-375-8572,https://www.dieselservicepa.com/,"150 Lehigh St, Reading, PA 19601",Reading,Pennsylvania,19601,40.3514429,-75.9530512,4.5,26,Car repair and maintenance service,Friday: ['7AM-4PM']; Monday: ['7AM-4PM']; Saturday: ['Closed']; Sunday: ['Closed']; Thursday: ['7AM-4PM']; Tuesday: ['7AM-4PM']; Wednesday: ['7AM-4PM'],no,no,1
Mobile Mechanic 843 And Towing,+1 843-254-9896,https://mobilemechanic843.net/,"313 Summer Dr, Conway, SC 29526",Conway,South Carolina,29526,33.7558476,-79.0176331,4.6,47,Mechanic,Friday: ['Open 24 hours']; Monday: ['Open 24 hours']; Saturday: ['Open 24 hours']; Sunday: ['Open 24 hours']; Thursday: ['Open 24 hours']; Tuesday: ['Open 24 hours']; Wednesday: ['Open 24 hours'],yes,yes,1
Myrtle Beach Mobile Mechanics LLC,+1 843-653-7543,https://mbmobilemechanic.com/,"457 Myrtle Ridge Dr Unit 2, Conway, SC 29526",Conway,South Carolina,29526,33.771261,-78.991225,4.7,204,Mechanic,Friday: ['9AM-5PM']; Monday: ['9AM-5PM']; Saturday: ['Closed']; Sunday: ['Closed']; Thursday: ['9AM-5PM']; Tuesday: ['9AM-5PM']; Wednesday: ['9AM-5PM'],no,yes,1
Express Trailer Repair LLC,+1 843-729-3419,,"5814 N Rhett Ave, Hanahan, SC 29410",Hanahan,South Carolina,29410,32.910811,-79.9854277,4.8,31,Trailer repair shop,,no,no,1
Surgical Diesel Repair LLC,+1 731-696-9124,,"205 Phillips Rd, Alamo, TN 38001",Alamo,Tennessee,38001,35.7818991,-89.1484537,5,6,Auto repair shop,Friday: ['7:30AM-4:30PM']; Monday: ['7:30AM-4:30PM']; Saturday: ['Closed']; Sunday: ['Closed']; Thursday: ['7:30AM-4:30PM']; Tuesday: ['7:30AM-4:30PM']; Wednesday: ['7:30AM-4:30PM'],no,no,1
All Star fleet Llc - Mobile truck repair,+1 615-719-2739,http://www.allstarfleetllc.com/,"921 Pin Oak Dr, Antioch, TN 37013",Antioch,Tennessee,37013,36.04956,-86.5894928,4.6,77,Truck repair shop,Friday: ['Open 24 hours']; Monday: ['Open 24 hours']; Saturday: ['Open 24 hours']; Sunday: ['Open 24 hours']; Thursday: ['Open 24 hours']; Tuesday: ['Open 24 hours']; Wednesday: ['Open 24 hours'],yes,yes,1
"Clarke Power Services, Inc.",+1 615-262-4141,https://www.clarkepowerservices.com/locations/nashville-tn,"115 Haywood Ln, Antioch, TN 37013",Antioch,Tennessee,37013,36.068507,-86.6865577,4.3,73,Truck repair shop,Friday: ['7AM-6PM']; Monday: ['7AM-6PM']; Saturday: ['Closed']; Sunday: ['Closed']; Thursday: ['7AM-6PM']; Tuesday: ['7AM-6PM']; Wednesday: ['7AM-6PM'],no,no,1
"Fast truck service, llc",+1 615-426-6467,,"12721 Old Hickory Blvd #2406, Antioch, TN 37013",Antioch,Tennessee,37013,36.0338975,-86.6105725,4.5,11,Auto repair shop,,no,no,1
Mobile Mechanic Muscle Music-City,+1 615-496-3900,https://mobilemechanicmusclenearme.com/,"5104 Highlander Dr, Antioch, TN 37013",Antioch,Tennessee,37013,36.0626084,-86.6629433,4.9,51,Auto repair shop,Friday: ['Open 24 hours']; Monday: ['Open 24 hours']; Saturday: ['Open 24 hours']; Sunday: ['Closed']; Thursday: ['Open 24 hours']; Tuesday: ['Open 24 hours']; Wednesday: ['Open 24 hours'],yes,yes,1
TA Truck Service,+1 615-649-0686,https://www.ta-petro.com/,"13011 Old Hickory Blvd, Antioch, TN 37013",Antioch,Tennessee,37013,36.0150794,-86.6183523,3.6,181,Truck repair shop,Friday: ['6AM-12AM']; Monday: ['6AM-12AM']; Saturday: ['6AM-12AM']; Sunday: ['6AM-12AM']; Thursday: ['6AM-12AM']; Tuesday: ['6AM-12AM']; Wednesday: ['6AM-12AM'],no,no,1
Moses RV Repair LLC,+1 901-825-8786,https://www.mosesrvrepair.com/,"Memphis Arlington Rd, Arlington, TN 38002",Arlington,Tennessee,38002,35.2741387,-89.6921944,4.7,49,RV repair shop,Friday: ['8:30AM-4:30PM']; Monday: ['8:30AM-4:30PM']; Saturday: ['Closed']; Sunday: ['Closed']; Thursday: ['8:30AM-4:30PM']; Tuesday: ['8:30AM-4:30PM']; Wednesday: ['8:30AM-4:30PM'],no,no,1
Best 1 Diesel Coach and Diesel Workz,+1 615-552-0530,https://best1dieselcdw.com/,"1088 Tennessee Waltz Pkwy, Ashland City, TN 37015",Ashland City,Tennessee,37015,36.2793781,-87.0720554,5,1,Truck repair shop,Friday: ['7AM-5PM']; Monday: ['7AM-5PM']; Saturday: ['Closed']; Sunday: ['Closed']; Thursday: ['7AM-5PM']; Tuesday: ['7AM-5PM']; Wednesday: ['7AM-5PM'],no,no,1
Summit Truck Repair,+1 603-714-2306,,"1052 Randy Rd, Ashland City, TN 37015",Ashland City,Tennessee,37015,36.3460261,-87.0446648,5,31,Truck repair shop,Friday: ['7AM-8PM']; Monday: ['7AM-8PM']; Saturday: ['Closed']; Sunday: ['Closed']; Thursday: ['7AM-8PM']; Tuesday: ['7AM-8PM']; Wednesday: ['7AM-8PM'],no,no,1
Love's Truck Care,+1 931-858-6150,https://www.loves.com/locations/330,"110 Fast Ln, Baxter, TN 38544",Baxter,Tennessee,38544,36.1391834,-85.6308329,3.6,70,Truck repair shop,Friday: ['Open 24 hours']; Monday: ['Open 24 hours']; Saturday: ['Open 24 hours']; Sunday: ['Open 24 hours']; Thursday: ['Open 24 hours']; Tuesday: ['Open 24 hours']; Wednesday: ['Open 24 hours'],yes,no,1
"TDT Automotive, Diesel, & Towing",+1 931-644-0233,,"175 Fast Ln, Baxter, TN 38544",Baxter,Tennessee,38544,36.1383235,-85.6335353,4.3,55,Auto machine shop,Friday: ['8AM-5PM']; Monday: ['8AM-5PM']; Saturday: ['Closed']; Sunday: ['Closed']; Thursday: ['8AM-5PM']; Tuesday: ['8AM-5PM']; Wednesday: ['8AM-5PM'],no,no,1
B & P Diesel Service and Repair,+1 731-212-3372,,"15645 US-64, Bolivar, TN 38008",Bolivar,Tennessee,38008,35.2511149,-88.9583302,5,5,Diesel engine repair service,Friday: ['8AM-5PM']; Monday: ['8AM-5PM']; Saturday: ['Closed']; Sunday: ['Closed']; Thursday: ['8AM-5PM']; Tuesday: ['8AM-5PM']; Wednesday: ['8AM-5PM'],no,no,1
"Choate Diesel Solutions - Service, Repair, Accessories",+1 901-553-9847,http://www.diesel911.com/,"1033 Lake St, Bolivar, TN 38008",Bolivar,Tennessee,38008,35.2490498,-89.0037409,4.2,40,Diesel engine repair service,Friday: ['8AM-5PM']; Monday: ['8AM-5PM']; Saturday: ['Closed']; Sunday: ['Closed']; Thursday: ['8AM-5PM']; Tuesday: ['8AM-5PM']; Wednesday: ['8AM-5PM'],no,no,2
Kings of Diesel LLC.,+1 731-780-3281,https://www.kingsofdieselllc.com/%2520%2520%2520%2520kingsofdiesel%40gmail.com,"2237 Boyd Ave, Brownsville, TN 38012",Brownsville,Tennessee,38012,35.6068385,-89.2327249,5,23,Diesel engine repair service,Friday: ['Open 24 hours']; Monday: ['Open 24 hours']; Saturday: ['Open 24 hours']; Sunday: ['Closed']; Thursday: ['Open 24 hours']; Tuesday: ['Open 24 hours']; Wednesday: ['Open 24 hours'],yes,no,1
Renegade Truck Repair & Refrigeration,+1 615-568-8895,https://renegadetruckrepair.com/,"102 Hampton Station Rd, Clarksville, TN 37040",Clarksville,Tennessee,37040,36.6192017,-87.2347026,4.8,20,Truck repair shop,Friday: ['Open 24 hours']; Monday: ['Open 24 hours']; Saturday: ['Open 24 hours']; Sunday: ['Open 24 hours']; Thursday: ['Open 24 hours']; Tuesday: ['Open 24 hours']; Wednesday: ['Open 24 hours'],yes,no,1
Weekend RV Center,+1 865-457-4424,http://www.weekendrvcenter.com/,"1458 Clinton Hwy, Clinton, TN 37716",Clinton,Tennessee,37716,36.0621555,-84.1277975,4.5,164,RV dealer,Friday: ['9AM-5PM']; Monday: ['9AM-5PM']; Saturday: ['9AM-3PM']; Sunday: ['Closed']; Thursday: ['9AM-5PM']; Tuesday: ['9AM-5PM']; Wednesday: ['9AM-5PM'],no,no,1
"288 Tire, Truck & Trailer Repair",+1 931-303-2591,,"1010 Walton Ln, Cookeville, TN 38506",Cookeville,Tennessee,38506,36.1757282,-85.4933613,4.8,87,Truck repair shop,Friday: ['Open 24 hours']; Monday: ['Open 24 hours']; Saturday: ['Open 24 hours']; Sunday: ['Open 24 hours']; Thursday: ['Open 24 hours']; Tuesday: ['Open 24 hours']; Wednesday: ['Open 24 hours'],yes,no,1
Adventure Support Mobile RV services,+1 931-261-2235,https://adventuremobilerv.wixsite.com/adventure-support,"1031 Nottingham Dr, Cookeville, TN 38506",Cookeville,Tennessee,38506,36.146127,-85.4723965,4.8,35,RV repair shop,Friday: ['8AM-6PM']; Monday: ['8AM-6PM']; Saturday: ['8AM-2PM']; Sunday: ['Closed']; Thursday: ['8AM-6PM']; Tuesday: ['8AM-6PM']; Wednesday: ['8AM-6PM'],no,yes,1
Auto Plus Repair and Service,,,"1225 Shag Rag Rd #4, Cookeville, TN 38506",Cookeville,Tennessee,38506,36.1899339,-85.4751013,4.5,34,Auto repair shop,Friday: ['7AM-4PM']; Monday: ['7AM-4PM']; Saturday: ['Closed']; Sunday: ['Closed']; Thursday: ['7AM-4PM']; Tuesday: ['7AM-4PM']; Wednesday: ['7AM-4PM'],no,no,1
Black Smoke Diesel LLC,+1 931-214-0918,,"345 Ballard Ln, Cookeville, TN 38501",Cookeville,Tennessee,38501,36.314439,-85.528224,4.7,14,Truck repair shop,Friday: ['8AM-5PM']; Monday: ['8AM-5PM']; Saturday: ['Closed']; Sunday: ['Closed']; Thursday: ['8AM-5PM']; Tuesday: ['8AM-5PM']; Wednesday: ['8AM-5PM'],no,no,1
Burton,+1 931-261-8659,https://burtontruckingandautorepair.com/,"1721 Gainesboro Grade, Cookeville, TN 38501",Cookeville,Tennessee,38501,36.1878232,-85.5308975,4.9,14,Truck repair shop,Friday: ['8AM-5PM']; Monday: ['8AM-5PM']; Saturday: ['Closed']; Sunday: ['Closed']; Thursday: ['8AM-5PM']; Tuesday: ['8AM-5PM']; Wednesday: ['8AM-5PM'],no,no,1
CAR FIX Cookeville,+1 931-526-9022,https://teamcarfix.com/locations/cookeville/,"930 S Willow Ave, Cookeville, TN 38501",Cookeville,Tennessee,38501,36.1428754,-85.5244768,4.8,2102,Auto repair shop,Friday: ['7AM-6PM']; Monday: ['7AM-6PM']; Saturday: ['Closed']; Sunday: ['Closed']; Thursday: ['7AM-6PM']; Tuesday: ['7AM-6PM']; Wednesday: ['7AM-6PM'],no,no,1
Cookeville RV and Marine,+1 931-646-4678,http://www.cookevillerv.com/,"631 Horace Lewis Rd, Cookeville, TN 38506",Cookeville,Tennessee,38506,36.1009585,-85.5014183,4.8,1409,RV repair shop,Friday: ['8AM-5PM']; Monday: ['8AM-5PM']; Saturday: ['9AM-5PM']; Sunday: ['Closed']; Thursday: ['8AM-5PM']; Tuesday: ['8AM-5PM']; Wednesday: ['8AM-5PM'],no,no,1
Cookeville Trailer Repair,+1 931-526-5391,,"2190 Summerfield Rd, Cookeville, TN 38506",Cookeville,Tennessee,38506,36.1908394,-85.4837181,4.5,30,Trailer repair shop,Friday: ['7:30AM-4PM']; Monday: ['7:30AM-4PM']; Saturday: ['Closed']; Sunday: ['Closed']; Thursday: ['7:30AM-4PM']; Tuesday: ['7:30AM-4PM']; Wednesday: ['7:30AM-4PM'],no,no,1
Cookeville Truck Repair & Parts,+1 931-520-6014,,"4200 Old Bridge Rd, Cookeville, TN 38506",Cookeville,Tennessee,38506,36.1074518,-85.4856866,3.4,10,Truck repair shop,Friday: ['7AM-5PM']; Monday: ['7AM-5PM']; Saturday: ['Closed']; Sunday: ['Closed']; Thursday: ['7AM-5PM']; Tuesday: ['7AM-5PM']; Wednesday: ['7AM-5PM'],no,no,1
Cumberland Chrysler Dodge Jeep Ram Service Center,+1 931-287-2973,https://cumberlandchryslercenter.com/service-department/%3Futm_source%3Dgoogle%26utm_medium%3Dorganic%26utm_campaign%3Dgbp%2Bservice%26utm_content%3Dwebsite,"1550 Interstate Dr, Cookeville, TN 38501",Cookeville,Tennessee,38501,36.1383294,-85.5249146,4.8,645,Truck repair shop,Friday: ['7AM-6PM']; Monday: ['7AM-6PM']; Saturday: ['7AM-5PM']; Sunday: ['Closed']; Thursday: ['7AM-6PM']; Tuesday: ['7AM-6PM']; Wednesday: ['7AM-6PM'],no,no,1
Don's Truck Services,+1 931-528-8135,,"1625 Salem Rd, Cookeville, TN 38506",Cookeville,Tennessee,38506,36.1273232,-85.4793858,3.9,81,Truck repair shop,Friday: ['7AM-4:30PM']; Monday: ['7AM-4:30PM']; Saturday: ['7AM-12PM']; Sunday: ['Closed']; Thursday: ['7AM-4:30PM']; Tuesday: ['7AM-4:30PM']; Wednesday: ['7AM-4:30PM'],no,no,1
Impact Truck and Trailer,+1 931-717-1570,https://balancedtruckandauto.com/,"209 Minnear St, Cookeville, TN 38501",Cookeville,Tennessee,38501,36.1460369,-85.5020096,4.7,63,Truck repair shop,Friday: ['7AM-4PM']; Monday: ['7AM-4PM']; Saturday: ['Closed']; Sunday: ['Closed']; Thursday: ['7AM-4PM']; Tuesday: ['7AM-4PM']; Wednesday: ['7AM-4PM'],no,no,1
J and G auto diesel repair,+1 931-854-9171,,"2485 Fisk Rd, Cookeville, TN 38506",Cookeville,Tennessee,38506,36.1963892,-85.4799796,4.3,19,Mechanic,Friday: ['8AM-5PM']; Monday: ['8AM-5PM']; Saturday: ['Closed']; Sunday: ['Closed']; Thursday: ['8AM-5PM']; Tuesday: ['8AM-5PM']; Wednesday: ['8AM-5PM'],no,no,1
Jazzy's Auto and Diesel Repair,+1 931-854-0216,,"2435 Fisk Rd, Cookeville, TN 38506",Cookeville,Tennessee,38506,36.1933262,-85.4798806,5,9,Mechanic,Friday: ['7:30AM-5PM']; Monday: ['7:30AM-5PM']; Saturday: ['Closed']; Sunday: ['Closed']; Thursday: ['7:30AM-5PM']; Tuesday: ['7:30AM-5PM']; Wednesday: ['7:30AM-5PM'],no,no,1
King's Truck Service,+1 931-528-1789,,"1974 Brown's Mill Rd #6210, Cookeville, TN 38506",Cookeville,Tennessee,38506,36.1239692,-85.4733262,4.6,23,Truck repair shop,Friday: ['7AM-4PM']; Monday: ['7AM-4PM']; Saturday: ['Closed']; Sunday: ['Closed']; Thursday: ['7AM-4PM']; Tuesday: ['7AM-4PM']; Wednesday: ['7AM-4PM'],no,no,1
Mike Flatt's Auto & Truck Services,+1 931-528-5048,,"1455 N Washington Ave, Cookeville, TN 38501",Cookeville,Tennessee,38501,36.181424,-85.4969405,4.4,71,Auto repair shop,Friday: ['8AM-5PM']; Monday: ['8AM-5PM']; Saturday: ['Closed']; Sunday: ['Closed']; Thursday: ['8AM-5PM']; Tuesday: ['8AM-5PM']; Wednesday: ['8AM-5PM'],no,no,1
Patriot Mobile Auto Repair,+1 931-267-5570,,"245 Windsor Dr, Cookeville, TN 38506",Cookeville,Tennessee,38506,36.1166171,-85.5244075,4.8,104,Mechanic,Friday: ['8AM-5PM']; Monday: ['8AM-5PM']; Saturday: ['Closed']; Sunday: ['Closed']; Thursday: ['8AM-5PM']; Tuesday: ['8AM-5PM']; Wednesday: ['8AM-5PM'],no,yes,1
Poston Automotive,+1 931-526-2677,,"1671 E Spring St, Cookeville, TN 38506",Cookeville,Tennessee,38506,36.1486339,-85.4649127,4.4,33,Auto repair shop,,no,no,1
Walker's Diesel Services,+1 931-528-8555,,"1004 Humble Dr, Cookeville, TN 38501",Cookeville,Tennessee,38501,36.1401288,-85.524534,4.5,35,Truck repair shop,Friday: ['7AM-4PM']; Monday: ['7AM-5PM']; Saturday: ['Closed']; Sunday: ['Closed']; Thursday: ['7AM-5PM']; Tuesday: ['7AM-5PM']; Wednesday: ['7AM-5PM'],no,no,1
Vince Truck and Trailer Repair,+1 901-697-2444,,"Roadside, Cordova, TN 38018",Cordova,Tennessee,38018,35.1428573,-89.7384182,3,2,Truck repair shop,Friday: ['Open 24 hours']; Monday: ['Open 24 hours']; Saturday: ['Open 24 hours']; Sunday: ['9AM-5PM']; Thursday: ['Open 24 hours']; Tuesday: ['Open 24 hours']; Wednesday: ['Open 24 hours'],yes,no,1
Steve's Truck Repair Shop,+1 901-616-3124,,"680 Hope St, Covington, TN 38019",Covington,Tennessee,38019,35.571753,-89.635751,4.5,39,Truck repair shop,Friday: ['Open 24 hours']; Monday: ['Open 24 hours']; Saturday: ['Open 24 hours']; Sunday: ['Open 24 hours']; Thursday: ['Open 24 hours']; Tuesday: ['Open 24 hours']; Wednesday: ['Open 24 hours'],yes,no,1
Rebel Road Repair,+1 615-997-0732,http://mobileroadservicenashville.com/,"8633 TN-25, Cross Plains, TN 37049",Cross Plains,Tennessee,37049,36.5293472,-86.6478214,4,23,Truck repair shop,Friday: ['Open 24 hours']; Monday: ['Open 24 hours']; Saturday: ['Open 24 hours']; Sunday: ['Open 24 hours']; Thursday: ['Open 24 hours']; Tuesday: ['Open 24 hours']; Wednesday: ['Open 24 hours'],yes,no,1
JCDA On-site RV Service,+1 931-310-0784,,"3771 Blaylock Rd, Crossville, TN 38572",Crossville,Tennessee,38572,35.7672362,-85.0936573,4.6,34,RV repair shop,Friday: ['Open 24 hours']; Monday: ['Open 24 hours']; Saturday: ['Open 24 hours']; Sunday: ['Open 24 hours']; Thursday: ['Open 24 hours']; Tuesday: ['Open 24 hours']; Wednesday: ['Open 24 hours'],yes,no,1
I 40 truck and trailer repair,+1 828-550-5647,http://i40truckandtrailerrepair.com/,"1570 Valley Home Rd, Dandridge, TN 37725",Dandridge,Tennessee,37725,36.0648639,-83.3943033,4.3,4,Truck repair shop,Friday: ['Open 24 hours']; Monday: ['Open 24 hours']; Saturday: ['Open 24 hours']; Sunday: ['Open 24 hours']; Thursday: ['Open 24 hours']; Tuesday: ['Open 24 hours']; Wednesday: ['Open 24 hours'],yes,no,1
Kent's On-site Truck and Trailer Repair,+1 423-248-5153,,"1208 Sellers Rd, Dandridge, TN 37725",Dandridge,Tennessee,37725,36.0645294,-83.4156298,4.9,44,Truck repair shop,Friday: ['12AM-5PM']; Monday: ['Open 24 hours']; Saturday: ['6PM-12AM']; Sunday: ['Open 24 hours']; Thursday: ['Open 24 hours']; Tuesday: ['Open 24 hours']; Wednesday: ['Open 24 hours'],yes,no,1
Rocky Valley RV,+1 865-205-5784,http://www.rockyvalleyrv.com/,"710 Sunrise Rdg Blvd, Dandridge, TN 37725",Dandridge,Tennessee,37725,36.0388501,-83.4215318,4.8,106,RV repair shop,Friday: ['Closed']; Monday: ['8:30AM-5:30PM']; Saturday: ['Closed']; Sunday: ['Closed']; Thursday: ['8:30AM-5:30PM']; Tuesday: ['8:30AM-5:30PM']; Wednesday: ['8:30AM-5:30PM'],no,no,1
TA Travel Center,+1 731-424-5591,https://www.ta-petro.com/location/tn/ta-denmark,"155 Hwy. 138, Providence Rd, Denmark, TN 38391",Denmark,Tennessee,38391,35.5955325,-89.0557887,3.5,1992,Truck repair shop,Friday: ['Open 24 hours']; Monday: ['Open 24 hours']; Saturday: ['Open 24 hours']; Sunday: ['Open 24 hours']; Thursday: ['Open 24 hours']; Tuesday: ['Open 24 hours']; Wednesday: ['Open 24 hours'],yes,no,1
TA Truck Service,+1 731-574-0459,https://www.ta-petro.com/,"155 Providence Rd Ta, Denmark, TN 38391",Denmark,Tennessee,38391,35.5955208,-89.0557462,3.9,1555,Truck repair shop,Friday: ['6AM-12AM']; Monday: ['6AM-12AM']; Saturday: ['6AM-12AM']; Sunday: ['6AM-12AM']; Thursday: ['6AM-12AM']; Tuesday: ['6AM-12AM']; Wednesday: ['6AM-12AM'],no,no,1
"Luke's Diesel Repair, LLC.",+1 731-234-6560,,"9999 TN-22, Dresden, TN 38225",Dresden,Tennessee,38225,36.2950706,-88.7458038,4.8,52,Diesel engine repair service,Friday: ['7:30AM-5PM']; Monday: ['7:30AM-5PM']; Saturday: ['Closed']; Sunday: ['Closed']; Thursday: ['7:30AM-5PM']; Tuesday: ['7:30AM-5PM']; Wednesday: ['7:30AM-5PM'],no,no,1
51 Diesel Repair LLC,+1 731-377-8349,,"3656 TN-3 S, Dyersburg, TN 38024",Dyersburg,Tennessee,38024,35.9806796,-89.392424,4.6,42,Truck repair shop,Friday: ['Open 24 hours']; Monday: ['Open 24 hours']; Saturday: ['Open 24 hours']; Sunday: ['Open 24 hours']; Thursday: ['Open 24 hours']; Tuesday: ['Open 24 hours']; Wednesday: ['Open 24 hours'],yes,no,1
Arlington Truck and Trailer Repair,+1 901-517-1539,https://www.arlingtontruckrepairs.com/,"12500 US-64, Eads, TN 38028",Eads,Tennessee,38028,35.212521,-89.6463212,4,83,Truck repair shop,Friday: ['Open 24 hours']; Monday: ['Open 24 hours']; Saturday: ['Open 24 hours']; Sunday: ['Open 24 hours']; Thursday: ['Open 24 hours']; Tuesday: ['Open 24 hours']; Wednesday: ['Open 24 hours'],yes,no,1
Nashville RV,+1 615-488-7464,https://nashvillervsales.com/%3Futm_source%3Dgmb,"4246 Long Ln Ste A, Franklin, TN 37064",Franklin,Tennessee,37064,35.8650912,-86.8307753,4.6,114,RV repair shop,Friday: ['9AM-5:30PM']; Monday: ['9AM-5:30PM']; Saturday: ['9AM-1:30PM']; Sunday: ['Closed']; Thursday: ['9AM-5:30PM']; Tuesday: ['9AM-5:30PM']; Wednesday: ['9AM-5:30PM'],no,no,1
Nashville RV Rentals,+1 629-299-2077,http://nashvillervrentals.com/%3Futm_campaign%3Dgmb,"4246 Long Ln Ste B, Franklin, TN 37064",Franklin,Tennessee,37064,35.8649882,-86.8308007,4.8,365,RV repair shop,Friday: ['8:30AM-5PM']; Monday: ['8:30AM-5PM']; Saturday: ['Closed']; Sunday: ['Closed']; Thursday: ['8:30AM-5PM']; Tuesday: ['8:30AM-5PM']; Wednesday: ['8:30AM-5PM'],no,no,1
Nashville RV Service,+1 629-299-1390,https://www.nashvillerv.com/rv-service,"4242 Long Ln, Franklin, TN 37064",Franklin,Tennessee,37064,35.8640994,-86.8304193,4.6,78,RV repair shop,Friday: ['8:30AM-5:30PM']; Monday: ['8:30AM-5:30PM']; Saturday: ['Closed']; Sunday: ['Closed']; Thursday: ['8:30AM-5:30PM']; Tuesday: ['8:30AM-5:30PM']; Wednesday: ['8:30AM-5:30PM'],no,no,1
Up And Running RV,+1 615-830-4063,http://uarrv.com/,"WE ARE A MOBILE BUSINESS Mailing Address:, 2000 Mallory Ln, Franklin, TN 37067",Franklin,Tennessee,37067,35.9488002,-86.8172688,5,17,RV repair shop,Friday: ['9AM-5PM']; Monday: ['9:30AM-5PM']; Saturday: ['Closed']; Sunday: ['Closed']; Thursday: ['9AM-5PM']; Tuesday: ['9AM-5PM']; Wednesday: ['9AM-5PM'],no,no,1
Beal Mobile RV,+1 615-560-3570,http://www.bealrv.com/,"830 Belvedere Dr, Gallatin, TN 37066",Gallatin,Tennessee,37066,36.3717059,-86.4753083,5,95,RV repair shop,Friday: ['8AM-5:30PM']; Monday: ['8AM-5:30PM']; Saturday: ['9AM-3PM']; Sunday: ['Closed']; Thursday: ['8AM-5:30PM']; Tuesday: ['8AM-5:30PM']; Wednesday: ['8AM-5:30PM'],no,yes,1
Johnston Diesel & Automotive,+1 615-543-3333,https://www.johnstondieselauto.com/,"1100 Campbell Rd #4141, Goodlettsville, TN 37072",Goodlettsville,Tennessee,37072,36.2929492,-86.7342125,4.5,22,Auto repair shop,Friday: ['7:30AM-4:30PM']; Monday: ['7:30AM-4:30PM']; Saturday: ['Closed']; Sunday: ['Closed']; Thursday: ['7:30AM-4:30PM']; Tuesday: ['7:30AM-4:30PM']; Wednesday: ['7:30AM-4:30PM'],no,no,1
Blue Ridge Diesel Repair,,,"101 Watkins St, Halls, TN 38040",Halls,Tennessee,38040,35.8729121,-89.3959387,,,Diesel engine repair service,,no,no,1
The Auto & Truck Shop,+1 865-285-9539,,"211 N Roane St, Harriman, TN 37748",Harriman,Tennessee,37748,35.9335815,-84.5533198,4.8,36,Auto repair shop,Friday: ['8:30AM-5PM']; Monday: ['8:30AM-5PM']; Saturday: ['Closed']; Sunday: ['Closed']; Thursday: ['8:30AM-5PM']; Tuesday: ['8:30AM-5PM']; Wednesday: ['8:30AM-5PM'],no,no,1
Jenkins RV Repair & Service,+1 865-804-4708,https://jenkinsrv.com/,"1971 E Raccoon Valley Dr, Heiskell, TN 37754",Heiskell,Tennessee,37754,36.1134424,-84.0185133,,,RV repair shop,Friday: ['Open 24 hours']; Monday: ['Open 24 hours']; Saturday: ['Open 24 hours']; Sunday: ['Open 24 hours']; Thursday: ['Open 24 hours']; Tuesday: ['Open 24 hours']; Wednesday: ['Open 24 hours'],yes,no,1
Performance Truck Inc.,+1 865-938-1004,https://www.performancetruckinc.com/,"1704 E Raccoon Valley Dr, Heiskell, TN 37754",Heiskell,Tennessee,37754,36.1089322,-84.018648,4.5,160,Truck repair shop,Friday: ['8AM-5PM']; Monday: ['8AM-5PM']; Saturday: ['8AM-5PM']; Sunday: ['8AM-5PM']; Thursday: ['8AM-5PM']; Tuesday: ['8AM-5PM']; Wednesday: ['8AM-5PM'],no,no,1
B RAY’S Mechanic Service,+1 731-435-3699,https://www.braysmms.com/,"437 Woods Dr, Henderson, TN 38340",Henderson,Tennessee,38340,35.4422706,-88.6522238,4.9,151,Auto repair shop,Friday: ['8AM-5PM']; Monday: ['8AM-5PM']; Saturday: ['Closed']; Sunday: ['Closed']; Thursday: ['8AM-5PM']; Tuesday: ['8AM-5PM']; Wednesday: ['8AM-5PM'],no,no,1
Fegett & Acuff automotive services LLC mobile mechanic,,,"260 E 2nd St, Henderson, TN 38340",Henderson,Tennessee,38340,35.4421698,-88.6363655,4.6,14,Mechanic,Friday: ['8AM-5PM']; Monday: ['8AM-5PM']; Saturday: ['8AM-5PM']; Sunday: ['Closed']; Thursday: ['8AM-5PM']; Tuesday: ['8AM-5PM']; Wednesday: ['8AM-5PM'],no,yes,1
Jeff's Mobile Mechanic & Home Repair,+1 731-435-6208,http://jeffsmobilemechanicandhomerepair.com/,"342 Steed St, Henderson, TN 38340",Henderson,Tennessee,38340,35.4511445,-88.6340297,,,Mechanic,Friday: ['Open 24 hours']; Monday: ['Open 24 hours']; Saturday: ['Open 24 hours']; Sunday: ['Open 24 hours']; Thursday: ['Open 24 hours']; Tuesday: ['Open 24 hours']; Wednesday: ['Open 24 hours'],yes,yes,1
Coach & Diesel Works,+1 615-447-5851,,"24B Industrial Park Dr, Hendersonville, TN 37075",Hendersonville,Tennessee,37075,36.3069565,-86.636352,4.9,24,Diesel engine repair service,Friday: ['7AM-5PM']; Monday: ['7AM-5PM']; Saturday: ['Closed']; Sunday: ['Closed']; Thursday: ['7AM-5PM']; Tuesday: ['7AM-5PM']; Wednesday: ['7AM-5PM'],no,no,1
Steadfast RV Inspections and Repair Service,+1 615-415-5757,http://www.steadfastrvservice.com/,"204 Raindrop Ln, Hendersonville, TN 37075",Hendersonville,Tennessee,37075,36.3292616,-86.6084094,5,51,RV repair shop,Friday: ['9AM-5PM']; Monday: ['9AM-5PM']; Saturday: ['Closed']; Sunday: ['Closed']; Thursday: ['9AM-5PM']; Tuesday: ['9AM-5PM']; Wednesday: ['9AM-5PM'],no,no,1
Wrights Diesel Repair and Service LLC,+1 615-495-8364,,"1068 Lavern Cir, Hendersonville, TN 37075",Hendersonville,Tennessee,37075,36.3331582,-86.5564438,4.4,19,Diesel engine repair service,Friday: ['8AM-5PM']; Monday: ['8AM-5PM']; Saturday: ['Closed']; Sunday: ['Closed']; Thursday: ['8AM-5PM']; Tuesday: ['8AM-5PM']; Wednesday: ['8AM-5PM'],no,no,1
Rescue Wrench,+1 615-388-0228,,"5510 Old Hickory Blvd Ste B PMB 1009, Hermitage, TN 37076",Hermitage,Tennessee,37076,36.1833151,-86.6066181,4.4,213,Mechanic,Friday: ['Open 24 hours']; Monday: ['Open 24 hours']; Saturday: ['Open 24 hours']; Sunday: ['Open 24 hours']; Thursday: ['Open 24 hours']; Tuesday: ['Open 24 hours']; Wednesday: ['Open 24 hours'],yes,no,1
Weatherford Diesel,+1 629-254-7706,http://www.weatherforddiesel.com/,"260 Bonnalynn Dr, Hermitage, TN 37076",Hermitage,Tennessee,37076,36.1969025,-86.6264292,5,13,Diesel engine repair service,Friday: ['Open 24 hours']; Monday: ['Open 24 hours']; Saturday: ['Open 24 hours']; Sunday: ['Open 24 hours']; Thursday: ['Open 24 hours']; Tuesday: ['Open 24 hours']; Wednesday: ['Open 24 hours'],yes,no,1
CTI Diesel Repair,+1 731-227-2292,,"2648 Leach Rd, Huntingdon, TN 38344",Huntingdon,Tennessee,38344,35.9044407,-88.4739255,5,4,Truck repair shop,Friday: ['8AM-12PM']; Monday: ['8AM-5PM']; Saturday: ['Closed']; Sunday: ['Closed']; Thursday: ['8AM-5PM']; Tuesday: ['8AM-5PM']; Wednesday: ['8AM-5PM'],no,no,1
"Clean Diesel Specialists - Knoxville, Tennessee",+1 865-279-9379,https://www.cleandieselspecialists.com/locations/cds-knoxville,"119 Mt Paran Rd, Jacksboro, TN 37757",Jacksboro,Tennessee,37757,36.3247167,-84.1704965,,,Diesel engine repair service,Friday: ['8AM-5PM']; Monday: ['8AM-5PM']; Saturday: ['Closed']; Sunday: ['Closed']; Thursday: ['8AM-5PM']; Tuesday: ['8AM-5PM']; Wednesday: ['8AM-5PM'],no,no,1
A+ Towing & Recovery Service LLC,+1 731-741-4545,https://aplustowingrecoveryservice.com/%3Futm_source%3Domg-gbp%26utm_medium%3Dwebclick,"887 Airways Blvd, Jackson, TN 38301",Jackson,Tennessee,38301,35.6187915,-88.8763714,5,10,Truck repair shop,Friday: ['Open 24 hours']; Monday: ['Open 24 hours']; Saturday: ['Open 24 hours']; Sunday: ['Open 24 hours']; Thursday: ['Open 24 hours']; Tuesday: ['Open 24 hours']; Wednesday: ['Open 24 hours'],yes,no,1
Adam Truck Trailer and Tire Repair,+1 731-694-1422,,"2760 US-45, Jackson, TN 38301",Jackson,Tennessee,38301,35.5376267,-88.7891431,5,5,Truck repair shop,,no,no,1
Affordable 24 hour truck & tire,+1 731-803-6552,,"110 Bent Creek Ln, Jackson, TN 38305",Jackson,Tennessee,38305,35.6663802,-88.866322,1.3,23,Tire repair shop,Friday: ['Open 24 hours']; Monday: ['Open 24 hours']; Saturday: ['Open 24 hours']; Sunday: ['Open 24 hours']; Thursday: ['Open 24 hours']; Tuesday: ['Open 24 hours']; Wednesday: ['Open 24 hours'],yes,no,1
America's All Mobile RV Repair,+1 424-902-1465,,"2400 US-45 S, Jackson, TN 38301",Jackson,Tennessee,38301,35.6745821,-88.8554672,5,3,RV repair shop,Friday: ['Open 24 hours']; Monday: ['Open 24 hours']; Saturday: ['Open 24 hours']; Sunday: ['Open 24 hours']; Thursday: ['Open 24 hours']; Tuesday: ['Open 24 hours']; Wednesday: ['Open 24 hours'],yes,yes,1
AutoTech Service Center,+1 731-427-1311,https://www.autotechservice.org/,"222 W Main St, Jackson, TN 38301",Jackson,Tennessee,38301,35.6140371,-88.8216011,3.6,41,Auto repair shop,Friday: ['7:30AM-5PM']; Monday: ['7:30AM-5PM']; Saturday: ['Closed']; Sunday: ['Closed']; Thursday: ['7:30AM-5PM']; Tuesday: ['7:30AM-5PM']; Wednesday: ['7:30AM-5PM'],no,no,1
B&L Truck Repair,+1 731-780-2036,,"58 Truck Center Dr, Jackson, TN 38305",Jackson,Tennessee,38305,35.6657738,-88.7533459,4.3,28,Truck repair shop,Friday: ['Open 24 hours']; Monday: ['Open 24 hours']; Saturday: ['Open 24 hours']; Sunday: ['Open 24 hours']; Thursday: ['Open 24 hours']; Tuesday: ['Open 24 hours']; Wednesday: ['Open 24 hours'],yes,no,1
Ben Jessie and the Mechanix,+1 731-300-7221,https://www.facebook.com/BenJessieandtheMechanix/,"1650 North Pkwy, Jackson, TN 38301",Jackson,Tennessee,38301,35.6482353,-88.7973403,4.6,100,Mechanic,Friday: ['8AM-5PM']; Monday: ['8AM-5PM']; Saturday: ['Closed']; Sunday: ['Closed']; Thursday: ['8AM-5PM']; Tuesday: ['8AM-5PM']; Wednesday: ['8AM-5PM'],no,no,1
Best Rate Towing & Recovery,+1 731-280-0161,,"123 Ragland Rd, Jackson, TN 38305",Jackson,Tennessee,38305,35.6439853,-88.8645855,4.3,6,Truck repair shop,Friday: ['Open 24 hours']; Monday: ['Open 24 hours']; Saturday: ['Open 24 hours']; Sunday: ['Open 24 hours']; Thursday: ['Open 24 hours']; Tuesday: ['Open 24 hours']; Wednesday: ['Open 24 hours'],yes,no,1
Best Rate Truck & Trailer Repair,+1 731-201-1843,https://bestratefleetservices.com/,"139 Ragland Rd, Jackson, TN 38305",Jackson,Tennessee,38305,35.6442542,-88.8647784,5,3,Truck repair shop,Friday: ['Open 24 hours']; Monday: ['Open 24 hours']; Saturday: ['Open 24 hours']; Sunday: ['Open 24 hours']; Thursday: ['Open 24 hours']; Tuesday: ['Open 24 hours']; Wednesday: ['Open 24 hours'],yes,no,1
Buddy’s Auto,+1 731-313-7970,http://www.buddys-auto.com/,"588 Bolivar Hwy, Jackson, TN 38301",Jackson,Tennessee,38301,35.5419684,-88.8264238,5,78,Auto repair shop,Friday: ['9AM-5PM']; Monday: ['9AM-5PM']; Saturday: ['Closed']; Sunday: ['Closed']; Thursday: ['9AM-5PM']; Tuesday: ['9AM-5PM']; Wednesday: ['9AM-5PM'],no,no,1
Camping World RV Service Center,+1 877-510-7785,https://rv.campingworld.com/dealer/jackson-tennessee/rv-service-repair,"48 Miller Ave, Jackson, TN 38305",Jackson,Tennessee,38305,35.6415362,-88.8584383,3.9,40,RV repair shop,Friday: ['9AM-6PM']; Monday: ['9AM-6PM']; Saturday: ['9AM-6PM']; Sunday: ['Closed']; Thursday: ['9AM-6PM']; Tuesday: ['9AM-6PM']; Wednesday: ['9AM-6PM'],no,no,1
Christian Brothers Automotive Jackson,+1 731-982-2701,https://www.cbac.com/jackson/%3Futm_source%3DGMB%26utm_medium%3Dorganic%26utm_campaign%3Djackson%26utm_content%3Dwebsite-cta,"2700 N Highland Ave, Jackson, TN 38305",Jackson,Tennessee,38305,35.6803684,-88.8296481,4.6,1157,Auto repair shop,Friday: ['7AM-6PM']; Monday: ['7AM-6PM']; Saturday: ['Closed']; Sunday: ['Closed']; Thursday: ['7AM-6PM']; Tuesday: ['7AM-6PM']; Wednesday: ['7AM-6PM'],no,no,1
Class 8 Truck & Trailer Repair,+1 731-444-0327,https://www.class8truckandtrailerrepair.com/,"2203a Hwy 70 E, Jackson, TN 38305",Jackson,Tennessee,38305,35.6875173,-88.7375931,4.5,60,Truck repair shop,Friday: ['Open 24 hours']; Monday: ['Open 24 hours']; Saturday: ['Open 24 hours']; Sunday: ['Open 24 hours']; Thursday: ['Open 24 hours']; Tuesday: ['Open 24 hours']; Wednesday: ['Open 24 hours'],yes,no,1
Coleman Taylor Transmissions,+1 731-424-7165,https://colemantaylorjackson.com/,"117 Airways Blvd, Jackson, TN 38301",Jackson,Tennessee,38301,35.6157029,-88.8247966,4.7,299,Transmission shop,Friday: ['7:30AM-5:30PM']; Monday: ['7:30AM-5:30PM']; Saturday: ['Closed']; Sunday: ['Closed']; Thursday: ['7:30AM-5:30PM']; Tuesday: ['7:30AM-5:30PM']; Wednesday: ['7:30AM-5:30PM'],no,no,1
DIGit Truck & Trailer,+1 731-300-3600,http://www.trucksdigit.com/,"2255 Hwy 70 E, Jackson, TN 38305",Jackson,Tennessee,38305,35.6904459,-88.7354911,4.3,62,Truck repair shop,Friday: ['Open 24 hours']; Monday: ['Open 24 hours']; Saturday: ['Open 24 hours']; Sunday: ['Open 24 hours']; Thursday: ['Open 24 hours']; Tuesday: ['Open 24 hours']; Wednesday: ['Open 24 hours'],yes,no,1
Dennis Mitchell Automotive,+1 731-424-1486,http://www.dennismitchellsautomotive.com/,"896 Hollywood Dr, Jackson, TN 38301",Jackson,Tennessee,38301,35.6237297,-88.8373551,4.4,151,Auto repair shop,Friday: ['7:45AM-5:30PM']; Monday: ['7:45AM-5:30PM']; Saturday: ['Closed']; Sunday: ['Closed']; Thursday: ['7:45AM-5:30PM']; Tuesday: ['7:45AM-5:30PM']; Wednesday: ['7:45AM-5:30PM'],no,no,1
Fast & cheap 24hr tire & truck repair,+1 731-571-2972,https://www.facebook.com/profile.php%3Fid%3D100090293889056%26mibextid%3DLQQJ4d,"104 Cheyenne Dr, Jackson, TN 38305",Jackson,Tennessee,38305,35.6914747,-88.8340066,5,8,Tire repair shop,Friday: ['Open 24 hours']; Monday: ['Open 24 hours']; Saturday: ['Open 24 hours']; Sunday: ['Open 24 hours']; Thursday: ['Open 24 hours']; Tuesday: ['Open 24 hours']; Wednesday: ['Open 24 hours'],yes,no,2
Golden Circle Tire and Service - Jackson,+1 731-424-1512,https://www.goldencircletire.com/%3Futm_source%3Dgmb%26utm_medium%3DYext,"22 Bond St, Jackson, TN 38301",Jackson,Tennessee,38301,35.5792476,-88.815929,4.8,530,Tire shop,Friday: ['8AM-5AM']; Monday: ['8AM-5AM']; Saturday: ['Closed']; Sunday: ['Closed']; Thursday: ['8AM-5AM']; Tuesday: ['8AM-5AM']; Wednesday: ['8AM-5AM'],no,no,1
"Guardian Auto Repair - Jackson, TN",+1 731-423-2888,http://guardianautorepair.net/contact.htm,"964 S Highland Ave, Jackson, TN 38301",Jackson,Tennessee,38301,35.5904142,-88.8134857,5,29,Car repair and maintenance service,Friday: ['9AM-6PM']; Monday: ['9AM-6PM']; Saturday: ['9AM-6PM']; Sunday: ['Closed']; Thursday: ['9AM-6PM']; Tuesday: ['9AM-6PM']; Wednesday: ['9AM-6PM'],no,no,1
Integrity Auto & Diesel Repair,+1 731-298-1061,https://integrityauto.live/,"43 Truck Center Dr, Jackson, TN 38305",Jackson,Tennessee,38305,35.6664255,-88.7536235,3.8,85,Truck repair shop,Friday: ['8AM-5PM']; Monday: ['8AM-5PM']; Saturday: ['Closed']; Sunday: ['Closed']; Thursday: ['8AM-5PM']; Tuesday: ['8AM-5PM']; Wednesday: ['8AM-5PM'],no,no,1
Jackson Mobile Semi Repair,+1 731-300-7277,,"511 E Main St, Jackson, TN 38301",Jackson,Tennessee,38301,35.6143379,-88.8129514,5,4,Truck repair shop,Friday: ['Open 24 hours']; Monday: ['Open 24 hours']; Saturday: ['Open 24 hours']; Sunday: ['Open 24 hours']; Thursday: ['Open 24 hours']; Tuesday: ['Open 24 hours']; Wednesday: ['Open 24 hours'],yes,yes,1
Jackson Super Mobile Truck & Trailer,+1 731-472-8218,,"244 W Baltimore St, Jackson, TN 38301",Jackson,Tennessee,38301,35.6133444,-88.8225554,3.7,3,Auto repair shop,Friday: ['Open 24 hours']; Monday: ['Open 24 hours']; Saturday: ['Open 24 hours']; Sunday: ['Open 24 hours']; Thursday: ['Open 24 hours']; Tuesday: ['Open 24 hours']; Wednesday: ['Open 24 hours'],yes,yes,1
Jackson Trailer Service Inc,+1 731-423-1533,https://www.jacksontrailerservice.com/,"20 E L. Morgan Dr, Jackson, TN 38305",Jackson,Tennessee,38305,35.6680806,-88.7539173,4.5,70,Trailer repair shop,Friday: ['7AM-5PM']; Monday: ['7AM-5PM']; Saturday: ['Closed']; Sunday: ['Closed']; Thursday: ['7AM-5PM']; Tuesday: ['7AM-5PM']; Wednesday: ['7AM-5PM'],no,no,1
Johnny Bold Auto Repair,+1 731-427-8662,,"1452 E Chester St, Jackson, TN 38301",Jackson,Tennessee,38301,35.6114984,-88.7925163,4.3,23,Auto repair shop,,no,no,1
KPS Truck and Trailer Repair,+1 731-616-3113,http://kpsrepair.com/,"58 Truck Center Dr, Jackson, TN 38305",Jackson,Tennessee,38305,35.6657768,-88.7533726,4.7,141,Truck repair shop,Friday: ['Open 24 hours']; Monday: ['Open 24 hours']; Saturday: ['Open 24 hours']; Sunday: ['Open 24 hours']; Thursday: ['Open 24 hours']; Tuesday: ['Open 24 hours']; Wednesday: ['Open 24 hours'],yes,no,2
Love's Truck Care,+1 731-422-0901,https://www.loves.com/locations/244,"2050 Hwy 70 E, Jackson, TN 38305",Jackson,Tennessee,38305,35.6790656,-88.740526,3.3,36,Truck repair shop,Friday: ['6AM-11PM']; Monday: ['6AM-11PM']; Saturday: ['6AM-11PM']; Sunday: ['6AM-11PM']; Thursday: ['6AM-11PM']; Tuesday: ['6AM-11PM']; Wednesday: ['6AM-11PM'],yes,no,2
MHC Kenworth - Jackson,+1 731-423-1214,https://mhc.com/locations/mhc-kenworth-jackson,"200 Kenworth Blvd, Jackson, TN 38305",Jackson,Tennessee,38305,35.6799361,-88.7850107,4,404,Truck repair shop,Friday: ['6:30AM-12AM']; Monday: ['6:30AM-12AM']; Saturday: ['7AM-5:30PM']; Sunday: ['7AM-5:30PM']; Thursday: ['6:30AM-12AM']; Tuesday: ['6:30AM-12AM']; Wednesday: ['6:30AM-12AM'],no,no,1
Mann's Wrecker Service,+1 731-424-2173,https://www.mannswrecker.com/,"2100 Hwy 70 E, Jackson, TN 38305",Jackson,Tennessee,38305,35.6819648,-88.7403564,4.6,469,Truck repair shop,Friday: ['Open 24 hours']; Monday: ['Open 24 hours']; Saturday: ['Open 24 hours']; Sunday: ['Open 24 hours']; Thursday: ['Open 24 hours']; Tuesday: ['Open 24 hours']; Wednesday: ['Open 24 hours'],yes,no,1
Northside Auto Service,+1 731-664-6933,https://www.northsideautoservicetn.com/,"3780 US-45, Jackson, TN 38305",Jackson,Tennessee,38305,35.7130027,-88.8355182,4.8,595,Auto repair shop,Friday: ['7:30AM-5:30PM']; Monday: ['7:30AM-5:30PM']; Saturday: ['Closed']; Sunday: ['Closed']; Thursday: ['7:30AM-5:30PM']; Tuesday: ['7:30AM-5:30PM']; Wednesday: ['7:30AM-5:30PM'],no,no,1
Pilot Travel Center,+1 731-422-5545,https://locations.pilotflyingj.com/us/tn/jackson/30-sand-pebble-dr,"30 Sand Pebble Drive, Jackson, TN 38305",Jackson,Tennessee,38305,35.6829452,-88.777589,3.9,1999,Truck stop,Friday: ['Open 24 hours']; Monday: ['Open 24 hours']; Saturday: ['Open 24 hours']; Sunday: ['Open 24 hours']; Thursday: ['Open 24 hours']; Tuesday: ['Open 24 hours']; Wednesday: ['Open 24 hours'],yes,no,1
Priser Customs & Repair,+1 731-343-9199,http://prisercustoms.com/,"12 Wild Valley Dr, Jackson, TN 38305",Jackson,Tennessee,38305,35.6934228,-88.7694983,4.8,124,Mechanic,Friday: ['7:30AM-8PM']; Monday: ['7:30AM-8PM']; Saturday: ['7:30AM-8PM']; Sunday: ['7:30AM-8PM']; Thursday: ['7:30AM-8PM']; Tuesday: ['7:30AM-8PM']; Wednesday: ['7:30AM-8PM'],no,no,1
Ralphs Mobile RV repair service,+1 731-467-3049,http://ralphsmobilervrepair.com/,"2171 Hwy 70 E, Jackson, TN 38305",Jackson,Tennessee,38305,35.6850494,-88.7398159,4.9,94,RV repair shop,Friday: ['7AM-6PM']; Monday: ['7AM-6PM']; Saturday: ['7AM-6PM']; Sunday: ['Closed']; Thursday: ['7AM-6PM']; Tuesday: ['7AM-6PM']; Wednesday: ['7AM-6PM'],no,yes,1
Rebiha Auto Repair,+1 731-424-5032,,"103 Irby St, Jackson, TN 38301",Jackson,Tennessee,38301,35.6160243,-88.8111155,,,Auto repair shop,,no,no,1
Sowell's Diesel Repair,+1 731-664-9896,,"80 Ridgecrest Rd # B, Jackson, TN 38305",Jackson,Tennessee,38305,35.6669994,-88.8255273,4.5,8,Auto repair shop,,no,no,1
"Sterling Auto Service, LLC",+1 731-664-5782,http://sterlingautoservicellc.com/,"21 Holiday Dr, Jackson, TN 38305",Jackson,Tennessee,38305,35.678583,-88.8310906,4.6,133,Auto repair shop,Friday: ['7:30AM-5:30PM']; Monday: ['7:30AM-5:30PM']; Saturday: ['Closed']; Sunday: ['Closed']; Thursday: ['7:30AM-5:30PM']; Tuesday: ['7:30AM-5:30PM']; Wednesday: ['7:30AM-5:30PM'],no,no,1
"TAG Truck Center Jackson, TN",+1 731-423-3782,https://www.tntxtruck.com/Locations/Tennessee/Jackson,"3655 Ridgecrest Road Ext, Jackson, TN 38305",Jackson,Tennessee,38305,35.6770781,-88.7514946,4.3,434,Truck repair shop,Friday: ['7AM-6PM']; Monday: ['7AM-6PM']; Saturday: ['7AM-3PM']; Sunday: ['Closed']; Thursday: ['7AM-6PM']; Tuesday: ['7AM-6PM']; Wednesday: ['7AM-6PM'],no,no,1
"Taylor Diesel of Jackson, an M&D Company",+1 731-427-0856,http://taylordiesel.com/,"724-D Airways Blvd, Jackson, TN 38301",Jackson,Tennessee,38301,35.6179096,-88.8565966,4.3,24,Diesel engine repair service,Friday: ['8AM-5PM']; Monday: ['8AM-5PM']; Saturday: ['Closed']; Sunday: ['Closed']; Thursday: ['8AM-5PM']; Tuesday: ['8AM-5PM']; Wednesday: ['8AM-5PM'],no,no,1
Tri-State Truck Center,+1 731-664-1860,http://www.tristatetruck.com/,"2560 Bells Hwy, Jackson, TN 38305",Jackson,Tennessee,38305,35.6616962,-88.8828695,3.7,136,Truck repair shop,Friday: ['7AM-5PM']; Monday: ['7AM-5PM']; Saturday: ['7AM-3PM']; Sunday: ['Closed']; Thursday: ['7AM-5PM']; Tuesday: ['7AM-5PM']; Wednesday: ['7AM-5PM'],no,no,1
Triple J Sales & Service,+1 731-780-2175,,"2575 Lower Brownsville Rd, Jackson, TN 38301",Jackson,Tennessee,38301,35.652135,-89.0555938,4,1,Trailer repair shop,,no,no,1
Volunteer International Truck Dealership,+1 731-422-3411,http://www.volunteerintl.com/,"626 Airways Blvd, Jackson, TN 38301",Jackson,Tennessee,38301,35.6171257,-88.8461563,4.5,98,Diesel engine repair service,Friday: ['7:30AM-5PM']; Monday: ['7:30AM-5PM']; Saturday: ['Closed']; Sunday: ['Closed']; Thursday: ['7:30AM-5PM']; Tuesday: ['7:30AM-5PM']; Wednesday: ['7:30AM-5PM'],no,no,1
Yancey's Lift Truck Services,+1 731-421-8866,,"129 Anglin Ln, Jackson, TN 38301",Jackson,Tennessee,38301,35.6115004,-88.9078689,4.7,3,Truck repair shop,,no,no,1
Specialized Truck Repair,+1 615-378-1600,https://www.specializedtruckrepair.com/,"155 Petro Rd, Kingston Springs, TN 37082",Kingston Springs,Tennessee,37082,36.0832023,-87.0924296,4,89,Truck repair shop,Friday: ['Open 24 hours']; Monday: ['Open 24 hours']; Saturday: ['Open 24 hours']; Sunday: ['Open 24 hours']; Thursday: ['Open 24 hours']; Tuesday: ['Open 24 hours']; Wednesday: ['Open 24 hours'],yes,no,1
ACT Roadside Assistance,+1 866-597-5872,https://www.actroadsideassistance.com/,"2317 Barker Ave, Knoxville, TN 37915",Knoxville,Tennessee,37915,35.9754914,-83.8883603,5,409,Towing service,Friday: ['Open 24 hours']; Monday: ['Open 24 hours']; Saturday: ['Open 24 hours']; Sunday: ['Closed']; Thursday: ['Open 24 hours']; Tuesday: ['Open 24 hours']; Wednesday: ['Open 24 hours'],yes,no,1
"American Trailer Parts, LLC",+1 865-584-1984,http://americantrailerparts.com/,"4316 Clinton Hwy, Knoxville, TN 37912",Knoxville,Tennessee,37912,36.0000091,-83.9651863,4.6,104,Trailer supply store,Friday: ['8AM-5PM']; Monday: ['8AM-5PM']; Saturday: ['Closed']; Sunday: ['Closed']; Thursday: ['8AM-5PM']; Tuesday: ['8AM-5PM']; Wednesday: ['8AM-5PM'],no,no,1
AnyTime Towing & Recovery,+1 865-622-4604,https://www.anytimetowing24.com/,"1010 Cedarwood St, Knoxville, TN 37914",Knoxville,Tennessee,37914,36.0083807,-83.8759308,4.2,1310,Towing service,Friday: ['Open 24 hours']; Monday: ['Open 24 hours']; Saturday: ['Open 24 hours']; Sunday: ['Open 24 hours']; Thursday: ['Open 24 hours']; Tuesday: ['Open 24 hours']; Wednesday: ['Open 24 hours'],yes,no,1
Axle Logistics,+1 800-693-1779,http://www.axlelogistics.com/,"835 N Central St, Knoxville, TN 37917",Knoxville,Tennessee,37917,35.9768371,-83.9250335,4.4,872,Logistics service,Friday: ['Open 24 hours']; Monday: ['Open 24 hours']; Saturday: ['8AM-3:30PM']; Sunday: ['8AM-3PM']; Thursday: ['Open 24 hours']; Tuesday: ['Open 24 hours']; Wednesday: ['Open 24 hours'],yes,no,1
B & M Automotive & Diesel Service,+1 865-922-7111,https://www.autorepairknoxvilletn.com/,"7301 Maynardville Pike, Knoxville, TN 37938",Knoxville,Tennessee,37938,36.0843518,-83.9275767,4.5,170,Auto repair shop,Friday: ['8AM-5:30PM']; Monday: ['8AM-5:30PM']; Saturday: ['Closed']; Sunday: ['Closed']; Thursday: ['8AM-5:30PM']; Tuesday: ['8AM-5:30PM']; Wednesday: ['8AM-5:30PM'],no,no,1
B & R Automotive & Diesel Mach,+1 865-573-7109,,"6542 Chapman Hwy, Knoxville, TN 37920",Knoxville,Tennessee,37920,35.9213541,-83.8623967,4.7,61,Auto machine shop,Friday: ['7:30AM-4PM']; Monday: ['7:30AM-4PM']; Saturday: ['Closed']; Sunday: ['Closed']; Thursday: ['7:30AM-4AM']; Tuesday: ['7:30AM-4PM']; Wednesday: ['Closed'],no,no,1
Best Truck -N- Trailer Repair,+1 865-694-4099,,"6221 Old Rutledge Pike, Knoxville, TN 37924",Knoxville,Tennessee,37924,36.0308066,-83.8398185,4.1,7,Truck repair shop,Friday: ['8AM-5PM']; Monday: ['8AM-5PM']; Saturday: ['Closed']; Sunday: ['Closed']; Thursday: ['8AM-5PM']; Tuesday: ['8AM-5PM']; Wednesday: ['8AM-5PM'],no,no,1
CAR FIX Western Avenue,+1 865-558-6911,https://teamcarfix.com/locations/western-ave/,"4724 Western Ave, Knoxville, TN 37921",Knoxville,Tennessee,37921,35.9754401,-83.9958462,4.8,710,Auto repair shop,Friday: ['7AM-6PM']; Monday: ['7AM-6PM']; Saturday: ['Closed']; Sunday: ['Closed']; Thursday: ['7AM-6PM']; Tuesday: ['7AM-6PM']; Wednesday: ['7AM-6PM'],no,no,1
Campers Inn RV of Knoxville Service Center,+1 865-424-5676,https://www.campersinn.com/rv-service,"835 Huckleberry Springs Rd, Knoxville, TN 37924",Knoxville,Tennessee,37924,36.0047568,-83.7694563,3.3,7,RV repair shop,Friday: ['8AM-5PM']; Monday: ['8AM-5PM']; Saturday: ['8AM-5PM']; Sunday: ['Closed']; Thursday: ['8AM-5PM']; Tuesday: ['8AM-5PM']; Wednesday: ['8AM-5PM'],no,no,1
Certified Diesel Solutions,+1 865-964-6598,http://cdspros.com/,"5320 S National Dr, Knoxville, TN 37914",Knoxville,Tennessee,37914,35.9452148,-83.8271829,5,3,Auto repair shop,Friday: ['8AM-5PM']; Monday: ['8AM-5PM']; Saturday: ['Closed']; Sunday: ['Closed']; Thursday: ['8AM-5PM']; Tuesday: ['8AM-5PM']; Wednesday: ['8AM-5PM'],no,no,1
City Diesel Inc,+1 865-687-6389,https://cdkdiesel.com/,"113 Dante Rd, Knoxville, TN 37918",Knoxville,Tennessee,37918,36.0281189,-83.9924024,4.3,48,Farm equipment repair service,Friday: ['8AM-4:45PM']; Monday: ['8AM-4:45PM']; Saturday: ['Closed']; Sunday: ['Closed']; Thursday: ['8AM-4:45PM']; Tuesday: ['8AM-4:45PM']; Wednesday: ['8AM-4:45PM'],no,no,1
"Clarke Power Services, Inc.",+1 865-689-3722,https://www.clarkepowerservices.com/locations/knoxville-tn,"1429 Ault Rd, Knoxville, TN 37914",Knoxville,Tennessee,37914,36.0108634,-83.8754924,4.2,56,Truck repair shop,Friday: ['7AM-4PM']; Monday: ['7AM-4PM']; Saturday: ['Closed']; Sunday: ['Closed']; Thursday: ['7AM-4PM']; Tuesday: ['7AM-4PM']; Wednesday: ['7AM-4PM'],no,no,1
Cummins Sales and Service,+1 865-523-0446,https://www.cummins.com/sales-and-service%3Futm_source%3DGMB%26utm_medium%3Dyext,"1211 Ault Rd, Knoxville, TN 37914",Knoxville,Tennessee,37914,36.0093231,-83.8743872,4,82,Truck repair shop,Friday: ['7:30AM-4PM']; Monday: ['7:30AM-4PM']; Saturday: ['Closed']; Sunday: ['Closed']; Thursday: ['7:30AM-4PM']; Tuesday: ['7:30AM-4PM']; Wednesday: ['7:30AM-4PM'],no,no,1
Dave's mobile mechanic llc,+1 828-678-0408,http://davesmobilemechanic.shop/,"4045 Kingston Pike, Knoxville, TN 37919",Knoxville,Tennessee,37919,35.9434527,-83.9723778,4.8,252,Auto repair shop,Friday: ['10AM-3PM']; Monday: ['10AM-3PM']; Saturday: ['Closed']; Sunday: ['Closed']; Thursday: ['10AM-3PM']; Tuesday: ['10AM-3PM']; Wednesday: ['10AM-3PM'],no,yes,1
Diesel Heads,+1 865-282-3206,https://dieselheads.com/,"4305 Greenway Dr, Knoxville, TN 37918",Knoxville,Tennessee,37918,36.033353,-83.897276,3.9,52,Diesel engine repair service,Friday: ['8AM-4:30PM']; Monday: ['8AM-4:30PM']; Saturday: ['Closed']; Sunday: ['Closed']; Thursday: ['8AM-4:30PM']; Tuesday: ['8AM-4:30PM']; Wednesday: ['8AM-4:30PM'],no,no,1
East Tennessee Truck & Trailer Repair,+1 865-660-2378,http://truckrepairknoxville.com/,"6221 Old Rutledge Pike, Knoxville, TN 37924",Knoxville,Tennessee,37924,36.0304428,-83.8398607,4.5,140,Truck repair shop,Friday: ['8AM-5PM']; Monday: ['8AM-5PM']; Saturday: ['8AM-12:30PM']; Sunday: ['Closed']; Thursday: ['8AM-5PM']; Tuesday: ['8AM-5PM']; Wednesday: ['8AM-5PM'],no,no,1
Eurotech Knoxville,+1 865-213-2858,https://eurotechknoxville.com/%3Futm_source%3Dgoogle%26utm_medium%3Dgmb,"7223 Oak Ridge Hwy, Knoxville, TN 37931",Knoxville,Tennessee,37931,35.9879268,-84.0786963,4.6,229,Auto repair shop,"Friday: ['7:30-11:30AM']; Monday: ['7:30AM-12PM', '1-5:30PM']; Saturday: ['Closed']; Sunday: ['Closed']; Thursday: ['7:30AM-12PM', '1-5:30PM']; Tuesday: ['7:30AM-12PM', '1-5:30PM']; Wednesday: ['7:30AM-12PM', '1-5:30PM']",no,no,1
Flacks Automotive Mobile Mechanic Services we have a $100.00 service charge fee all prices have increased,+1 865-406-4153,,"2100 Western Ave, Knoxville, TN 37921",Knoxville,Tennessee,37921,35.9674513,-83.9474264,4.1,73,Mechanic,Friday: ['9AM-6:30PM']; Monday: ['9AM-6:30PM']; Saturday: ['9AM-6:30PM']; Sunday: ['9AM-6:30PM']; Thursday: ['9AM-6:30PM']; Tuesday: ['9AM-6:30PM']; Wednesday: ['9AM-6:30PM'],no,yes,1
Fleet Services of Knoxville,+1 865-339-4904,http://www.fleetservicesknoxville.com/,"1015 Cedarwood St, Knoxville, TN 37914",Knoxville,Tennessee,37914,36.0083152,-83.8770117,4.2,60,Auto repair shop,Friday: ['8AM-5PM']; Monday: ['8AM-5PM']; Saturday: ['Closed']; Sunday: ['Closed']; Thursday: ['8AM-5PM']; Tuesday: ['8AM-5PM']; Wednesday: ['8AM-5PM'],no,no,1
FleetPride,+1 865-525-2489,https://branches.fleetpride.com/tn/knoxville/truckparts-knx.html,"4539 Rutledge Pike, Knoxville, TN 37914",Knoxville,Tennessee,37914,36.0105352,-83.87135,4.5,63,Truck parts supplier,Friday: ['7:30AM-5PM']; Monday: ['7:30AM-5PM']; Saturday: ['8AM-12PM']; Sunday: ['Closed']; Thursday: ['7:30AM-5PM']; Tuesday: ['7:30AM-5PM']; Wednesday: ['7:30AM-5PM'],no,no,1
Floyd's Wrecker Services,+1 865-577-8212,,"135 Hawthorne Ave, Knoxville, TN 37920",Knoxville,Tennessee,37920,35.9522072,-83.9166254,3.2,389,Auto wrecker,Friday: ['Open 24 hours']; Monday: ['Open 24 hours']; Saturday: ['Open 24 hours']; Sunday: ['Open 24 hours']; Thursday: ['Open 24 hours']; Tuesday: ['Open 24 hours']; Wednesday: ['Open 24 hours'],yes,no,1
Greater Tennessee Truck Repair,+1 865-523-6230,,"2924 Asbury Rd, Knoxville, TN 37914",Knoxville,Tennessee,37914,35.9569851,-83.820809,3.6,31,Truck repair shop,Friday: ['Open 24 hours']; Monday: ['Open 24 hours']; Saturday: ['Open 24 hours']; Sunday: ['Open 24 hours']; Thursday: ['Open 24 hours']; Tuesday: ['Open 24 hours']; Wednesday: ['Open 24 hours'],yes,no,1
Hofker Automotive Diagnostic,+1 865-573-9171,,"8323 Chapman Hwy, Knoxville, TN 37920",Knoxville,Tennessee,37920,35.8991713,-83.8157275,4.8,59,Auto repair shop,Friday: ['Closed']; Monday: ['8AM-5PM']; Saturday: ['Closed']; Sunday: ['Closed']; Thursday: ['Closed']; Tuesday: ['8AM-5PM']; Wednesday: ['8AM-5PM'],no,no,1
Interstate Repair Services,+1 865-637-4986,http://www.interstaterepairservice.com/,"2208 Thorngrove Pike, Knoxville, TN 37914",Knoxville,Tennessee,37914,35.9734632,-83.8385327,3.7,99,RV repair shop,Friday: ['8AM-5PM']; Monday: ['8AM-5PM']; Saturday: ['Closed']; Sunday: ['Closed']; Thursday: ['8AM-5PM']; Tuesday: ['8AM-5PM']; Wednesday: ['8AM-5PM'],no,no,1
Knox Precision Auto& Diesel Repair,+1 865-381-2990,,"1710 McCalla Ave, Knoxville, TN 37915",Knoxville,Tennessee,37915,35.976244,-83.9060418,3.5,2,Mechanic,Friday: ['8AM-6PM']; Monday: ['8AM-6PM']; Saturday: ['Closed']; Sunday: ['Closed']; Thursday: ['8AM-6PM']; Tuesday: ['8AM-6PM']; Wednesday: ['8AM-6PM'],no,no,1
Knox Speed and Diesel,+1 865-351-3941,https://knoxspeedanddiesel.com/%3Futm_source%3Dgoogle%26utm_medium%3Dorganic%26utm_campaign%3Dgbp_website_link,"227 Sherway Rd, Knoxville, TN 37922",Knoxville,Tennessee,37922,35.910254,-84.1109522,4.7,74,Auto repair shop,Friday: ['7:30AM-5:30PM']; Monday: ['7:30AM-5:30PM']; Saturday: ['9AM-5PM']; Sunday: ['Closed']; Thursday: ['7:30AM-5:30PM']; Tuesday: ['7:30AM-5:30PM']; Wednesday: ['7:30AM-5:30PM'],no,no,1
"Knox Trailers, Inc.",+1 865-523-1115,http://www.kptrailers.com/,"2607 Middlebrook Pike, Knoxville, TN 37921",Knoxville,Tennessee,37921,35.9648215,-83.9549441,4.5,105,Trailer repair shop,Friday: ['7AM-5PM']; Monday: ['7AM-5PM']; Saturday: ['Closed']; Sunday: ['Closed']; Thursday: ['7AM-5PM']; Tuesday: ['7AM-5PM']; Wednesday: ['7AM-5PM'],no,no,1
Knoxville On-Site Truck Repair,,,"4408 Hinton Dr, Knoxville, TN 37921",Knoxville,Tennessee,37921,35.9737643,-83.9869609,,,Truck repair shop,Friday: ['Open 24 hours']; Monday: ['Open 24 hours']; Saturday: ['Open 24 hours']; Sunday: ['Open 24 hours']; Thursday: ['Open 24 hours']; Tuesday: ['Open 24 hours']; Wednesday: ['Open 24 hours'],yes,no,1
Knoxville Spring Services,+1 865-687-0069,,"1116 Dutch Valley Dr, Knoxville, TN 37918",Knoxville,Tennessee,37918,36.0089831,-83.9456403,4.4,60,Truck repair shop,Friday: ['8AM-4PM']; Monday: ['8AM-4PM']; Saturday: ['Closed']; Sunday: ['Closed']; Thursday: ['8AM-4PM']; Tuesday: ['8AM-4PM']; Wednesday: ['8AM-4PM'],no,no,1
Lloyd Cabe Truck Repair,+1 865-523-2955,,"1919 Maryland Ave, Knoxville, TN 37921",Knoxville,Tennessee,37921,35.9751405,-83.9551986,3.8,20,Truck repair shop,Friday: ['Open 24 hours']; Monday: ['Open 24 hours']; Saturday: ['Open 24 hours']; Sunday: ['Open 24 hours']; Thursday: ['Open 24 hours']; Tuesday: ['Open 24 hours']; Wednesday: ['Open 24 hours'],yes,no,1
Lowes Garage and Towing,+1 865-525-4982,,"1120 Louisiana Ave, Knoxville, TN 37921",Knoxville,Tennessee,37921,35.984714,-83.9517303,4.4,30,Truck repair shop,Friday: ['7AM-5PM']; Monday: ['7AM-5PM']; Saturday: ['Closed']; Sunday: ['Closed']; Thursday: ['7AM-5PM']; Tuesday: ['7AM-5PM']; Wednesday: ['7AM-5PM'],no,no,1
Lynx Emissions,+1 800-619-4456,https://www.lynxemissions.com/,"2515 Hoitt Ave, Knoxville, TN 37917",Knoxville,Tennessee,37917,35.9950641,-83.9061457,5,144,Diesel engine repair service,Friday: ['7AM-4PM']; Monday: ['7AM-4PM']; Saturday: ['Closed']; Sunday: ['Closed']; Thursday: ['7AM-4PM']; Tuesday: ['7AM-4PM']; Wednesday: ['7AM-4PM'],no,no,1
MHC Carrier Transicold - Knoxville,+1 865-637-9202,https://mhc.com/locations/mhc-carrier-transicold-knoxville,"1400 Ault Rd, Knoxville, TN 37914",Knoxville,Tennessee,37914,36.0112191,-83.8745585,4.5,87,Truck dealer,Friday: ['8AM-5PM']; Monday: ['8AM-5PM']; Saturday: ['Closed']; Sunday: ['Closed']; Thursday: ['8AM-5PM']; Tuesday: ['8AM-5PM']; Wednesday: ['8AM-5PM'],no,no,1
Mannis Truck Repair,+1 865-544-7374,,"3445 E Governor John Sevier Hwy, Knoxville, TN 37914",Knoxville,Tennessee,37914,35.9722728,-83.8279947,4.7,35,Truck repair shop,Friday: ['7:30AM-4PM']; Monday: ['7:30AM-4PM']; Saturday: ['Closed']; Sunday: ['Closed']; Thursday: ['7:30AM-4PM']; Tuesday: ['7:30AM-4PM']; Wednesday: ['7:30AM-4PM'],no,no,1
Metro Trailers,+1 865-546-4471,,"2720 Thorngrove Pike, Knoxville, TN 37914",Knoxville,Tennessee,37914,35.9649784,-83.8208153,4.2,28,Trailer repair shop,Friday: ['8AM-5PM']; Monday: ['8AM-5PM']; Saturday: ['Closed']; Sunday: ['Closed']; Thursday: ['8AM-5PM']; Tuesday: ['8AM-5PM']; Wednesday: ['8AM-5PM'],no,no,1
Mobile Truck & Trailer Repair of Knoxville,+1 865-424-7502,https://knoxvilletrucktrailerrepair.com/,"1608 Maryville Pike, Knoxville, TN 37920",Knoxville,Tennessee,37920,35.9190633,-83.9291267,4,4,Truck repair shop,Friday: ['Open 24 hours']; Monday: ['Open 24 hours']; Saturday: ['Open 24 hours']; Sunday: ['Open 24 hours']; Thursday: ['Open 24 hours']; Tuesday: ['Open 24 hours']; Wednesday: ['Open 24 hours'],yes,yes,1
Mobile Truck Repair Knoxville,+1 865-351-6173,http://mobiletruckrepairknoxville.com/,"6508 Deane Hill Dr, Knoxville, TN 37919",Knoxville,Tennessee,37919,35.9288215,-84.0100361,3.5,19,Truck repair shop,Friday: ['Open 24 hours']; Monday: ['Open 24 hours']; Saturday: ['Open 24 hours']; Sunday: ['Open 24 hours']; Thursday: ['Open 24 hours']; Tuesday: ['Open 24 hours']; Wednesday: ['Open 24 hours'],yes,yes,1
Mobile Truck Repair Knoxville,+1 865-432-1948,http://mobiletruckrepairknoxville.com/640-n-gay-st-knoxville-tn-37917,"640 N Gay St, Knoxville, TN 37917",Knoxville,Tennessee,37917,35.973829,-83.922848,3,3,Truck repair shop,Friday: ['Open 24 hours']; Monday: ['Open 24 hours']; Saturday: ['Open 24 hours']; Sunday: ['Open 24 hours']; Thursday: ['Open 24 hours']; Tuesday: ['Open 24 hours']; Wednesday: ['Open 24 hours'],yes,yes,1
Mobile Truck Services Knoxville,+1 865-252-4552,,"11560 E Emory Rd, Knoxville, TN 37938",Knoxville,Tennessee,37938,36.1187533,-83.8688527,5,1,Truck repair shop,Friday: ['Open 24 hours']; Monday: ['Open 24 hours']; Saturday: ['Open 24 hours']; Sunday: ['Open 24 hours']; Thursday: ['Open 24 hours']; Tuesday: ['Open 24 hours']; Wednesday: ['Open 24 hours'],yes,yes,1
Moon Repair Welding & Fab,+1 865-661-5032,,"6832 Barger Pond Way, Knoxville, TN 37912",Knoxville,Tennessee,37912,36.0170994,-84.0138715,5,5,Diesel engine repair service,Friday: ['8AM-6PM']; Monday: ['8AM-6PM']; Saturday: ['Closed']; Sunday: ['Closed']; Thursday: ['8AM-6PM']; Tuesday: ['8AM-6PM']; Wednesday: ['8AM-6PM'],no,no,1
Moonshine Diesel,+1 865-730-3156,https://bootleggerindustries.com/,"7420 Asheville Hwy, Knoxville, TN 37924",Knoxville,Tennessee,37924,36.0204827,-83.7813878,4.9,28,Diesel engine repair service,Friday: ['9AM-6PM']; Monday: ['9AM-6PM']; Saturday: ['Closed']; Sunday: ['Closed']; Thursday: ['9AM-6PM']; Tuesday: ['9AM-6PM']; Wednesday: ['9AM-6PM'],no,no,1
Moore 4 Less Auto Repair,+1 865-579-5519,https://www.moore4lessautorepair.net/,"3041 N Central St, Knoxville, TN 37917",Knoxville,Tennessee,37917,35.9935167,-83.9482252,4.7,399,Auto repair shop,Friday: ['8AM-6PM']; Monday: ['8AM-6PM']; Saturday: ['8AM-5PM']; Sunday: ['Closed']; Thursday: ['8AM-6PM']; Tuesday: ['8AM-6PM']; Wednesday: ['8AM-6PM'],no,no,1
Myers Mobile RV Repair,+1 865-567-0649,,"5316 Avis Ln #6061, Knoxville, TN 37914",Knoxville,Tennessee,37914,35.9856028,-83.8356904,4.1,36,RV repair shop,,no,yes,1
Ole Ben Diesel,+1 865-237-9091,https://www.olebendiesel.com/,"9711 Kingston Pike, Knoxville, TN 37922",Knoxville,Tennessee,37922,35.9077553,-84.1089055,5,195,Used truck dealer,Friday: ['9AM-8PM']; Monday: ['9AM-8PM']; Saturday: ['9AM-8PM']; Sunday: ['Closed']; Thursday: ['9AM-8PM']; Tuesday: ['9AM-8PM']; Wednesday: ['9AM-8PM'],no,no,1
Outlaw Offroad - Knoxville,+1 865-312-6181,https://outlawknoxville.com/,"2025 Dutch Valley Dr Suite A, Knoxville, TN 37918",Knoxville,Tennessee,37918,36.0156428,-83.9316832,4.9,122,Truck repair shop,Friday: ['8AM-5PM']; Monday: ['8AM-5PM']; Saturday: ['Closed']; Sunday: ['Closed']; Thursday: ['8AM-5PM']; Tuesday: ['8AM-5PM']; Wednesday: ['8AM-5PM'],no,no,1
Post Onsite Tank Testing & Repair,+1 865-523-4067,https://postonsite.com/,"2600 Middlebrook Pike, Knoxville, TN 37921",Knoxville,Tennessee,37921,35.9631156,-83.9532775,4.6,72,Trailer repair shop,Friday: ['Open 24 hours']; Monday: ['Open 24 hours']; Saturday: ['12AM-6PM']; Sunday: ['Closed']; Thursday: ['Open 24 hours']; Tuesday: ['Open 24 hours']; Wednesday: ['Open 24 hours'],yes,no,1
"Post Trailer Repairs, Inc.",,,"1901 Sutherland Ave, Knoxville, TN 37921",Knoxville,Tennessee,37921,35.9618202,-83.9479842,3,2,Auto repair shop,,no,no,1
Powerhouse diesel,+1 865-640-2097,http://www.powerhouse-diesel.com/,"7664 Maynardville Pike, Knoxville, TN 37938",Knoxville,Tennessee,37938,36.0968874,-83.9140463,4.7,219,Truck repair shop,Friday: ['8:30AM-5PM']; Monday: ['8:30AM-5PM']; Saturday: ['Closed']; Sunday: ['Closed']; Thursday: ['8:30AM-5PM']; Tuesday: ['8:30AM-5PM']; Wednesday: ['8:30AM-5PM'],no,no,1
RT Clapp Automotive - a Main Street Auto shop,+1 865-213-5577,https://mainstreetauto.com/location/rt-clapp-automotive/,"2045 E Magnolia Ave, Knoxville, TN 37917",Knoxville,Tennessee,37917,35.9810761,-83.9026698,4.4,371,Auto repair shop,Friday: ['7AM-5PM']; Monday: ['7AM-5PM']; Saturday: ['Closed']; Sunday: ['Closed']; Thursday: ['7AM-5PM']; Tuesday: ['7AM-5PM']; Wednesday: ['7AM-5PM'],no,no,1
RV's For Less,+1 865-521-9112,http://www.rvsforless.net/,"8035 Rutledge Pike, Knoxville, TN 37924",Knoxville,Tennessee,37924,36.0529136,-83.7996902,4.6,104,RV repair shop,Friday: ['8:30AM-5:30PM']; Monday: ['8:30AM-5:30PM']; Saturday: ['10AM-2PM']; Sunday: ['Closed']; Thursday: ['8:30AM-5:30PM']; Tuesday: ['8:30AM-5:30PM']; Wednesday: ['8:30AM-5:30PM'],no,no,1
RVEE INC,+1 865-338-3369,https://www.rveeservices.com/,"7130 Regal Lane, Knoxville, TN 37918",Knoxville,Tennessee,37918,36.0792608,-83.9235433,4.9,429,RV repair shop,Friday: ['9AM-5PM']; Monday: ['9AM-5PM']; Saturday: ['9AM-12PM']; Sunday: ['Closed']; Thursday: ['9AM-5PM']; Tuesday: ['9AM-5PM']; Wednesday: ['9AM-5PM'],no,no,1
Reeder Truck and RV Center,+1 865-687-7711,,"4301 Clinton Hwy, Knoxville, TN 37912",Knoxville,Tennessee,37912,35.9987509,-83.9647266,4.6,14,Truck repair shop,Friday: ['8AM-6PM']; Monday: ['8AM-6PM']; Saturday: ['8AM-5PM']; Sunday: ['Closed']; Thursday: ['8AM-6PM']; Tuesday: ['8AM-6PM']; Wednesday: ['8AM-6PM'],no,no,1
Rhodes Truck Services,+1 865-971-1414,,"2810 Hoitt Ave, Knoxville, TN 37917",Knoxville,Tennessee,37917,35.9970481,-83.8996303,4.9,11,Truck repair shop,Friday: ['7:30AM-4PM']; Monday: ['7:30AM-4PM']; Saturday: ['Closed']; Sunday: ['Closed']; Thursday: ['7:30AM-4PM']; Tuesday: ['7:30AM-4PM']; Wednesday: ['7:30AM-4PM'],no,no,1
"Rocky Top Mobile RV Service, LLC",+1 412-216-1528,https://www.rockytopmobilervservice.com/,"5200 Oakhill Dr, Knoxville, TN 37912",Knoxville,Tennessee,37912,35.9931543,-83.982218,3.3,8,RV repair shop,Friday: ['9AM-7PM']; Monday: ['9AM-7PM']; Saturday: ['9AM-5PM']; Sunday: ['Closed']; Thursday: ['9AM-7PM']; Tuesday: ['9AM-7PM']; Wednesday: ['9AM-7PM'],no,yes,1
Ryder Truck Maintenance Shop,+1 865-637-0591,https://ryder.com/locations/USA/TN/KNOXVILLE/1247%3Futm_source%3Dlocal,"Maintenance Suite, 7509 Strawberry Plains Pike, Knoxville, TN 37924",Knoxville,Tennessee,37924,36.0078852,-83.7717652,4.5,47,Truck rental agency,Friday: ['7AM-11PM']; Monday: ['7AM-3:30PM']; Saturday: ['7AM-3:30PM']; Sunday: ['Closed']; Thursday: ['7AM-11PM']; Tuesday: ['7AM-11PM']; Wednesday: ['7AM-11PM'],no,no,1
SH Truck Repair MOBILE SERVICE ONLY,+1 865-315-7611,,"300 Wilona Ln, Knoxville, TN 37922",Knoxville,Tennessee,37922,35.9048607,-84.1271251,5,198,Truck repair shop,Friday: ['7AM-11PM']; Monday: ['7AM-11PM']; Saturday: ['7AM-11PM']; Sunday: ['Closed']; Thursday: ['7AM-11PM']; Tuesday: ['7AM-11PM']; Wednesday: ['7AM-11PM'],no,yes,1
Service Street Tire & Auto Repair,+1 865-564-9141,https://www.servicestreettennessee.com/knoxville%3Futm_source%3Dgoogle%26utm_medium%3Dorganic%26utm_campaign%3Dgbp-listing-store_9300,"7601 Maynardville Pike, Knoxville, TN 37938",Knoxville,Tennessee,37938,36.0939848,-83.9184791,4.5,582,Auto repair shop,Friday: ['7AM-6PM']; Monday: ['7AM-6PM']; Saturday: ['7AM-5PM']; Sunday: ['Closed']; Thursday: ['7AM-6PM']; Tuesday: ['7AM-6PM']; Wednesday: ['7AM-6PM'],no,no,1
Smoky Mountain Diesel Performance,+1 865-803-7811,https://www.smokymountaindiesel.com/,"6431 Rutledge Pike, Knoxville, TN 37924",Knoxville,Tennessee,37924,36.0397937,-83.832366,4.5,73,Auto repair shop,Friday: ['8:30AM-1:30PM']; Monday: ['8:30AM-5:30PM']; Saturday: ['Closed']; Sunday: ['Closed']; Thursday: ['8:30AM-5:30PM']; Tuesday: ['8:30AM-5:30PM']; Wednesday: ['8:30AM-5:30PM'],no,no,1
Speedco Truck Lube,+1 865-769-2373,https://www.loves.com/locations/932,"1701 Everett Rd, Knoxville, TN 37932",Knoxville,Tennessee,37932,35.8822029,-84.2380189,4.1,459,Truck repair shop,Friday: ['6AM-10PM']; Monday: ['6AM-10PM']; Saturday: ['8AM-6PM']; Sunday: ['8AM-6PM']; Thursday: ['6AM-10PM']; Tuesday: ['6AM-10PM']; Wednesday: ['6AM-10PM'],no,no,1
Spencer's Pro Diesel,+1 865-951-0784,http://spencersprodiesel.com/,"2216 W Governor John Sevier Hwy, Knoxville, TN 37920",Knoxville,Tennessee,37920,35.8910331,-83.9081621,4.7,59,Auto repair shop,Friday: ['8AM-5PM']; Monday: ['8AM-5PM']; Saturday: ['Closed']; Sunday: ['Closed']; Thursday: ['8AM-5PM']; Tuesday: ['8AM-5PM']; Wednesday: ['8AM-5PM'],no,no,1
T & T Fleet Services,+1 865-240-4944,,"4539 Rutledge Pike, Knoxville, TN 37914",Knoxville,Tennessee,37914,36.010641,-83.871229,4.6,39,Truck repair shop,Friday: ['7AM-4PM']; Monday: ['7AM-4PM']; Saturday: ['Closed']; Sunday: ['Closed']; Thursday: ['7AM-4PM']; Tuesday: ['7AM-4PM']; Wednesday: ['7AM-4PM'],no,no,1
TA Truck Service,+1 865-545-0574,https://www.ta-petro.com/,"615 Watt Rd, Knoxville, TN 37934",Knoxville,Tennessee,37934,35.8731025,-84.2378896,3.9,1060,Truck repair shop,Friday: ['Open 24 hours']; Monday: ['Open 24 hours']; Saturday: ['Open 24 hours']; Sunday: ['Open 24 hours']; Thursday: ['Open 24 hours']; Tuesday: ['Open 24 hours']; Wednesday: ['Open 24 hours'],yes,no,1
TA Truck Service,+1 865-693-3934,https://www.ta-petro.com/,"722 Watt Rd, Knoxville, TN 37934",Knoxville,Tennessee,37934,35.8770881,-84.2345656,3.8,303,Truck repair shop,Friday: ['Open 24 hours']; Monday: ['Open 24 hours']; Saturday: ['Open 24 hours']; Sunday: ['Open 24 hours']; Thursday: ['Open 24 hours']; Tuesday: ['Open 24 hours']; Wednesday: ['Open 24 hours'],yes,no,1
TNT HEAVY TRUCK AND TRAILER REPAIR . 24hr MOBILE,+1 865-243-5773,,"7220 Asheville Hwy, Knoxville, TN 37924",Knoxville,Tennessee,37924,36.0199063,-83.7897895,4.5,189,Truck repair shop,Friday: ['Open 24 hours']; Monday: ['Open 24 hours']; Saturday: ['Open 24 hours']; Sunday: ['Open 24 hours']; Thursday: ['Open 24 hours']; Tuesday: ['Open 24 hours']; Wednesday: ['Open 24 hours'],yes,yes,2
Tennessee Fleet Service,+1 865-300-2734,,"3445 E Governor John Sevier Hwy, Knoxville, TN 37914",Knoxville,Tennessee,37914,35.971813,-83.827835,4.4,19,Truck repair shop,Friday: ['Open 24 hours']; Monday: ['Open 24 hours']; Saturday: ['Open 24 hours']; Sunday: ['Open 24 hours']; Thursday: ['Open 24 hours']; Tuesday: ['Open 24 hours']; Wednesday: ['Open 24 hours'],yes,no,2
Tennessee Valley Diesel,+1 865-309-5129,,"3543 Kenilworth Ln NE, Knoxville, TN 37914",Knoxville,Tennessee,37914,36.0111037,-83.8908528,4.5,8,Mechanic,Friday: ['9AM-4:30PM']; Monday: ['9AM-4:30PM']; Saturday: ['Closed']; Sunday: ['Closed']; Thursday: ['9AM-4:30PM']; Tuesday: ['9AM-4:30PM']; Wednesday: ['9AM-4:30PM'],no,no,1
The Peterbilt Store - Knoxville,+1 865-546-9553,https://www.thepetestore.com/w/knoxville-tn,"5218 Rutledge Pike, Knoxville, TN 37924",Knoxville,Tennessee,37924,36.0180279,-83.8577207,4.3,383,Truck repair shop,Friday: ['6AM-6PM']; Monday: ['6AM-6PM']; Saturday: ['Closed']; Sunday: ['Closed']; Thursday: ['6AM-6PM']; Tuesday: ['6AM-6PM']; Wednesday: ['6AM-6PM'],no,no,1
Thompson Truck Group,+1 865-637-4881,https://www.thompsontruckgroup.com/,"4550 Rutledge Pike, Knoxville, TN 37914",Knoxville,Tennessee,37914,36.0100939,-83.8702951,4.1,308,Truck repair shop,Friday: ['7AM-5PM']; Monday: ['7AM-5PM']; Saturday: ['Closed']; Sunday: ['Closed']; Thursday: ['7AM-5PM']; Tuesday: ['7AM-5PM']; Wednesday: ['7AM-5PM'],no,no,1
Thompson Truck Group Trailer Parts & Services,+1 865-546-9781,https://www.thompsontruckgroup.com/,"4801 Rutledge Pike #3228, Knoxville, TN 37914",Knoxville,Tennessee,37914,36.0135936,-83.8667594,4.3,60,Truck repair shop,Friday: ['8AM-5PM']; Monday: ['8AM-5PM']; Saturday: ['Closed']; Sunday: ['Closed']; Thursday: ['8AM-5PM']; Tuesday: ['8AM-5PM']; Wednesday: ['8AM-5PM'],no,no,1
Titan Trailer Repair and Sales,+1 865-500-8171,,"3621 Pleasant Ridge Rd, Knoxville, TN 37921",Knoxville,Tennessee,37921,35.9768914,-83.9728261,4.7,55,Trailer repair shop,Friday: ['7AM-4:30PM']; Monday: ['7AM-4:30PM']; Saturday: ['8AM-12PM']; Sunday: ['Closed']; Thursday: ['7AM-4:30PM']; Tuesday: ['7AM-4:30PM']; Wednesday: ['7AM-4:30PM'],no,no,1
"Trailer Specialists of Knoxville, LLC",+1 865-219-7294,http://www.trailerspecialist.net/,"8724 Rutledge Pike, Knoxville, TN 37924",Knoxville,Tennessee,37924,36.071667,-83.7723225,4.5,100,Trailer repair shop,Friday: ['7:30AM-4PM']; Monday: ['7:30AM-5PM']; Saturday: ['Closed']; Sunday: ['Closed']; Thursday: ['7:30AM-5PM']; Tuesday: ['7:30AM-5PM']; Wednesday: ['7:30AM-5PM'],no,no,1
Tri County Auto Fleet Services,+1 865-577-8888,https://www.tricountyautofleet.com/,"119 Stone Rd SW, Knoxville, TN 37920",Knoxville,Tennessee,37920,35.9226032,-83.8989095,4.9,19,Truck repair shop,Friday: ['8AM-5PM']; Monday: ['8AM-5PM']; Saturday: ['Closed']; Sunday: ['Closed']; Thursday: ['8AM-5PM']; Tuesday: ['8AM-5PM']; Wednesday: ['8AM-5PM'],no,no,1
Unlimited RV,+1 865-200-4162,https://www.unlimitedrvtn.com/%3Futm_source%3Dgoogle%26utm_medium%3Dorganic%26utm_campaign%3Dgmb,"3408 Henson Rd B, Knoxville, TN 37921",Knoxville,Tennessee,37921,35.9602162,-84.0037521,4.5,84,RV repair shop,Friday: ['8AM-5PM']; Monday: ['8AM-5PM']; Saturday: ['Closed']; Sunday: ['Closed']; Thursday: ['8AM-5PM']; Tuesday: ['8AM-5PM']; Wednesday: ['8AM-5PM'],no,no,1
Wallace RV Repair,+1 865-548-0805,,"2608 Pickle Ln, Knoxville, TN 37914",Knoxville,Tennessee,37914,35.950983,-83.837318,4.7,15,RV repair shop,Friday: ['8:30AM-4:30PM']; Monday: ['8AM-4:30PM']; Saturday: ['Closed']; Sunday: ['Closed']; Thursday: ['8AM-4:30PM']; Tuesday: ['8AM-4:30PM']; Wednesday: ['8:30AM-4:30PM'],no,no,1
Westside Automotive Center,+1 865-212-5524,,"4401 Papermill Dr NW, Knoxville, TN 37909",Knoxville,Tennessee,37909,35.9531525,-83.9833702,4.6,94,Auto repair shop,Friday: ['9AM-5PM']; Monday: ['9AM-5PM']; Saturday: ['10AM-5PM']; Sunday: ['Closed']; Thursday: ['9AM-5PM']; Tuesday: ['9AM-5PM']; Wednesday: ['9AM-5PM'],no,no,1
Worldwide Equipment,+1 865-688-4300,https://www.thetruckpeople.com/check-out-our--locations,"6614 Wilbanks Rd, Knoxville, TN 37912",Knoxville,Tennessee,37912,36.0209058,-83.9963318,4.1,258,Truck repair shop,Friday: ['7AM-12AM']; Monday: ['7AM-12AM']; Saturday: ['7AM-3PM']; Sunday: ['Closed']; Thursday: ['7AM-12AM']; Tuesday: ['7AM-12AM']; Wednesday: ['7AM-12AM'],no,no,1
Airstream of Knoxville Service Center,+1 865-432-0327,https://www.lazydays.com/locations/tennessee/airstream-knoxville-tennessee%3Futm_source%3Dgoogle%26utm_medium%3Dorganic%26utm_campaign%3Dgoogle-business-profile%26utm_content%3Dairstream_knoxville,"315 E Dumplin Valley Rd, Kodak, TN 37764",Kodak,Tennessee,37764,35.988347,-83.5975951,4.1,40,RV repair shop,Friday: ['8AM-5PM']; Monday: ['8AM-5PM']; Saturday: ['Closed']; Sunday: ['Closed']; Thursday: ['8AM-5PM']; Tuesday: ['8AM-5PM']; Wednesday: ['8AM-5PM'],no,no,1
Campers Inn RV of Knoxville RV Collision Center,+1 865-424-5648,https://www.campersinn.com/knoxville/rv-service,"315 E Dumplin Valley Rd, Kodak, TN 37764",Kodak,Tennessee,37764,35.9886122,-83.5976713,5,6,RV repair shop,Friday: ['8AM-5PM']; Monday: ['8AM-5PM']; Saturday: ['8AM-5PM']; Sunday: ['Closed']; Thursday: ['8AM-5PM']; Tuesday: ['8AM-5PM']; Wednesday: ['8AM-5PM'],no,no,1
Camping World RV Service - Kodak,+1 888-387-3452,https://rv.campingworld.com/dealer/kodak-tennessee/rv-service-repair,"210 E Dumplin Valley Rd, Kodak, TN 37764",Kodak,Tennessee,37764,35.986919,-83.6008822,4.5,4,RV repair shop,Friday: ['9AM-6PM']; Monday: ['9AM-6PM']; Saturday: ['9AM-6PM']; Sunday: ['Closed']; Thursday: ['9AM-6PM']; Tuesday: ['9AM-6PM']; Wednesday: ['9AM-6PM'],no,no,1
Global Truck and Trailer Repair LLC,+1 615-821-5566,https://globaltruckrepair.net/%3Futm_source%3Dgoogle%26utm_medium%3Dorganic%26utm_campaign%3Dgbp,"New Sanford Rd, La Vergne, TN 37086",La Vergne,Tennessee,37086,35.9912447,-86.5732359,5,51,Diesel engine repair service,Friday: ['Open 24 hours']; Monday: ['Open 24 hours']; Saturday: ['Open 24 hours']; Sunday: ['Open 24 hours']; Thursday: ['Open 24 hours']; Tuesday: ['Open 24 hours']; Wednesday: ['Open 24 hours'],yes,no,1
"Junior's Diesel Repair, LLC",+1 615-892-3355,http://www.jrsdieselrepair.com/,"417 Sand Hill Rd, La Vergne, TN 37086",La Vergne,Tennessee,37086,36.0270692,-86.5542173,4.6,58,Truck repair shop,Friday: ['5:30AM-4:30PM']; Monday: ['5:30AM-4:30PM']; Saturday: ['Closed']; Sunday: ['Closed']; Thursday: ['5:30AM-4:30PM']; Tuesday: ['5:30AM-4:30PM']; Wednesday: ['5:30AM-4:30PM'],no,no,1
Music City Diesel Repair,+1 615-948-0662,https://musiccityrepair.com/,"5402 Murfreesboro Rd, La Vergne, TN 37086",La Vergne,Tennessee,37086,36.0145038,-86.5559057,3.4,80,Truck repair shop,Friday: ['Open 24 hours']; Monday: ['Open 24 hours']; Saturday: ['Open 24 hours']; Sunday: ['Open 24 hours']; Thursday: ['Open 24 hours']; Tuesday: ['Open 24 hours']; Wednesday: ['Open 24 hours'],yes,no,1
Sam Truck Trailer Repair,+1 615-481-8158,http://samtrucktrailer.com/,"131 Industrial Blvd, La Vergne, TN 37086",La Vergne,Tennessee,37086,35.9973231,-86.594005,4.9,147,Truck repair shop,,no,no,1
Yourway Diesel Repair,+1 901-281-9568,https://yourwaydieselrepair.com/,"9160 US-64 #12-166, Lakeland, TN 38002",Lakeland,Tennessee,38002,35.2052029,-89.7575391,4.9,142,Truck repair shop,Friday: ['Open 24 hours']; Monday: ['Open 24 hours']; Saturday: ['Open 24 hours']; Sunday: ['Open 24 hours']; Thursday: ['Open 24 hours']; Tuesday: ['Open 24 hours']; Wednesday: ['Open 24 hours'],yes,no,1
Blue Compass RV Nashville,+1 615-444-6161,https://www.bluecompassrv.com/locations/tennessee/nashville%3Futm_source%3Dgoogle-gmb%26utm_medium%3Dorganic%26utm_campaign%3Dnashville,"1010 Safari Camp Rd, Lebanon, TN 37090",Lebanon,Tennessee,37090,36.1839575,-86.3919941,4.2,634,RV repair shop,Friday: ['9AM-7PM']; Monday: ['9AM-7PM']; Saturday: ['9AM-6PM']; Sunday: ['11AM-4PM']; Thursday: ['9AM-7PM']; Tuesday: ['9AM-7PM']; Wednesday: ['9AM-7PM'],no,no,1
Lebanon RV Center,+1 615-784-4334,https://lebanonrvcenter.com/,"443 Tott St, Lebanon, TN 37087",Lebanon,Tennessee,37087,36.1978548,-86.29016,4.5,281,RV repair shop,Friday: ['8AM-4PM']; Monday: ['8AM-4PM']; Saturday: ['8AM-12PM']; Sunday: ['Closed']; Thursday: ['8AM-4PM']; Tuesday: ['8AM-4PM']; Wednesday: ['8AM-4PM'],no,no,1
Mark's Mobile Repair,+1 615-772-4280,https://www.marksmobiletruckandtrailer.com/,"407 NE Young Rd, Lebanon, TN 37087",Lebanon,Tennessee,37087,36.2878883,-86.1549627,4.9,65,Truck repair shop,Friday: ['Open 24 hours']; Monday: ['Open 24 hours']; Saturday: ['Open 24 hours']; Sunday: ['Open 24 hours']; Thursday: ['Open 24 hours']; Tuesday: ['Open 24 hours']; Wednesday: ['Open 24 hours'],yes,yes,1
Nashville Heavy duty diesel truck & trailer repair,+1 615-293-5608,http://dieselrepair5.godaddysites.com/,"6574 Franklin road, Lebanon, TN 37090",Lebanon,Tennessee,37090,36.1857317,-86.2684204,5,23,Truck repair shop,Friday: ['Open 24 hours']; Monday: ['Open 24 hours']; Saturday: ['Open 24 hours']; Sunday: ['Open 24 hours']; Thursday: ['Open 24 hours']; Tuesday: ['Open 24 hours']; Wednesday: ['Open 24 hours'],yes,no,1
865 Diesel,+1 865-317-1393,http://865diesel.com/,"194 Harmon Ln, Lenoir City, TN 37771",Lenoir City,Tennessee,37771,35.8421765,-84.3053639,4.4,21,Diesel engine repair service,Friday: ['8AM-5PM']; Monday: ['8AM-5PM']; Saturday: ['Closed']; Sunday: ['Closed']; Thursday: ['8AM-5PM']; Tuesday: ['8AM-5PM']; Wednesday: ['8AM-5PM'],no,no,1
Crowder’s Diesel and Performance,+1 865-635-8050,https://www.facebook.com/share/1Gf3CTQvXp/%3Fmibextid%3DwwXIfr,"1431 Old Hwy 95, Lenoir City, TN 37771",Lenoir City,Tennessee,37771,35.807511,-84.2842541,4.8,24,Diesel engine repair service,Friday: ['8AM-5PM']; Monday: ['8AM-5PM']; Saturday: ['Closed']; Sunday: ['Closed']; Thursday: ['8AM-5PM']; Tuesday: ['8AM-5PM']; Wednesday: ['8AM-5PM'],no,no,1
G & A Equipment Inc. / G & A Truck & Auto Service,+1 865-988-7574,https://gaeq.com/,"13701 Hickory Creek Rd, Lenoir City, TN 37771",Lenoir City,Tennessee,37771,35.873167,-84.24539,4.8,245,Truck repair shop,Friday: ['Open 24 hours']; Monday: ['Open 24 hours']; Saturday: ['Open 24 hours']; Sunday: ['Open 24 hours']; Thursday: ['Open 24 hours']; Tuesday: ['Open 24 hours']; Wednesday: ['Open 24 hours'],yes,no,2
Knoxville Diesel Truck & Trailer Specialists,+1 865-288-0899,https://knoxvilledieselrepair.com/,"363 Center Cross Ln, Lenoir City, TN 37771",Lenoir City,Tennessee,37771,35.872079,-84.2434293,4.6,180,Truck repair shop,Friday: ['8AM-5PM']; Monday: ['8AM-5PM']; Saturday: ['Closed']; Sunday: ['Closed']; Thursday: ['8AM-5PM']; Tuesday: ['8AM-5PM']; Wednesday: ['8AM-5PM'],no,no,1
L C Truck Repair Inc.,+1 865-317-5270,,"5261 Hickory Creek Rd, Lenoir City, TN 37771",Lenoir City,Tennessee,37771,35.851501,-84.275913,5,4,Truck repair shop,Friday: ['8AM-5PM']; Monday: ['8AM-5PM']; Saturday: ['Closed']; Sunday: ['Closed']; Thursday: ['8AM-5PM']; Tuesday: ['8AM-5PM']; Wednesday: ['8AM-5PM'],no,no,1
Lenoir City TN - Mobile Truck Repair,+1 865-317-4347,https://lenoircitymobiletruckrepair.com/,"2417 Buttermilk Rd W, Lenoir City, TN 37771",Lenoir City,Tennessee,37771,35.882947,-84.3449569,4,2,Truck repair shop,Friday: ['Open 24 hours']; Monday: ['Open 24 hours']; Saturday: ['Open 24 hours']; Sunday: ['Open 24 hours']; Thursday: ['Open 24 hours']; Tuesday: ['Open 24 hours']; Wednesday: ['Open 24 hours'],yes,yes,1
Rv Ambulance Mobile Repair,+1 865-607-2218,https://www.facebook.com/profile.php%3Fid%3D100086725457456,"7502 Jackson Bend Rd lot 26, Lenoir City, TN 37772",Lenoir City,Tennessee,37772,35.7601862,-84.2359362,4.3,19,RV repair shop,,no,yes,1
Big D's Truck Repair,+1 731-249-0808,,"7855 TN-22, Lexington, TN 38351",Lexington,Tennessee,38351,35.6052324,-88.3946282,5,19,Diesel engine repair service,Friday: ['Open 24 hours']; Monday: ['Open 24 hours']; Saturday: ['Open 24 hours']; Sunday: ['Open 24 hours']; Thursday: ['Open 24 hours']; Tuesday: ['Open 24 hours']; Wednesday: ['Open 24 hours'],yes,no,1
Helms Diesel Shop,,,"15148 US-412, Lexington, TN 38351",Lexington,Tennessee,38351,35.6383276,-88.3570577,5,1,Auto repair shop,,no,no,1
Lexington Truck Services,+1 731-968-0890,,"15795 TN-104 Scenic, Lexington, TN 38351",Lexington,Tennessee,38351,35.6713661,-88.4252814,4.5,15,Truck repair shop,,no,no,1
TN mobile truck repair,+1 731-307-0045,,"2800 Sand Ridge Bargerton Rd, Lexington, TN 38351",Lexington,Tennessee,38351,35.7139348,-88.480009,4.7,29,Truck repair shop,Friday: ['Open 24 hours']; Monday: ['Open 24 hours']; Saturday: ['Open 24 hours']; Sunday: ['Open 24 hours']; Thursday: ['Open 24 hours']; Tuesday: ['Open 24 hours']; Wednesday: ['Open 24 hours'],yes,yes,1
Rick's Mobile Trailer & RV Service,+1 931-357-1750,,"205 Hollis Stockton Ln, Livingston, TN 38570",Livingston,Tennessee,38570,36.326806,-85.2845971,5,8,RV repair shop,Friday: ['9AM-4PM']; Monday: ['9AM-4PM']; Saturday: ['9AM-3PM']; Sunday: ['Closed']; Thursday: ['9AM-4PM']; Tuesday: ['9AM-4PM']; Wednesday: ['9AM-4PM'],no,yes,1
Blue Compass RV Knoxville,+1 865-681-3030,https://www.bluecompassrv.com/locations/tennessee/knoxville%3Futm_source%3Dgoogle-gmb%26utm_medium%3Dorganic%26utm_campaign%3Dknoxville,"3332 Wrights Ferry Rd, Louisville, TN 37777",Louisville,Tennessee,37777,35.8402643,-83.984439,4.5,505,RV repair shop,Friday: ['9AM-7PM']; Monday: ['9AM-7PM']; Saturday: ['9AM-5PM']; Sunday: ['11AM-4PM']; Thursday: ['9AM-7PM']; Tuesday: ['9AM-7PM']; Wednesday: ['9AM-7PM'],no,no,1
Elite truck and trailer repair LLc,+1 615-481-9738,,"1417 Pellican Point, Madison, TN 37115",Madison,Tennessee,37115,36.25311,-86.6725628,3.7,6,Truck repair shop,Friday: ['Open 24 hours']; Monday: ['Open 24 hours']; Saturday: ['Open 24 hours']; Sunday: ['Closed']; Thursday: ['Open 24 hours']; Tuesday: ['Open 24 hours']; Wednesday: ['Open 24 hours'],yes,no,1
Nashville Truck Parts,+1 615-295-4576,https://www.mysemitrucksparts.com/,"1471 Gallatin Pike N, Madison, TN 37115",Madison,Tennessee,37115,36.2854194,-86.7063293,3.1,44,Truck repair shop,Friday: ['7AM-6PM']; Monday: ['7AM-6PM']; Saturday: ['Closed']; Sunday: ['7AM-6PM']; Thursday: ['7AM-6PM']; Tuesday: ['7AM-6PM']; Wednesday: ['7AM-6PM'],no,no,1
QUICK FIX LLC,+1 615-806-9269,https://quickfixnashville.com/,"1204 Gallatin Pike N, Madison, TN 37115",Madison,Tennessee,37115,36.2803823,-86.7078985,5,91,Mechanic,Friday: ['Open 24 hours']; Monday: ['Open 24 hours']; Saturday: ['Open 24 hours']; Sunday: ['Open 24 hours']; Thursday: ['Open 24 hours']; Tuesday: ['Open 24 hours']; Wednesday: ['Open 24 hours'],yes,no,1
Aaron's Mobile Diesel Repair,+1 239-273-4573,https://www.facebook.com/aaronsmobiledieselrepair%3Fmibextid%3DZbWKwL,"Blockhouse Rd, Maryville, TN 37803",Maryville,Tennessee,37803,35.7051734,-83.926683,4.9,33,Diesel engine repair service,Friday: ['9AM-6PM']; Monday: ['9AM-6PM']; Saturday: ['9AM-12PM']; Sunday: ['Closed']; Thursday: ['9AM-6PM']; Tuesday: ['9AM-6PM']; Wednesday: ['9AM-6PM'],no,yes,1
Clark Automotive LLC,+1 901-493-3784,,"90 Cox Rd, Mason, TN 38049",Mason,Tennessee,38049,35.3286215,-89.5793445,4.6,20,Auto repair shop,,no,no,1
Fahlbeck's Mobile Rv Service,+1 731-420-5307,,"336 West Ave, Medina, TN 38355",Medina,Tennessee,38355,35.8024044,-88.7682943,4.7,87,RV repair shop,Friday: ['8AM-6PM']; Monday: ['8AM-6PM']; Saturday: ['8AM-5PM']; Sunday: ['Closed']; Thursday: ['8AM-6PM']; Tuesday: ['8AM-6PM']; Wednesday: ['8AM-6PM'],no,yes,1
Vortex Fleet Services,+1 731-431-5179,https://vortexfleet.com/,"75 Graves Loop Rd Exd, Medina, TN 38355",Medina,Tennessee,38355,35.7925372,-88.7852007,5,7,Truck repair shop,Friday: ['8AM-4PM']; Monday: ['8AM-4PM']; Saturday: ['Closed']; Sunday: ['Closed']; Thursday: ['8AM-4PM']; Tuesday: ['8AM-4PM']; Wednesday: ['9AM-4PM'],no,no,1
24/7 Mobile Tires & Towing,+1 901-509-3271,,"Next door to Gas Station, 2190 E Shelby Dr, Memphis, TN 38116",Memphis,Tennessee,38116,35.0215449,-89.9906792,3.7,171,Tire shop,Friday: ['Open 24 hours']; Monday: ['Open 24 hours']; Saturday: ['Open 24 hours']; Sunday: ['Open 24 hours']; Thursday: ['Open 24 hours']; Tuesday: ['Open 24 hours']; Wednesday: ['Open 24 hours'],yes,yes,1
2453 Mobile semi truck repair road service,+1 504-265-3773,,"2631 N Watkins St, Memphis, TN 38127",Memphis,Tennessee,38127,35.1965185,-90.0078662,5,2,Truck repair shop,Friday: ['Open 24 hours']; Monday: ['Open 24 hours']; Saturday: ['Open 24 hours']; Sunday: ['Open 24 hours']; Thursday: ['Open 24 hours']; Tuesday: ['Open 24 hours']; Wednesday: ['Open 24 hours'],yes,yes,1
901MobileRepairs - 24HR Automotive Services,+1 901-558-5797,,"Fairley rd, Memphis, TN 38109",Memphis,Tennessee,38109,35.0217665,-90.0188655,5,5,Truck repair shop,Friday: ['Open 24 hours']; Monday: ['Open 24 hours']; Saturday: ['Open 24 hours']; Sunday: ['Open 24 hours']; Thursday: ['Open 24 hours']; Tuesday: ['Open 24 hours']; Wednesday: ['Open 24 hours'],yes,yes,1
901PRECISION Truck and Trailer Repair LLC,+1 901-496-1963,,"5573 Falling Bark Dr, Memphis, TN 38134",Memphis,Tennessee,38134,35.1787192,-89.8746742,4.3,12,Repair service,Friday: ['Open 24 hours']; Monday: ['8AM-10PM']; Saturday: ['Open 24 hours']; Sunday: ['8AM-9PM']; Thursday: ['8AM-9PM']; Tuesday: ['8AM-10PM']; Wednesday: ['8AM-10PM'],yes,no,1
A &1 Mobile Repair,+1 901-281-9495,https://www.yocale.com/b/a-1-mobile-repair-and-collision,"3599 Hickory Hill Rd, Memphis, TN 38115",Memphis,Tennessee,38115,35.0503136,-89.8670255,4.4,51,Auto repair shop,Friday: ['9AM-7PM']; Monday: ['9AM-7PM']; Saturday: ['9AM-5PM']; Sunday: ['9AM-7PM']; Thursday: ['9AM-7PM']; Tuesday: ['9AM-7PM']; Wednesday: ['9AM-7PM'],no,yes,1
A&A Truck & Trailer Repair,+1 901-413-6614,,"1710 Dunn Ave, Memphis, TN 38106",Memphis,Tennessee,38106,35.0934531,-90.0060141,4.8,20,Truck repair shop,,no,no,1
Advanced mobile mechanic service,+1 901-453-0256,,"None, Memphis, TN 38125",Memphis,Tennessee,38125,35.0492565,-89.8232177,4.1,11,Auto repair shop,Friday: ['7AM-7PM']; Monday: ['7AM-7PM']; Saturday: ['7AM-7PM']; Sunday: ['Closed']; Thursday: ['7AM-7PM']; Tuesday: ['7AM-7PM']; Wednesday: ['7AM-7PM'],no,yes,2
Anytime mobile mechanic,+1 901-530-0347,,"5802 Forest Hills Dr, Memphis, TN 38134",Memphis,Tennessee,38134,35.1852587,-89.8684727,4.6,92,Auto machine shop,Friday: ['Open 24 hours']; Monday: ['Open 24 hours']; Saturday: ['Open 24 hours']; Sunday: ['Open 24 hours']; Thursday: ['Open 24 hours']; Tuesday: ['Open 24 hours']; Wednesday: ['Open 24 hours'],yes,yes,1
Austin Diesel Repair Llc,+1 901-395-8052,,"517 E Brooks Rd, Memphis, TN 38116",Memphis,Tennessee,38116,35.0622062,-90.0469589,4.7,3,Truck repair shop,,no,no,1
Brothers 24/7 Mobile Automotive Repair,+1 901-596-7155,http://brothers247autorepair.net/,"5247 Honeywood Ave, Memphis, TN 38118",Memphis,Tennessee,38118,35.0589646,-89.8887702,1,1,Auto repair shop,Friday: ['Open 24 hours']; Monday: ['Open 24 hours']; Saturday: ['Open 24 hours']; Sunday: ['Open 24 hours']; Thursday: ['Open 24 hours']; Tuesday: ['Open 24 hours']; Wednesday: ['Open 24 hours'],yes,yes,1
Brothers Mobile tire service & tire shop,+1 901-502-9312,,"we at third and Mallory, 2157 S Third St, Memphis, TN 38109",Memphis,Tennessee,38109,35.088289,-90.0570492,4.6,51,Tire shop,Friday: ['Open 24 hours']; Monday: ['Open 24 hours']; Saturday: ['Open 24 hours']; Sunday: ['Open 24 hours']; Thursday: ['Open 24 hours']; Tuesday: ['Open 24 hours']; Wednesday: ['Open 24 hours'],yes,yes,1
CNA Diesel Services,+1 901-396-4288,,"689 E Raines Rd, Memphis, TN 38116",Memphis,Tennessee,38116,35.0349787,-90.0411268,5,1,Truck repair shop,,no,no,1
CeCe 24/7 Mobile Tire Repair,+1 901-513-5640,https://roadsideassistancetn.com/,"1258 S Third St, Memphis, TN 38106",Memphis,Tennessee,38106,35.1132612,-90.0552481,4.2,31,Tire repair shop,Friday: ['Open 24 hours']; Monday: ['Open 24 hours']; Saturday: ['Open 24 hours']; Sunday: ['Open 24 hours']; Thursday: ['Open 24 hours']; Tuesday: ['Open 24 hours']; Wednesday: ['Open 24 hours'],yes,yes,1
"Clarke Power Services, Inc.",+1 901-396-7320,https://www.clarkepowerservices.com/locations/memphis-tn,"3070 Sandbrook St, Memphis, TN 38116",Memphis,Tennessee,38116,35.0648483,-90.0177515,3.4,43,Truck repair shop,Friday: ['7AM-5PM']; Monday: ['7AM-5PM']; Saturday: ['Closed']; Sunday: ['Closed']; Thursday: ['7AM-5PM']; Tuesday: ['7AM-5PM']; Wednesday: ['7AM-5PM'],no,no,1
Crow's Truck Center,+1 901-366-6611,http://www.crowstruck.com/,"5500 Davidson Rd, Memphis, TN 38118",Memphis,Tennessee,38118,34.9992543,-89.8839402,4.3,390,Truck repair shop,Friday: ['7AM-6PM']; Monday: ['7AM-6PM']; Saturday: ['7AM-3PM']; Sunday: ['Closed']; Thursday: ['7AM-6PM']; Tuesday: ['7AM-6PM']; Wednesday: ['7AM-6PM'],no,no,1
Custom Springs & Trailer Repair,+1 901-365-1788,http://custom-springs.com/,"2859 Farrisview Blvd, Memphis, TN 38118",Memphis,Tennessee,38118,35.0761131,-89.9672561,4.8,72,Auto parts store,Friday: ['8AM-4:30PM']; Monday: ['8AM-4:30PM']; Saturday: ['Closed']; Sunday: ['Closed']; Thursday: ['8AM-4:30PM']; Tuesday: ['8AM-4:30PM']; Wednesday: ['8AM-4:30PM'],no,no,1
Deal Brothers Trailers,+1 901-323-3535,https://www.dealbrotherstrailers.com/,"3206 Gateway Pl, Memphis, TN 38122",Memphis,Tennessee,38122,35.1674587,-89.9559367,4.7,97,Trailer dealer,Friday: ['8:30AM-4:30PM']; Monday: ['8:30AM-4:30PM']; Saturday: ['9AM-12PM']; Sunday: ['Closed']; Thursday: ['8:30AM-4:30PM']; Tuesday: ['8:30AM-4:30PM']; Wednesday: ['8:30AM-4:30PM'],no,no,1
Dedicated Diesel,+1 901-546-7560,,"5300 Old US Hwy 78, Memphis, TN 38118",Memphis,Tennessee,38118,35.0031072,-89.8844694,4.2,22,Truck repair shop,Friday: ['7AM-5PM']; Monday: ['7AM-5PM']; Saturday: ['Closed']; Sunday: ['Closed']; Thursday: ['7AM-5PM']; Tuesday: ['7AM-5PM']; Wednesday: ['7AM-5PM'],no,no,1
Dees mobile changes,+1 901-646-3685,,"325 W Levi Rd, Memphis, TN 38109",Memphis,Tennessee,38109,35.042573,-90.0747829,4.6,9,Auto repair shop,Friday: ['8AM-8PM']; Monday: ['8AM-8PM']; Saturday: ['8AM-8PM']; Sunday: ['8AM-8PM']; Thursday: ['8AM-8PM']; Tuesday: ['8AM-8PM']; Wednesday: ['8AM-8PM'],no,yes,1
Depot Connect International (PSC),+1 662-551-8169,https://depotconnect.com/,"1224 Channel Ave, Memphis, TN 38103",Memphis,Tennessee,38103,35.1043555,-90.0949474,4.3,7,Trailer repair shop,Friday: ['7AM-5PM']; Monday: ['7AM-5PM']; Saturday: ['Closed']; Sunday: ['Closed']; Thursday: ['7AM-5PM']; Tuesday: ['7AM-5PM']; Wednesday: ['7AM-5PM'],no,no,1
Diesel Care & Performance,+1 800-961-9290,https://dieselcare.store/,"3901 Thomas St, Memphis, TN 38127",Memphis,Tennessee,38127,35.2324409,-90.0180053,3.9,1094,Diesel engine dealer,Friday: ['8AM-5PM']; Monday: ['8AM-5PM']; Saturday: ['Closed']; Sunday: ['Closed']; Thursday: ['8AM-5PM']; Tuesday: ['8AM-5PM']; Wednesday: ['8AM-5PM'],no,no,1
Diesel legends,,,"5275 Raleigh Lagrange Rd, Memphis, TN 38134",Memphis,Tennessee,38134,35.1869562,-89.8889994,5,2,Auto repair shop,,no,no,1
Elite Equipment,+1 901-896-4468,https://elite-equipment.org/contact/,"2979 Norbrook Dr, Memphis, TN 38116",Memphis,Tennessee,38116,35.0677215,-90.0311707,4.6,14,Trailer dealer,Friday: ['8AM-4PM']; Monday: ['8AM-4PM']; Saturday: ['10AM-2PM']; Sunday: ['Closed']; Thursday: ['8AM-4PM']; Tuesday: ['8AM-4PM']; Wednesday: ['8AM-4PM'],no,no,1
Emergency Mobile Tire Service,+1 901-501-2820,,"2886 Summer Ave, Memphis, TN 38122",Memphis,Tennessee,38122,35.1498722,-89.9649006,4.6,37,Tire repair shop,Friday: ['Open 24 hours']; Monday: ['Open 24 hours']; Saturday: ['Open 24 hours']; Sunday: ['Open 24 hours']; Thursday: ['Open 24 hours']; Tuesday: ['Open 24 hours']; Wednesday: ['Open 24 hours'],yes,yes,1
Emission & Cooling Solutions,+1 901-377-8080,http://www.ecspart.com/,"1584 2 Pl, Memphis, TN 38116",Memphis,Tennessee,38116,35.0590772,-90.0111379,4.9,93,Diesel engine repair service,Friday: ['7:30AM-4:30PM']; Monday: ['7:30AM-4:30PM']; Saturday: ['Closed']; Sunday: ['Closed']; Thursday: ['7:30AM-4:30PM']; Tuesday: ['7:30AM-4:30PM']; Wednesday: ['7:30AM-4:30PM'],no,no,1
FN Truck Mobile Mechanics & Road Service,,,"1014 Sledge Ave, Memphis, TN 38104",Memphis,Tennessee,38104,35.1260645,-90.0274866,,,Truck repair shop,,no,yes,1
FleetPride,+1 901-332-2489,https://branches.fleetpride.com/tn/memphis/truckparts-mem.html,"3259 Millbranch Rd, Memphis, TN 38116",Memphis,Tennessee,38116,35.0597153,-90.00821,4.3,67,Truck parts supplier,Friday: ['7:30AM-5PM']; Monday: ['7:30AM-5PM']; Saturday: ['8AM-12PM']; Sunday: ['Closed']; Thursday: ['7:30AM-5PM']; Tuesday: ['7:30AM-5PM']; Wednesday: ['7:30AM-5PM'],no,no,1
FleetPro Truck Parts,+1 888-850-4377,https://truckpartsstorememphis.com/,"731 E Brooks Rd, Memphis, TN 38116",Memphis,Tennessee,38116,35.0613635,-90.0394082,5,7,Truck parts supplier,,no,no,1
Franco Mobile Mechanic,+1 769-274-2417,,"4323 Mt Hood St, Memphis, TN 38118",Memphis,Tennessee,38118,35.0474377,-89.9196574,3.9,7,Auto machine shop,Friday: ['Open 24 hours']; Monday: ['Open 24 hours']; Saturday: ['Open 24 hours']; Sunday: ['Open 24 hours']; Thursday: ['Open 24 hours']; Tuesday: ['Open 24 hours']; Wednesday: ['Open 24 hours'],yes,yes,1
Freight Five truck repair and 24/7 roadside,+1 901-207-6940,,"5190 E Holmes Rd, Memphis, TN 38118",Memphis,Tennessee,38118,35.0063909,-89.8891546,4.6,10,Truck repair shop,Friday: ['Open 24 hours']; Monday: ['Open 24 hours']; Saturday: ['Open 24 hours']; Sunday: ['Open 24 hours']; Thursday: ['Open 24 hours']; Tuesday: ['Open 24 hours']; Wednesday: ['Open 24 hours'],yes,no,1
G & W Diesel Services Inc,+1 901-948-1625,https://gw-diesel.com/,"892 Kansas St, Memphis, TN 38106",Memphis,Tennessee,38106,35.1232576,-90.0648847,4.8,59,Diesel engine repair service,Friday: ['8AM-5PM']; Monday: ['8AM-5PM']; Saturday: ['Closed']; Sunday: ['Closed']; Thursday: ['8AM-5PM']; Tuesday: ['8AM-5PM']; Wednesday: ['8AM-5PM'],no,no,1
General Truck Sales & Service Inc. Volvo.,+1 901-345-3270,http://www.generaltruck.com/,"1973 E Brooks Rd, Memphis, TN 38116",Memphis,Tennessee,38116,35.059648,-89.9978392,3.8,340,Truck dealer,Friday: ['7:30AM-12AM']; Monday: ['7:30AM-12AM']; Saturday: ['7:30AM-4PM']; Sunday: ['Closed']; Thursday: ['7:30AM-12AM']; Tuesday: ['7:30AM-12AM']; Wednesday: ['7:30AM-12AM'],no,no,1
Getwell best tire &auto service road and mobile tire,+1 901-779-0479,,"4080 New Getwell Rd, Memphis, TN 38118",Memphis,Tennessee,38118,35.0372037,-89.9357212,4.9,107,Tire repair shop,Friday: ['Open 24 hours']; Monday: ['Open 24 hours']; Saturday: ['Open 24 hours']; Sunday: ['Open 24 hours']; Thursday: ['Open 24 hours']; Tuesday: ['Open 24 hours']; Wednesday: ['Open 24 hours'],yes,yes,1
GreenLight Diesel Repair,+1 901-255-4248,,"3268 Democrat Rd, Memphis, TN 38118",Memphis,Tennessee,38118,35.072005,-89.95845,,,Repair service,Friday: ['9AM-9PM']; Monday: ['9AM-9PM']; Saturday: ['9AM-9PM']; Sunday: ['9AM-9PM']; Thursday: ['9AM-9PM']; Tuesday: ['9AM-4PM']; Wednesday: ['9AM-9PM'],no,no,1
Henderson Truck & Trailer,+1 901-401-8729,,"3126 Carrier St, Memphis, TN 38116",Memphis,Tennessee,38116,35.0634731,-90.0029215,3.3,6,Truck repair shop,Friday: ['9AM-2PM']; Monday: ['9AM-2PM']; Saturday: ['9AM-2PM']; Sunday: ['9AM-2PM']; Thursday: ['9AM-2PM']; Tuesday: ['9AM-2PM']; Wednesday: ['9AM-2PM'],no,no,1
I M C Trailers,+1 901-345-6001,https://www.imctrailers.com/,"3310 Commercial Pkwy, Memphis, TN 38116",Memphis,Tennessee,38116,35.0589666,-90.0191018,4.4,7,Utility trailer dealer,Friday: ['8AM-4:30PM']; Monday: ['8AM-4:30PM']; Saturday: ['Closed']; Sunday: ['Closed']; Thursday: ['8AM-4:30PM']; Tuesday: ['8AM-4:30PM']; Wednesday: ['8AM-4:30PM'],no,no,1
Intercon Mobile Diesel Mechanic Tire and Truck Repair Services,+1 901-503-3146,,"2777 Colony Park Dr, Memphis, TN 38118",Memphis,Tennessee,38118,35.0731427,-89.9208397,5,3,Truck repair shop,Friday: ['Open 24 hours']; Monday: ['Open 24 hours']; Saturday: ['Open 24 hours']; Sunday: ['Open 24 hours']; Thursday: ['Open 24 hours']; Tuesday: ['Open 24 hours']; Wednesday: ['Open 24 hours'],yes,yes,1
Interstate Drop Yard,+1 901-573-4261,http://www.interstatedropyard.com/,"3520 Lamar Avenue, Shelby Drive 4071 E, Memphis, TN 38118",Memphis,Tennessee,38118,35.068888,-89.9466153,4,184,Transportation service,Friday: ['Open 24 hours']; Monday: ['Open 24 hours']; Saturday: ['Open 24 hours']; Sunday: ['Open 24 hours']; Thursday: ['Open 24 hours']; Tuesday: ['Open 24 hours']; Wednesday: ['Open 24 hours'],yes,no,1
Kimble Mobile Services LLC,+1 901-314-4927,,"Sydney St, Memphis, TN 38108",Memphis,Tennessee,38108,35.1751882,-89.9601919,4.6,10,Mechanic,,no,yes,1
Lawson Mobile Mechanic LLC,+1 901-501-6221,https://lawson-mobile-mechanic-llc.square.site/,"2405 Summer Ave, Memphis, TN 38112",Memphis,Tennessee,38112,35.1504883,-89.9788479,4.7,25,Car repair and maintenance service,Friday: ['9AM-4PM']; Monday: ['9AM-4PM']; Saturday: ['Closed']; Sunday: ['Closed']; Thursday: ['9AM-4PM']; Tuesday: ['9AM-4PM']; Wednesday: ['9AM-4PM'],no,yes,1
M & M Mobile Fleet Services,+1 615-475-8187,,"1910 Madison Ave #2060, Memphis, TN 38104",Memphis,Tennessee,38104,35.1377573,-89.9975078,2,4,Auto body shop,Friday: ['Open 24 hours']; Monday: ['Open 24 hours']; Saturday: ['Open 24 hours']; Sunday: ['Open 24 hours']; Thursday: ['Open 24 hours']; Tuesday: ['Open 24 hours']; Wednesday: ['Open 24 hours'],yes,yes,1
M S Trailer & Truck Repair,+1 901-362-6800,https://mstrailer.cc/,"5515 E Holmes Rd, Memphis, TN 38118",Memphis,Tennessee,38118,35.0047638,-89.8802574,4.3,36,Trailer repair shop,Friday: ['8AM-5PM']; Monday: ['8AM-5PM']; Saturday: ['Closed']; Sunday: ['Closed']; Thursday: ['8AM-5PM']; Tuesday: ['8AM-5PM']; Wednesday: ['8AM-5PM'],no,no,1
MSP Diesel Solutions,+1 800-621-4942,http://mspdieselsolutions.com/,"3250 Millbranch Rd, Memphis, TN 38116",Memphis,Tennessee,38116,35.0597465,-90.0068757,4.7,28,Truck repair shop,Friday: ['7:30AM-5PM']; Monday: ['7:30AM-5PM']; Saturday: ['Closed']; Sunday: ['Closed']; Thursday: ['7:30AM-5PM']; Tuesday: ['7:30AM-5PM']; Wednesday: ['7:30AM-5PM'],no,no,1
Maldonado mobile mechanic,+1 901-451-1377,https://xe6vsv9f.forms.app/mobile-mechanic-service-request-form-1,"939 Dillworth St, Memphis, TN 38122",Memphis,Tennessee,38122,35.1576039,-89.9338083,4.4,126,Auto repair shop,Friday: ['Open 24 hours']; Monday: ['Open 24 hours']; Saturday: ['Open 24 hours']; Sunday: ['4:30AM-10PM']; Thursday: ['Open 24 hours']; Tuesday: ['Open 24 hours']; Wednesday: ['Open 24 hours'],yes,yes,1
Marcus mobile mechanic and welding,+1 901-520-3901,,"4283 S Third St, Memphis, TN 38109",Memphis,Tennessee,38109,35.031638,-90.077517,,,Auto repair shop,,no,yes,1
Memphis 24/7 diesel & Auto Repair LLC,+1 901-351-6366,,"3455 Knight Arnold Rd, Memphis, TN 38118",Memphis,Tennessee,38118,35.0623221,-89.9483761,5,3,Diesel engine repair service,Friday: ['Open 24 hours']; Monday: ['Open 24 hours']; Saturday: ['Open 24 hours']; Sunday: ['Open 24 hours']; Thursday: ['Open 24 hours']; Tuesday: ['Open 24 hours']; Wednesday: ['Open 24 hours'],yes,no,1
Memphis Auto Repair Service Inc,+1 901-327-0096,http://www.memphisautorepairserviceinc.com/,"3378 Summer Ave, Memphis, TN 38122",Memphis,Tennessee,38122,35.1495733,-89.9485915,4.5,111,Auto repair shop,Friday: ['8AM-12PM']; Monday: ['8AM-5PM']; Saturday: ['Closed']; Sunday: ['Closed']; Thursday: ['8AM-5PM']; Tuesday: ['8AM-5PM']; Wednesday: ['8AM-5PM'],no,no,1
Memphis Diesel Repair,+1 901-690-2815,,"1368 Riverside Blvd, Memphis, TN 38109",Memphis,Tennessee,38109,35.1104799,-90.0742022,4.4,7,Diesel engine repair service,Friday: ['Open 24 hours']; Monday: ['Open 24 hours']; Saturday: ['Open 24 hours']; Sunday: ['Open 24 hours']; Thursday: ['Open 24 hours']; Tuesday: ['Open 24 hours']; Wednesday: ['Open 24 hours'],yes,no,2
Memphis Diesel Truck & Tire Repair,+1 901-482-5971,,"3370 Fontaine Rd, Memphis, TN 38116",Memphis,Tennessee,38116,35.0565605,-90.0096265,4.8,124,Tire repair shop,Friday: ['8AM-6PM']; Monday: ['8AM-6PM']; Saturday: ['7AM-3PM']; Sunday: ['Closed']; Thursday: ['8AM-6PM']; Tuesday: ['8AM-6PM']; Wednesday: ['8AM-6PM'],no,no,1
Memphis Equipment Co.,+1 901-774-0600,https://memphisequipment.com/,"766 S Third St, Memphis, TN 38106",Memphis,Tennessee,38106,35.1258874,-90.0528986,4.7,39,Truck repair shop,Friday: ['7AM-4PM']; Monday: ['7AM-4PM']; Saturday: ['Closed']; Sunday: ['Closed']; Thursday: ['7AM-4PM']; Tuesday: ['7AM-4PM']; Wednesday: ['7AM-4PM'],no,no,1
Memphis On-Site Truck Repair,+1 901-582-7364,https://truckrepairmemphis.com/,"724 N White Station Rd, Memphis, TN 38122",Memphis,Tennessee,38122,35.1508758,-89.8877786,3,6,Truck repair shop,Friday: ['Open 24 hours']; Monday: ['Open 24 hours']; Saturday: ['Open 24 hours']; Sunday: ['Open 24 hours']; Thursday: ['Open 24 hours']; Tuesday: ['Open 24 hours']; Wednesday: ['Open 24 hours'],yes,no,1
Memphis mobile rv repair,+1 662-622-6456,,"Bald Eagle Dr, Memphis, TN 38115",Memphis,Tennessee,38115,35.042358,-89.8592879,,,RV repair shop,Friday: ['Open 24 hours']; Monday: ['Open 24 hours']; Saturday: ['Open 24 hours']; Sunday: ['Open 24 hours']; Thursday: ['Open 24 hours']; Tuesday: ['Open 24 hours']; Wednesday: ['Open 24 hours'],yes,yes,1
Mid South Mobile Auto Repair,+1 901-864-5782,,"68 E Fairway Ave, Memphis, TN 38109",Memphis,Tennessee,38109,35.0474646,-90.0616475,4.4,255,Auto repair shop,Friday: ['Open 24 hours']; Monday: ['Open 24 hours']; Saturday: ['Open 24 hours']; Sunday: ['Open 24 hours']; Thursday: ['Open 24 hours']; Tuesday: ['Open 24 hours']; Wednesday: ['Open 24 hours'],yes,yes,1
Mobile Auto Repair Pros of Memphis,+1 901-401-9868,https://mobileautorepairpros.com/tn/mobile-mechanic-memphis/,"151 N Belvedere Blvd #19, Memphis, TN 38104",Memphis,Tennessee,38104,35.1419302,-90.00519,3.1,21,Mechanic,Friday: ['6AM-7PM']; Monday: ['7AM-7PM']; Saturday: ['7AM-7PM']; Sunday: ['7AM-7PM']; Thursday: ['6AM-7PM']; Tuesday: ['7AM-7PM']; Wednesday: ['6AM-7PM'],no,yes,1
Mobile Mechanic Memphis LLC Always Imitated Never Duplicated,+1 901-430-1000,https://mobilemechanicmemphis-llc.com/,"3540 Summer Ave Ste 321, Memphis, TN 38122",Memphis,Tennessee,38122,35.1497697,-89.9430311,4.2,162,Car repair and maintenance service,Friday: ['Open 24 hours']; Monday: ['Open 24 hours']; Saturday: ['Open 24 hours']; Sunday: ['Open 24 hours']; Thursday: ['Open 24 hours']; Tuesday: ['Open 24 hours']; Wednesday: ['Open 24 hours'],yes,yes,1
Mobile Tire & repair shop,+1 901-320-2790,,"2464 Judith Cove, Memphis, TN 38114",Memphis,Tennessee,38114,35.0839107,-89.9805609,4.6,47,Auto repair shop,Friday: ['Open 24 hours']; Monday: ['Open 24 hours']; Saturday: ['Open 24 hours']; Sunday: ['Open 24 hours']; Thursday: ['Open 24 hours']; Tuesday: ['Open 24 hours']; Wednesday: ['Open 24 hours'],yes,yes,1
Mobile Truck Repair Memphis,+1 901-370-7588,,"2050 Danielson Pl, Memphis, TN 38114",Memphis,Tennessee,38114,35.0854385,-89.9937339,5,1,Car repair and maintenance service,Friday: ['8AM-6PM']; Monday: ['8AM-6PM']; Saturday: ['9AM-1PM']; Sunday: ['Closed']; Thursday: ['8AM-6PM']; Tuesday: ['8AM-6PM']; Wednesday: ['8AM-6PM'],no,yes,1
Mobile Truck Repair of Memphis,,,"3090 Fontaine Rd, Memphis, TN 38116",Memphis,Tennessee,38116,35.0645096,-90.0085776,,,Truck repair shop,,no,yes,1
Mobile mechanic,+1 901-765-6254,,"2200 Covington Pike, Memphis, TN 38122",Memphis,Tennessee,38122,35.1622157,-89.9472078,5,1,Auto repair shop,Friday: ['10AM-8PM']; Monday: ['7AM-8:30PM']; Saturday: ['7AM-11:30PM']; Sunday: ['7AM-11:30PM']; Thursday: ['Closed']; Tuesday: ['7AM-8:30PM']; Wednesday: ['Closed'],no,yes,1
Montgomery Diesel,+1 901-337-6349,,"1449 Channel Ave, Memphis, TN 38106",Memphis,Tennessee,38106,35.1012313,-90.1014579,4,8,Truck repair shop,Friday: ['Open 24 hours']; Monday: ['Open 24 hours']; Saturday: ['Open 24 hours']; Sunday: ['Open 24 hours']; Thursday: ['Open 24 hours']; Tuesday: ['Open 24 hours']; Wednesday: ['Open 24 hours'],yes,no,1
Moore Mobile Maintenance [Mobile truck and trailer repair],+1 901-304-3048,,"3709 Lamar Ave, Memphis, TN 38118",Memphis,Tennessee,38118,35.0627575,-89.9404925,4.6,31,Truck repair shop,Friday: ['Open 24 hours']; Monday: ['Open 24 hours']; Saturday: ['Open 24 hours']; Sunday: ['Open 24 hours']; Thursday: ['Open 24 hours']; Tuesday: ['Open 24 hours']; Wednesday: ['Open 24 hours'],yes,yes,1
Mr. Memphis Mobile Mechanic,+1 901-582-6164,,"1204 Finley Rd, Memphis, TN 38116",Memphis,Tennessee,38116,35.0299686,-90.0237288,5,2,Auto repair shop,,no,yes,1
My Mobile Mechanic of Memphis,+1 901-437-0107,https://mymobilemechanic.net/mobile-mechanic-memphis,"3582 Lamar Ave, Memphis, TN 38118",Memphis,Tennessee,38118,35.06865,-89.9440008,2.9,10,Auto repair shop,Friday: ['7AM-8PM']; Monday: ['7AM-8PM']; Saturday: ['7AM-8PM']; Sunday: ['7AM-8PM']; Thursday: ['7AM-8PM']; Tuesday: ['7AM-8PM']; Wednesday: ['7AM-8PM'],no,yes,1
Nabors Truck Service,+1 901-795-7545,,"5164 Malone Rd, Memphis, TN 38118",Memphis,Tennessee,38118,35.0085561,-89.9162006,3.8,38,Truck repair shop,Friday: ['7AM-5PM']; Monday: ['7AM-5PM']; Saturday: ['Closed']; Sunday: ['Closed']; Thursday: ['7AM-5PM']; Tuesday: ['7AM-5PM']; Wednesday: ['7AM-5PM'],no,no,1
"Norf Memphis Mobile Tire Service (Truck, Trailer, and Automobile)",+1 901-741-9679,,"Firestone Ave, Memphis, TN 38107",Memphis,Tennessee,38107,35.1745179,-90.0249834,,,Used tire shop,Friday: ['Open 24 hours']; Monday: ['Open 24 hours']; Saturday: ['Open 24 hours']; Sunday: ['Open 24 hours']; Thursday: ['Open 24 hours']; Tuesday: ['Open 24 hours']; Wednesday: ['Open 24 hours'],yes,yes,1
OTW Truck and trailer repairs,+1 901-584-1264,,"4433 Millbranch Rd, Memphis, TN 38116",Memphis,Tennessee,38116,35.0272583,-90.007523,5,1,Truck stop,Friday: ['Open 24 hours']; Monday: ['Open 24 hours']; Saturday: ['Open 24 hours']; Sunday: ['Open 24 hours']; Thursday: ['Open 24 hours']; Tuesday: ['Open 24 hours']; Wednesday: ['Open 24 hours'],yes,no,1
Performance Trailer Repair Inc.,+1 901-605-2587,,"3328 Gemini Dr, Memphis, TN 38109",Memphis,Tennessee,38109,35.0581051,-90.0518703,3.7,3,Truck repair shop,Friday: ['7AM-7PM']; Monday: ['7AM-7PM']; Saturday: ['7AM-7PM']; Sunday: ['7AM-7PM']; Thursday: ['7AM-7PM']; Tuesday: ['7AM-7PM']; Wednesday: ['7AM-7PM'],no,no,1
Phil's Truck Service,+1 901-581-7987,http://www.philstruckservice.com/,"3215 Tulane Rd #3034, Memphis, TN 38116",Memphis,Tennessee,38116,35.060875,-90.046619,4.6,152,Truck repair shop,Friday: ['8AM-5PM']; Monday: ['8AM-5PM']; Saturday: ['Closed']; Sunday: ['Closed']; Thursday: ['8AM-5PM']; Tuesday: ['8AM-5PM']; Wednesday: ['8AM-5PM'],no,no,1
Pinkston Beard Diesel Truck Repair,+1 901-346-6697,,"3265 Tulane Rd, Memphis, TN 38116",Memphis,Tennessee,38116,35.0595817,-90.0463333,4,38,Truck repair shop,Friday: ['7AM-5PM']; Monday: ['7AM-5PM']; Saturday: ['Closed']; Sunday: ['Closed']; Thursday: ['7AM-5PM']; Tuesday: ['7AM-5PM']; Wednesday: ['7AM-5PM'],no,no,1
Proficient Same-Day Mobile Brake service,+1 901-859-2254,https://book.squareup.com/appointments/wlt5a8868lzi66/location/L602H6MHJZJNK/services,"1705 Myrna Ln, Memphis, TN 38117",Memphis,Tennessee,38117,35.0851077,-89.9063929,4.8,35,Auto repair shop,Friday: ['8AM-7:30PM']; Monday: ['8AM-7:30PM']; Saturday: ['8AM-7:30PM']; Sunday: ['Closed']; Thursday: ['8AM-7:30PM']; Tuesday: ['8AM-7:30PM']; Wednesday: ['8AM-7:30PM'],no,yes,1
RayJ's Commercial Tire Service & Trailer Repair,+1 901-314-6590,,"3152 Beechrun Cove, Memphis, TN 38128",Memphis,Tennessee,38128,35.2116909,-89.9268927,4.9,34,Tire repair shop,Friday: ['7AM-12AM']; Monday: ['7AM-12AM']; Saturday: ['7AM-12AM']; Sunday: ['3PM-12AM']; Thursday: ['7AM-12AM']; Tuesday: ['7AM-12AM']; Wednesday: ['7AM-12AM'],no,no,1
Rescue Repair Services,+1 901-395-4009,,"3441 Knight Arnold Rd, Memphis, TN 38118",Memphis,Tennessee,38118,35.0621259,-89.9488436,4.5,195,Tire repair shop,Friday: ['Open 24 hours']; Monday: ['Open 24 hours']; Saturday: ['Open 24 hours']; Sunday: ['Open 24 hours']; Thursday: ['Open 24 hours']; Tuesday: ['Open 24 hours']; Wednesday: ['Open 24 hours'],yes,no,1
Revive Diesel Mechanic,+1 901-606-6340,https://revivediesel.com/,"1960 Wabash Ave, Memphis, TN 38114",Memphis,Tennessee,38114,35.1021782,-89.9976619,4.1,34,Truck repair shop,Friday: ['Open 24 hours']; Monday: ['Open 24 hours']; Saturday: ['Open 24 hours']; Sunday: ['Open 24 hours']; Thursday: ['Open 24 hours']; Tuesday: ['Open 24 hours']; Wednesday: ['Open 24 hours'],yes,no,1
Reyes mobile mechanic service,+1 901-502-3867,,"Near 5738-5670 Ferguson Rd, Bartlett, Memphis, TN 38134",Memphis,Tennessee,38134,35.2010618,-89.8724439,5,8,Mechanical engineer,Friday: ['Open 24 hours']; Monday: ['Open 24 hours']; Saturday: ['Open 24 hours']; Sunday: ['Open 24 hours']; Thursday: ['Open 24 hours']; Tuesday: ['Open 24 hours']; Wednesday: ['Open 24 hours'],yes,yes,1
Roy's mobile mechanic,+1 901-389-8749,,"3165 Jackson Ave, Memphis, TN 38112",Memphis,Tennessee,38112,35.1630125,-89.9548938,5,2,Mechanic,Friday: ['7AM-5PM']; Monday: ['7AM-5PM']; Saturday: ['7AM-5PM']; Sunday: ['Closed']; Thursday: ['7AM-5PM']; Tuesday: ['7AM-5PM']; Wednesday: ['7AM-5PM'],no,yes,1
Rush Truck Centers - Memphis West Collision Center,+1 901-969-8500,https://www.rushtruckcenters.com/locations/11060001-memphis-west%3Futm_source%3Dgoogle%26utm_medium%3Dorganic%26utm_campaign%3Dgmb-memphis-west-collision,"1650 E Brooks Rd, Memphis, TN 38116",Memphis,Tennessee,38116,35.0625987,-90.0087098,4.8,12,Auto body shop,Friday: ['7AM-5PM']; Monday: ['7AM-5PM']; Saturday: ['Closed']; Sunday: ['Closed']; Thursday: ['7AM-5PM']; Tuesday: ['7AM-5PM']; Wednesday: ['7AM-5PM'],no,yes,2
Steepleton Tire Company,+1 901-774-6440,,"777 S Lauderdale St, Memphis, TN 38126",Memphis,Tennessee,38126,35.1261013,-90.0454098,4.6,141,Tire shop,Friday: ['7AM-5PM']; Monday: ['7AM-5PM']; Saturday: ['Closed']; Sunday: ['Closed']; Thursday: ['7AM-5PM']; Tuesday: ['7AM-5PM']; Wednesday: ['7AM-5PM'],no,no,1
Steve's mobile mechanic llc,+1 901-690-8484,,"696 S Prescott St, Memphis, TN 38111",Memphis,Tennessee,38111,35.1125846,-89.9487565,1,1,Auto repair shop,,no,yes,1
Surwic Trailer Hitch Co Inc,+1 901-946-2931,https://www.surwictrailerhitch.com/,"2146 Elvis Presley Blvd, Memphis, TN 38106",Memphis,Tennessee,38106,35.0867361,-90.0178858,4.7,134,Trailer repair shop,Friday: ['7:30AM-4PM']; Monday: ['7:30AM-4PM']; Saturday: ['Closed']; Sunday: ['Closed']; Thursday: ['7:30AM-4PM']; Tuesday: ['7:30AM-4PM']; Wednesday: ['7:30AM-4PM'],no,no,1
TCB Truck Service,+1 901-410-8946,https://www.tcbtruckservice.com/,"4219 Getwell Rd, Memphis, TN 38118",Memphis,Tennessee,38118,35.0339026,-89.9382524,5,27,Truck repair shop,Friday: ['7AM-4PM']; Monday: ['7AM-4PM']; Saturday: ['Closed']; Sunday: ['Closed']; Thursday: ['7AM-4PM']; Tuesday: ['7AM-4PM']; Wednesday: ['7AM-4PM'],no,no,1
TJ Mobile Automotive Repairs,+1 901-303-8389,,"2636 Lamar Ave, Memphis, TN 38114",Memphis,Tennessee,38114,35.0991527,-89.9744705,4.7,73,Mechanic,Friday: ['Open 24 hours']; Monday: ['Open 24 hours']; Saturday: ['Open 24 hours']; Sunday: ['Closed']; Thursday: ['Open 24 hours']; Tuesday: ['Open 24 hours']; Wednesday: ['Open 24 hours'],yes,yes,1
"Taylor Diesel of Memphis, an M&D Company",+1 901-948-4467,https://taylordiesel.com/contact-us/contact-us-memphis-tn/,"2864 Directors Cove, Memphis, TN 38132",Memphis,Tennessee,38132,35.0666198,-89.9907379,4.5,25,Diesel engine repair service,Friday: ['8AM-5PM']; Monday: ['8AM-5PM']; Saturday: ['Closed']; Sunday: ['Closed']; Thursday: ['8AM-5PM']; Tuesday: ['8AM-5PM']; Wednesday: ['8AM-5PM'],no,no,1
Thompson Energy Solutions,+1 901-401-7011,https://thompsonmachinery.com/memphis-tn-energy-solutions/%3Futm_source%3Dgoogle%26utm_medium%3Dorganic%26utm_campaign%3Dgbp%26utm_content%3Dmemphis-energy-solutions,"1653 E Brooks Rd, Memphis, TN 38116",Memphis,Tennessee,38116,35.060374,-90.0088043,4.6,22,Electric generator shop,Friday: ['7AM-5PM']; Monday: ['7AM-5PM']; Saturday: ['Closed']; Sunday: ['Closed']; Thursday: ['7AM-5PM']; Tuesday: ['7AM-5PM']; Wednesday: ['7AM-5PM'],no,no,1
Totten Trucking and Repair,+1 901-795-3552,,"3638 Air Park St, Memphis, TN 38118",Memphis,Tennessee,38118,35.0491682,-89.9308787,3.7,9,Diesel engine repair service,Friday: ['8AM-5PM']; Monday: ['8AM-5PM']; Saturday: ['Closed']; Sunday: ['Closed']; Thursday: ['8AM-5PM']; Tuesday: ['8AM-5PM']; Wednesday: ['8AM-5PM'],no,no,1
Trailer & Equipment Repair,+1 901-947-4191,http://www.acetrailerequipment.com/,"1685 Florida St, Memphis, TN 38109",Memphis,Tennessee,38109,35.1012544,-90.063326,5,16,Trailer dealer,Friday: ['7:30AM-4PM']; Monday: ['7:30AM-4PM']; Saturday: ['Closed']; Sunday: ['Closed']; Thursday: ['7:30AM-4PM']; Tuesday: ['7:30AM-4PM']; Wednesday: ['7:30AM-4PM'],no,no,1
Trailer Sales of Memphis Inc,+1 901-398-0133,http://www.tsomemphis.com/,"3394 Fontaine Rd, Memphis, TN 38116",Memphis,Tennessee,38116,35.056177,-90.0100355,4.8,36,Trailer repair shop,Friday: ['8AM-4:30PM']; Monday: ['8AM-4:30PM']; Saturday: ['Closed']; Sunday: ['Closed']; Thursday: ['8AM-4:30PM']; Tuesday: ['8AM-4:30PM']; Wednesday: ['8AM-4:30PM'],no,no,1
Tri-State Thermo King - Memphis,+1 901-332-7344,http://www.tstk.com/,"1420 Stonebrook Ave, Memphis, TN 38116",Memphis,Tennessee,38116,35.0660865,-90.0162988,4.5,321,Truck repair shop,Friday: ['7AM-6PM']; Monday: ['7AM-6PM']; Saturday: ['Closed']; Sunday: ['Closed']; Thursday: ['7AM-6PM']; Tuesday: ['7AM-6PM']; Wednesday: ['7AM-6PM'],no,no,1
Truck & Trailer Repair Memphis,+1 901-446-3163,https://www.memphismobiletruckrepairs.com/,"819 Chelsea Ave, Memphis, TN 38107",Memphis,Tennessee,38107,35.1658691,-90.0298994,5,3,Truck repair shop,Friday: ['Open 24 hours']; Monday: ['Open 24 hours']; Saturday: ['Open 24 hours']; Sunday: ['Open 24 hours']; Thursday: ['Open 24 hours']; Tuesday: ['Open 24 hours']; Wednesday: ['Open 24 hours'],yes,no,1
Truck Doctor,+1 901-801-2261,https://memphissemitruckrepair.com/,"3461 Democrat Rd, Memphis, TN 38118",Memphis,Tennessee,38118,35.0683287,-89.9481974,5,,Mechanic,Thursday: ['8AM-4PM'],no,no,1
Truck Repair Memphis,+1 901-266-8525,https://truckrepair24hr-memphis.com/,"2747 Jackson Ave, Memphis, TN 38108",Memphis,Tennessee,38108,35.1586701,-89.9674927,5,3,Truck repair shop,Friday: ['Open 24 hours']; Monday: ['Open 24 hours']; Saturday: ['Open 24 hours']; Sunday: ['Open 24 hours']; Thursday: ['Open 24 hours']; Tuesday: ['Open 24 hours']; Wednesday: ['Open 24 hours'],yes,no,1
United Diesel Power - Truck Repair,+1 901-619-4344,https://uniteddieselpower.com/,"778 E Brooks Rd, Memphis, TN 38116",Memphis,Tennessee,38116,35.0622764,-90.0381314,3.9,358,Truck repair shop,Friday: ['Open 24 hours']; Monday: ['Open 24 hours']; Saturday: ['Open 24 hours']; Sunday: ['Open 24 hours']; Thursday: ['Open 24 hours']; Tuesday: ['Open 24 hours']; Wednesday: ['Open 24 hours'],yes,no,1
Utilities Equipment Company,+1 901-362-5910,http://www.ueco.pro/,"3990 Runway Rd, Memphis, TN 38118",Memphis,Tennessee,38118,35.039736,-89.967124,4.9,15,Trailer repair shop,Friday: ['7:30AM-4:30PM']; Monday: ['7:30AM-4:30PM']; Saturday: ['Closed']; Sunday: ['Closed']; Thursday: ['7:30AM-4:30PM']; Tuesday: ['7:30AM-4:30PM']; Wednesday: ['7:30AM-4:30PM'],no,no,1
mobile trailer Repair and welding,+1 901-619-9504,https://www.facebook.com/profile.php%3Fid%3D100014280105201,"6451 Ferrell Dr, Memphis, TN 38134",Memphis,Tennessee,38134,35.187548,-89.848006,4.9,88,Repair service,Friday: ['8AM-5PM']; Monday: ['8AM-5PM']; Saturday: ['8AM-2PM']; Sunday: ['Closed']; Thursday: ['8AM-5PM']; Tuesday: ['7AM-5PM']; Wednesday: ['7AM-5PM'],no,yes,1
robert cole truck and trailer repair,+1 901-833-7647,,"2100 Elvis Presley Blvd, Memphis, TN 38106",Memphis,Tennessee,38106,35.0879724,-90.0178953,5,10,Transportation service,Friday: ['7:30AM-11:30PM']; Monday: ['7:30AM-11:30PM']; Saturday: ['8AM-11:30PM']; Sunday: ['9AM-11:30PM']; Thursday: ['7:30AM-11:30PM']; Tuesday: ['7:30AM-11:30PM']; Wednesday: ['7:30AM-11:30PM'],no,no,1
"RV Doctor, LLC",+1 423-812-4357,https://thervdr.com/,"624 Midway Rd, Midway, TN 37809",Midway,Tennessee,37809,36.18247,-82.974992,4.9,45,RV repair shop,Friday: ['8:30AM-5PM']; Monday: ['8:30AM-5PM']; Saturday: ['9AM-1PM']; Sunday: ['Closed']; Thursday: ['8:30AM-5PM']; Tuesday: ['8:30AM-5PM']; Wednesday: ['8:30AM-5PM'],no,no,1
Lumley Services,+1 731-414-9720,,"19 Hope Hill Cemetery Rd, Milan, TN 38358",Milan,Tennessee,38358,35.8255805,-88.7563781,4.6,12,Mechanic,Friday: ['Open 24 hours']; Monday: ['Open 24 hours']; Saturday: ['Open 24 hours']; Sunday: ['Open 24 hours']; Thursday: ['Open 24 hours']; Tuesday: ['Open 24 hours']; Wednesday: ['Open 24 hours'],yes,no,1
Middle Tennessee Roadside Repair,+1 423-750-2726,,"516 Dubose St, Monteagle, TN 37356",Monteagle,Tennessee,37356,35.2413095,-85.8234652,4.8,117,Truck repair shop,Friday: ['Open 24 hours']; Monday: ['Open 24 hours']; Saturday: ['Open 24 hours']; Sunday: ['Open 24 hours']; Thursday: ['Open 24 hours']; Tuesday: ['Open 24 hours']; Wednesday: ['Open 24 hours'],yes,no,1
Meller truck and trailer repair,+1 629-279-6910,,"5425 E Division St, Mt. Juliet, TN 37122",Mt. Juliet,Tennessee,37122,36.1907931,-86.4273325,4.7,56,Truck repair shop,Friday: ['Open 24 hours']; Monday: ['Open 24 hours']; Saturday: ['Open 24 hours']; Sunday: ['Open 24 hours']; Thursday: ['Open 24 hours']; Tuesday: ['Open 24 hours']; Wednesday: ['Open 24 hours'],yes,no,1
Schmidt's Marine & RV Services,+1 615-984-4170,,"6410 Couchville Pike, Mt. Juliet, TN 37122",Mt. Juliet,Tennessee,37122,36.0718685,-86.4701223,4.8,38,RV repair shop,,no,no,1
Stepp's mobile rv service,+1 615-691-1335,https://steppsmobilervservice.com/,"TN-1, Mt. Juliet, TN 37122",Mt. Juliet,Tennessee,37122,36.2000464,-86.5180767,5,65,Repair service,Friday: ['8AM-6:30PM']; Monday: ['8AM-6:30PM']; Saturday: ['Closed']; Sunday: ['Closed']; Thursday: ['8AM-6:30PM']; Tuesday: ['8AM-6:30PM']; Wednesday: ['8AM-6:30PM'],no,yes,1
Finley's Diesel & Truck & Trailer Repair,+1 615-556-9494,,"547 Mt Herman Rd, Murfreesboro, TN 37127",Murfreesboro,Tennessee,37127,35.8254223,-86.3063552,4.9,156,Truck repair shop,Friday: ['7AM-5PM']; Monday: ['7AM-5PM']; Saturday: ['Closed']; Sunday: ['Closed']; Thursday: ['7AM-5PM']; Tuesday: ['7AM-5PM']; Wednesday: ['7:30AM-5PM'],no,no,1
Get It Done Diesel,+1 615-881-4120,,"554 Agripark Dr #338, Murfreesboro, TN 37128",Murfreesboro,Tennessee,37128,35.8528468,-86.4441519,4.4,13,Diesel engine repair service,Friday: ['Open 24 hours']; Monday: ['Open 24 hours']; Saturday: ['Open 24 hours']; Sunday: ['Open 24 hours']; Thursday: ['Open 24 hours']; Tuesday: ['Open 24 hours']; Wednesday: ['Open 24 hours'],yes,no,1
Omar’s truck service,+1 615-892-4466,,"4447 Veals Rd, Murfreesboro, TN 37127",Murfreesboro,Tennessee,37127,35.8095738,-86.3161032,4.5,42,Truck repair shop,Friday: ['Open 24 hours']; Monday: ['Open 24 hours']; Saturday: ['Open 24 hours']; Sunday: ['Open 24 hours']; Thursday: ['Open 24 hours']; Tuesday: ['Open 24 hours']; Wednesday: ['Open 24 hours'],yes,no,1
Tennessee Truck & Trailer Repair,+1 270-799-0142,https://tntt.repair/,"702 Riviera Dr, Murfreesboro, TN 37130",Murfreesboro,Tennessee,37130,35.8289078,-86.3708674,3.5,50,Truck repair shop,Friday: ['Open 24 hours']; Monday: ['Open 24 hours']; Saturday: ['Open 24 hours']; Sunday: ['Open 24 hours']; Thursday: ['Open 24 hours']; Tuesday: ['Open 24 hours']; Wednesday: ['Open 24 hours'],yes,no,1
"2nd Shift Diesel, LLC",+1 615-785-9764,https://www.facebook.com/2nd-Shift-Diesel-257094581624374/,"32 Cleveland Ave, Nashville, TN 37210",Nashville,Tennessee,37210,36.1402615,-86.7422909,5,19,Truck repair shop,Friday: ['9AM-5PM']; Monday: ['9AM-5PM']; Saturday: ['Closed']; Sunday: ['Closed']; Thursday: ['9AM-5PM']; Tuesday: ['9AM-5PM']; Wednesday: ['9AM-5PM'],no,no,1
A & B Auto & Truck Repair Inc,+1 615-259-4454,,"1201 Foster Ave, Nashville, TN 37210",Nashville,Tennessee,37210,36.134493,-86.741778,4.8,103,Truck repair shop,Friday: ['8AM-4PM']; Monday: ['8AM-4PM']; Saturday: ['Closed']; Sunday: ['Closed']; Thursday: ['8AM-4PM']; Tuesday: ['8AM-4PM']; Wednesday: ['8AM-4PM'],no,no,1
A-Plus Truck Repair,+1 615-254-4641,,"650 Murfreesboro Pike, Nashville, TN 37210",Nashville,Tennessee,37210,36.1409324,-86.7376074,4.2,27,Truck repair shop,Friday: ['7AM-4:30PM']; Monday: ['7AM-4:30PM']; Saturday: ['Closed']; Sunday: ['Closed']; Thursday: ['7AM-4:30PM']; Tuesday: ['7AM-4:30PM']; Wednesday: ['7AM-4:30PM'],no,no,1
ACTS Fleet Maintenance Service,+1 865-938-5910,http://actsfleet.com/,"615 Poplar St, Nashville, TN 37210",Nashville,Tennessee,37210,36.142317,-86.728483,3.6,21,Truck repair shop,Friday: ['7AM-5PM']; Monday: ['7AM-5PM']; Saturday: ['7AM-5PM']; Sunday: ['Closed']; Thursday: ['7AM-5PM']; Tuesday: ['7AM-5PM']; Wednesday: ['7AM-5PM'],no,no,1
Action Gear and Diesel,+1 615-730-6685,,"2629 Locust St, Nashville, TN 37207",Nashville,Tennessee,37207,36.214275,-86.770387,3.8,69,Truck repair shop,Friday: ['8AM-5PM']; Monday: ['8AM-5PM']; Saturday: ['Closed']; Sunday: ['Closed']; Thursday: ['8AM-5PM']; Tuesday: ['8AM-5PM']; Wednesday: ['8AM-5PM'],no,no,1
All Brothers TRUCK and Equipment Repair,+1 615-969-6516,,"Old Lebanon Pike, Nashville, TN 37214",Nashville,Tennessee,37214,36.1698714,-86.6687,5,1,Truck repair shop,,no,no,1
Autow Fleet Services,+1 615-244-1130,http://autowfleet.com/,"1408 Lebanon Pike, Nashville, TN 37210",Nashville,Tennessee,37210,36.1541613,-86.7269117,3.9,20,Truck repair shop,Friday: ['7AM-11PM']; Monday: ['7AM-11PM']; Saturday: ['7AM-3PM']; Sunday: ['Closed']; Thursday: ['7AM-11PM']; Tuesday: ['7AM-11PM']; Wednesday: ['7AM-11PM'],no,no,1
BNA TRUCK PARKING,+1 615-707-4140,,"62 Hart St, Nashville, TN 37210",Nashville,Tennessee,37210,36.1426566,-86.7572372,,,Truck repair shop,,no,no,1
Bass Ewing Garage & Transmission,+1 615-385-4168,http://www.ewingbassgarage.com/,"3211 Charlotte Ave, Nashville, TN 37209",Nashville,Tennessee,37209,36.1526906,-86.82337,4.8,114,Auto repair shop,Friday: ['7:30AM-4:30PM']; Monday: ['7:30AM-4:30PM']; Saturday: ['Closed']; Sunday: ['Closed']; Thursday: ['7:30AM-4:30PM']; Tuesday: ['7:30AM-4:30PM']; Wednesday: ['7:30AM-4:30PM'],no,no,1
CML Truck and Trailer Repair,+1 629-206-9018,https://www.cmltruckandtrailerrepair.com/,"830 Fesslers Ln, Nashville, TN 37210",Nashville,Tennessee,37210,36.1372812,-86.7464899,4.3,168,Truck repair shop,Friday: ['7AM-5PM']; Monday: ['7AM-5PM']; Saturday: ['Closed']; Sunday: ['Closed']; Thursday: ['7AM-5PM']; Tuesday: ['7AM-5PM']; Wednesday: ['7AM-5PM'],no,no,1
CML Truck and Trailer Repair,+1 629-800-5995,https://www.cmltruckandtrailerrepair.com/,"2921 Hydes Ferry Rd, Nashville, TN 37218",Nashville,Tennessee,37218,36.1841312,-86.8344657,3,5,Car repair and maintenance service,,no,no,1
Camping World RV Service - Nashville,+1 877-827-2398,https://rv.campingworld.com/dealer/nashville-tennessee/rv-service-repair,"2618 Music Valley Dr, Nashville, TN 37214",Nashville,Tennessee,37214,36.2344057,-86.7052357,3.7,3,RV repair shop,Friday: ['9AM-6PM']; Monday: ['9AM-6PM']; Saturday: ['9AM-6PM']; Sunday: ['Closed']; Thursday: ['9AM-6PM']; Tuesday: ['9AM-6PM']; Wednesday: ['9AM-6PM'],no,no,2
Cummins Sales and Service,+1 615-366-4341,https://www.cummins.com/sales-and-service%3Futm_source%3DGMB%26utm_medium%3Dyext,"706 Spence Ln, Nashville, TN 37217",Nashville,Tennessee,37217,36.138104,-86.7245464,4,100,Truck repair shop,Friday: ['7AM-4PM']; Monday: ['7AM-4PM']; Saturday: ['Closed']; Sunday: ['Closed']; Thursday: ['7AM-4PM']; Tuesday: ['7AM-4PM']; Wednesday: ['7AM-4PM'],no,no,1
Dunns Fleet & Trailer Services,+1 931-624-8804,http://dunnsfleet.com/,"920 Joseph Ave A, Nashville, TN 37207",Nashville,Tennessee,37207,36.1884707,-86.772214,3.7,21,Trailer repair shop,Friday: ['Open 24 hours']; Monday: ['Open 24 hours']; Saturday: ['Open 24 hours']; Sunday: ['Open 24 hours']; Thursday: ['Open 24 hours']; Tuesday: ['Open 24 hours']; Wednesday: ['Open 24 hours'],yes,no,1
Elite Trailer Sales & Services,+1 615-350-8041,http://www.elitetrailernashville.com/,"1800 Linder Industrial Dr, Nashville, TN 37209",Nashville,Tennessee,37209,36.1695642,-86.8607968,4.4,76,Trailer repair shop,Friday: ['7AM-6PM']; Monday: ['7AM-6PM']; Saturday: ['7AM-4PM']; Sunday: ['Closed']; Thursday: ['7AM-6PM']; Tuesday: ['7AM-6PM']; Wednesday: ['7AM-6PM'],no,no,1
Emission & Cooling Solutions,+1 615-251-1551,http://www.ecspart.com/,"520 Central Ave, Nashville, TN 37211",Nashville,Tennessee,37211,36.1142253,-86.7502628,5,121,Diesel engine repair service,Friday: ['7:30AM-4:30PM']; Monday: ['7:30AM-4:30PM']; Saturday: ['Closed']; Sunday: ['Closed']; Thursday: ['7:30AM-4:30PM']; Tuesday: ['7:30AM-4:30PM']; Wednesday: ['7:30AM-4:30PM'],no,no,1
FAST AND EASY MOBILE MECHANIC LLC,+1 615-894-4687,,"3712 Clarksville Pike, Nashville, TN 37218",Nashville,Tennessee,37218,36.1770389,-86.8224778,4.6,62,Auto repair shop,Friday: ['Open 24 hours']; Monday: ['Open 24 hours']; Saturday: ['Open 24 hours']; Sunday: ['Open 24 hours']; Thursday: ['Open 24 hours']; Tuesday: ['Open 24 hours']; Wednesday: ['Open 24 hours'],yes,yes,1
Fast Fleet,+1 423-481-8877,https://fastfleetrs.com/,"1831 12th Ave S Ste 167, Nashville, TN 37203",Nashville,Tennessee,37203,36.1347871,-86.7893534,4.4,301,Truck repair shop,Friday: ['Open 24 hours']; Monday: ['Open 24 hours']; Saturday: ['Open 24 hours']; Sunday: ['Open 24 hours']; Thursday: ['Open 24 hours']; Tuesday: ['Open 24 hours']; Wednesday: ['Open 24 hours'],yes,no,1
Fleet Fix - Fleet Maintenance and Auto Repair,+1 615-840-6367,http://www.fleetfixtn.com/,"845 Visco Dr, Nashville, TN 37210",Nashville,Tennessee,37210,36.1577117,-86.7459708,5,13,Truck repair shop,Friday: ['7AM-4PM']; Monday: ['7AM-4PM']; Saturday: ['Closed']; Sunday: ['Closed']; Thursday: ['7AM-4PM']; Tuesday: ['7AM-4PM']; Wednesday: ['7AM-4PM'],no,no,1
FleetPride,+1 615-244-2853,https://branches.fleetpride.com/tn/nashville/truckparts-nas.html,"835 Fesslers Pkwy, Nashville, TN 37210",Nashville,Tennessee,37210,36.1464705,-86.7410146,4.4,100,Truck parts supplier,Friday: ['7:30AM-5PM']; Monday: ['7:30AM-5PM']; Saturday: ['8AM-12PM']; Sunday: ['Closed']; Thursday: ['7:30AM-5PM']; Tuesday: ['7:30AM-5PM']; Wednesday: ['7:30AM-5PM'],no,no,1
Full Time RV Repair,+1 629-239-3881,https://fulltimervrepair.com/,"2294 Lebanon Pike, Nashville, TN 37214",Nashville,Tennessee,37214,36.1700381,-86.6850489,5,173,RV supply store,Friday: ['8AM-6PM']; Monday: ['8AM-6PM']; Saturday: ['8AM-4PM']; Sunday: ['Closed']; Thursday: ['8AM-6PM']; Tuesday: ['8AM-6PM']; Wednesday: ['8AM-6PM'],no,no,1
Gateway Truck & Refrigeration,+1 615-366-1923,https://www.gtr.inc/,"1120 Foster Ave, Nashville, TN 37210",Nashville,Tennessee,37210,36.1381184,-86.740527,4.6,182,Refrigerated transport service,Friday: ['8AM-5PM']; Monday: ['8AM-5PM']; Saturday: ['Closed']; Sunday: ['Closed']; Thursday: ['8AM-5PM']; Tuesday: ['8AM-5PM']; Wednesday: ['8AM-5PM'],no,no,1
Greg's Auto Repair,+1 615-256-3985,https://www.facebook.com/gregsauto634/,"634 Main St, Nashville, TN 37206",Nashville,Tennessee,37206,36.1729479,-86.760639,4.8,55,Auto repair shop,Friday: ['8AM-5:30PM']; Monday: ['8AM-5:30PM']; Saturday: ['Closed']; Sunday: ['Closed']; Thursday: ['8AM-5:30PM']; Tuesday: ['8AM-5:30PM']; Wednesday: ['8AM-5:30PM'],no,no,1
Interstate Truck And Trailer Repair,+1 561-253-5891,,"1514 4th Ave S, Nashville, TN 37210",Nashville,Tennessee,37210,36.138431,-86.761522,3.6,121,Truck repair shop,Friday: ['8AM-8PM']; Monday: ['8AM-8PM']; Saturday: ['8AM-8PM']; Sunday: ['8AM-8PM']; Thursday: ['8AM-8PM']; Tuesday: ['8AM-8PM']; Wednesday: ['8AM-8PM'],no,no,1
Jasper Engines & Transmissions,+1 800-827-7455,https://www.jasperengines.com/find-an-installer,"1427 Donelson Pike, Nashville, TN 37217",Nashville,Tennessee,37217,36.096851,-86.677493,3.5,32,Warehouse,,no,no,2
Jay's Towing & Mobile auto repair,+1 615-715-0840,,"1725 Woodland Pointe Dr, Nashville, TN 37214",Nashville,Tennessee,37214,36.1212695,-86.6251638,4.8,42,Mechanic,Friday: ['Open 24 hours']; Monday: ['Open 24 hours']; Saturday: ['Open 24 hours']; Sunday: ['Open 24 hours']; Thursday: ['Open 24 hours']; Tuesday: ['Open 24 hours']; Wednesday: ['Open 24 hours'],yes,yes,1
Joker Diesel / Joker Express,+1 615-961-7722,http://jokerdiesel.org/,"317 B Arlington Ave, Nashville, TN 37210",Nashville,Tennessee,37210,36.1415208,-86.7316785,5,55,Diesel engine repair service,,no,no,1
Jonnys Towing & Recovery,,https://www.jonnystowingnow.com/towing-nashville/,"925 Visco Dr, Nashville, TN 37210",Nashville,Tennessee,37210,36.1584681,-86.7413792,4,346,Towing service,Friday: ['Open 24 hours']; Monday: ['Open 24 hours']; Saturday: ['Open 24 hours']; Sunday: ['Open 24 hours']; Thursday: ['Open 24 hours']; Tuesday: ['Open 24 hours']; Wednesday: ['Open 24 hours'],yes,no,1
Link Automotive Services,+1 615-256-3060,https://linkautomotiveservice.net/,"1229 Lebanon Pike, Nashville, TN 37210",Nashville,Tennessee,37210,36.1526659,-86.73005,4.7,48,Truck repair shop,Friday: ['7:30AM-5PM']; Monday: ['7:30AM-5PM']; Saturday: ['Closed']; Sunday: ['Closed']; Thursday: ['7:30AM-5PM']; Tuesday: ['7:30AM-5PM']; Wednesday: ['7:30AM-5PM'],no,no,1
Love's Travel Stop,+1 615-226-6393,https://www.loves.com/locations/429,"130 W Trinity Ln, Nashville, TN 37207",Nashville,Tennessee,37207,36.2056112,-86.7716909,3.1,1093,Truck stop,Friday: ['Open 24 hours']; Monday: ['Open 24 hours']; Saturday: ['Open 24 hours']; Sunday: ['Open 24 hours']; Thursday: ['Open 24 hours']; Tuesday: ['Open 24 hours']; Wednesday: ['Open 24 hours'],yes,no,1
M&D - Nashville (formerly Taylor Diesel of Nashville),+1 615-242-9550,http://www.taylordiesel.com/,"1120 Elm Hill Pike, Nashville, TN 37210",Nashville,Tennessee,37210,36.1440332,-86.7313277,4.1,19,Truck repair shop,Friday: ['8AM-5PM']; Monday: ['8AM-5PM']; Saturday: ['Closed']; Sunday: ['Closed']; Thursday: ['8AM-5PM']; Tuesday: ['8AM-5PM']; Wednesday: ['8AM-5PM'],no,no,1
M&D of Nashville (Formerly DSS Pro Diesel & Taylor Diesel),+1 615-242-4072,http://dssprodiesel.com/,"318 Fesslers Ln, Nashville, TN 37210",Nashville,Tennessee,37210,36.150125,-86.7423717,3.8,40,Truck repair shop,Friday: ['6:30AM-5PM']; Monday: ['6:30AM-5AM']; Saturday: ['Closed']; Sunday: ['Closed']; Thursday: ['6:30AM-5PM']; Tuesday: ['6:30AM-5PM']; Wednesday: ['6:30AM-5PM'],no,no,1
MHC Kenworth - Nashville,+1 615-366-5454,https://mhc.com/locations/mhc-kenworth-nashville,"550 Spence Ln, Nashville, TN 37210",Nashville,Tennessee,37210,36.1422135,-86.7197817,4.1,1142,Truck repair shop,Friday: ['Open 24 hours']; Monday: ['Open 24 hours']; Saturday: ['Open 24 hours']; Sunday: ['Open 24 hours']; Thursday: ['Open 24 hours']; Tuesday: ['Open 24 hours']; Wednesday: ['Open 24 hours'],yes,no,1
MSP Diesel Solutions,+1 615-891-7751,http://mspdieselsolutions.com/,"431 Enos Reed Dr, Nashville, TN 37210",Nashville,Tennessee,37210,36.1388781,-86.7452527,5,1,Truck repair shop,Friday: ['8AM-5PM']; Monday: ['8AM-5PM']; Saturday: ['Closed']; Sunday: ['Closed']; Thursday: ['8AM-5PM']; Tuesday: ['8AM-5PM']; Wednesday: ['8AM-5PM'],no,no,1
Music City Trailer Repair,+1 615-454-6568,http://musiccitytrailerrepair.com/,"1312 Lebanon Pike, Nashville, TN 37210",Nashville,Tennessee,37210,36.1531804,-86.7283302,4.7,99,Trailer repair shop,Friday: ['7AM-4PM']; Monday: ['7AM-4PM']; Saturday: ['Closed']; Sunday: ['Closed']; Thursday: ['7AM-4PM']; Tuesday: ['7AM-4PM']; Wednesday: ['7AM-4PM'],no,no,1
Naser Mobile Mechanic,+1 615-305-3316,,"Thrible Springs Dr, Nashville, TN 37211",Nashville,Tennessee,37211,36.0392347,-86.7359558,5,51,Auto repair shop,Friday: ['9AM-11:30PM']; Monday: ['9AM-11:30PM']; Saturday: ['9AM-11:30PM']; Sunday: ['9AM-11:30PM']; Thursday: ['9AM-11:30PM']; Tuesday: ['12AM-11:30PM']; Wednesday: ['9AM-11:30PM'],no,yes,1
Nashville Auto-Diesel College,+1 800-228-6232,https://www.nadc.edu/,"2813 Brick Church Pike, Nashville, TN 37207",Nashville,Tennessee,37207,36.218793,-86.7766259,3.8,381,Trade school,Friday: ['8AM-2PM']; Monday: ['8AM-7PM']; Saturday: ['9AM-1PM']; Sunday: ['Closed']; Thursday: ['8AM-7PM']; Tuesday: ['8AM-7PM']; Wednesday: ['8AM-7PM'],no,no,1
Nashville Mobile Mechanic Pros,+1 629-284-0630,https://nashvillemobilemechanic.co/%3Futm_source%3Dgmb%26utm_medium%3Dorganic%26utm_campaign%3Dgoogle_business_profile,"904 Curdwood Blvd, Nashville, TN 37216",Nashville,Tennessee,37216,36.221287,-86.7340191,5,7,Mechanic,Friday: ['7AM-8PM']; Monday: ['7AM-8PM']; Saturday: ['7AM-8PM']; Sunday: ['7AM-8PM']; Thursday: ['7AM-8PM']; Tuesday: ['7AM-8PM']; Wednesday: ['7AM-8PM'],no,yes,1
Nashville Mobile Truck And Trailer Repair,+1 629-276-9590,http://nashvillemobiletruckrepair.com/,"201 Lafayette St, Nashville, TN 37210",Nashville,Tennessee,37210,36.1506369,-86.767132,3.8,4,Truck repair shop,Friday: ['Open 24 hours']; Monday: ['Open 24 hours']; Saturday: ['Open 24 hours']; Sunday: ['Open 24 hours']; Thursday: ['Open 24 hours']; Tuesday: ['Open 24 hours']; Wednesday: ['Open 24 hours'],yes,yes,1
Nashville Mobile Truck Repair,+1 615-908-3636,,"2623 Brick Church Pike, Nashville, TN 37207",Nashville,Tennessee,37207,36.2168814,-86.7804101,,,Truck repair shop,Friday: ['Open 24 hours']; Monday: ['Open 24 hours']; Saturday: ['Open 24 hours']; Sunday: ['Open 24 hours']; Thursday: ['Open 24 hours']; Tuesday: ['Open 24 hours']; Wednesday: ['Open 24 hours'],yes,yes,1
Nashville RV Repairs,+1 615-530-1829,https://www.nashvillervrepairs.com/%3Futm_source%3Dgoogle%26utm_medium%3Dwix_google_business_profile%26utm_campaign%3D17046588786389128630,"2626 Music Valley Dr, Nashville, TN 37214",Nashville,Tennessee,37214,36.2335369,-86.7072496,5,10,RV repair and maintenance service,,no,no,1
"Nashville Spring Service, Inc.",+1 615-254-7647,http://nashvillespring.com/,"216 Omohundro Pl, Nashville, TN 37210",Nashville,Tennessee,37210,36.1585525,-86.7398143,4.9,57,Trailer supply store,Friday: ['7:30AM-3PM']; Monday: ['7:30AM-4:30PM']; Saturday: ['Closed']; Sunday: ['Closed']; Thursday: ['7:30AM-4:30PM']; Tuesday: ['7:30AM-4:30PM']; Wednesday: ['7:30AM-4:30PM'],no,no,1
Nashville Truck and Trailer Road Assistance,+1 615-584-1695,https://nashvilletrucktrailerassistance.com/,"960 Main St, Nashville, TN 37206",Nashville,Tennessee,37206,36.1773749,-86.7527548,4.9,36,Repair service,Friday: ['Open 24 hours']; Monday: ['Open 24 hours']; Saturday: ['Open 24 hours']; Sunday: ['Open 24 hours']; Thursday: ['Open 24 hours']; Tuesday: ['Open 24 hours']; Wednesday: ['Open 24 hours'],yes,no,1
Nashville truck repair,+1 615-600-2598,,"137 Caden Dr, Nashville, TN 37210",Nashville,Tennessee,37210,36.1296315,-86.744628,4.9,14,Truck repair shop,,no,no,1
Premier Truck & Trailer Services,+1 615-687-4175,,"1720 Ed Temple Blvd, Nashville, TN 37208",Nashville,Tennessee,37208,36.1783088,-86.823851,4.3,24,Truck repair shop,,no,no,1
Quality Mobile Tire Service Nashville – 24/7,+1 615-630-0674,https://www.quality-tire-mobile-service.com/,"1803 Clarksville Pike, Nashville, TN 37208",Nashville,Tennessee,37208,36.1827944,-86.8123274,4.9,53,Tire service,Friday: ['Open 24 hours']; Monday: ['Open 24 hours']; Saturday: ['Open 24 hours']; Sunday: ['Open 24 hours']; Thursday: ['Open 24 hours']; Tuesday: ['Open 24 hours']; Wednesday: ['Open 24 hours'],yes,yes,1
RDR Auto Works,+1 615-279-6979,,"108 Old Trinity Ln, Nashville, TN 37207",Nashville,Tennessee,37207,36.2066792,-86.7694149,4.8,48,Auto body shop,Friday: ['8AM-5PM']; Monday: ['8AM-5PM']; Saturday: ['Closed']; Sunday: ['Closed']; Thursday: ['8AM-5PM']; Tuesday: ['8AM-5PM']; Wednesday: ['8AM-5PM'],no,no,1
"Roberts Mobile Mechanics | Mobile Auto Repair and Mobile Mechanic in Nashville, TN",+1 615-394-1831,https://www.robertsmobilemechanics.com/%3Futm_source%3DGBP_listing%26utm_medium%3DDigital_Domination,"504 Raymond St, Nashville, TN 37211",Nashville,Tennessee,37211,36.1499448,-86.8265204,4.4,145,Truck repair shop,Friday: ['Open 24 hours']; Monday: ['Open 24 hours']; Saturday: ['Open 24 hours']; Sunday: ['Open 24 hours']; Thursday: ['Open 24 hours']; Tuesday: ['Open 24 hours']; Wednesday: ['Open 24 hours'],yes,yes,1
Rowdy diesel repair,+1 629-234-6760,,"3530 Dickerson Pike, Nashville, TN 37207",Nashville,Tennessee,37207,36.25246,-86.7586854,4.7,12,Diesel engine repair service,Friday: ['Open 24 hours']; Monday: ['Open 24 hours']; Saturday: ['Open 24 hours']; Sunday: ['Open 24 hours']; Thursday: ['Open 24 hours']; Tuesday: ['Open 24 hours']; Wednesday: ['Open 24 hours'],yes,no,1
Rush National Tire and Truck Repair,+1 901-849-2276,https://rntmobilerepair.wixsite.com/rush-national,"2325 Dickerson Pike, Nashville, TN 37207",Nashville,Tennessee,37207,36.2081348,-86.7670112,5,6,Truck repair shop,Friday: ['Open 24 hours']; Monday: ['Open 24 hours']; Saturday: ['Open 24 hours']; Sunday: ['Open 24 hours']; Thursday: ['Open 24 hours']; Tuesday: ['Open 24 hours']; Wednesday: ['Open 24 hours'],yes,yes,2
Rush Truck Centers - Nashville Central,+1 629-295-8035,https://www.rushtruckcenters.com/locations/11080000-nashville-central%3Futm_source%3Dgoogle%26utm_medium%3Dorganic%26utm_campaign%3Dgmb-nashville-central-main,"727 Fesslers Ln, Nashville, TN 37210",Nashville,Tennessee,37210,36.1412673,-86.7464472,5,4,Truck repair shop,Friday: ['7AM-5PM']; Monday: ['7AM-5PM']; Saturday: ['8AM-12PM']; Sunday: ['Closed']; Thursday: ['7AM-5PM']; Tuesday: ['7AM-5PM']; Wednesday: ['7AM-5PM'],no,no,1
Service Tire-Truck Tire & Alignment Experts,+1 615-244-8473,http://www.servtire.com/,"81 Fesslers Ln, Nashville, TN 37210",Nashville,Tennessee,37210,36.1575947,-86.7441438,4.4,113,Truck repair shop,Friday: ['7:30AM-11PM']; Monday: ['7:30AM-11PM']; Saturday: ['Closed']; Sunday: ['Closed']; Thursday: ['7:30AM-11PM']; Tuesday: ['7:30AM-11PM']; Wednesday: ['7:30AM-11PM'],no,no,1
"Southern Fleet Repair & Logistics, LLC",+1 615-838-7799,https://southernfleet.repair/,"2620 Locust St, Nashville, TN 37207",Nashville,Tennessee,37207,36.2134699,-86.770014,4.6,11,Truck repair shop,Friday: ['7AM-4PM']; Monday: ['7AM-4PM']; Saturday: ['Closed']; Sunday: ['Closed']; Thursday: ['7AM-4PM']; Tuesday: ['7AM-4PM']; Wednesday: ['7AM-4PM'],no,no,1
Specialized Truck Repair,+1 615-857-3632,https://www.specializedtruckrepair.com/%3Futm_campaign%3Dgmb,"91 Fesslers Ln, Nashville, TN 37210",Nashville,Tennessee,37210,36.1579562,-86.7444453,3.7,393,Truck repair shop,Friday: ['Open 24 hours']; Monday: ['Open 24 hours']; Saturday: ['Open 24 hours']; Sunday: ['Open 24 hours']; Thursday: ['Open 24 hours']; Tuesday: ['Open 24 hours']; Wednesday: ['Open 24 hours'],yes,no,1
Specialized Truck Repair - 24/7 Roadside Truck Repair,+1 615-878-9744,http://strfleet.com/,"70 Fesslers Ln, Nashville, TN 37210",Nashville,Tennessee,37210,36.157326,-86.743368,1,2,Car repair and maintenance service,Friday: ['Open 24 hours']; Monday: ['Open 24 hours']; Saturday: ['Open 24 hours']; Sunday: ['Open 24 hours']; Thursday: ['Open 24 hours']; Tuesday: ['Open 24 hours']; Wednesday: ['Open 24 hours'],yes,no,1
TFM Diesel Road Service,+1 615-293-0108,https://www.facebook.com/busandtruckroadservice,"1015 W Kirkland Ave Unit 410, Nashville, TN 37216",Nashville,Tennessee,37216,36.2107907,-86.7365346,,,Truck repair shop,Friday: ['Open 24 hours']; Monday: ['Open 24 hours']; Saturday: ['Open 24 hours']; Sunday: ['Open 24 hours']; Thursday: ['Open 24 hours']; Tuesday: ['Open 24 hours']; Wednesday: ['Open 24 hours'],yes,no,1
TGC Auto & Truck Repair,+1 615-255-8959,http://www.automotiverepairsnashville.com/,"321 E Trinity Ln, Nashville, TN 37207",Nashville,Tennessee,37207,36.2057524,-86.763115,4.1,69,Auto repair shop,Friday: ['9AM-6PM']; Monday: ['9AM-6PM']; Saturday: ['9AM-6PM']; Sunday: ['Closed']; Thursday: ['9AM-6PM']; Tuesday: ['9AM-6PM']; Wednesday: ['9AM-6PM'],no,no,1
TSR LLC,+1 615-889-8430,http://www.tsrllc.net/,"190 Spence Ln, Nashville, TN 37210",Nashville,Tennessee,37210,36.1550069,-86.7208063,4.5,59,Trailer repair shop,Friday: ['7AM-4PM']; Monday: ['7AM-4PM']; Saturday: ['Closed']; Sunday: ['Closed']; Thursday: ['7AM-4PM']; Tuesday: ['7AM-4PM']; Wednesday: ['7AM-4PM'],no,no,1
USA Motor & Machine,+1 615-726-3725,http://usa-motor-machine.jany.io/,"51 Cleveland Ave, Nashville, TN 37210",Nashville,Tennessee,37210,36.1412289,-86.7416933,4.4,62,Auto machine shop,Friday: ['8AM-4PM']; Monday: ['8AM-4PM']; Saturday: ['Closed']; Sunday: ['Closed']; Thursday: ['8AM-4PM']; Tuesday: ['8AM-4PM']; Wednesday: ['8AM-4PM'],no,no,1
United Truck Repair of Nashville,,,"477 McNally Dr, Nashville, TN 37211",Nashville,Tennessee,37211,36.0922253,-86.7442304,,,Truck repair shop,,no,no,1
Vengeance Automotive & Diesel,+1 615-593-0084,https://www.facebook.com/VengeanceAutoDiesel,"2700 Couchville Pike, Nashville, TN 37217",Nashville,Tennessee,37217,36.1131338,-86.6356575,4.8,41,Auto repair shop,Friday: ['9AM-5PM']; Monday: ['9AM-5PM']; Saturday: ['Closed']; Sunday: ['Closed']; Thursday: ['9AM-5PM']; Tuesday: ['9AM-5PM']; Wednesday: ['9AM-5PM'],no,no,1
Welltek Auto Electrical Diagnostics,+1 615-736-5604,https://welltekautodiagnostics.com/,"708 Poplar Ave, Nashville, TN 37210",Nashville,Tennessee,37210,36.1420376,-86.7298583,4.8,242,Auto repair shop,Friday: ['8AM-5PM']; Monday: ['8AM-5PM']; Saturday: ['Closed']; Sunday: ['Closed']; Thursday: ['8AM-5PM']; Tuesday: ['8AM-5PM']; Wednesday: ['8AM-5PM'],no,no,1
West Power Services,+1 615-742-6195,http://westpowerservices.com/our-locations/902-murfreesboro-pike-nashville-tn-37217//%3Futm_source%3Dgoogle%26utm_medium%3Dorganic%26utm_campaign%3Dgmb,"902 Murfreesboro Pike, Nashville, TN 37217",Nashville,Tennessee,37217,36.1306948,-86.7153805,4.8,32,Truck repair shop,Friday: ['7AM-4PM']; Monday: ['7AM-4PM']; Saturday: ['7AM-4PM']; Sunday: ['7AM-4PM']; Thursday: ['7AM-4PM']; Tuesday: ['7AM-4PM']; Wednesday: ['7AM-4PM'],no,no,1
Wyatt Johnson Ford Service,+1 615-244-3615,https://www.wyattjohnsonford.com/Schedule-Service.html%3Futm_source%3DGMB%26utm_medium%3Dorganic%26utm_campaign%3DGMB%2520Service,"646 Thompson Ln Ste B, Nashville, TN 37204",Nashville,Tennessee,37204,36.1120754,-86.7568004,4.6,1860,Truck repair shop,Friday: ['7AM-6PM']; Monday: ['7AM-6PM']; Saturday: ['7AM-4PM']; Sunday: ['Closed']; Thursday: ['7AM-6PM']; Tuesday: ['7AM-6PM']; Wednesday: ['7AM-6PM'],no,no,1
Tennessee Diesel Repair LLC,+1 865-407-8122,,"621 E Tri County Blvd, Oliver Springs, TN 37840",Oliver Springs,Tennessee,37840,36.0317169,-84.3264014,5,15,Diesel engine repair service,Friday: ['8AM-5PM']; Monday: ['8AM-5PM']; Saturday: ['Closed']; Sunday: ['Closed']; Thursday: ['8AM-5PM']; Tuesday: ['8AM-5PM']; Wednesday: ['8AM-5PM'],no,no,1
Scott's Truck Service,+1 731-642-4789,https://scottstruckservice.com/,"3725 US-641, Paris, TN 38242",Paris,Tennessee,38242,36.3542042,-88.3340558,4.5,42,Truck repair shop,Friday: ['8AM-5PM']; Monday: ['8AM-5PM']; Saturday: ['Closed']; Sunday: ['Closed']; Thursday: ['8AM-5PM']; Tuesday: ['8AM-5PM']; Wednesday: ['8AM-5PM'],no,no,1
A-1 Mobile RV Repair,+1 270-363-9686,,"3115 Brk Bnd Wy, Pigeon Forge, TN 37863",Pigeon Forge,Tennessee,37863,35.7906906,-83.6088805,5,27,RV repair shop,Friday: ['Open 24 hours']; Monday: ['Open 24 hours']; Saturday: ['Open 24 hours']; Sunday: ['Open 24 hours']; Thursday: ['Open 24 hours']; Tuesday: ['Open 24 hours']; Wednesday: ['Open 24 hours'],yes,yes,1
"Mobile Mechs - Mobile Mechanic Jackson, Tn",+1 731-608-0419,http://mobilemechs.com/,"1 Roy Davis Rd, Pinson, TN 38366",Pinson,Tennessee,38366,35.5128616,-88.7884978,5,30,Auto repair shop,Friday: ['6AM-8PM']; Monday: ['6AM-8PM']; Saturday: ['Closed']; Sunday: ['Closed']; Thursday: ['6AM-8PM']; Tuesday: ['6AM-8PM']; Wednesday: ['6AM-8PM'],no,yes,1
All Pro Diesel LLC,+1 615-389-0873,https://allprodiesel.shop/,"611 Scattersville Rd, Portland, TN 37148",Portland,Tennessee,37148,36.6019342,-86.570178,4.8,57,Truck repair shop,Friday: ['Open 24 hours']; Monday: ['Open 24 hours']; Saturday: ['Open 24 hours']; Sunday: ['Open 24 hours']; Thursday: ['Open 24 hours']; Tuesday: ['Open 24 hours']; Wednesday: ['Open 24 hours'],yes,no,1
Mister RV Service,+1 615-504-0641,http://www.misterrvservice.com/,"107 S Russell St, Portland, TN 37148",Portland,Tennessee,37148,36.5790084,-86.5133368,4.6,92,RV repair shop,Friday: ['8AM-4:30PM']; Monday: ['8AM-4:30PM']; Saturday: ['Closed']; Sunday: ['Closed']; Thursday: ['8AM-4:30PM']; Tuesday: ['8AM-4:30PM']; Wednesday: ['8AM-4:30PM'],no,no,1
State Line Inspection and Repair,+1 615-775-8272,https://www.statelineinspectionandrepair.com/,"176 W Harper Rd, Portland, TN 37148",Portland,Tennessee,37148,36.5672574,-86.5708823,4.8,23,Truck repair shop,Friday: ['8AM-8PM']; Monday: ['8AM-8PM']; Saturday: ['8AM-8PM']; Sunday: ['Closed']; Thursday: ['8AM-8PM']; Tuesday: ['8AM-8PM']; Wednesday: ['8AM-8PM'],no,no,1
"865 Precision, LLC",+1 865-242-5601,http://www.865-precision.com/,"8406 Rayworth Trail, Powell, TN 37849",Powell,Tennessee,37849,36.0591965,-84.0175474,5,80,RV repair shop,Friday: ['9AM-5PM']; Monday: ['9AM-5PM']; Saturday: ['Closed']; Sunday: ['Closed']; Thursday: ['9AM-5PM']; Tuesday: ['9AM-5PM']; Wednesday: ['9AM-5PM'],no,no,1
Love's Travel Stop,+1 731-645-5163,https://www.loves.com/locations/694,"6870 US-45, Ramer, TN 38367",Ramer,Tennessee,38367,35.0767577,-88.5451589,4.3,450,Truck stop,Friday: ['Open 24 hours']; Monday: ['Open 24 hours']; Saturday: ['Open 24 hours']; Sunday: ['Open 24 hours']; Thursday: ['Open 24 hours']; Tuesday: ['Open 24 hours']; Wednesday: ['Open 24 hours'],yes,no,1
Waters Edge RV Services,+1 865-566-2699,http://watersedgervservices.com/,"130 Coffey Heights, Rutledge, TN 37861",Rutledge,Tennessee,37861,36.1745643,-83.5028076,5,38,RV repair shop,Friday: ['8AM-4:30PM']; Monday: ['8AM-4:30PM']; Saturday: ['Closed']; Sunday: ['Closed']; Thursday: ['8AM-4:30PM']; Tuesday: ['8AM-4:30PM']; Wednesday: ['8AM-4:30PM'],no,no,1
TS Auto & Diesel Repair,+1 731-434-8733,,"917 Mulberry Ave, Selmer, TN 38375",Selmer,Tennessee,38375,35.1392906,-88.5746354,4.2,6,Diesel engine repair service,Friday: ['8AM-5PM']; Monday: ['8AM-5PM']; Saturday: ['8AM-5PM']; Sunday: ['8AM-5PM']; Thursday: ['8AM-5PM']; Tuesday: ['8AM-5PM']; Wednesday: ['8AM-5PM'],no,no,1
Tj's Auto & Diesel Llc,+1 731-453-4483,,"Selmer, TN 38375",Selmer,Tennessee,38375,35.0903128,-88.5497155,4.1,29,Auto repair shop,,no,no,1
"Ricky's RV Repair, LLC",+1 865-908-3245,http://www.rickysrv.com/,"1742 Veterans Blvd, Sevierville, TN 37862",Sevierville,Tennessee,37862,35.8492531,-83.5437569,4.6,472,RV repair shop,Friday: ['8AM-5PM']; Monday: ['8AM-5PM']; Saturday: ['8AM-12PM']; Sunday: ['Closed']; Thursday: ['8AM-5PM']; Tuesday: ['8AM-5PM']; Wednesday: ['8AM-5PM'],no,no,1
Tennessee RV Flexarmor,+1 865-223-9609,http://tnrvflexarmor.com/,"1729 Springer Rd, Sevierville, TN 37862",Sevierville,Tennessee,37862,35.8158623,-83.4947411,5,68,RV repair shop,Friday: ['7AM-5:30PM']; Monday: ['7AM-5:30PM']; Saturday: ['Closed']; Sunday: ['Closed']; Thursday: ['7AM-5:30PM']; Tuesday: ['7AM-5:30PM']; Wednesday: ['7AM-5:30PM'],no,no,1
Knoxville Fleet Truck and Trailer Repair,+1 865-850-2551,https://www.truckdown.com/search/view-detail/knoxville_fleet_truck_and_trailer_repair__seymour_tn/5e80165d2ce5e300019ca34e,"1322 S Old Sevierville Pike, Seymour, TN 37865",Seymour,Tennessee,37865,35.8843514,-83.7906168,4,63,Truck repair shop,Friday: ['Open 24 hours']; Monday: ['Open 24 hours']; Saturday: ['Open 24 hours']; Sunday: ['Open 24 hours']; Thursday: ['Open 24 hours']; Tuesday: ['Open 24 hours']; Wednesday: ['Open 24 hours'],yes,no,1
Beau RV Mobile Repair Technician,+1 615-258-8378,,"290 Mayfield Dr Unit 494, Smyrna, TN 37167",Smyrna,Tennessee,37167,35.9769591,-86.5063882,4.5,39,RV repair shop,Friday: ['8AM-5PM']; Monday: ['8AM-5PM']; Saturday: ['8AM-5PM']; Sunday: ['Closed']; Thursday: ['8AM-5PM']; Tuesday: ['8AM-5PM']; Wednesday: ['8AM-5PM'],no,yes,1
MT RV Mobile Repair,+1 619-357-2417,,"1658 Lee Victory Pkwy Unit 511, Smyrna, TN 37167",Smyrna,Tennessee,37167,35.9413125,-86.5273952,4.8,19,RV repair shop,Friday: ['8AM-4PM']; Monday: ['8AM-4PM']; Saturday: ['Closed']; Sunday: ['Closed']; Thursday: ['8AM-4PM']; Tuesday: ['8AM-4PM']; Wednesday: ['8AM-4PM'],no,yes,1
Rush Truck Centers - Nashville Service,+1 615-220-7600,https://www.rushtruckcenters.com/locations/11010000-nashville%3Futm_source%3Dgoogle%26utm_medium%3Dorganic%26utm_campaign%3Dgmb-nashville-service,"900 Expo Dr, Smyrna, TN 37167",Smyrna,Tennessee,37167,35.9766011,-86.57619,5,2,Truck repair shop,Friday: ['7AM-12AM']; Monday: ['7AM-12AM']; Saturday: ['8AM-5PM']; Sunday: ['Closed']; Thursday: ['7AM-12AM']; Tuesday: ['7AM-12AM']; Wednesday: ['7AM-12AM'],no,no,1
Above and Beyond RV Repair LLC,+1 931-739-2057,https://www.abovebeyondmobilervrepair.com/,"1275 Charles Golden Rd, Sparta, TN 38583",Sparta,Tennessee,38583,35.9748393,-85.4913339,4.8,81,RV repair shop,Friday: ['8AM-5PM']; Monday: ['8AM-5PM']; Saturday: ['Closed']; Sunday: ['Closed']; Thursday: ['8AM-5PM']; Tuesday: ['8AM-5PM']; Wednesday: ['8AM-5PM'],no,no,1
All American Truck and Trailer Repair,+1 931-254-0401,http://www.aatandt.com/,"830 Corinth Rd, Sparta, TN 38583",Sparta,Tennessee,38583,35.9597192,-85.5678635,4.9,19,Diesel engine repair service,Friday: ['Open 24 hours']; Monday: ['Open 24 hours']; Saturday: ['Open 24 hours']; Sunday: ['Open 24 hours']; Thursday: ['Open 24 hours']; Tuesday: ['Open 24 hours']; Wednesday: ['Open 24 hours'],yes,no,1
England Diesel Repair,+1 931-761-2241,,"6820 Smithville Hwy, Sparta, TN 38583",Sparta,Tennessee,38583,35.9584586,-85.598061,4.7,22,Truck repair shop,,no,no,1
Outlaw Performance Inc.,+1 615-416-5943,http://www.outlawperfinc.com/,"4002 Memorial Blvd, Springfield, TN 37172",Springfield,Tennessee,37172,36.4761604,-86.8524565,4.8,40,Diesel engine repair service,Friday: ['8AM-5PM']; Monday: ['8AM-5PM']; Saturday: ['Closed']; Sunday: ['Closed']; Thursday: ['8AM-5PM']; Tuesday: ['8AM-5PM']; Wednesday: ['8AM-5PM'],no,no,1
Adams Mobile RV Repair,+1 865-307-5521,http://adamsrvrepair.com/,"260 Laura Boling Loop Rd, Strawberry Plains, TN 37871",Strawberry Plains,Tennessee,37871,36.0518956,-83.6626241,4.3,89,RV repair shop,Friday: ['9AM-6PM']; Monday: ['Closed']; Saturday: ['9AM-6PM']; Sunday: ['Closed']; Thursday: ['9AM-6PM']; Tuesday: ['9AM-6PM']; Wednesday: ['9AM-6PM'],no,yes,1
Elite Diesel and Fleet Roadside Truck Trailer and Bus,+1 865-350-6200,https://rockytopdieselshop.com/,"10211 Mascot Rd, Strawberry Plains, TN 37871",Strawberry Plains,Tennessee,37871,36.0553351,-83.7037165,5,4,Farm equipment repair service,Friday: ['Open 24 hours']; Monday: ['Open 24 hours']; Saturday: ['12AM-6PM']; Sunday: ['Closed']; Thursday: ['Open 24 hours']; Tuesday: ['Open 24 hours']; Wednesday: ['Open 24 hours'],yes,no,3
"I-75 Tire, Truck, and Trailer Repair",+1 423-333-8128,https://shekine.github.io/I75TTT/,"135 Belcher Rd, Sweetwater, TN 37874",Sweetwater,Tennessee,37874,35.6252709,-84.4918826,4.5,168,Truck repair shop,Friday: ['Open 24 hours']; Monday: ['Open 24 hours']; Saturday: ['Open 24 hours']; Sunday: ['Open 24 hours']; Thursday: ['Open 24 hours']; Tuesday: ['Open 24 hours']; Wednesday: ['Open 24 hours'],yes,no,1
Mikey's Repair Service,+1 731-414-4955,,"546 N College St, Trenton, TN 38382",Trenton,Tennessee,38382,35.9953408,-88.9386446,5,4,Diesel engine repair service,Friday: ['8:30AM-5PM']; Monday: ['8:30AM-5PM']; Saturday: ['8:30AM-5PM']; Sunday: ['Closed']; Thursday: ['8:30AM-5PM']; Tuesday: ['8:30AM-5PM']; Wednesday: ['8:30AM-5PM'],no,no,1
David's Diesel and Equipment Repair,+1 731-335-4204,,"580 Ward Rd, Troy, TN 38260",Troy,Tennessee,38260,36.3538116,-89.1384873,4.5,14,Truck repair shop,Friday: ['Open 24 hours']; Monday: ['Open 24 hours']; Saturday: ['Open 24 hours']; Sunday: ['Open 24 hours']; Thursday: ['Open 24 hours']; Tuesday: ['Open 24 hours']; Wednesday: ['Open 24 hours'],yes,no,1
"Professional Mobile RV Service, LLC",+1 931-650-0736,http://www.promrvs.com/,"152 W D White Rd, Walling, TN 38587",Walling,Tennessee,38587,35.9184155,-85.5820925,5,15,RV repair shop,Friday: ['9AM-5PM']; Monday: ['1-6PM']; Saturday: ['9AM-5PM']; Sunday: ['Closed']; Thursday: ['9AM-5PM']; Tuesday: ['9AM-5PM']; Wednesday: ['9AM-5PM'],no,yes,1
Griffin's Truck and Trailer Garage,+1 615-651-9737,http://griffinstruckandtrailergarage.com/,"4285 TN-47, White Bluff, TN 37187",White Bluff,Tennessee,37187,36.0960753,-87.2537871,4.2,10,Truck repair shop,Friday: ['Open 24 hours']; Monday: ['Open 24 hours']; Saturday: ['Open 24 hours']; Sunday: ['Open 24 hours']; Thursday: ['Open 24 hours']; Tuesday: ['Open 24 hours']; Wednesday: ['Open 24 hours'],yes,no,1
2 Dog Road Service,+1 806-502-0014,,"3801 SE 22nd Ave, Amarillo, TX 79103",Amarillo,Texas,79103,35.1904605,-101.7915107,4,8,Diesel engine repair service,Friday: ['Open 24 hours']; Monday: ['Open 24 hours']; Saturday: ['Open 24 hours']; Sunday: ['Open 24 hours']; Thursday: ['Open 24 hours']; Tuesday: ['Open 24 hours']; Wednesday: ['Open 24 hours'],yes,no,1
806 diesel repair,+1 806-699-1894,https://806diesel.com/,"9801 S Washington St, Amarillo, TX 79118",Amarillo,Texas,79118,35.1107137,-101.8468945,5,6,Auto repair shop,Friday: ['8AM-5PM']; Monday: ['8AM-5PM']; Saturday: ['Closed']; Sunday: ['Closed']; Thursday: ['8AM-5PM']; Tuesday: ['8AM-5PM']; Wednesday: ['8AM-5PM'],no,no,1
806 mobile fleet service,+1 806-336-0019,,"8351 E Amarillo Blvd, Amarillo, TX 79107",Amarillo,Texas,79107,35.2240803,-101.743985,4.3,36,Truck repair shop,Friday: ['Open 24 hours']; Monday: ['Open 24 hours']; Saturday: ['Open 24 hours']; Sunday: ['Open 24 hours']; Thursday: ['Open 24 hours']; Tuesday: ['Open 24 hours']; Wednesday: ['Open 24 hours'],yes,yes,1
A & A Road Service-Truck Repair,+1 806-677-9682,,"218 N Grand St, Amarillo, TX 79107",Amarillo,Texas,79107,35.213071,-101.7950539,4.4,102,Truck repair shop,Friday: ['Open 24 hours']; Monday: ['Open 24 hours']; Saturday: ['9AM-3PM']; Sunday: ['Closed']; Thursday: ['Open 24 hours']; Tuesday: ['Open 24 hours']; Wednesday: ['Open 24 hours'],yes,no,1
A's Truck & Trailer Repair (24hr road call service),+1 806-626-7351,,"2810 SE 3rd Ave, Amarillo, TX 79104",Amarillo,Texas,79104,35.2070212,-101.8051493,5,16,Truck repair shop,Friday: ['8AM-5PM']; Monday: ['8AM-5PM']; Saturday: ['8AM-5PM']; Sunday: ['8AM-5PM']; Thursday: ['8AM-5PM']; Tuesday: ['8AM-5PM']; Wednesday: ['8AM-5PM'],no,no,1
Adelina Truck & Trailer Repair Shop,+1 806-547-7777,https://www.adelinatruckandtrailerrepair.com/,"2438 S Pullman Rd, Amarillo, TX 79118",Amarillo,Texas,79118,35.1880587,-101.7076507,4.4,312,Truck repair shop,Friday: ['9AM-7PM']; Monday: ['9AM-7PM']; Saturday: ['9AM-7PM']; Sunday: ['9AM-7PM']; Thursday: ['9AM-7PM']; Tuesday: ['9AM-7PM']; Wednesday: ['9AM-7PM'],no,no,1
After Hours Rv,+1 806-474-7616,,"3606 Pine St, Amarillo, TX 79118",Amarillo,Texas,79118,35.1764031,-101.8160377,4.4,37,RV repair shop,Friday: ['9AM-5PM']; Monday: ['9AM-5PM']; Saturday: ['9AM-5PM']; Sunday: ['9AM-5PM']; Thursday: ['9AM-5PM']; Tuesday: ['9AM-5PM']; Wednesday: ['9AM-5PM'],no,no,1
Amarillo Engine Parts,+1 806-437-1668,https://site-kimx31151.godaddysites.com/,"401 S Monroe St, Amarillo, TX 79101",Amarillo,Texas,79101,35.2103209,-101.8426321,5,1,Auto parts store,Friday: ['8:30AM-5:30PM']; Monday: ['8:30AM-5:30PM']; Saturday: ['Closed']; Sunday: ['Closed']; Thursday: ['8:30AM-5:30PM']; Tuesday: ['8:30AM-5:30PM']; Wednesday: ['8:30AM-5:30PM'],no,no,1
Amarillo Super Mobile Truck Repair,+1 806-256-8827,http://amarillotxmobiletruckrepair.com/,"2618 Linda Dr, Amarillo, TX 79109",Amarillo,Texas,79109,35.1854338,-101.8775458,5,2,Truck repair shop,Friday: ['Open 24 hours']; Monday: ['Open 24 hours']; Saturday: ['Open 24 hours']; Sunday: ['Open 24 hours']; Thursday: ['Open 24 hours']; Tuesday: ['Open 24 hours']; Wednesday: ['Open 24 hours'],yes,yes,1
Amarillo Trailer Tech Solutions,+1 806-316-8401,,"8000 E Loop 335 N, Amarillo, TX 79108",Amarillo,Texas,79108,35.2641638,-101.7473072,,,Trailer repair shop,Friday: ['8AM-5PM']; Monday: ['8AM-5PM']; Saturday: ['8AM-5PM']; Sunday: ['Closed']; Thursday: ['8AM-5PM']; Tuesday: ['8AM-5PM']; Wednesday: ['8AM-5PM'],no,no,1
Amarillo Truck & Trailer,+1 806-318-3832,,"9757 S Georgia St, Amarillo, TX 79118",Amarillo,Texas,79118,35.1087399,-101.8655063,4.7,38,Trailer repair shop,Friday: ['8AM-5PM']; Monday: ['8AM-5PM']; Saturday: ['Closed']; Sunday: ['Closed']; Thursday: ['8AM-5PM']; Tuesday: ['8AM-5PM']; Wednesday: ['8AM-5PM'],no,no,1
American Equipment & Trailer,+1 806-383-8831,http://www.americantrailer.com/,"610 N Grand St, Amarillo, TX 79107",Amarillo,Texas,79107,35.2185224,-101.7945062,4.8,46,Trailer repair shop,Friday: ['7:30AM-5:30PM']; Monday: ['7:30AM-5:30PM']; Saturday: ['Closed']; Sunday: ['Closed']; Thursday: ['7:30AM-5:30PM']; Tuesday: ['7:30AM-5:30PM']; Wednesday: ['7:30AM-5:30PM'],no,no,1
BDM Services,+1 806-622-2620,,"10700 I-27, Amarillo, TX 79119",Amarillo,Texas,79119,35.088176,-101.9167978,5,6,Diesel engine repair service,Friday: ['8AM-5PM']; Monday: ['8AM-5PM']; Saturday: ['Closed']; Sunday: ['Closed']; Thursday: ['8AM-5PM']; Tuesday: ['8AM-5PM']; Wednesday: ['8AM-5PM'],no,no,1
Baldwin Truck & Trailer Repair,+1 806-350-7700,http://baldwintruckandtrailer.net/,"7600 I-40, Amarillo, TX 79118",Amarillo,Texas,79118,35.1918858,-101.7532522,4.3,270,Truck repair shop,Friday: ['8AM-5PM']; Monday: ['8AM-5PM']; Saturday: ['Closed']; Sunday: ['Closed']; Thursday: ['8AM-5PM']; Tuesday: ['8AM-5PM']; Wednesday: ['8AM-5PM'],no,no,1
Barney's Auto Service,+1 806-373-9746,https://www.facebook.com/BarneysAutoService/,"810 N Western St, Amarillo, TX 79106",Amarillo,Texas,79106,35.2233264,-101.8835268,4.6,221,Auto repair shop,Friday: ['8AM-5:30PM']; Monday: ['8AM-5:30PM']; Saturday: ['Closed']; Sunday: ['Closed']; Thursday: ['8AM-5:30PM']; Tuesday: ['8AM-5:30PM']; Wednesday: ['8AM-5:30PM'],no,no,1
Big Tex Trailer World - Amarillo,+1 806-696-1500,https://www.bigtextrailerworld.com/locations/amarillo/%3Futm_source%3Dgoogle%26utm_medium%3Dorganic%26utm_campaign%3Dgmb%26utm_content%3Damarillotx,"1100 S Manhattan St, Amarillo, TX 79104",Amarillo,Texas,79104,35.19897,-101.804894,4.8,203,Trailer repair shop,Friday: ['8AM-5PM']; Monday: ['8AM-5PM']; Saturday: ['9AM-1PM']; Sunday: ['Closed']; Thursday: ['8AM-5PM']; Tuesday: ['8AM-5PM']; Wednesday: ['8AM-5PM'],no,no,1
Bigfoot Tires & Repairs,+1 806-379-7161,https://www.facebook.com/share/1C7JBBctrK/%3Fmibextid%3DwwXIfr,"8351 E Amarillo Blvd, Amarillo, TX 79107",Amarillo,Texas,79107,35.2250619,-101.7431267,4.7,164,Truck repair shop,Friday: ['8AM-12:30AM']; Monday: ['8AM-12:30AM']; Saturday: ['8AM-12:30AM']; Sunday: ['8AM-12:30AM']; Thursday: ['8AM-12:30AM']; Tuesday: ['8AM-12:30AM']; Wednesday: ['8AM-12:30AM'],no,no,1
Bomb City Performance Engines,+1 806-570-1123,https://www.facebook.com/BombCityPerformanceEngines/,"108 S Crockett St, Amarillo, TX 79106",Amarillo,Texas,79106,35.2149533,-101.8562641,5,7,Auto repair shop,Friday: ['8:30AM-5PM']; Monday: ['8:30AM-5PM']; Saturday: ['Closed']; Sunday: ['Closed']; Thursday: ['8:30AM-5PM']; Tuesday: ['8:30AM-5PM']; Wednesday: ['8:30AM-5PM'],no,no,1
C&J Automotive and Diesel,+1 806-367-9750,,"201 W Loop 335 S, Amarillo, TX 79118",Amarillo,Texas,79118,35.1197119,-101.8397799,4.9,65,Diesel engine repair service,Friday: ['8AM-6PM']; Monday: ['8AM-6PM']; Saturday: ['Closed']; Sunday: ['Closed']; Thursday: ['8AM-6PM']; Tuesday: ['8AM-6PM']; Wednesday: ['8AM-6PM'],no,no,1
Cassidy’s diesel shop,+1 806-678-0703,,"5101 W McCormick Rd, Amarillo, TX 79118",Amarillo,Texas,79118,35.0719051,-101.8931599,5,9,Mechanic,Friday: ['8AM-6PM']; Monday: ['8AM-6PM']; Saturday: ['Closed']; Sunday: ['Closed']; Thursday: ['8AM-6PM']; Tuesday: ['8AM-6PM']; Wednesday: ['8AM-6PM'],no,no,1
Century RV of Amarillo,+1 806-622-1900,http://www.centuryrvamarillo.com/,"12221 I-27, Amarillo, TX 79119",Amarillo,Texas,79119,35.0829537,-101.9154938,4.2,81,RV repair shop,Friday: ['10AM-6PM']; Monday: ['10AM-6PM']; Saturday: ['10AM-2PM']; Sunday: ['Closed']; Thursday: ['10AM-6PM']; Tuesday: ['10AM-6PM']; Wednesday: ['10AM-6PM'],no,no,1
Chihuahua Truck Repair,+1 806-378-9656,,"1001 SE 10th Ave, Amarillo, TX 79102",Amarillo,Texas,79102,35.202135,-101.8261397,4.6,22,Truck repair shop,Friday: ['8AM-5:30PM']; Monday: ['8AM-5:30PM']; Saturday: ['8AM-2PM']; Sunday: ['Closed']; Thursday: ['8AM-5:30PM']; Tuesday: ['8AM-5:30PM']; Wednesday: ['8AM-5:30PM'],no,no,1
Coolhorse Trailer and RV Service and Repair Center,+1 806-468-9121,https://www.coolhorse.com/pages/horse-trailer-trailer-repair-in-amarillo-texas-coolhorse,"6951 Bell St, Amarillo, TX 79109",Amarillo,Texas,79109,35.1349815,-101.9004453,4.6,15,Trailer repair shop,Friday: ['9AM-6PM']; Monday: ['9AM-6PM']; Saturday: ['Closed']; Sunday: ['Closed']; Thursday: ['9AM-6PM']; Tuesday: ['9AM-6PM']; Wednesday: ['9AM-6PM'],no,no,1
Cummins Sales and Service,+1 806-373-3793,https://www.cummins.com/sales-and-service%3Futm_source%3DGMB%26utm_medium%3Dyext,"5224 I-40 Expressway, E Interstate 40 Hwy, Amarillo, TX 79103",Amarillo,Texas,79103,35.1918125,-101.7756791,4,64,Truck repair shop,Friday: ['7:30AM-5:30PM']; Monday: ['7:30AM-5:30PM']; Saturday: ['Closed']; Sunday: ['Closed']; Thursday: ['7:30AM-5:30PM']; Tuesday: ['7:30AM-5:30PM']; Wednesday: ['7:30AM-5:30PM'],no,no,1
Custom RV Inc.,+1 806-335-2336,http://www.custom-rv.com/,"10400 E Interstate 40 Hwy, Amarillo, TX 79118",Amarillo,Texas,79118,35.1917451,-101.7158352,4.2,114,RV repair shop,Friday: ['8:30AM-5PM']; Monday: ['8:30AM-5PM']; Saturday: ['8:30AM-4PM']; Sunday: ['Closed']; Thursday: ['8:30AM-5PM']; Tuesday: ['8:30AM-5PM']; Wednesday: ['8:30AM-5PM'],no,no,1
DTP Automotive & Diesel,+1 806-322-3414,https://m.facebook.com/Auto-Connection-455648101311491/%3Fnr,"2740 SW 45th Ave, Amarillo, TX 79110",Amarillo,Texas,79110,35.1643661,-101.8683683,4.3,80,Auto repair shop,Friday: ['8AM-6PM']; Monday: ['8AM-6PM']; Saturday: ['Closed']; Sunday: ['Closed']; Thursday: ['8AM-6PM']; Tuesday: ['8AM-6PM']; Wednesday: ['8AM-6PM'],no,no,1
Dan's Mobile Diesel Service,+1 806-584-2266,,"4413 SE 22nd Ave, Amarillo, TX 79103",Amarillo,Texas,79103,35.1904601,-101.7847572,4.2,72,Truck repair shop,Friday: ['Open 24 hours']; Monday: ['Open 24 hours']; Saturday: ['Open 24 hours']; Sunday: ['Closed']; Thursday: ['Open 24 hours']; Tuesday: ['Open 24 hours']; Wednesday: ['Open 24 hours'],yes,yes,1
Daniel's Diesel Service,,,"1716 S Johnson St, Amarillo, TX 79102",Amarillo,Texas,79102,35.1932836,-101.8324118,4.6,5,Auto repair shop,,no,no,1
Darrels Garage & Equipment Sales,+1 806-383-7979,http://www.derrellsgarage.com/,"8351 E Amarillo Blvd, Amarillo, TX 79107",Amarillo,Texas,79107,35.2243866,-101.7438104,4.5,108,Truck repair shop,Friday: ['8AM-5PM']; Monday: ['8AM-5PM']; Saturday: ['Closed']; Sunday: ['Closed']; Thursday: ['8AM-5PM']; Tuesday: ['8AM-5PM']; Wednesday: ['8AM-5PM'],no,no,1
De Volada Truck Repair,+1 806-418-2941,http://devoladatruckrepair.com/,"121 S Ong St, Amarillo, TX 79106",Amarillo,Texas,79106,35.2138627,-101.8503072,3.4,33,Truck repair shop,Friday: ['8:30AM-5:30PM']; Monday: ['8:30AM-5:30PM']; Saturday: ['Closed']; Sunday: ['Closed']; Thursday: ['8:30AM-5:30PM']; Tuesday: ['8:30AM-5:30PM']; Wednesday: ['8:30AM-5:30PM'],no,no,1
Dhillon & Brothers-Tires/Road service,+1 806-591-9112,https://www.dhillonandbrothers.com/,"10601 E Interstate 40 Hwy, Amarillo, TX 79118",Amarillo,Texas,79118,35.1937857,-101.7153543,4.6,23,Truck repair shop,Friday: ['Open 24 hours']; Monday: ['Open 24 hours']; Saturday: ['Open 24 hours']; Sunday: ['Open 24 hours']; Thursday: ['Open 24 hours']; Tuesday: ['Open 24 hours']; Wednesday: ['Open 24 hours'],yes,no,1
EVERGREEN TRUCK & TRAILER REPAIR AMARIllO Punjabi Hindi repair shop,+1 806-646-1048,,"4701 SE 25th Ave, Amarillo, TX 79103",Amarillo,Texas,79103,35.1878551,-101.7799108,4.6,43,Repair service,Friday: ['Open 24 hours']; Monday: ['Open 24 hours']; Saturday: ['Open 24 hours']; Sunday: ['Open 24 hours']; Thursday: ['Open 24 hours']; Tuesday: ['Open 24 hours']; Wednesday: ['Open 24 hours'],yes,no,1
Family Camping Service Center Inc,+1 806-622-0441,http://famcampserv.com/,"13600 I-27, Amarillo, TX 79119",Amarillo,Texas,79119,35.0694444,-101.92,4.7,107,RV repair shop,Friday: ['8:30AM-5:30PM']; Monday: ['8:30AM-5:30PM']; Saturday: ['9AM-1PM']; Sunday: ['Closed']; Thursday: ['8:30AM-5:30PM']; Tuesday: ['8:30AM-5:30PM']; Wednesday: ['8:30AM-5:30PM'],no,no,1
Fun Town RV Amarillo,+1 833-242-1194,https://www.funtownrv.com/locations/amarillo,"2210 S Whitaker Rd, Amarillo, TX 79118",Amarillo,Texas,79118,35.1894349,-101.7610125,4.8,229,RV repair shop,Friday: ['9AM-7PM']; Monday: ['9AM-7PM']; Saturday: ['9AM-7PM']; Sunday: ['10AM-6PM']; Thursday: ['9AM-7PM']; Tuesday: ['9AM-7PM']; Wednesday: ['9AM-7PM'],no,no,1
G & M Farnsworth Transmissions,+1 806-358-8119,http://gandmtransmissions.com/,"4410 Canyon Dr, Amarillo, TX 79109",Amarillo,Texas,79109,35.1668796,-101.8706698,4.9,50,Truck repair shop,Friday: ['8AM-6PM']; Monday: ['8AM-6PM']; Saturday: ['Closed']; Sunday: ['Closed']; Thursday: ['8AM-6PM']; Tuesday: ['8AM-6PM']; Wednesday: ['8AM-6PM'],no,no,1
G Truck Service,+1 806-681-2859,https://www.semitruckrepairamarillotx.com/,"204 N Lincoln St, Amarillo, TX 79107",Amarillo,Texas,79107,35.2145773,-101.8288084,4.2,79,Truck repair shop,Friday: ['8AM-12AM']; Monday: ['8AM-12AM']; Saturday: ['8AM-12AM']; Sunday: ['Closed']; Thursday: ['8AM-12AM']; Tuesday: ['8AM-12AM']; Wednesday: ['8AM-12AM'],no,no,1
Gossett Garage Truck Accessories & Tires,+1 806-513-3528,http://www.gossettgarage.com/,"5135 S Western St, Amarillo, TX 79109",Amarillo,Texas,79109,35.1528071,-101.8827785,5,212,Truck repair shop,Friday: ['8AM-5:30PM']; Monday: ['8AM-5:30PM']; Saturday: ['Closed']; Sunday: ['Closed']; Thursday: ['8AM-5:30PM']; Tuesday: ['8AM-5:30PM']; Wednesday: ['8AM-5:30PM'],no,no,1
Hana Truck Service,+1 806-335-9437,,"11301 E Interstate Dr, Amarillo, TX 79118",Amarillo,Texas,79118,35.193857,-101.7054984,4.4,16,Truck repair shop,Friday: ['8AM-5:15PM']; Monday: ['8AM-5:15PM']; Saturday: ['Closed']; Sunday: ['Closed']; Thursday: ['8AM-5:15PM']; Tuesday: ['8AM-5:15PM']; Wednesday: ['8AM-5:15PM'],yes,no,2
Happy Wrench’s Auto & Diesel Mobile Mechanic LLC,+1 806-231-6950,https://www.happywrenchs.com/,"5220 Amarillo St, Amarillo, TX 79108",Amarillo,Texas,79108,35.2642076,-101.8105915,4.7,14,Mechanic,Friday: ['Open 24 hours']; Monday: ['Open 24 hours']; Saturday: ['Open 24 hours']; Sunday: ['Open 24 hours']; Thursday: ['Open 24 hours']; Tuesday: ['Open 24 hours']; Wednesday: ['Open 24 hours'],yes,yes,1
Hawkins Trailer,+1 806-372-3949,https://hawkinstrailer.net/%3Futm_source%3DNEXT%26utm_medium%3Dgoogle_website,"108 S Polk St, Amarillo, TX 79101",Amarillo,Texas,79101,35.2123592,-101.8364653,4.9,117,Auto parts store,Friday: ['8AM-4:30PM']; Monday: ['8AM-4:55PM']; Saturday: ['Closed']; Sunday: ['Closed']; Thursday: ['8AM-4:55PM']; Tuesday: ['8AM-4:55PM']; Wednesday: ['8AM-4:55PM'],no,no,1
High Plains Tire & Diesel Service,+1 806-220-2200,,"5650 Interstate 40 Access Rd, Amarillo, TX 79103",Amarillo,Texas,79103,35.1917541,-101.7721164,3.8,107,Truck repair shop,Friday: ['8AM-5PM']; Monday: ['8AM-5PM']; Saturday: ['Closed']; Sunday: ['Closed']; Thursday: ['8AM-5PM']; Tuesday: ['8AM-5PM']; Wednesday: ['8AM-5PM'],no,no,1
Homen's Diesel,+1 806-584-6205,,"5101 N Eastern St, Amarillo, TX 79108",Amarillo,Texas,79108,35.260908,-101.7783305,5,8,Truck repair shop,Friday: ['8:30AM-5:30PM']; Monday: ['8:30AM-5:30PM']; Saturday: ['10AM-3PM']; Sunday: ['Closed']; Thursday: ['8:30AM-5:30PM']; Tuesday: ['8:30AM-5:30PM']; Wednesday: ['8:30AM-5PM'],no,no,1
Iron's Diesel Truck Repair,+1 323-561-6636,,"16213 FM2575, Amarillo, TX 79108",Amarillo,Texas,79108,35.2232135,-101.6475916,5,1,Repair service,Friday: ['Open 24 hours']; Monday: ['Open 24 hours']; Saturday: ['Open 24 hours']; Sunday: ['Open 24 hours']; Thursday: ['Open 24 hours']; Tuesday: ['Open 24 hours']; Wednesday: ['Open 24 hours'],yes,no,1
J & M Truck & Auto Body Repair,+1 806-335-9955,,"10508 Interstate 40 Access Rd, Amarillo, TX 79118",Amarillo,Texas,79118,35.1859187,-101.7138689,4.3,17,Auto body shop,Friday: ['8AM-5PM']; Monday: ['8AM-5PM']; Saturday: ['Closed']; Sunday: ['Closed']; Thursday: ['8AM-5PM']; Tuesday: ['8AM-5PM']; Wednesday: ['8AM-5PM'],no,no,1
J&M Truck Repair LLC,+1 806-463-0040,,"4109 Glenn St C, Amarillo, TX 79108",Amarillo,Texas,79108,35.2544509,-101.8053757,4.8,26,Truck repair shop,Friday: ['8AM-5PM']; Monday: ['8AM-5PM']; Saturday: ['Closed']; Sunday: ['Closed']; Thursday: ['8AM-5PM']; Tuesday: ['8AM-5PM']; Wednesday: ['8AM-5PM'],no,no,1
J&S Truck Repair,+1 806-570-1069,,"218 N Grand St, Amarillo, TX 79107",Amarillo,Texas,79107,35.2130602,-101.7950677,5,10,Truck repair shop,Friday: ['9AM-7PM']; Monday: ['9AM-7PM']; Saturday: ['9AM-2PM']; Sunday: ['Closed']; Thursday: ['9AM-7PM']; Tuesday: ['9AM-7PM']; Wednesday: ['9AM-7PM'],no,no,1
Jeff Durbin Automotive,+1 806-352-1373,http://jeffdurbinautomotive.com/,"4522 Maverick St, Amarillo, TX 79109",Amarillo,Texas,79109,35.1629891,-101.8757143,4.7,121,Auto repair shop,Friday: ['8AM-5PM']; Monday: ['8AM-6PM']; Saturday: ['Closed']; Sunday: ['Closed']; Thursday: ['8AM-6PM']; Tuesday: ['8AM-6PM']; Wednesday: ['8AM-6PM'],no,no,1
Journey Trucking Mobile Tire and Repair,+1 806-678-4018,,"8000 E Loop 335 N, Amarillo, TX 79108",Amarillo,Texas,79108,35.2641063,-101.7473215,4.7,15,Car repair and maintenance service,Friday: ['Open 24 hours']; Monday: ['Open 24 hours']; Saturday: ['Open 24 hours']; Sunday: ['Open 24 hours']; Thursday: ['Open 24 hours']; Tuesday: ['Open 24 hours']; Wednesday: ['Open 24 hours'],yes,yes,1
Khalsa Truck Repair Shop,+1 806-203-0942,https://khalsatruckrepairshop.com/,"710 SW 3rd Ave, Amarillo, TX 79101",Amarillo,Texas,79101,35.2121062,-101.845013,4.8,13,Truck repair shop,Friday: ['Open 24 hours']; Monday: ['Open 24 hours']; Saturday: ['Open 24 hours']; Sunday: ['Open 24 hours']; Thursday: ['Open 24 hours']; Tuesday: ['Open 24 hours']; Wednesday: ['Open 24 hours'],yes,no,1
King Country Trailer & Service,+1 806-605-5464,https://kingcountrytrailer.com/%3Fpage_id%3D311,"2101 South, FM1912, Amarillo, TX 79118",Amarillo,Texas,79118,35.1907539,-101.652214,4.6,227,Truck repair shop,Friday: ['8AM-6PM']; Monday: ['8AM-6PM']; Saturday: ['8AM-5PM']; Sunday: ['Closed']; Thursday: ['8AM-6PM']; Tuesday: ['8AM-6PM']; Wednesday: ['8AM-6PM'],no,no,1
Lone Star Truck Repair,+1 806-696-4535,https://lonestartruckrepair.com/,"2015 S Dowell Rd, Amarillo, TX 79124",Amarillo,Texas,79124,35.1912335,-101.9919959,4.8,16,Truck repair shop,Friday: ['Open 24 hours']; Monday: ['Open 24 hours']; Saturday: ['Open 24 hours']; Sunday: ['Open 24 hours']; Thursday: ['Open 24 hours']; Tuesday: ['Open 24 hours']; Wednesday: ['Open 24 hours'],yes,no,1
Love's Truck Care,+1 806-373-7775,https://www.loves.com/locations/200,"6930 E Interstate 40 Hwy, Amarillo, TX 79118",Amarillo,Texas,79118,35.1919858,-101.761682,3.8,79,Truck repair shop,Friday: ['Open 24 hours']; Monday: ['Open 24 hours']; Saturday: ['Open 24 hours']; Sunday: ['Open 24 hours']; Thursday: ['Open 24 hours']; Tuesday: ['Open 24 hours']; Wednesday: ['Open 24 hours'],yes,no,1
Lowe Diesel Services,+1 806-335-1311,,"2600 S Pullman Rd, Amarillo, TX 79118",Amarillo,Texas,79118,35.1861915,-101.7076187,4.7,27,Truck repair shop,Friday: ['8AM-6PM']; Monday: ['8AM-6PM']; Saturday: ['Closed']; Sunday: ['Closed']; Thursday: ['8AM-6PM']; Tuesday: ['8AM-6PM']; Wednesday: ['8AM-6PM'],no,no,1
Mejias Truck Repair,+1 806-420-7542,,"2706 S Aldredge St, Amarillo, TX 79103",Amarillo,Texas,79103,35.1844269,-101.8186432,5,10,Diesel engine repair service,Friday: ['7AM-9PM']; Monday: ['7AM-9PM']; Saturday: ['7AM-4PM']; Sunday: ['Closed']; Thursday: ['7AM-9PM']; Tuesday: ['7AM-9PM']; Wednesday: ['7AM-9PM'],no,no,1
Mickdiesel Motorplex LLC,+1 806-433-8119,https://www.mickdieselmotorplex.net/,"1001 S Grand St, Amarillo, TX 79104",Amarillo,Texas,79104,35.1999703,-101.7950358,4.4,50,Motor vehicle dealer,Friday: ['9AM-6PM']; Monday: ['9AM-6PM']; Saturday: ['9AM-6PM']; Sunday: ['Closed']; Thursday: ['9AM-6PM']; Tuesday: ['9AM-6PM']; Wednesday: ['9AM-6PM'],no,no,1
Mikey's Turbo Exchange,+1 806-371-9559,https://mikeysturboexchange.com/,"585 W Farmers Ave, Amarillo, TX 79118",Amarillo,Texas,79118,35.1345666,-101.8458003,4.6,121,Transmission shop,Friday: ['8AM-6PM']; Monday: ['8AM-6PM']; Saturday: ['Closed']; Sunday: ['Closed']; Thursday: ['8AM-6PM']; Tuesday: ['8AM-6PM']; Wednesday: ['8AM-6PM'],no,no,1
Mobile Truck Repair Amarillo,+1 806-513-5623,https://www.amarillomobiletruckrepair.com/,"1625 Dumas Dr, Amarillo, TX 79107",Amarillo,Texas,79107,35.2315808,-101.8319395,5,2,Truck repair shop,Friday: ['Open 24 hours']; Monday: ['Open 24 hours']; Saturday: ['Open 24 hours']; Sunday: ['Open 24 hours']; Thursday: ['Open 24 hours']; Tuesday: ['Open 24 hours']; Wednesday: ['Open 24 hours'],yes,yes,1
Nick's Trailer Shop,+1 806-690-3110,https://www.facebook.com/NicksTrailerShop/,"4101 SE 25th Ave, Amarillo, TX 79103",Amarillo,Texas,79103,35.1878504,-101.7878698,4.9,39,Trailer repair shop,,no,no,1
Overtop Truck Repair,+1 806-300-0077,https://www.facebook.com/profile.php%3Fid%3D100087264128195%26mibextid%3DLQQJ4d,"1401 SW 58th Ave, Amarillo, TX 79110",Amarillo,Texas,79110,35.1498235,-101.8506384,4.7,21,Auto repair shop,Friday: ['8AM-6PM']; Monday: ['8AM-6PM']; Saturday: ['Closed']; Sunday: ['Closed']; Thursday: ['8AM-6PM']; Tuesday: ['8AM-6PM']; Wednesday: ['8AM-6PM'],no,no,1
Panhandle Diesel Performance,+1 806-576-2502,https://panhandledieseltx.com/,"2951 Beacon Rd, Amarillo, TX 79118",Amarillo,Texas,79118,35.1009569,-101.8689408,4.9,78,Diesel engine repair service,Friday: ['8AM-5:30PM']; Monday: ['8AM-5:30PM']; Saturday: ['Closed']; Sunday: ['Closed']; Thursday: ['8AM-5:30PM']; Tuesday: ['8AM-5:30PM']; Wednesday: ['8AM-5:30PM'],no,no,1
Panhandle Performance Engines,+1 806-373-1322,,"4627 River Rd, Amarillo, TX 79108",Amarillo,Texas,79108,35.2576965,-101.8316662,4.8,11,Auto repair shop,,no,no,1
Peak Thermo King - Amarillo,+1 806-376-5837,https://trailerservicesofwesttexas.com/,"2100 S Eastern St, Amarillo, TX 79118",Amarillo,Texas,79118,35.1912341,-101.7789355,4.6,343,Trailer repair shop,Friday: ['8AM-5PM']; Monday: ['8AM-5PM']; Saturday: ['Closed']; Sunday: ['Closed']; Thursday: ['8AM-5PM']; Tuesday: ['8AM-5PM']; Wednesday: ['8AM-5PM'],no,no,2
Pro Tune Auto & Diesel Performance,+1 806-699-1022,,"17601 Indian Hill Rd, Amarillo, TX 79124",Amarillo,Texas,79124,35.191653,-102.0460677,4.4,19,Auto repair shop,Friday: ['8AM-6PM']; Monday: ['8AM-6PM']; Saturday: ['8AM-1PM']; Sunday: ['Closed']; Thursday: ['8AM-6PM']; Tuesday: ['8AM-6PM']; Wednesday: ['8AM-6PM'],no,no,1
R Taylor & Sons Auto Repair (Formerly Bucks Garage),+1 806-231-2429,http://rtaylorsonsautorepair.com/,"2709 Mockingbird Ln, Amarillo, TX 79109",Amarillo,Texas,79109,35.1823485,-101.8675503,5,23,Auto repair shop,,no,no,1
R&R Diesel Repair,+1 806-373-4746,,"6000 Interstate 40 Access Rd, Amarillo, TX 79118",Amarillo,Texas,79118,35.1893492,-101.7680351,4.8,44,Truck repair shop,Friday: ['8AM-5PM']; Monday: ['8AM-5PM']; Saturday: ['Closed']; Sunday: ['Closed']; Thursday: ['8AM-5PM']; Tuesday: ['8AM-5PM']; Wednesday: ['8AM-5PM'],no,no,1
Ram truck repair,,,"4999 Tradewind St, Amarillo, TX 79118",Amarillo,Texas,79118,35.1592831,-101.8224404,5,2,Truck repair shop,,no,no,1
Ramirez Truck Repair,+1 806-317-8748,,"6000 E Interstate 40 Hwy, Amarillo, TX 79118",Amarillo,Texas,79118,35.189472,-101.768037,4.9,45,Diesel engine repair service,Friday: ['8:30AM-5PM']; Monday: ['8:30AM-5:30PM']; Saturday: ['9AM-3PM']; Sunday: ['Closed']; Thursday: ['8:30AM-5:30PM']; Tuesday: ['8:30AM-5PM']; Wednesday: ['8:30AM-5PM'],no,no,1
Reasonable Auto & Trailer Repair,+1 806-223-5462,https://reasonable-auto-and-trailer-re-yafz0.zensmb.com/,"645 W Plantation Rd, Amarillo, TX 79118",Amarillo,Texas,79118,35.0694839,-101.8421539,5,21,Trailer repair shop,Friday: ['4-9PM']; Monday: ['Closed']; Saturday: ['12-7PM']; Sunday: ['10AM-7PM']; Thursday: ['4-9PM']; Tuesday: ['4-9PM']; Wednesday: ['4-9PM'],no,no,1
Red Rover RV,+1 806-731-2355,http://redroverrv.com/,"145 Hyman St, Amarillo, TX 79108",Amarillo,Texas,79108,35.2559611,-101.8091579,4.5,53,RV repair shop,Friday: ['7AM-6PM']; Monday: ['7AM-6PM']; Saturday: ['7AM-6PM']; Sunday: ['Closed']; Thursday: ['7AM-6PM']; Tuesday: ['7AM-6PM']; Wednesday: ['7AM-6PM'],no,no,1
Reyna's Mobile Mechanic & Tire,+1 806-639-3680,http://www.reynasmobilemt.com/,"1000 N Grant St, Amarillo, TX 79107",Amarillo,Texas,79107,35.2242859,-101.8249279,4.8,76,Truck repair shop,Friday: ['Open 24 hours']; Monday: ['Open 24 hours']; Saturday: ['Open 24 hours']; Sunday: ['Open 24 hours']; Thursday: ['Open 24 hours']; Tuesday: ['Open 24 hours']; Wednesday: ['Open 24 hours'],yes,yes,1
Rod Brother Truck Center,+1 806-477-0140,,"1883 Claude Rd, Amarillo, TX 79118",Amarillo,Texas,79118,35.0900034,-101.8576358,3.9,14,Truck repair shop,Friday: ['8AM-6PM']; Monday: ['8AM-6PM']; Saturday: ['8AM-2PM']; Sunday: ['Closed']; Thursday: ['8AM-6PM']; Tuesday: ['8AM-6PM']; Wednesday: ['8AM-6PM'],no,no,1
Rodfathers RV Body Shop,+1 806-331-2765,http://rodfathersrvbodyshop.com/,"3000 Climer Cir, Amarillo, TX 79124",Amarillo,Texas,79124,35.1839063,-101.9585197,4.3,63,RV repair shop,Friday: ['8AM-4PM']; Monday: ['8AM-5PM']; Saturday: ['Closed']; Sunday: ['Closed']; Thursday: ['8AM-5PM']; Tuesday: ['8AM-5PM']; Wednesday: ['8AM-5PM'],no,no,1
Rogers Truck Repair,+1 806-373-0692,,"900 S Roberts St, Amarillo, TX 79102",Amarillo,Texas,79102,35.2020064,-101.8207002,4.7,17,Truck repair shop,Friday: ['8AM-5:30PM']; Monday: ['8AM-5:30PM']; Saturday: ['Closed']; Sunday: ['Closed']; Thursday: ['8AM-5:30PM']; Tuesday: ['8AM-5:30PM']; Wednesday: ['8AM-5:30PM'],no,no,1
Ron Hoover RV & Marine of Amarillo,+1 806-318-5544,https://www.ronhooverrvs.com/,"13301 I-27, Amarillo, TX 79119",Amarillo,Texas,79119,35.0714529,-101.9176245,4.6,224,RV dealer,Friday: ['8:30AM-5:30PM']; Monday: ['8:30AM-5:30PM']; Saturday: ['8:30AM-5:30PM']; Sunday: ['Closed']; Thursday: ['8:30AM-5:30PM']; Tuesday: ['8:30AM-5:30PM']; Wednesday: ['8:30AM-5:30PM'],no,no,1
Roy's Unlimited,+1 806-236-1743,http://www.roysunlimited.net/,"4101 Glenn St, Amarillo, TX 79108",Amarillo,Texas,79108,35.2517223,-101.8050946,4.4,34,Truck repair shop,Friday: ['8AM-5PM']; Monday: ['8AM-5PM']; Saturday: ['Closed']; Sunday: ['Closed']; Thursday: ['8AM-5PM']; Tuesday: ['8AM-5PM']; Wednesday: ['8AM-5PM'],no,no,1
Rush Truck Centers - Amarillo Service,+1 806-731-6600,https://www.rushtruckcenters.com/locations/10250000-amarillo%3Futm_source%3Dgoogle%26utm_medium%3Dorganic%26utm_campaign%3Dgmb-amarillo-service,"8000 I-40, Amarillo, TX 79118",Amarillo,Texas,79118,35.1918988,-101.7520513,1,1,Truck repair shop,Friday: ['7AM-7PM']; Monday: ['7AM-7PM']; Saturday: ['8AM-3PM']; Sunday: ['Closed']; Thursday: ['7AM-7PM']; Tuesday: ['7AM-7PM']; Wednesday: ['7AM-7PM'],no,no,2
Sandoval's Roadside Service,+1 432-488-9607,,"7900 E Loop 335 N, Amarillo, TX 79108",Amarillo,Texas,79108,35.2642301,-101.7480552,3.7,62,Truck repair shop,Friday: ['Open 24 hours']; Monday: ['Open 24 hours']; Saturday: ['Open 24 hours']; Sunday: ['Open 24 hours']; Thursday: ['Open 24 hours']; Tuesday: ['Open 24 hours']; Wednesday: ['Open 24 hours'],yes,no,1
Shorty's Bear Safety Services Inc,+1 806-372-2126,,"2801 S Osage St, Amarillo, TX 79103",Amarillo,Texas,79103,35.1842852,-101.8127643,4.5,179,Auto repair shop,Friday: ['8AM-6PM']; Monday: ['8AM-6PM']; Saturday: ['Closed']; Sunday: ['Closed']; Thursday: ['8AM-6PM']; Tuesday: ['8AM-6PM']; Wednesday: ['8AM-6PM'],no,no,1
Speedco Truck Lube and Tires,+1 806-335-1200,https://www.loves.com/locations/901,"10000 E Interstate 40 Hwy, Amarillo, TX 79118",Amarillo,Texas,79118,35.1906623,-101.7213973,3.7,870,Truck repair shop,Friday: ['6AM-10PM']; Monday: ['6AM-10PM']; Saturday: ['8AM-6PM']; Sunday: ['8AM-6PM']; Thursday: ['6AM-10PM']; Tuesday: ['6AM-10PM']; Wednesday: ['6AM-10PM'],no,no,1
Star Truck & Auto Collision,+1 806-383-3083,https://www.startruckandbody.com/,"212 N Grand St, Amarillo, TX 79107",Amarillo,Texas,79107,35.2125172,-101.7948107,4.7,18,Auto body shop,Friday: ['8AM-5PM']; Monday: ['8AM-5PM']; Saturday: ['Closed']; Sunday: ['Closed']; Thursday: ['8AM-5PM']; Tuesday: ['8AM-5PM']; Wednesday: ['8AM-5PM'],no,no,1
Stone Brothers Collision,+1 806-374-3600,https://www.stonebrotherscollision.com/,"3715 W Amarillo Blvd, Amarillo, TX 79106",Amarillo,Texas,79106,35.2216715,-101.879028,4.9,206,Auto body shop,Friday: ['8AM-4PM']; Monday: ['8AM-6PM']; Saturday: ['Closed']; Sunday: ['Closed']; Thursday: ['8AM-6PM']; Tuesday: ['8AM-6PM']; Wednesday: ['8AM-6PM'],no,no,1
TA Truck Service,+1 806-370-3761,https://www.ta-petro.com/,"7000 E Interstate 40 Hwy, Amarillo, TX 79118",Amarillo,Texas,79118,35.1910252,-101.7589837,3.8,243,Truck repair shop,Friday: ['Open 24 hours']; Monday: ['Open 24 hours']; Saturday: ['Open 24 hours']; Sunday: ['Open 24 hours']; Thursday: ['Open 24 hours']; Tuesday: ['Open 24 hours']; Wednesday: ['Open 24 hours'],yes,no,1
TA Truck Service,+1 806-372-3698,https://www.ta-petro.com/,"8500 S Lakeside Dr, Amarillo, TX 79118",Amarillo,Texas,79118,35.1900652,-101.7433726,3.7,216,Truck repair shop,Friday: ['Open 24 hours']; Monday: ['Open 24 hours']; Saturday: ['Open 24 hours']; Sunday: ['Open 24 hours']; Thursday: ['Open 24 hours']; Tuesday: ['Open 24 hours']; Wednesday: ['Open 24 hours'],yes,no,1
TRG ENTERPRISES MOBILE MECHANIC,+1 806-318-8103,,"840 N Forest St, Amarillo, TX 79106",Amarillo,Texas,79106,35.224218,-101.8814418,4.2,100,Auto repair shop,Friday: ['Open 24 hours']; Monday: ['Open 24 hours']; Saturday: ['Open 24 hours']; Sunday: ['Open 24 hours']; Thursday: ['Open 24 hours']; Tuesday: ['Open 24 hours']; Wednesday: ['Open 24 hours'],yes,yes,1
TRUCK SERVICE CENTER LLC,+1 806-383-1588,,"8613 Dumas Dr, Amarillo, TX 79108",Amarillo,Texas,79108,35.3110655,-101.834361,4.7,26,Truck repair shop,,no,no,1
TWA Diesel Performance,+1 806-803-2285,,"11133 Farm to Market Rd 1541, Amarillo, TX 79118",Amarillo,Texas,79118,35.098033,-101.8477099,5,12,Diesel engine repair service,Friday: ['8AM-5PM']; Monday: ['8AM-5PM']; Saturday: ['Closed']; Sunday: ['Closed']; Thursday: ['8AM-5PM']; Tuesday: ['8AM-5PM']; Wednesday: ['8AM-5PM'],no,no,1
"Taylor Diesel of Amarillo, an M&D Company",+1 806-374-3754,http://taylordiesel.com/,"4816 SE 22nd Ave #6210, Amarillo, TX 79103",Amarillo,Texas,79103,35.1898908,-101.7792723,4.2,26,Diesel engine repair service,Friday: ['8AM-5PM']; Monday: ['8AM-5PM']; Saturday: ['Closed']; Sunday: ['Closed']; Thursday: ['8AM-5PM']; Tuesday: ['8AM-5PM']; Wednesday: ['8AM-5PM'],no,no,1
Tow Brothers Equipment Co,+1 806-376-5486,http://towbrosco.com/,"4418 Interstate 40 Access Rd, Amarillo, TX 79103",Amarillo,Texas,79103,35.1917086,-101.7834747,4.6,143,Truck repair shop,Friday: ['8AM-5PM']; Monday: ['8AM-5PM']; Saturday: ['Closed']; Sunday: ['Closed']; Thursday: ['8AM-5PM']; Tuesday: ['8AM-5PM']; Wednesday: ['8AM-5PM'],no,no,1
Trailer & Body Services Inc,+1 806-622-3865,,"12305 I-27, Amarillo, TX 79119",Amarillo,Texas,79119,35.0816484,-101.9154689,4.7,9,Trailer repair shop,Friday: ['8AM-5PM']; Monday: ['8AM-5PM']; Saturday: ['Closed']; Sunday: ['Closed']; Thursday: ['8AM-5PM']; Tuesday: ['8AM-5PM']; Wednesday: ['8AM-5PM'],no,no,1
Triple T Diesel Repair,+1 806-477-9645,,"17400 FM2575, Amarillo, TX 79108",Amarillo,Texas,79108,35.2210594,-101.6343102,5,3,Diesel engine repair service,Friday: ['8AM-5PM']; Monday: ['8AM-5PM']; Saturday: ['Closed']; Sunday: ['Closed']; Thursday: ['8AM-5PM']; Tuesday: ['8AM-5PM']; Wednesday: ['8AM-5PM'],no,no,1
Truck Repair,+1 806-444-6350,,"11100 SE 3rd Ave, Amarillo, TX 79118",Amarillo,Texas,79118,35.1957974,-101.7095444,3.3,26,Truck repair shop,Friday: ['8AM-6PM']; Monday: ['8AM-6PM']; Saturday: ['8AM-3PM']; Sunday: ['Closed']; Thursday: ['8AM-6PM']; Tuesday: ['8AM-6PM']; Wednesday: ['8AM-6PM'],no,no,1
"TruckPro, a FleetPride Company",+1 806-372-3893,https://www.truckpro.com/,"4420 E Interstate 40 Hwy, Amarillo, TX 79103",Amarillo,Texas,79103,35.19185,-101.782815,4.6,62,Truck parts supplier,Friday: ['8AM-5PM']; Monday: ['8AM-5PM']; Saturday: ['8AM-12PM']; Sunday: ['Closed']; Thursday: ['8AM-5PM']; Tuesday: ['8AM-5PM']; Wednesday: ['8AM-5PM'],no,no,1
WBC Truck & Trailer Repair,+1 806-674-4856,https://www.wbctruckandtrailer.com/,"5857 E Hollywood Rd, Amarillo, TX 79118",Amarillo,Texas,79118,35.1194255,-101.7657485,4.6,20,Truck repair shop,Friday: ['8AM-5PM']; Monday: ['8AM-5PM']; Saturday: ['Closed']; Sunday: ['Closed']; Thursday: ['8AM-5PM']; Tuesday: ['8AM-5PM']; Wednesday: ['8AM-5PM'],no,no,1
WDS Fleet Solutions LLC,+1 806-567-7376,,"1109 W McCormick Rd, Amarillo, TX 79118",Amarillo,Texas,79118,35.0714585,-101.8490824,5,15,Truck repair shop,Friday: ['8AM-5PM']; Monday: ['8AM-5PM']; Saturday: ['Closed']; Sunday: ['Closed']; Thursday: ['8AM-5PM']; Tuesday: ['8AM-5PM']; Wednesday: ['8AM-5PM'],no,no,1
WS Truck Repair Inc,+1 806-576-0858,https://www.wstruckrepair.net/,"6001 W McCormick Rd, Amarillo, TX 79118",Amarillo,Texas,79118,35.0718809,-101.9017608,4.5,16,Truck repair shop,Friday: ['9AM-6PM']; Monday: ['9AM-6PM']; Saturday: ['Closed']; Sunday: ['Closed']; Thursday: ['9AM-6PM']; Tuesday: ['9AM-6PM']; Wednesday: ['9AM-6PM'],no,no,1
"Watson Automotive & Diesel, LLC",+1 806-367-8502,https://watsonautomotiveanddiesel.com/,"1927 E Central Ave, Amarillo, TX 79108",Amarillo,Texas,79108,35.258582,-101.805791,4.7,45,Truck repair shop,Friday: ['8AM-6PM']; Monday: ['8AM-6PM']; Saturday: ['Closed']; Sunday: ['Closed']; Thursday: ['8AM-6PM']; Tuesday: ['8AM-6PM']; Wednesday: ['8AM-6PM'],no,no,1
West Innovations,+1 806-567-2277,,"3801 E Loop 335 N, Amarillo, TX 79108",Amarillo,Texas,79108,35.2656962,-101.7930882,4.1,9,Truck repair shop,Friday: ['Open 24 hours']; Monday: ['Open 24 hours']; Saturday: ['Open 24 hours']; Sunday: ['Open 24 hours']; Thursday: ['Open 24 hours']; Tuesday: ['Open 24 hours']; Wednesday: ['Open 24 hours'],yes,no,1
Billy Max RV Inc.,+1 806-499-3601,https://www.billymaxrv.com/,"14000 Hale Rd, Canyon, TX 79015",Canyon,Texas,79015,35.0001961,-101.999084,4.9,137,RV repair shop,Friday: ['8AM-5PM']; Monday: ['8AM-5PM']; Saturday: ['Closed']; Sunday: ['Closed']; Thursday: ['8AM-5PM']; Tuesday: ['8AM-5PM']; Wednesday: ['8AM-5PM'],no,no,1
Coffman Customs,+1 806-340-7932,https://www.coffmancustoms.com/,"17090 I-27, Canyon, TX 79015",Canyon,Texas,79015,35.0356315,-101.9202419,4.5,106,Auto repair shop,Friday: ['8AM-5PM']; Monday: ['8AM-5PM']; Saturday: ['Closed']; Sunday: ['Closed']; Thursday: ['8AM-5PM']; Tuesday: ['8AM-5PM']; Wednesday: ['8AM-5PM'],no,no,1
D&A Diesel Repair Inc,+1 806-414-1939,http://www.dadieselrepairinc.com/,"12401 W U.S. 60, Canyon, TX 79015",Canyon,Texas,79015,34.9848233,-101.9804284,4.7,43,Diesel engine repair service,Friday: ['8AM-5PM']; Monday: ['8AM-5PM']; Saturday: ['Closed']; Sunday: ['Closed']; Thursday: ['8AM-5PM']; Tuesday: ['8AM-5PM']; Wednesday: ['8AM-5PM'],no,no,1
Express Truck Repair LLC,,,"2505 13th Ave, Canyon, TX 79015",Canyon,Texas,79015,34.9708427,-101.9152955,4,2,Truck repair shop,Friday: ['Open 24 hours']; Monday: ['Open 24 hours']; Saturday: ['Open 24 hours']; Sunday: ['Open 24 hours']; Thursday: ['Open 24 hours']; Tuesday: ['Open 24 hours']; Wednesday: ['Open 24 hours'],yes,no,1
Truck & Trailer Repair LLC,+1 540-208-1133,https://www.t-trepair.com/,"32 Franklin St, Weyers Cave, VA 24486",Weyers Cave,Virginia,24486,38.2842619,-78.9170226,4.3,112,Truck repair shop,Friday: ['8AM-5PM']; Monday: ['8AM-5PM']; Saturday: ['Closed']; Sunday: ['Closed']; Thursday: ['8AM-5PM']; Tuesday: ['8AM-5PM']; Wednesday: ['8AM-5PM'],no,no,1